( pcb2gcode 2.5.0 )
( Software-independent Gcode )

G94 ( Millimeters per minute feed rate. )
G21 ( Units == Millimeters. )

G90 ( Absolute coordinates. )
G00 S20000 ( RPM spindle speed. )
G64 P0.05000 ( set maximum deviation from commanded toolpath )
G01 F300.00000 ( Feedrate. )


G00 Z30.00000 (Retract to tool change height)
T1
M5      (Spindle stop.)
G04 P1.00000 (Wait for spindle to stop)
(MSG, Change tool bit to mill diameter 2.00000mm)
M6      (Tool change.)
M0      (Temporary machine stop.)
M3 ( Spindle on clockwise. )
G04 P1.00000 (Wait for spindle to get up to speed)
G04 P0 ( dwell for no time -- G64 should not smooth over this point )
G00 Z1.80000 ( retract )

G00 X-54.37570 Y73.78339 ( rapid move to begin. )
G01 F200.00000
( Mill infeed pass 1/1 )
G01 Z-0.20000
G04 P0 ( dwell for no time -- G64 should not smooth over this point )
G01 F300.00000
G01 X-54.37570 Y73.78339
G01 X-54.37697 Y73.78344
G04 P0 ( dwell for no time -- G64 should not smooth over this point )
G00 Z1.80000 ( retract )

G00 X-54.46247 Y72.91834 ( rapid move to begin. )
G01 F200.00000
( Mill infeed pass 1/1 )
G01 Z-0.20000
G04 P0 ( dwell for no time -- G64 should not smooth over this point )
G01 F300.00000
G01 X-54.46247 Y72.91834
G01 X-54.43407 Y72.90826
G04 P0 ( dwell for no time -- G64 should not smooth over this point )
G00 Z1.80000 ( retract )

G00 X-54.75264 Y72.46785 ( rapid move to begin. )
G01 F200.00000
( Mill infeed pass 1/1 )
G01 Z-0.20000
G04 P0 ( dwell for no time -- G64 should not smooth over this point )
G01 F300.00000
G01 X-54.75264 Y72.46785
G01 X-54.75736 Y72.47176
G04 P0 ( dwell for no time -- G64 should not smooth over this point )
G00 Z1.80000 ( retract )

G00 X-59.34686 Y68.05216 ( rapid move to begin. )
G01 F200.00000
( Mill infeed pass 1/1 )
G01 Z-0.20000
G04 P0 ( dwell for no time -- G64 should not smooth over this point )
G01 F300.00000
G01 X-59.34686 Y68.05216
G01 X-59.34892 Y68.05468
G04 P0 ( dwell for no time -- G64 should not smooth over this point )
G00 Z1.80000 ( retract )

G00 X-60.12390 Y67.48119 ( rapid move to begin. )
G01 F200.00000
( Mill infeed pass 1/1 )
G01 Z-0.20000
G04 P0 ( dwell for no time -- G64 should not smooth over this point )
G01 F300.00000
G01 X-60.12390 Y67.48119
G01 X-60.13507 Y67.51140
G04 P0 ( dwell for no time -- G64 should not smooth over this point )
G00 Z1.80000 ( retract )

G00 X-60.96428 Y67.42504 ( rapid move to begin. )
G01 F200.00000
( Mill infeed pass 1/1 )
G01 Z-0.20000
G04 P0 ( dwell for no time -- G64 should not smooth over this point )
G01 F300.00000
G01 X-60.96428 Y67.42504
G01 X-60.93083 Y67.42631
G01 X-60.44213 Y67.46248
G01 X-60.40688 Y67.46636
G01 X-60.33700 Y67.47655
G01 X-60.32372 Y67.47868
G01 X-60.13507 Y67.51140
G01 X-60.02311 Y67.54467
G01 X-59.92194 Y67.60299
G01 X-59.53073 Y67.89428
G01 X-59.50345 Y67.91612
G01 X-59.48486 Y67.93210
G01 X-59.47559 Y67.94025
G01 X-59.34892 Y68.05468
G01 X-59.33985 Y68.06308
G01 X-55.15703 Y72.03379
G01 X-55.13191 Y72.05939
G01 X-54.78030 Y72.44476
G01 X-54.75736 Y72.47176
G01 X-54.71349 Y72.52726
G01 X-54.70247 Y72.54176
G01 X-54.53826 Y72.76587
G01 X-54.49383 Y72.83887
G01 X-54.46247 Y72.91834
G01 X-54.44512 Y73.00201
G01 X-54.38754 Y73.48355
G01 X-54.38474 Y73.51568
G01 X-54.38319 Y73.54400
G01 X-54.38261 Y73.55825
G01 X-54.37712 Y73.76917
G01 X-54.37697 Y73.78344
G01 X-54.47004 Y110.89711
G01 X-54.47001 Y111.02502
G01 X-54.30654 Y111.02502
G01 X-54.32000 Y110.89777
G01 X-54.22625 Y72.74923
G01 X-59.99415 Y67.42504
G01 X-82.47364 Y67.42504
G01 X-82.81176 Y67.37639
G01 X-82.87879 Y67.35671
G01 X-82.91301 Y67.34289
G01 X-82.91301 Y67.34287
G01 X-83.01969 Y67.29979
G01 X-83.01974 Y67.29979
G01 X-83.09683 Y67.26867
G01 X-83.29350 Y67.13979
G01 X-83.31415 Y67.12316
G01 X-83.40983 Y67.03723
G01 X-86.53718 Y63.90988
G01 X-86.74201 Y63.63622
G01 X-86.77548 Y63.57488
G01 X-86.86725 Y63.35875
G01 X-86.91518 Y63.12888
G01 X-86.91803 Y63.10254
G01 X-86.92499 Y62.97366
G01 X-86.92499 Y59.81342
G01 X-87.23248 Y59.49820
G01 X-87.23253 Y59.49818
G01 X-90.23072 Y56.42503
G01 X-106.37148 Y56.42503
G01 X-106.70961 Y56.37639
G01 X-106.77664 Y56.35671
G01 X-107.00247 Y56.26455
G01 X-107.20503 Y56.12861
G01 X-107.22822 Y56.10936
G01 X-107.33480 Y56.00931
G01 X-117.16430 Y45.58408
G01 X-117.36082 Y45.30484
G01 X-117.39249 Y45.24256
G01 X-117.47567 Y45.03179
G01 X-117.51776 Y44.80913
G01 X-117.51987 Y44.78635
G01 X-117.52498 Y44.67578
G01 X-117.52498 Y39.87350
G01 X-117.47639 Y39.53551
G01 X-117.45670 Y39.46845
G01 X-117.37430 Y39.26129
G01 X-117.25500 Y39.07297
G01 X-117.24182 Y39.05590
G01 X-117.17387 Y38.97546
G01 X-116.04357 Y37.75098
G01 X-115.77822 Y37.53533
G01 X-115.71827 Y37.49944
G01 X-115.49453 Y37.39507
G01 X-115.25417 Y37.33871
G01 X-115.22300 Y37.33472
G01 X-115.07070 Y37.32502
G01 X-1.14898 Y37.32502
G01 X-0.81083 Y37.37366
G01 X-0.74380 Y37.39335
G01 X-0.53209 Y37.47811
G01 X-0.34022 Y37.60140
G01 X-0.17515 Y37.75875
G01 X-0.12938 Y37.81156
G01 X-0.01155 Y37.97290
G01 X0.07786 Y38.15154
G01 X0.13643 Y38.34254
G01 X0.14764 Y38.39405
G01 X0.17504 Y38.64902
G01 X0.17504 Y110.90102
G01 X0.12640 Y111.23917
G01 X0.10672 Y111.30620
G01 X0.02191 Y111.51801
G01 X-0.10146 Y111.70996
G01 X-0.25894 Y111.87506
G01 X-0.31175 Y111.92081
G01 X-0.47286 Y112.03843
G01 X-0.65122 Y112.12777
G01 X-0.84192 Y112.18629
G01 X-0.89343 Y112.19751
G01 X-1.14898 Y112.22505
G01 X-52.99602 Y112.22505
G01 X-53.33415 Y112.17641
G01 X-53.40118 Y112.15672
G01 X-53.61299 Y112.07191
G01 X-53.80494 Y111.94854
G01 X-53.97004 Y111.79106
G01 X-54.01578 Y111.73826
G01 X-54.13366 Y111.57674
G01 X-54.22310 Y111.39787
G01 X-54.28157 Y111.20666
G01 X-54.29279 Y111.15484
G01 X-54.30654 Y111.02502
G04 P0 ( dwell for no time -- G64 should not smooth over this point )
G00 Z1.80000 ( retract )

G00 X-55.63772 Y111.02502 ( rapid move to begin. )
G01 F200.00000
( Mill infeed pass 1/1 )
G01 Z-0.20000
G04 P0 ( dwell for no time -- G64 should not smooth over this point )
G01 F300.00000
G01 X-55.63772 Y111.02502
G01 X-55.47001 Y111.02502
G01 X-55.47003 Y110.90615
G01 X-55.47001 Y110.89493
G01 X-55.37697 Y73.78807
G01 X-55.38210 Y73.59137
G01 X-55.38238 Y73.58626
G01 X-55.42246 Y73.25106
G01 X-55.50374 Y73.14014
G01 X-55.53094 Y73.10567
G01 X-55.85850 Y72.74669
G01 X-60.02382 Y68.79260
G01 X-60.14132 Y68.68648
G01 X-60.14196 Y68.68592
G01 X-60.42352 Y68.47629
G01 X-60.48803 Y68.46509
G01 X-60.53368 Y68.45843
G01 X-60.95232 Y68.42745
G01 X-60.96992 Y68.42483
G01 X-83.08301 Y68.32867
G01 X-83.41222 Y68.32724
G01 X-85.10993 Y66.56291
G01 X-87.73339 Y63.83657
G01 X-87.82496 Y63.74143
G01 X-87.82496 Y60.77339
G01 X-87.82948 Y60.66937
G01 X-87.83133 Y60.64806
G01 X-87.87106 Y60.42927
G01 X-87.92552 Y60.28682
G01 X-87.95049 Y60.22154
G01 X-87.97744 Y60.16683
G01 X-87.98137 Y60.15888
G01 X-88.17459 Y59.87694
G01 X-90.40502 Y57.45259
G01 X-90.51548 Y57.34693
G01 X-90.53969 Y57.32655
G01 X-90.74489 Y57.18734
G01 X-90.97433 Y57.09328
G01 X-91.04139 Y57.07360
G01 X-91.37941 Y57.02501
G01 X-107.21303 Y57.02501
G01 X-118.12498 Y45.64273
G01 X-118.12498 Y39.10835
G01 X-116.31324 Y37.22416
G01 X-1.14672 Y37.02865
G01 X-1.02498 Y37.01537
G01 X-0.89227 Y37.00092
G01 X-0.84096 Y36.98969
G01 X-0.65061 Y36.93112
G01 X-0.47258 Y36.84186
G01 X-0.31175 Y36.72441
G01 X-0.25894 Y36.67867
G01 X-0.10146 Y36.51357
G01 X0.02191 Y36.32162
G01 X0.10672 Y36.10981
G01 X0.12640 Y36.04278
G01 X0.17504 Y35.70463
G01 X0.17504 Y1.14902
G01 X0.14764 Y0.89405
G01 X0.13643 Y0.84254
G01 X0.07786 Y0.65153
G01 X-0.01155 Y0.47290
G01 X-0.12938 Y0.31156
G01 X-0.17515 Y0.25875
G01 X-0.34022 Y0.10140
G01 X-0.53209 Y-0.02190
G01 X-0.74380 Y-0.10666
G01 X-0.81083 Y-0.12634
G01 X-1.14898 Y-0.17498
G01 X-140.50098 Y-0.17498
G01 X-140.75594 Y-0.14758
G01 X-140.80745 Y-0.13637
G01 X-140.99836 Y-0.07785
G01 X-141.17692 Y0.01151
G01 X-141.33819 Y0.12923
G01 X-141.39099 Y0.17498
G01 X-141.54850 Y0.34013
G01 X-141.67189 Y0.53210
G01 X-141.75670 Y0.74397
G01 X-141.77639 Y0.81102
G01 X-141.80715 Y1.02502
G01 X-141.82498 Y1.14902
G01 X-141.82498 Y40.72885
G01 X-153.33862 Y40.76550
G01 X-160.32220 Y40.78775
G01 X-170.90516 Y40.82146
G01 X-171.02500 Y40.83461
G01 X-171.15817 Y40.84924
G01 X-171.20930 Y40.86045
G01 X-171.39962 Y40.91907
G01 X-171.57765 Y41.00835
G01 X-171.73846 Y41.12585
G01 X-171.79126 Y41.17162
G01 X-171.94862 Y41.33670
G01 X-172.07191 Y41.52857
G01 X-172.15667 Y41.74028
G01 X-172.17633 Y41.80731
G01 X-172.22499 Y42.14543
G01 X-172.22499 Y110.90102
G01 X-172.19743 Y111.15657
G01 X-172.18623 Y111.20808
G01 X-172.12771 Y111.39879
G01 X-172.03838 Y111.57714
G01 X-171.92075 Y111.73826
G01 X-171.87501 Y111.79106
G01 X-171.70988 Y111.94854
G01 X-171.51796 Y112.07191
G01 X-171.30615 Y112.15672
G01 X-171.23909 Y112.17641
G01 X-170.90099 Y112.22505
G01 X-56.94407 Y112.22505
G01 X-56.69053 Y112.19795
G01 X-56.63930 Y112.18687
G01 X-56.44862 Y112.12871
G01 X-56.27021 Y112.03981
G01 X-56.10897 Y111.92258
G01 X-56.05606 Y111.87694
G01 X-55.89840 Y111.71232
G01 X-55.77471 Y111.52088
G01 X-55.68944 Y111.30950
G01 X-55.66958 Y111.24252
G01 X-55.63772 Y111.02502
G01 X-55.62007 Y110.90440
G01 X-55.52513 Y73.78052
G01 X-55.53257 Y73.64400
G01 X-55.53572 Y73.61585
G01 X-55.58611 Y73.38121
G01 X-55.68220 Y73.16130
G01 X-55.71644 Y73.10039
G01 X-55.92426 Y72.82972
G01 X-60.05082 Y68.80139
G01 X-60.13972 Y68.72280
G01 X-60.15885 Y68.70751
G01 X-60.35181 Y68.58155
G01 X-60.56530 Y68.49481
G01 X-60.63225 Y68.47484
G01 X-60.95232 Y68.42745
G04 P0 ( dwell for no time -- G64 should not smooth over this point )
G00 Z1.80000 ( retract )

G00 X-82.91301 Y67.34287 ( rapid move to begin. )
G01 F200.00000
( Mill infeed pass 1/1 )
G01 Z-0.20000
G04 P0 ( dwell for no time -- G64 should not smooth over this point )
G01 F300.00000
G01 X-82.91301 Y67.34287
G01 X-82.94018 Y67.33893
G01 X-82.97839 Y67.33238
G01 X-83.01969 Y67.29979
G04 P0 ( dwell for no time -- G64 should not smooth over this point )
G00 Z1.80000 ( retract )

G00 X-83.42847 Y68.24213 ( rapid move to begin. )
G01 F200.00000
( Mill infeed pass 1/1 )
G01 Z-0.20000
G04 P0 ( dwell for no time -- G64 should not smooth over this point )
G01 F300.00000
G01 X-83.42847 Y68.24213
G01 X-83.44803 Y68.27616
G04 P0 ( dwell for no time -- G64 should not smooth over this point )
G00 Z1.80000 ( retract )

G00 X-83.08301 Y68.32867 ( rapid move to begin. )
G01 F200.00000
( Mill infeed pass 1/1 )
G01 Z-0.20000
G04 P0 ( dwell for no time -- G64 should not smooth over this point )
G01 F300.00000
G01 X-83.08301 Y68.32867
G01 X-83.09083 Y68.32752
G01 X-83.10312 Y68.32557
G01 X-83.27264 Y68.29648
G01 X-83.35281 Y68.27578
G01 X-83.42847 Y68.24213
G01 X-83.49754 Y68.19643
G01 X-83.66523 Y68.06430
G04 P0 ( dwell for no time -- G64 should not smooth over this point )
G00 Z1.80000 ( retract )

G00 X-85.10993 Y66.56291 ( rapid move to begin. )
G01 F200.00000
( Mill infeed pass 1/1 )
G01 Z-0.20000
G04 P0 ( dwell for no time -- G64 should not smooth over this point )
G01 F300.00000
G01 X-85.10993 Y66.56291
G01 X-87.73337 Y63.83663
G01 X-87.73339 Y63.83657
G01 X-87.74492 Y63.81935
G01 X-87.79905 Y63.71244
G01 X-87.82496 Y63.60104
G04 P0 ( dwell for no time -- G64 should not smooth over this point )
G00 Z1.80000 ( retract )

G00 X-87.92552 Y60.28682 ( rapid move to begin. )
G01 F200.00000
( Mill infeed pass 1/1 )
G01 Z-0.20000
G04 P0 ( dwell for no time -- G64 should not smooth over this point )
G01 F300.00000
G01 X-87.92552 Y60.28682
G01 X-87.93436 Y60.21941
G01 X-87.97744 Y60.16683
G04 P0 ( dwell for no time -- G64 should not smooth over this point )
G00 Z1.80000 ( retract )

G00 X-86.98882 Y59.84852 ( rapid move to begin. )
G01 F200.00000
( Mill infeed pass 1/1 )
G01 Z-0.20000
G04 P0 ( dwell for no time -- G64 should not smooth over this point )
G01 F300.00000
G01 X-86.98882 Y59.84852
G01 X-86.96593 Y59.83917
G04 P0 ( dwell for no time -- G64 should not smooth over this point )
G00 Z1.80000 ( retract )

G00 X-86.92499 Y60.22574 ( rapid move to begin. )
G01 F200.00000
( Mill infeed pass 1/1 )
G01 Z-0.20000
G04 P0 ( dwell for no time -- G64 should not smooth over this point )
G01 F300.00000
G01 X-86.92499 Y60.22574
G01 X-86.95930 Y59.96412
G01 X-86.98882 Y59.84852
G01 X-87.04487 Y59.74321
G01 X-87.07175 Y59.70465
G01 X-87.07368 Y59.70191
G01 X-87.11452 Y59.64415
G01 X-87.13604 Y59.61593
G01 X-87.23248 Y59.49820
G04 P0 ( dwell for no time -- G64 should not smooth over this point )
G00 Z1.80000 ( retract )

G00 X-142.12627 Y14.39151 ( rapid move to begin. )
G01 F200.00000
( Mill infeed pass 1/1 )
G01 Z-0.20000
G04 P0 ( dwell for no time -- G64 should not smooth over this point )
G01 F300.00000
G01 X-142.12627 Y14.39151
G01 X-142.12798 Y14.39141
G04 P0 ( dwell for no time -- G64 should not smooth over this point )
G00 Z1.80000 ( retract )

G00 X-142.32396 Y16.09524 ( rapid move to begin. )
G01 F200.00000
( Mill infeed pass 1/1 )
G01 Z-0.20000
G04 P0 ( dwell for no time -- G64 should not smooth over this point )
G01 F300.00000
G01 X-142.32396 Y16.09524
G01 X-142.31878 Y16.09639
G04 P0 ( dwell for no time -- G64 should not smooth over this point )
G00 Z1.80000 ( retract )

G00 X-143.04329 Y18.08495 ( rapid move to begin. )
G01 F200.00000
( Mill infeed pass 1/1 )
G01 Z-0.20000
G04 P0 ( dwell for no time -- G64 should not smooth over this point )
G01 F300.00000
G01 X-143.04329 Y18.08495
G01 X-143.04187 Y18.08566
G04 P0 ( dwell for no time -- G64 should not smooth over this point )
G00 Z1.80000 ( retract )

G00 X-142.82495 Y17.60644 ( rapid move to begin. )
G01 F200.00000
( Mill infeed pass 1/1 )
G01 Z-0.20000
G04 P0 ( dwell for no time -- G64 should not smooth over this point )
G01 F300.00000
G01 X-142.82495 Y17.60644
G01 X-142.82495 Y21.50224
G04 P0 ( dwell for no time -- G64 should not smooth over this point )
G00 Z1.80000 ( retract )

G00 X-142.37395 Y22.90348 ( rapid move to begin. )
G01 F200.00000
( Mill infeed pass 1/1 )
G01 Z-0.20000
G04 P0 ( dwell for no time -- G64 should not smooth over this point )
G01 F300.00000
G01 X-142.37395 Y22.90348
G01 X-142.37796 Y22.90437
G04 P0 ( dwell for no time -- G64 should not smooth over this point )
G00 Z1.80000 ( retract )

G00 X-142.18231 Y24.40711 ( rapid move to begin. )
G01 F200.00000
( Mill infeed pass 1/1 )
G01 Z-0.20000
G04 P0 ( dwell for no time -- G64 should not smooth over this point )
G01 F300.00000
G01 X-142.18231 Y24.40711
G01 X-142.18434 Y24.40724
G04 P0 ( dwell for no time -- G64 should not smooth over this point )
G00 Z1.80000 ( retract )

G00 X-143.65815 Y22.12035 ( rapid move to begin. )
G01 F200.00000
( Mill infeed pass 1/1 )
G01 Z-0.20000
G04 P0 ( dwell for no time -- G64 should not smooth over this point )
G01 F300.00000
G01 X-143.65815 Y22.12035
G01 X-143.55911 Y22.39719
G01 X-143.42393 Y22.84169
G01 X-143.35624 Y23.11187
G01 X-143.27509 Y23.51890
G01 X-143.23506 Y23.78860
G01 X-143.19696 Y24.17458
G01 X-143.18342 Y24.45019
G01 X-143.17875 Y24.63975
G01 X-143.17875 Y33.48609
G01 X-143.18342 Y33.67565
G01 X-143.19696 Y33.95126
G01 X-143.23506 Y34.33729
G01 X-143.27509 Y34.60697
G01 X-143.35624 Y35.01400
G01 X-143.42393 Y35.28418
G01 X-143.55911 Y35.72868
G01 X-143.65604 Y35.99955
G01 X-143.75104 Y36.22827
G01 X-143.86414 Y36.50059
G01 X-143.99269 Y36.77237
G01 X-144.30473 Y37.35428
G01 X-144.47133 Y37.63226
G01 X-144.59040 Y37.81918
G01 X-144.69089 Y37.83655
G01 X-144.96716 Y37.87798
G01 X-145.63472 Y37.94498
G01 X-145.90419 Y37.95865
G01 X-146.56269 Y37.95969
G01 X-146.83221 Y37.94689
G01 X-147.39967 Y37.89174
G01 X-147.40871 Y37.85387
G01 X-147.52327 Y37.34930
G01 X-147.57127 Y37.12411
G01 X-147.61311 Y36.91377
G01 X-147.61557 Y36.90140
G01 X-147.61712 Y36.89396
G01 X-147.66515 Y36.67026
G01 X-147.66685 Y36.66256
G01 X-147.75867 Y36.26551
G01 X-147.79052 Y36.11763
G01 X-147.83335 Y35.90229
G01 X-147.83513 Y35.89381
G01 X-147.86794 Y35.74257
G01 X-147.86990 Y35.73386
G01 X-147.89969 Y35.60755
G01 X-148.05451 Y35.48050
G01 X-148.22085 Y35.31415
G01 X-148.40739 Y35.08685
G01 X-148.53810 Y34.89124
G01 X-148.58730 Y34.79919
G01 X-148.60597 Y34.70534
G01 X-148.62418 Y34.62292
G04 P0 ( dwell for no time -- G64 should not smooth over this point )
G00 Z1.80000 ( retract )

G00 X-148.62372 Y34.62500 ( rapid move to begin. )
G01 F200.00000
( Mill infeed pass 1/1 )
G01 Z-0.20000
G04 P0 ( dwell for no time -- G64 should not smooth over this point )
G01 F300.00000
G01 X-148.62372 Y34.62500
G01 X-148.60597 Y34.70534
G04 P0 ( dwell for no time -- G64 should not smooth over this point )
G00 Z1.80000 ( retract )

G00 X-148.58730 Y34.79919 ( rapid move to begin. )
G01 F200.00000
( Mill infeed pass 1/1 )
G01 Z-0.20000
G04 P0 ( dwell for no time -- G64 should not smooth over this point )
G01 F300.00000
G01 X-148.58730 Y34.79919
G01 X-148.60718 Y35.00067
G01 X-148.65306 Y35.23140
G01 X-148.73843 Y35.51278
G01 X-148.82844 Y35.73013
G01 X-148.87686 Y35.82068
G01 X-148.96705 Y35.98944
G01 X-149.09776 Y36.18504
G01 X-149.28430 Y36.41235
G01 X-149.36339 Y36.49960
G01 X-151.87261 Y39.00881
G01 X-151.95986 Y39.08791
G01 X-152.18716 Y39.27444
G01 X-152.38277 Y39.40515
G01 X-152.64208 Y39.54376
G01 X-152.85942 Y39.63378
G01 X-153.14081 Y39.71915
G01 X-153.37154 Y39.76502
G01 X-153.66417 Y39.79385
G01 X-153.78180 Y39.79964
G01 X-160.10640 Y39.79964
G01 X-160.22400 Y39.79385
G01 X-160.51664 Y39.76502
G01 X-160.74737 Y39.71915
G01 X-161.02875 Y39.63378
G01 X-161.24610 Y39.54376
G01 X-161.50541 Y39.40515
G01 X-161.70101 Y39.27444
G01 X-161.92832 Y39.08791
G01 X-162.01557 Y39.00881
G01 X-163.74830 Y37.27610
G01 X-163.90492 Y37.19238
G01 X-164.10050 Y37.06170
G01 X-164.36570 Y36.84407
G01 X-164.53205 Y36.67773
G01 X-164.74967 Y36.41252
G01 X-164.88036 Y36.21694
G01 X-165.04208 Y35.91438
G01 X-165.13209 Y35.69706
G01 X-165.23169 Y35.36876
G01 X-165.27759 Y35.13803
G01 X-165.31122 Y34.79663
G01 X-165.31122 Y34.56140
G01 X-165.27759 Y34.22000
G01 X-165.23169 Y33.98926
G01 X-165.13209 Y33.66097
G01 X-165.04208 Y33.44365
G01 X-164.88036 Y33.14108
G01 X-164.74967 Y32.94550
G01 X-164.53205 Y32.68030
G01 X-164.53075 Y32.67903
G01 X-164.36570 Y32.51398
G01 X-164.10050 Y32.29633
G01 X-163.92493 Y32.17900
G01 X-163.82387 Y32.17900
G04 P0 ( dwell for no time -- G64 should not smooth over this point )
G00 Z1.80000 ( retract )

G00 X-159.26045 Y32.45904 ( rapid move to begin. )
G01 F200.00000
( Mill infeed pass 1/1 )
G01 Z-0.20000
G04 P0 ( dwell for no time -- G64 should not smooth over this point )
G01 F300.00000
G01 X-159.26045 Y32.45904
G01 X-159.25763 Y32.46089
G01 X-159.18397 Y32.53438
G01 X-159.18159 Y32.53808
G04 P0 ( dwell for no time -- G64 should not smooth over this point )
G00 Z1.80000 ( retract )

G00 X-158.88766 Y34.44270 ( rapid move to begin. )
G01 F200.00000
( Mill infeed pass 1/1 )
G01 Z-0.20000
G04 P0 ( dwell for no time -- G64 should not smooth over this point )
G01 F300.00000
G01 X-158.88766 Y34.44270
G01 X-158.95037 Y34.40336
G01 X-158.95636 Y34.39963
G01 X-158.98801 Y34.39963
G01 X-159.54752 Y33.84011
G01 X-159.60188 Y33.66097
G01 X-159.69190 Y33.44365
G01 X-159.85362 Y33.14108
G01 X-159.98430 Y32.94550
G01 X-160.20193 Y32.68030
G01 X-160.36827 Y32.51398
G01 X-160.43518 Y32.45907
G04 P0 ( dwell for no time -- G64 should not smooth over this point )
G00 Z1.80000 ( retract )

G00 X-160.57493 Y32.40908 ( rapid move to begin. )
G01 F200.00000
( Mill infeed pass 1/1 )
G01 Z-0.20000
G04 P0 ( dwell for no time -- G64 should not smooth over this point )
G01 F300.00000
G01 X-160.57493 Y32.40908
G01 X-160.43518 Y32.45907
G01 X-159.18159 Y32.45904
G01 X-159.18159 Y33.32322
G01 X-159.17579 Y33.44090
G01 X-159.14697 Y33.73354
G01 X-159.10107 Y33.96429
G01 X-159.01570 Y34.24568
G01 X-158.95037 Y34.40336
G01 X-158.95037 Y34.40341
G01 X-158.88766 Y34.44270
G01 X-158.87613 Y34.44961
G04 P0 ( dwell for no time -- G64 should not smooth over this point )
G00 Z1.80000 ( retract )

G00 X-162.57063 Y39.28432 ( rapid move to begin. )
G01 F200.00000
( Mill infeed pass 1/1 )
G01 Z-0.20000
G04 P0 ( dwell for no time -- G64 should not smooth over this point )
G01 F300.00000
G01 X-162.57063 Y39.28432
G01 X-163.56380 Y38.87478
G01 X-164.73695 Y38.39106
G01 X-164.77840 Y38.37607
G01 X-165.28124 Y38.21892
G01 X-165.60367 Y38.10414
G01 X-166.12590 Y37.88816
G01 X-166.28277 Y37.82332
G01 X-166.60408 Y37.67198
G01 X-167.38787 Y37.25334
G01 X-167.71042 Y37.06071
G01 X-167.83257 Y36.97910
G01 X-167.83257 Y36.97907
G01 X-168.00290 Y36.56790
G01 X-168.10247 Y36.23960
G01 X-168.26310 Y35.43208
G01 X-168.29673 Y35.09068
G01 X-168.29673 Y34.26734
G01 X-168.26310 Y33.92594
G01 X-168.10247 Y33.11842
G01 X-168.00290 Y32.79015
G01 X-167.95688 Y32.67903
G01 X-165.76727 Y32.67903
G04 P0 ( dwell for no time -- G64 should not smooth over this point )
G00 Z1.80000 ( retract )

G00 X-165.76725 Y31.67903 ( rapid move to begin. )
G01 F200.00000
( Mill infeed pass 1/1 )
G01 Z-0.20000
G04 P0 ( dwell for no time -- G64 should not smooth over this point )
G01 F300.00000
G01 X-165.76725 Y31.67903
G01 X-165.92399 Y31.38581
G01 X-166.08904 Y30.98734
G01 X-166.18863 Y30.65907
G01 X-166.27276 Y30.23606
G01 X-166.30639 Y29.89468
G01 X-166.30639 Y29.46336
G01 X-166.27276 Y29.12196
G01 X-166.18863 Y28.69898
G01 X-166.08904 Y28.37068
G01 X-165.92399 Y27.97226
G01 X-165.76727 Y27.67901
G04 P0 ( dwell for no time -- G64 should not smooth over this point )
G00 Z1.80000 ( retract )

G00 X-164.53075 Y27.67901 ( rapid move to begin. )
G01 F200.00000
( Mill infeed pass 1/1 )
G01 Z-0.20000
G04 P0 ( dwell for no time -- G64 should not smooth over this point )
G01 F300.00000
G01 X-164.53075 Y27.67901
G01 X-171.02500 Y27.67901
G01 X-171.02500 Y31.67903
G01 X-164.53072 Y31.67903
G04 P0 ( dwell for no time -- G64 should not smooth over this point )
G00 Z1.80000 ( retract )

G00 X-163.92493 Y32.17900 ( rapid move to begin. )
G01 F200.00000
( Mill infeed pass 1/1 )
G01 Z-0.20000
G04 P0 ( dwell for no time -- G64 should not smooth over this point )
G01 F300.00000
G01 X-163.92493 Y32.17900
G01 X-164.10050 Y32.06173
G01 X-164.36570 Y31.84406
G01 X-164.53205 Y31.67771
G01 X-164.74967 Y31.41253
G01 X-164.88036 Y31.21693
G01 X-165.04208 Y30.91439
G01 X-165.13209 Y30.69704
G01 X-165.23169 Y30.36877
G01 X-165.27759 Y30.13806
G01 X-165.31122 Y29.79664
G01 X-165.31122 Y29.56141
G01 X-165.27759 Y29.21998
G01 X-165.23169 Y28.98927
G01 X-165.13209 Y28.66098
G01 X-165.04208 Y28.44363
G01 X-164.88036 Y28.14109
G01 X-164.74967 Y27.94549
G01 X-164.53205 Y27.68031
G01 X-164.36570 Y27.51396
G01 X-164.10050 Y27.29634
G01 X-163.92491 Y27.17904
G04 P0 ( dwell for no time -- G64 should not smooth over this point )
G00 Z1.80000 ( retract )

G00 X-163.82384 Y27.17904 ( rapid move to begin. )
G01 F200.00000
( Mill infeed pass 1/1 )
G01 Z-0.20000
G04 P0 ( dwell for no time -- G64 should not smooth over this point )
G01 F300.00000
G01 X-163.82384 Y27.17904
G01 X-163.92491 Y27.17904
G01 X-164.10050 Y27.06169
G01 X-164.36570 Y26.84407
G01 X-164.53205 Y26.67772
G01 X-164.74967 Y26.41254
G01 X-164.88036 Y26.21694
G01 X-165.04208 Y25.91437
G01 X-165.13209 Y25.69705
G01 X-165.23169 Y25.36876
G01 X-165.27759 Y25.13805
G01 X-165.31122 Y24.79662
G01 X-165.31122 Y24.56139
G01 X-165.27759 Y24.21999
G01 X-165.23169 Y23.98926
G01 X-165.13209 Y23.66096
G01 X-165.04208 Y23.44364
G01 X-164.88036 Y23.14110
G01 X-164.74967 Y22.94550
G01 X-164.53205 Y22.68029
G01 X-164.36570 Y22.51397
G01 X-164.10050 Y22.29632
G01 X-163.90492 Y22.16564
G01 X-163.60235 Y22.00392
G01 X-163.44513 Y21.93879
G01 X-162.12494 Y20.61863
G01 X-161.68537 Y20.17905
G01 X-161.59812 Y20.09996
G01 X-161.58321 Y20.08772
G01 X-161.57681 Y20.08718
G01 X-161.51064 Y20.08180
G04 P0 ( dwell for no time -- G64 should not smooth over this point )
G00 Z1.80000 ( retract )

G00 X-162.12494 Y20.61863 ( rapid move to begin. )
G01 F200.00000
( Mill infeed pass 1/1 )
G01 Z-0.20000
G04 P0 ( dwell for no time -- G64 should not smooth over this point )
G01 F300.00000
G01 X-162.12494 Y20.61863
G01 X-162.19230 Y20.62193
G01 X-162.20487 Y20.62239
G01 X-162.43439 Y20.62790
G01 X-162.44637 Y20.62802
G01 X-164.71729 Y20.62802
G01 X-164.79067 Y20.62261
G01 X-165.08869 Y20.57839
G01 X-165.21635 Y20.56064
G01 X-165.83750 Y20.55431
G01 X-165.94251 Y20.55378
G01 X-166.27944 Y20.55378
G01 X-166.38787 Y20.55327
G01 X-166.39026 Y20.55325
G01 X-167.59335 Y20.54177
G01 X-167.74868 Y20.54103
G01 X-167.93059 Y20.54100
G01 X-168.13186 Y20.54100
G01 X-168.29132 Y20.54029
G01 X-168.29351 Y20.54027
G01 X-170.43564 Y20.52129
G01 X-170.72060 Y20.52005
G01 X-171.02500 Y20.52005
G01 X-171.02500 Y26.67904
G01 X-164.53072 Y26.67904
G04 P0 ( dwell for no time -- G64 should not smooth over this point )
G00 Z1.80000 ( retract )

G00 X-165.76725 Y26.67904 ( rapid move to begin. )
G01 F200.00000
( Mill infeed pass 1/1 )
G01 Z-0.20000
G04 P0 ( dwell for no time -- G64 should not smooth over this point )
G01 F300.00000
G01 X-165.76725 Y26.67904
G01 X-165.92399 Y26.38577
G01 X-166.08904 Y25.98732
G01 X-166.18863 Y25.65905
G01 X-166.27276 Y25.23607
G01 X-166.30639 Y24.89464
G01 X-166.30639 Y24.46337
G01 X-166.27276 Y24.12197
G01 X-166.18863 Y23.69899
G01 X-166.08904 Y23.37069
G01 X-165.92399 Y22.97224
G01 X-165.76227 Y22.66970
G01 X-165.52267 Y22.31111
G01 X-165.30504 Y22.04593
G01 X-165.00009 Y21.74095
G01 X-164.73489 Y21.52332
G01 X-164.37629 Y21.28373
G01 X-164.07375 Y21.12200
G01 X-164.02046 Y21.09993
G01 X-163.54856 Y20.62802
G04 P0 ( dwell for no time -- G64 should not smooth over this point )
G00 Z1.80000 ( retract )

G00 X-164.02046 Y21.09993 ( rapid move to begin. )
G01 F200.00000
( Mill infeed pass 1/1 )
G01 Z-0.20000
G04 P0 ( dwell for no time -- G64 should not smooth over this point )
G01 F300.00000
G01 X-164.02046 Y21.09993
G01 X-164.01561 Y21.10615
G04 P0 ( dwell for no time -- G64 should not smooth over this point )
G00 Z1.80000 ( retract )

G00 X-165.08869 Y20.57839 ( rapid move to begin. )
G01 F200.00000
( Mill infeed pass 1/1 )
G01 Z-0.20000
G04 P0 ( dwell for no time -- G64 should not smooth over this point )
G01 F300.00000
G01 X-165.08869 Y20.57839
G01 X-165.10796 Y20.57573
G01 X-165.36928 Y20.75033
G01 X-165.63448 Y20.96795
G01 X-166.07804 Y21.41154
G01 X-166.29567 Y21.67671
G01 X-166.64418 Y22.19830
G01 X-166.80590 Y22.50087
G01 X-167.04596 Y23.08042
G01 X-167.14555 Y23.40869
G01 X-167.26793 Y24.02395
G01 X-167.30156 Y24.36536
G01 X-167.30156 Y24.99266
G01 X-167.26793 Y25.33409
G01 X-167.14555 Y25.94932
G01 X-167.04596 Y26.27762
G01 X-166.87969 Y26.67904
G04 P0 ( dwell for no time -- G64 should not smooth over this point )
G00 Z1.80000 ( retract )

G00 X-166.87972 Y27.67901 ( rapid move to begin. )
G01 F200.00000
( Mill infeed pass 1/1 )
G01 Z-0.20000
G04 P0 ( dwell for no time -- G64 should not smooth over this point )
G01 F300.00000
G01 X-166.87972 Y27.67901
G01 X-167.04596 Y28.08041
G01 X-167.14555 Y28.40871
G01 X-167.26793 Y29.02394
G01 X-167.30156 Y29.36537
G01 X-167.30156 Y29.99267
G01 X-167.26793 Y30.33408
G01 X-167.14555 Y30.94931
G01 X-167.04596 Y31.27761
G01 X-166.87969 Y31.67903
G04 P0 ( dwell for no time -- G64 should not smooth over this point )
G00 Z1.80000 ( retract )

G00 X-166.87972 Y32.67903 ( rapid move to begin. )
G01 F200.00000
( Mill infeed pass 1/1 )
G01 Z-0.20000
G04 P0 ( dwell for no time -- G64 should not smooth over this point )
G01 F300.00000
G01 X-166.87972 Y32.67903
G01 X-167.04596 Y33.08040
G01 X-167.14555 Y33.40870
G01 X-167.26793 Y34.02396
G01 X-167.30156 Y34.36539
G01 X-167.30156 Y34.99266
G01 X-167.26793 Y35.33407
G01 X-167.14555 Y35.94933
G01 X-167.04596 Y36.27763
G01 X-166.80590 Y36.85718
G01 X-166.64418 Y37.15972
G01 X-166.29567 Y37.68131
G01 X-166.12590 Y37.88816
G04 P0 ( dwell for no time -- G64 should not smooth over this point )
G00 Z1.80000 ( retract )

G00 X-166.67601 Y38.74280 ( rapid move to begin. )
G01 F200.00000
( Mill infeed pass 1/1 )
G01 Z-0.20000
G04 P0 ( dwell for no time -- G64 should not smooth over this point )
G01 F300.00000
G01 X-166.67601 Y38.74280
G01 X-166.67682 Y38.74455
G04 P0 ( dwell for no time -- G64 should not smooth over this point )
G00 Z1.80000 ( retract )

G00 X-168.25548 Y37.89919 ( rapid move to begin. )
G01 F200.00000
( Mill infeed pass 1/1 )
G01 Z-0.20000
G04 P0 ( dwell for no time -- G64 should not smooth over this point )
G01 F300.00000
G01 X-168.25548 Y37.89919
G01 X-169.20590 Y37.26411
G01 X-169.22530 Y37.25045
G01 X-169.56912 Y36.99627
G01 X-169.58926 Y36.98057
G01 X-169.78736 Y36.81791
G01 X-170.91788 Y36.82152
G01 X-171.02500 Y36.83328
G01 X-171.02500 Y37.83360
G04 P0 ( dwell for no time -- G64 should not smooth over this point )
G00 Z1.80000 ( retract )

G00 X-171.02500 Y36.83328 ( rapid move to begin. )
G01 F200.00000
( Mill infeed pass 1/1 )
G01 Z-0.20000
G04 P0 ( dwell for no time -- G64 should not smooth over this point )
G01 F300.00000
G01 X-171.02500 Y36.83328
G01 X-171.02500 Y35.77910
G01 X-170.97183 Y35.82711
G01 X-170.76244 Y36.01631
G01 X-170.74461 Y36.03168
G01 X-169.58926 Y36.98057
G04 P0 ( dwell for no time -- G64 should not smooth over this point )
G00 Z1.80000 ( retract )

G00 X-171.02500 Y38.83393 ( rapid move to begin. )
G01 F200.00000
( Mill infeed pass 1/1 )
G01 Z-0.20000
G04 P0 ( dwell for no time -- G64 should not smooth over this point )
G01 F300.00000
G01 X-171.02500 Y38.83393
G01 X-171.02500 Y37.83360
G01 X-170.91474 Y37.82149
G01 X-168.38383 Y37.81344
G01 X-168.25548 Y37.89919
G01 X-168.23404 Y37.91272
G01 X-167.89033 Y38.11801
G01 X-167.86953 Y38.12977
G01 X-167.06410 Y38.55997
G01 X-167.04157 Y38.57127
G01 X-166.69798 Y38.73309
G01 X-166.67601 Y38.74280
G01 X-165.97426 Y39.03302
G04 P0 ( dwell for no time -- G64 should not smooth over this point )
G00 Z1.80000 ( retract )

G00 X-164.34962 Y38.08712 ( rapid move to begin. )
G01 F200.00000
( Mill infeed pass 1/1 )
G01 Z-0.20000
G04 P0 ( dwell for no time -- G64 should not smooth over this point )
G01 F300.00000
G01 X-164.34962 Y38.08712
G01 X-164.35051 Y38.08809
G04 P0 ( dwell for no time -- G64 should not smooth over this point )
G00 Z1.80000 ( retract )

G00 X-163.94500 Y39.79928 ( rapid move to begin. )
G01 F200.00000
( Mill infeed pass 1/1 )
G01 Z-0.20000
G04 P0 ( dwell for no time -- G64 should not smooth over this point )
G01 F300.00000
G01 X-163.94500 Y39.79928
G01 X-170.90836 Y39.82146
G01 X-171.02500 Y39.83429
G04 P0 ( dwell for no time -- G64 should not smooth over this point )
G00 Z1.80000 ( retract )

G00 X-171.02500 Y40.83461 ( rapid move to begin. )
G01 F200.00000
( Mill infeed pass 1/1 )
G01 Z-0.20000
G04 P0 ( dwell for no time -- G64 should not smooth over this point )
G01 F300.00000
G01 X-171.02500 Y40.83461
G01 X-171.02500 Y38.83393
G01 X-170.91156 Y38.82149
G01 X-166.51960 Y38.80749
G01 X-165.97426 Y39.03302
G01 X-165.95089 Y39.04198
G01 X-165.60743 Y39.16428
G01 X-165.58886 Y39.17048
G01 X-165.09775 Y39.32395
G01 X-163.94500 Y39.79928
G01 X-162.94622 Y40.21115
G01 X-162.93494 Y40.21564
G01 X-162.71831 Y40.29885
G01 X-162.70670 Y40.30314
G01 X-162.41231 Y40.40794
G01 X-162.38935 Y40.41551
G01 X-161.99763 Y40.53395
G01 X-161.97360 Y40.54058
G01 X-161.67932 Y40.61379
G01 X-161.65562 Y40.61907
G01 X-161.29741 Y40.68991
G01 X-161.27300 Y40.69413
G01 X-160.97881 Y40.73728
G01 X-160.95456 Y40.74025
G01 X-160.61531 Y40.77320
G01 X-160.59070 Y40.77497
G01 X-160.32220 Y40.78775
G04 P0 ( dwell for no time -- G64 should not smooth over this point )
G00 Z1.80000 ( retract )

G00 X-161.97503 Y40.54599 ( rapid move to begin. )
G01 F200.00000
( Mill infeed pass 1/1 )
G01 Z-0.20000
G04 P0 ( dwell for no time -- G64 should not smooth over this point )
G01 F300.00000
G01 X-161.97503 Y40.54599
G01 X-161.97360 Y40.54058
G04 P0 ( dwell for no time -- G64 should not smooth over this point )
G00 Z1.80000 ( retract )

G00 X-160.27429 Y39.78890 ( rapid move to begin. )
G01 F200.00000
( Mill infeed pass 1/1 )
G01 Z-0.20000
G04 P0 ( dwell for no time -- G64 should not smooth over this point )
G01 F300.00000
G01 X-160.27429 Y39.78890
G01 X-160.53088 Y39.77670
G01 X-160.84572 Y39.74612
G01 X-161.11557 Y39.70652
G01 X-161.44970 Y39.64046
G01 X-161.72009 Y39.57317
G01 X-162.08834 Y39.46182
G01 X-162.36548 Y39.36317
G01 X-162.57063 Y39.28432
G01 X-163.56377 Y38.87483
G01 X-163.56380 Y38.87478
G01 X-164.35051 Y38.08809
G01 X-164.37629 Y38.07429
G01 X-164.73489 Y37.83470
G01 X-165.00009 Y37.61707
G01 X-165.30504 Y37.31212
G01 X-165.52267 Y37.04691
G01 X-165.76227 Y36.68832
G01 X-165.92399 Y36.38578
G01 X-166.08904 Y35.98733
G01 X-166.18863 Y35.65903
G01 X-166.27276 Y35.23605
G01 X-166.30639 Y34.89465
G01 X-166.30639 Y34.46338
G01 X-166.27276 Y34.12198
G01 X-166.18863 Y33.69899
G01 X-166.08904 Y33.37070
G01 X-165.92399 Y32.97225
G01 X-165.76727 Y32.67903
G01 X-164.53075 Y32.67903
G04 P0 ( dwell for no time -- G64 should not smooth over this point )
G00 Z1.80000 ( retract )

G00 X-167.71042 Y37.06071 ( rapid move to begin. )
G01 F200.00000
( Mill infeed pass 1/1 )
G01 Z-0.20000
G04 P0 ( dwell for no time -- G64 should not smooth over this point )
G01 F300.00000
G01 X-167.71042 Y37.06071
G01 X-167.83257 Y36.97907
G01 X-168.64042 Y36.43925
G01 X-168.96447 Y36.19972
G01 X-169.15645 Y36.04204
G01 X-170.10079 Y35.26640
G01 X-170.28708 Y35.09810
G01 X-170.43508 Y34.96439
G01 X-170.58479 Y34.82759
G01 X-171.02500 Y34.42089
G01 X-171.02500 Y32.67900
G01 X-170.01867 Y32.67903
G01 X-167.95688 Y32.67903
G04 P0 ( dwell for no time -- G64 should not smooth over this point )
G00 Z1.80000 ( retract )

G00 X-167.95685 Y31.67903 ( rapid move to begin. )
G01 F200.00000
( Mill infeed pass 1/1 )
G01 Z-0.20000
G04 P0 ( dwell for no time -- G64 should not smooth over this point )
G01 F300.00000
G01 X-167.95685 Y31.67903
G01 X-168.00290 Y31.56791
G01 X-168.10247 Y31.23961
G01 X-168.26310 Y30.43212
G01 X-168.29673 Y30.09069
G01 X-168.29673 Y29.26735
G01 X-168.26310 Y28.92593
G01 X-168.10247 Y28.11841
G01 X-168.00290 Y27.79014
G01 X-167.95688 Y27.67901
G04 P0 ( dwell for no time -- G64 should not smooth over this point )
G00 Z1.80000 ( retract )

G00 X-167.95685 Y26.67904 ( rapid move to begin. )
G01 F200.00000
( Mill infeed pass 1/1 )
G01 Z-0.20000
G04 P0 ( dwell for no time -- G64 should not smooth over this point )
G01 F300.00000
G01 X-167.95685 Y26.67904
G01 X-168.00290 Y26.56789
G01 X-168.10247 Y26.23960
G01 X-168.26310 Y25.43208
G01 X-168.29673 Y25.09068
G01 X-168.29673 Y24.26734
G01 X-168.26310 Y23.92594
G01 X-168.10247 Y23.11842
G01 X-168.00290 Y22.79012
G01 X-167.68782 Y22.02947
G01 X-167.52610 Y21.72690
G01 X-167.06869 Y21.04232
G01 X-166.85104 Y20.77715
G01 X-166.62490 Y20.55101
G01 X-166.39026 Y20.55325
G04 P0 ( dwell for no time -- G64 should not smooth over this point )
G00 Z1.80000 ( retract )

G00 X-167.74743 Y19.54103 ( rapid move to begin. )
G01 F200.00000
( Mill infeed pass 1/1 )
G01 Z-0.20000
G04 P0 ( dwell for no time -- G64 should not smooth over this point )
G01 F300.00000
G01 X-167.74743 Y19.54103
G01 X-167.91865 Y19.54101
G01 X-168.12848 Y19.54101
G01 X-168.28576 Y19.54030
G01 X-169.12094 Y19.53290
G01 X-170.42792 Y19.52135
G01 X-170.43015 Y19.52132
G01 X-170.71730 Y19.52008
G01 X-171.02500 Y19.52008
G01 X-171.02500 Y13.48120
G01 X-169.95291 Y13.48123
G01 X-168.94997 Y13.48123
G04 P0 ( dwell for no time -- G64 should not smooth over this point )
G00 Z1.80000 ( retract )

G00 X-169.98022 Y12.48123 ( rapid move to begin. )
G01 F200.00000
( Mill infeed pass 1/1 )
G01 Z-0.20000
G04 P0 ( dwell for no time -- G64 should not smooth over this point )
G01 F300.00000
G01 X-169.98022 Y12.48123
G01 X-170.18923 Y11.43033
G01 X-170.22289 Y11.08890
G01 X-170.22289 Y9.87351
G01 X-170.18923 Y9.53211
G01 X-169.98022 Y8.48121
G04 P0 ( dwell for no time -- G64 should not smooth over this point )
G00 Z1.80000 ( retract )

G00 X-169.98022 Y7.48124 ( rapid move to begin. )
G01 F200.00000
( Mill infeed pass 1/1 )
G01 Z-0.20000
G04 P0 ( dwell for no time -- G64 should not smooth over this point )
G01 F300.00000
G01 X-169.98022 Y7.48124
G01 X-170.18923 Y6.43031
G01 X-170.22289 Y6.08891
G01 X-170.22289 Y4.87352
G01 X-170.18923 Y4.53210
G01 X-169.95213 Y3.34005
G01 X-169.85253 Y3.01178
G01 X-169.38741 Y1.88887
G01 X-169.22574 Y1.58633
G01 X-168.85068 Y1.02502
G04 P0 ( dwell for no time -- G64 should not smooth over this point )
G00 Z1.80000 ( retract )

G00 X-170.04755 Y1.02502 ( rapid move to begin. )
G01 F200.00000
( Mill infeed pass 1/1 )
G01 Z-0.20000
G04 P0 ( dwell for no time -- G64 should not smooth over this point )
G01 F300.00000
G01 X-170.04755 Y1.02502
G01 X-170.10765 Y1.11493
G01 X-170.26935 Y1.41750
G01 X-170.80948 Y2.72148
G01 X-170.90907 Y3.04978
G01 X-171.02500 Y3.63248
G04 P0 ( dwell for no time -- G64 should not smooth over this point )
G00 Z1.80000 ( retract )

G00 X-171.02500 Y7.32993 ( rapid move to begin. )
G01 F200.00000
( Mill infeed pass 1/1 )
G01 Z-0.20000
G04 P0 ( dwell for no time -- G64 should not smooth over this point )
G01 F300.00000
G01 X-171.02500 Y7.32993
G01 X-170.99487 Y7.48124
G04 P0 ( dwell for no time -- G64 should not smooth over this point )
G00 Z1.80000 ( retract )

G00 X-170.99487 Y8.48121 ( rapid move to begin. )
G01 F200.00000
( Mill infeed pass 1/1 )
G01 Z-0.20000
G04 P0 ( dwell for no time -- G64 should not smooth over this point )
G01 F300.00000
G01 X-170.99487 Y8.48121
G01 X-171.02500 Y8.63249
G04 P0 ( dwell for no time -- G64 should not smooth over this point )
G00 Z1.80000 ( retract )

G00 X-171.02500 Y12.32995 ( rapid move to begin. )
G01 F200.00000
( Mill infeed pass 1/1 )
G01 Z-0.20000
G04 P0 ( dwell for no time -- G64 should not smooth over this point )
G01 F300.00000
G01 X-171.02500 Y12.32995
G01 X-170.99487 Y12.48123
G04 P0 ( dwell for no time -- G64 should not smooth over this point )
G00 Z1.80000 ( retract )

G00 X-170.99487 Y13.48120 ( rapid move to begin. )
G01 F200.00000
( Mill infeed pass 1/1 )
G01 Z-0.20000
G04 P0 ( dwell for no time -- G64 should not smooth over this point )
G01 F300.00000
G01 X-170.99487 Y13.48120
G01 X-171.02500 Y13.63248
G04 P0 ( dwell for no time -- G64 should not smooth over this point )
G00 Z1.80000 ( retract )

G00 X-171.02500 Y17.32994 ( rapid move to begin. )
G01 F200.00000
( Mill infeed pass 1/1 )
G01 Z-0.20000
G04 P0 ( dwell for no time -- G64 should not smooth over this point )
G01 F300.00000
G01 X-171.02500 Y17.32994
G01 X-170.90907 Y17.91266
G01 X-170.80948 Y18.24093
G01 X-170.27859 Y19.52267
G04 P0 ( dwell for no time -- G64 should not smooth over this point )
G00 Z1.80000 ( retract )

G00 X-171.02500 Y22.50752 ( rapid move to begin. )
G01 F200.00000
( Mill infeed pass 1/1 )
G01 Z-0.20000
G04 P0 ( dwell for no time -- G64 should not smooth over this point )
G01 F300.00000
G01 X-171.02500 Y22.50752
G01 X-170.97328 Y22.24758
G01 X-170.87369 Y21.91928
G01 X-170.33356 Y20.61530
G01 X-170.28403 Y20.52264
G01 X-169.12208 Y20.53293
G01 X-169.28992 Y20.78413
G01 X-169.45162 Y21.08667
G01 X-169.91674 Y22.20956
G01 X-170.01634 Y22.53785
G01 X-170.25345 Y23.72990
G01 X-170.28708 Y24.07130
G01 X-170.28708 Y25.28672
G01 X-170.25345 Y25.62812
G01 X-170.04443 Y26.67904
G04 P0 ( dwell for no time -- G64 should not smooth over this point )
G00 Z1.80000 ( retract )

G00 X-170.04443 Y27.67901 ( rapid move to begin. )
G01 F200.00000
( Mill infeed pass 1/1 )
G01 Z-0.20000
G04 P0 ( dwell for no time -- G64 should not smooth over this point )
G01 F300.00000
G01 X-170.04443 Y27.67901
G01 X-170.25345 Y28.72991
G01 X-170.28708 Y29.07132
G01 X-170.28708 Y30.28670
G01 X-170.25345 Y30.62813
G01 X-170.04443 Y31.67903
G04 P0 ( dwell for no time -- G64 should not smooth over this point )
G00 Z1.80000 ( retract )

G00 X-170.01867 Y32.67903 ( rapid move to begin. )
G01 F200.00000
( Mill infeed pass 1/1 )
G01 Z-0.20000
G04 P0 ( dwell for no time -- G64 should not smooth over this point )
G01 F300.00000
G01 X-170.01867 Y32.67903
G01 X-170.04443 Y32.67903
G01 X-170.25345 Y33.72990
G01 X-170.28708 Y34.07130
G01 X-170.28708 Y35.09810
G04 P0 ( dwell for no time -- G64 should not smooth over this point )
G00 Z1.80000 ( retract )

G00 X-171.02500 Y35.83295 ( rapid move to begin. )
G01 F200.00000
( Mill infeed pass 1/1 )
G01 Z-0.20000
G04 P0 ( dwell for no time -- G64 should not smooth over this point )
G01 F300.00000
G01 X-171.02500 Y35.83295
G01 X-170.97183 Y35.82711
G04 P0 ( dwell for no time -- G64 should not smooth over this point )
G00 Z1.80000 ( retract )

G00 X-169.15645 Y36.04204 ( rapid move to begin. )
G01 F200.00000
( Mill infeed pass 1/1 )
G01 Z-0.20000
G04 P0 ( dwell for no time -- G64 should not smooth over this point )
G01 F300.00000
G01 X-169.15645 Y36.04204
G01 X-169.25827 Y35.53010
G01 X-169.29190 Y35.18870
G01 X-169.29190 Y34.16932
G01 X-169.25827 Y33.82792
G01 X-169.05942 Y32.82813
G01 X-169.01418 Y32.67903
G04 P0 ( dwell for no time -- G64 should not smooth over this point )
G00 Z1.80000 ( retract )

G00 X-169.01418 Y31.67903 ( rapid move to begin. )
G01 F200.00000
( Mill infeed pass 1/1 )
G01 Z-0.20000
G04 P0 ( dwell for no time -- G64 should not smooth over this point )
G01 F300.00000
G01 X-169.01418 Y31.67903
G01 X-169.05942 Y31.52988
G01 X-169.25827 Y30.53011
G01 X-169.29190 Y30.18869
G01 X-169.29190 Y29.16933
G01 X-169.25827 Y28.82791
G01 X-169.05942 Y27.82814
G01 X-169.01418 Y27.67901
G04 P0 ( dwell for no time -- G64 should not smooth over this point )
G00 Z1.80000 ( retract )

G00 X-169.01418 Y26.67904 ( rapid move to begin. )
G01 F200.00000
( Mill infeed pass 1/1 )
G01 Z-0.20000
G04 P0 ( dwell for no time -- G64 should not smooth over this point )
G01 F300.00000
G01 X-169.01418 Y26.67904
G01 X-169.05942 Y26.52989
G01 X-169.25827 Y25.53010
G01 X-169.29190 Y25.18870
G01 X-169.29190 Y24.16932
G01 X-169.25827 Y23.82792
G01 X-169.05942 Y22.82815
G01 X-168.95982 Y22.49985
G01 X-168.56973 Y21.55807
G01 X-168.40801 Y21.25553
G01 X-167.93059 Y20.54100
G04 P0 ( dwell for no time -- G64 should not smooth over this point )
G00 Z1.80000 ( retract )

G00 X-169.12094 Y19.53290 ( rapid move to begin. )
G01 F200.00000
( Mill infeed pass 1/1 )
G01 Z-0.20000
G04 P0 ( dwell for no time -- G64 should not smooth over this point )
G01 F300.00000
G01 X-169.12094 Y19.53290
G01 X-169.22574 Y19.37611
G01 X-169.38741 Y19.07354
G01 X-169.85253 Y17.95066
G01 X-169.95213 Y17.62237
G01 X-170.18923 Y16.43032
G01 X-170.22289 Y16.08892
G01 X-170.22289 Y14.87350
G01 X-170.18923 Y14.53210
G01 X-169.98022 Y13.48123
G01 X-169.95291 Y13.48123
G04 P0 ( dwell for no time -- G64 should not smooth over this point )
G00 Z1.80000 ( retract )

G00 X-168.94997 Y12.48123 ( rapid move to begin. )
G01 F200.00000
( Mill infeed pass 1/1 )
G01 Z-0.20000
G04 P0 ( dwell for no time -- G64 should not smooth over this point )
G01 F300.00000
G01 X-168.94997 Y12.48123
G01 X-168.99521 Y12.33208
G01 X-169.19409 Y11.33231
G01 X-169.22772 Y10.99091
G01 X-169.22772 Y9.97153
G01 X-169.19409 Y9.63013
G01 X-168.99521 Y8.63033
G01 X-168.94997 Y8.48121
G04 P0 ( dwell for no time -- G64 should not smooth over this point )
G00 Z1.80000 ( retract )

G00 X-168.94997 Y7.48124 ( rapid move to begin. )
G01 F200.00000
( Mill infeed pass 1/1 )
G01 Z-0.20000
G04 P0 ( dwell for no time -- G64 should not smooth over this point )
G01 F300.00000
G01 X-168.94997 Y7.48124
G01 X-168.99521 Y7.33209
G01 X-169.19409 Y6.33230
G01 X-169.22772 Y5.99089
G01 X-169.22772 Y4.97152
G01 X-169.19409 Y4.63011
G01 X-168.99521 Y3.63034
G01 X-168.89564 Y3.30205
G01 X-168.50552 Y2.36027
G01 X-168.34382 Y2.05773
G01 X-167.77748 Y1.21016
G01 X-167.62556 Y1.02502
G04 P0 ( dwell for no time -- G64 should not smooth over this point )
G00 Z1.80000 ( retract )

G00 X-166.23252 Y1.02502 ( rapid move to begin. )
G01 F200.00000
( Mill infeed pass 1/1 )
G01 Z-0.20000
G04 P0 ( dwell for no time -- G64 should not smooth over this point )
G01 F300.00000
G01 X-166.23252 Y1.02502
G01 X-166.78685 Y1.57935
G01 X-167.00448 Y1.84452
G01 X-167.46191 Y2.52910
G01 X-167.62363 Y2.83167
G01 X-167.93869 Y3.59232
G01 X-168.03829 Y3.92062
G01 X-168.19892 Y4.72813
G01 X-168.23255 Y5.06953
G01 X-168.23255 Y5.89288
G01 X-168.19892 Y6.23430
G01 X-168.03829 Y7.04182
G01 X-167.93869 Y7.37009
G01 X-167.89267 Y7.48124
G04 P0 ( dwell for no time -- G64 should not smooth over this point )
G00 Z1.80000 ( retract )

G00 X-167.89267 Y8.48121 ( rapid move to begin. )
G01 F200.00000
( Mill infeed pass 1/1 )
G01 Z-0.20000
G04 P0 ( dwell for no time -- G64 should not smooth over this point )
G01 F300.00000
G01 X-167.89267 Y8.48121
G01 X-167.93869 Y8.59234
G01 X-168.03829 Y8.92061
G01 X-168.19892 Y9.72815
G01 X-168.23255 Y10.06955
G01 X-168.23255 Y10.89289
G01 X-168.19892 Y11.23429
G01 X-168.03829 Y12.04181
G01 X-167.93869 Y12.37010
G01 X-167.89267 Y12.48123
G04 P0 ( dwell for no time -- G64 should not smooth over this point )
G00 Z1.80000 ( retract )

G00 X-167.89267 Y13.48123 ( rapid move to begin. )
G01 F200.00000
( Mill infeed pass 1/1 )
G01 Z-0.20000
G04 P0 ( dwell for no time -- G64 should not smooth over this point )
G01 F300.00000
G01 X-167.89267 Y13.48123
G01 X-168.94997 Y13.48123
G01 X-168.99521 Y13.63032
G01 X-169.19409 Y14.63012
G01 X-169.22772 Y14.97152
G01 X-169.22772 Y15.99090
G01 X-169.19409 Y16.33230
G01 X-168.99521 Y17.33210
G01 X-168.89564 Y17.66036
G01 X-168.50552 Y18.60215
G01 X-168.34382 Y18.90471
G01 X-167.91865 Y19.54101
G01 X-167.91865 Y19.54103
G01 X-167.74507 Y19.54103
G01 X-167.58739 Y19.54179
G01 X-167.58500 Y19.54179
G01 X-166.61891 Y19.55101
G01 X-166.38190 Y19.55330
G04 P0 ( dwell for no time -- G64 should not smooth over this point )
G00 Z1.80000 ( retract )

G00 X-164.28539 Y18.88932 ( rapid move to begin. )
G01 F200.00000
( Mill infeed pass 1/1 )
G01 Z-0.20000
G04 P0 ( dwell for no time -- G64 should not smooth over this point )
G01 F300.00000
G01 X-164.28539 Y18.88932
G01 X-164.28627 Y18.89031
G04 P0 ( dwell for no time -- G64 should not smooth over this point )
G00 Z1.80000 ( retract )

G00 X-164.94866 Y19.58828 ( rapid move to begin. )
G01 F200.00000
( Mill infeed pass 1/1 )
G01 Z-0.20000
G04 P0 ( dwell for no time -- G64 should not smooth over this point )
G01 F300.00000
G01 X-164.94866 Y19.58828
G01 X-165.06169 Y19.57255
G01 X-165.06171 Y19.57253
G01 X-165.30507 Y19.40989
G01 X-165.57027 Y19.19226
G01 X-166.01383 Y18.74870
G01 X-166.23148 Y18.48350
G01 X-166.58000 Y17.96191
G01 X-166.74172 Y17.65937
G01 X-166.98177 Y17.07982
G01 X-167.08134 Y16.75153
G01 X-167.20374 Y16.13626
G01 X-167.23735 Y15.79486
G01 X-167.23735 Y15.16756
G01 X-167.20374 Y14.82616
G01 X-167.08134 Y14.21089
G01 X-166.98177 Y13.88262
G01 X-166.81551 Y13.48123
G04 P0 ( dwell for no time -- G64 should not smooth over this point )
G00 Z1.80000 ( retract )

G00 X-166.81551 Y12.48123 ( rapid move to begin. )
G01 F200.00000
( Mill infeed pass 1/1 )
G01 Z-0.20000
G04 P0 ( dwell for no time -- G64 should not smooth over this point )
G01 F300.00000
G01 X-166.81551 Y12.48123
G01 X-166.98177 Y12.07981
G01 X-167.08134 Y11.75154
G01 X-167.20374 Y11.13627
G01 X-167.23735 Y10.79487
G01 X-167.23735 Y10.16757
G01 X-167.20374 Y9.82614
G01 X-167.08134 Y9.21090
G01 X-166.98177 Y8.88261
G01 X-166.81551 Y8.48121
G04 P0 ( dwell for no time -- G64 should not smooth over this point )
G00 Z1.80000 ( retract )

G00 X-166.81551 Y7.48124 ( rapid move to begin. )
G01 F200.00000
( Mill infeed pass 1/1 )
G01 Z-0.20000
G04 P0 ( dwell for no time -- G64 should not smooth over this point )
G01 F300.00000
G01 X-166.81551 Y7.48124
G01 X-166.98177 Y7.07982
G01 X-167.08134 Y6.75152
G01 X-167.20374 Y6.13628
G01 X-167.23735 Y5.79486
G01 X-167.23735 Y5.16755
G01 X-167.20374 Y4.82615
G01 X-167.08134 Y4.21089
G01 X-166.98177 Y3.88262
G01 X-166.74172 Y3.30307
G01 X-166.58000 Y3.00050
G01 X-166.23148 Y2.47891
G01 X-166.01383 Y2.21374
G01 X-165.57027 Y1.77015
G01 X-165.30507 Y1.55252
G01 X-164.78351 Y1.20401
G01 X-164.54469 Y1.07637
G01 X-164.49336 Y1.02502
G04 P0 ( dwell for no time -- G64 should not smooth over this point )
G00 Z1.80000 ( retract )

G00 X-163.95625 Y1.90213 ( rapid move to begin. )
G01 F200.00000
( Mill infeed pass 1/1 )
G01 Z-0.20000
G04 P0 ( dwell for no time -- G64 should not smooth over this point )
G01 F300.00000
G01 X-163.95625 Y1.90213
G01 X-163.95290 Y1.90627
G04 P0 ( dwell for no time -- G64 should not smooth over this point )
G00 Z1.80000 ( retract )

G00 X-163.07914 Y1.02502 ( rapid move to begin. )
G01 F200.00000
( Mill infeed pass 1/1 )
G01 Z-0.20000
G04 P0 ( dwell for no time -- G64 should not smooth over this point )
G01 F300.00000
G01 X-163.07914 Y1.02502
G01 X-163.95625 Y1.90213
G01 X-164.00954 Y1.92420
G01 X-164.31211 Y2.08592
G01 X-164.67070 Y2.32552
G01 X-164.93588 Y2.54315
G01 X-165.24083 Y2.84813
G01 X-165.45848 Y3.11330
G01 X-165.69808 Y3.47190
G01 X-165.85980 Y3.77444
G01 X-166.02483 Y4.17289
G01 X-166.12442 Y4.50118
G01 X-166.20855 Y4.92417
G01 X-166.24218 Y5.26557
G01 X-166.24218 Y5.69684
G01 X-166.20855 Y6.03826
G01 X-166.12442 Y6.46125
G01 X-166.02483 Y6.78952
G01 X-165.85980 Y7.18797
G01 X-165.70304 Y7.48124
G04 P0 ( dwell for no time -- G64 should not smooth over this point )
G00 Z1.80000 ( retract )

G00 X-165.70306 Y8.48121 ( rapid move to begin. )
G01 F200.00000
( Mill infeed pass 1/1 )
G01 Z-0.20000
G04 P0 ( dwell for no time -- G64 should not smooth over this point )
G01 F300.00000
G01 X-165.70306 Y8.48121
G01 X-165.85980 Y8.77445
G01 X-166.02483 Y9.17290
G01 X-166.12442 Y9.50117
G01 X-166.20855 Y9.92416
G01 X-166.24218 Y10.26559
G01 X-166.24218 Y10.69685
G01 X-166.20855 Y11.03825
G01 X-166.12442 Y11.46124
G01 X-166.02483 Y11.78954
G01 X-165.85980 Y12.18799
G01 X-165.70304 Y12.48123
G04 P0 ( dwell for no time -- G64 should not smooth over this point )
G00 Z1.80000 ( retract )

G00 X-165.70306 Y13.48123 ( rapid move to begin. )
G01 F200.00000
( Mill infeed pass 1/1 )
G01 Z-0.20000
G04 P0 ( dwell for no time -- G64 should not smooth over this point )
G01 F300.00000
G01 X-165.70306 Y13.48123
G01 X-165.85980 Y13.77444
G01 X-166.02483 Y14.17289
G01 X-166.12442 Y14.50119
G01 X-166.20855 Y14.92418
G01 X-166.24218 Y15.26558
G01 X-166.24218 Y15.69684
G01 X-166.20855 Y16.03824
G01 X-166.12442 Y16.46126
G01 X-166.02483 Y16.78953
G01 X-165.85980 Y17.18798
G01 X-165.69808 Y17.49054
G01 X-165.45848 Y17.84911
G01 X-165.24083 Y18.11431
G01 X-164.93588 Y18.41927
G01 X-164.67070 Y18.63689
G01 X-164.31211 Y18.87649
G01 X-164.28627 Y18.89031
G01 X-163.54853 Y19.62805
G04 P0 ( dwell for no time -- G64 should not smooth over this point )
G00 Z1.80000 ( retract )

G00 X-158.95443 Y15.11282 ( rapid move to begin. )
G01 F200.00000
( Mill infeed pass 1/1 )
G01 Z-0.20000
G04 P0 ( dwell for no time -- G64 should not smooth over this point )
G01 F300.00000
G01 X-158.95443 Y15.11282
G01 X-159.01280 Y15.11282
G01 X-159.48334 Y14.64229
G01 X-159.53767 Y14.46317
G01 X-159.62769 Y14.24584
G01 X-159.78941 Y13.94328
G01 X-159.92009 Y13.74770
G01 X-160.13774 Y13.48250
G01 X-160.30409 Y13.31615
G01 X-160.37099 Y13.26126
G04 P0 ( dwell for no time -- G64 should not smooth over this point )
G00 Z1.80000 ( retract )

G00 X-160.51074 Y13.21125 ( rapid move to begin. )
G01 F200.00000
( Mill infeed pass 1/1 )
G01 Z-0.20000
G04 P0 ( dwell for no time -- G64 should not smooth over this point )
G01 F300.00000
G01 X-160.51074 Y13.21125
G01 X-160.37099 Y13.26126
G01 X-159.12619 Y13.26124
G01 X-159.12619 Y14.17622
G01 X-159.12040 Y14.29387
G01 X-159.09157 Y14.58653
G01 X-159.04567 Y14.81727
G01 X-158.96030 Y15.09867
G01 X-158.95443 Y15.11282
G01 X-158.87986 Y15.16283
G04 P0 ( dwell for no time -- G64 should not smooth over this point )
G00 Z1.80000 ( retract )

G00 X-159.12619 Y13.33271 ( rapid move to begin. )
G01 F200.00000
( Mill infeed pass 1/1 )
G01 Z-0.20000
G04 P0 ( dwell for no time -- G64 should not smooth over this point )
G01 F300.00000
G01 X-159.12619 Y13.33271
G01 X-159.19789 Y13.26124
G04 P0 ( dwell for no time -- G64 should not smooth over this point )
G00 Z1.80000 ( retract )

G00 X-153.69097 Y6.09460 ( rapid move to begin. )
G01 F200.00000
( Mill infeed pass 1/1 )
G01 Z-0.20000
G04 P0 ( dwell for no time -- G64 should not smooth over this point )
G01 F300.00000
G01 X-153.69097 Y6.09460
G01 X-153.69097 Y5.93486
G01 X-153.65183 Y5.84040
G04 P0 ( dwell for no time -- G64 should not smooth over this point )
G00 Z1.80000 ( retract )

G00 X-153.57860 Y5.79364 ( rapid move to begin. )
G01 F200.00000
( Mill infeed pass 1/1 )
G01 Z-0.20000
G04 P0 ( dwell for no time -- G64 should not smooth over this point )
G01 F300.00000
G01 X-153.57860 Y5.79364
G01 X-153.57984 Y5.79442
G01 X-153.65183 Y5.84040
G01 X-153.65813 Y5.84444
G01 X-153.72379 Y5.84444
G01 X-153.73009 Y5.84040
G01 X-153.73011 Y5.84037
G01 X-153.80334 Y5.79361
G04 P0 ( dwell for no time -- G64 should not smooth over this point )
G00 Z1.80000 ( retract )

G00 X-153.80207 Y5.79442 ( rapid move to begin. )
G01 F200.00000
( Mill infeed pass 1/1 )
G01 Z-0.20000
G04 P0 ( dwell for no time -- G64 should not smooth over this point )
G01 F300.00000
G01 X-153.80207 Y5.79442
G01 X-153.73011 Y5.84037
G04 P0 ( dwell for no time -- G64 should not smooth over this point )
G00 Z1.80000 ( retract )

G00 X-153.73009 Y5.84040 ( rapid move to begin. )
G01 F200.00000
( Mill infeed pass 1/1 )
G01 Z-0.20000
G04 P0 ( dwell for no time -- G64 should not smooth over this point )
G01 F300.00000
G01 X-153.73009 Y5.84040
G01 X-153.69097 Y5.93486
G04 P0 ( dwell for no time -- G64 should not smooth over this point )
G00 Z1.80000 ( retract )

G00 X-158.72136 Y5.79442 ( rapid move to begin. )
G01 F200.00000
( Mill infeed pass 1/1 )
G01 Z-0.20000
G04 P0 ( dwell for no time -- G64 should not smooth over this point )
G01 F300.00000
G01 X-158.72136 Y5.79442
G01 X-158.80478 Y5.84444
G01 X-158.87031 Y5.96692
G01 X-158.96033 Y6.18426
G01 X-159.04570 Y6.46565
G01 X-159.09157 Y6.69638
G01 X-159.12040 Y6.98901
G01 X-159.12619 Y7.10661
G01 X-159.12619 Y7.86122
G01 X-160.56599 Y7.86122
G01 X-160.57020 Y7.86275
G01 X-160.72961 Y7.91124
G04 P0 ( dwell for no time -- G64 should not smooth over this point )
G00 Z1.80000 ( retract )

G00 X-159.29502 Y7.86122 ( rapid move to begin. )
G01 F200.00000
( Mill infeed pass 1/1 )
G01 Z-0.20000
G04 P0 ( dwell for no time -- G64 should not smooth over this point )
G01 F300.00000
G01 X-159.29502 Y7.86122
G01 X-159.24542 Y7.83044
G01 X-159.17028 Y7.75843
G01 X-159.12619 Y7.69366
G04 P0 ( dwell for no time -- G64 should not smooth over this point )
G00 Z1.80000 ( retract )

G00 X-160.56599 Y7.86122 ( rapid move to begin. )
G01 F200.00000
( Mill infeed pass 1/1 )
G01 Z-0.20000
G04 P0 ( dwell for no time -- G64 should not smooth over this point )
G01 F300.00000
G01 X-160.56599 Y7.86122
G01 X-160.30409 Y7.64626
G01 X-160.13774 Y7.47992
G01 X-159.92009 Y7.21474
G01 X-159.78941 Y7.01914
G01 X-159.62769 Y6.71660
G01 X-159.56259 Y6.55942
G01 X-158.84760 Y5.84444
G01 X-158.80478 Y5.84444
G04 P0 ( dwell for no time -- G64 should not smooth over this point )
G00 Z1.80000 ( retract )

G00 X-161.62814 Y1.02502 ( rapid move to begin. )
G01 F200.00000
( Mill infeed pass 1/1 )
G01 Z-0.20000
G04 P0 ( dwell for no time -- G64 should not smooth over this point )
G01 F300.00000
G01 X-161.62814 Y1.02502
G01 X-171.02500 Y1.02502
G01 X-171.02500 Y7.48124
G01 X-164.46654 Y7.48124
G01 X-164.30149 Y7.64626
G04 P0 ( dwell for no time -- G64 should not smooth over this point )
G00 Z1.80000 ( retract )

G00 X-164.30149 Y8.31616 ( rapid move to begin. )
G01 F200.00000
( Mill infeed pass 1/1 )
G01 Z-0.20000
G04 P0 ( dwell for no time -- G64 should not smooth over this point )
G01 F300.00000
G01 X-164.30149 Y8.31616
G01 X-164.46656 Y8.48121
G01 X-171.02500 Y8.48121
G01 X-171.02500 Y12.48123
G01 X-164.46651 Y12.48123
G04 P0 ( dwell for no time -- G64 should not smooth over this point )
G00 Z1.80000 ( retract )

G00 X-164.46656 Y13.48123 ( rapid move to begin. )
G01 F200.00000
( Mill infeed pass 1/1 )
G01 Z-0.20000
G04 P0 ( dwell for no time -- G64 should not smooth over this point )
G01 F300.00000
G01 X-164.46656 Y13.48123
G01 X-167.89267 Y13.48123
G01 X-167.93869 Y13.59233
G01 X-168.03829 Y13.92062
G01 X-168.19892 Y14.72814
G01 X-168.23255 Y15.06954
G01 X-168.23255 Y15.89288
G01 X-168.19892 Y16.23428
G01 X-168.03829 Y17.04180
G01 X-167.93869 Y17.37009
G01 X-167.62363 Y18.13077
G01 X-167.46191 Y18.43331
G01 X-167.00448 Y19.11789
G01 X-166.78685 Y19.38309
G01 X-166.61891 Y19.55101
G01 X-166.61891 Y19.55104
G01 X-166.38190 Y19.55330
G01 X-166.27588 Y19.55381
G01 X-165.93872 Y19.55378
G01 X-165.83115 Y19.55434
G01 X-165.82859 Y19.55434
G01 X-165.17408 Y19.56105
G01 X-165.11030 Y19.56577
G01 X-165.06171 Y19.57253
G01 X-164.94866 Y19.58828
G01 X-164.94416 Y19.58891
G01 X-164.68041 Y19.62805
G01 X-162.45237 Y19.62805
G01 X-162.23512 Y19.62285
G01 X-162.14401 Y19.61835
G04 P0 ( dwell for no time -- G64 should not smooth over this point )
G00 Z1.80000 ( retract )

G00 X-161.49532 Y20.08030 ( rapid move to begin. )
G01 F200.00000
( Mill infeed pass 1/1 )
G01 Z-0.20000
G04 P0 ( dwell for no time -- G64 should not smooth over this point )
G01 F300.00000
G01 X-161.49532 Y20.08030
G01 X-161.51064 Y20.08180
G01 X-161.57681 Y20.08721
G01 X-161.57681 Y20.08718
G01 X-161.72580 Y19.98764
G01 X-161.95311 Y19.80110
G01 X-162.04036 Y19.72201
G01 X-163.68407 Y18.07832
G01 X-163.84071 Y17.99458
G01 X-164.03631 Y17.86390
G01 X-164.30149 Y17.64627
G01 X-164.46783 Y17.47992
G01 X-164.68546 Y17.21472
G01 X-164.81617 Y17.01914
G01 X-164.97789 Y16.71658
G01 X-165.06791 Y16.49925
G01 X-165.16750 Y16.17096
G01 X-165.21337 Y15.94025
G01 X-165.24700 Y15.59882
G01 X-165.24700 Y15.36360
G01 X-165.21337 Y15.02219
G01 X-165.16750 Y14.79146
G01 X-165.06791 Y14.46317
G01 X-164.97789 Y14.24584
G01 X-164.81617 Y13.94328
G01 X-164.68546 Y13.74770
G01 X-164.46783 Y13.48250
G01 X-164.30149 Y13.31615
G01 X-164.03631 Y13.09853
G01 X-163.86070 Y12.98123
G01 X-163.75966 Y12.98123
G04 P0 ( dwell for no time -- G64 should not smooth over this point )
G00 Z1.80000 ( retract )

G00 X-163.86070 Y12.98123 ( rapid move to begin. )
G01 F200.00000
( Mill infeed pass 1/1 )
G01 Z-0.20000
G04 P0 ( dwell for no time -- G64 should not smooth over this point )
G01 F300.00000
G01 X-163.86070 Y12.98123
G01 X-164.03631 Y12.86391
G01 X-164.30149 Y12.64625
G01 X-164.46651 Y12.48123
G01 X-164.46783 Y12.47993
G01 X-164.68546 Y12.21473
G01 X-164.81617 Y12.01913
G01 X-164.97789 Y11.71659
G01 X-165.06791 Y11.49924
G01 X-165.16750 Y11.17097
G01 X-165.21337 Y10.94024
G01 X-165.24700 Y10.59883
G01 X-165.24700 Y10.36358
G01 X-165.21337 Y10.02218
G01 X-165.16750 Y9.79147
G01 X-165.06791 Y9.46318
G01 X-164.97789 Y9.24585
G01 X-164.81617 Y8.94329
G01 X-164.68546 Y8.74768
G01 X-164.46783 Y8.48251
G01 X-164.30149 Y8.31616
G01 X-164.03631 Y8.09853
G01 X-163.86072 Y7.98121
G04 P0 ( dwell for no time -- G64 should not smooth over this point )
G00 Z1.80000 ( retract )

G00 X-163.75966 Y7.98121 ( rapid move to begin. )
G01 F200.00000
( Mill infeed pass 1/1 )
G01 Z-0.20000
G04 P0 ( dwell for no time -- G64 should not smooth over this point )
G01 F300.00000
G01 X-163.75966 Y7.98121
G01 X-163.86072 Y7.98121
G01 X-164.03631 Y7.86389
G01 X-164.30149 Y7.64626
G01 X-164.46783 Y7.47992
G01 X-164.68546 Y7.21474
G01 X-164.81617 Y7.01914
G01 X-164.97789 Y6.71660
G01 X-165.06791 Y6.49925
G01 X-165.16750 Y6.17095
G01 X-165.21337 Y5.94025
G01 X-165.24700 Y5.59884
G01 X-165.24700 Y5.36359
G01 X-165.21337 Y5.02219
G01 X-165.16750 Y4.79146
G01 X-165.06791 Y4.46319
G01 X-164.97789 Y4.24584
G01 X-164.81617 Y3.94330
G01 X-164.68546 Y3.74769
G01 X-164.46783 Y3.48249
G01 X-164.30149 Y3.31617
G01 X-164.03631 Y3.09852
G01 X-163.84071 Y2.96784
G01 X-163.53817 Y2.80611
G01 X-163.38089 Y2.74099
G01 X-161.87515 Y1.23525
G01 X-161.78791 Y1.15616
G01 X-161.62814 Y1.02502
G01 X-161.56060 Y0.96962
G01 X-161.36500 Y0.83891
G01 X-161.10569 Y0.70030
G01 X-160.88834 Y0.61028
G01 X-160.60696 Y0.52492
G01 X-160.37622 Y0.47904
G01 X-160.08359 Y0.45021
G01 X-159.96599 Y0.44442
G01 X-148.76459 Y0.44442
G01 X-148.64696 Y0.45021
G01 X-148.35433 Y0.47904
G01 X-148.12359 Y0.52492
G01 X-147.84221 Y0.61028
G01 X-147.62487 Y0.70030
G01 X-147.36556 Y0.83891
G01 X-147.16995 Y0.96962
G01 X-147.10241 Y1.02502
G01 X-144.51179 Y1.02502
G01 X-144.41916 Y1.30571
G01 X-144.40628 Y1.34038
G01 X-143.74883 Y2.92758
G01 X-143.74883 Y2.92760
G01 X-143.69325 Y3.06179
G01 X-143.60084 Y3.30114
G01 X-143.50181 Y3.57794
G01 X-143.36993 Y4.01155
G01 X-143.30227 Y4.28173
G01 X-143.22317 Y4.67837
G01 X-143.18314 Y4.94810
G01 X-143.14603 Y5.32399
G01 X-143.13249 Y5.59958
G01 X-143.12795 Y5.78416
G01 X-143.12795 Y14.38529
G01 X-143.13249 Y14.56985
G01 X-143.14603 Y14.84546
G01 X-143.18314 Y15.22138
G01 X-143.22317 Y15.49110
G01 X-143.30227 Y15.88775
G01 X-143.36993 Y16.15793
G01 X-143.50181 Y16.59153
G01 X-143.59871 Y16.86240
G01 X-143.74240 Y17.20830
G04 P0 ( dwell for no time -- G64 should not smooth over this point )
G00 Z1.80000 ( retract )

G00 X-146.38738 Y18.07680 ( rapid move to begin. )
G01 F200.00000
( Mill infeed pass 1/1 )
G01 Z-0.20000
G04 P0 ( dwell for no time -- G64 should not smooth over this point )
G01 F300.00000
G01 X-146.38738 Y18.07680
G01 X-146.23869 Y18.12676
G01 X-146.22586 Y18.13126
G01 X-146.00765 Y18.21121
G01 X-145.72192 Y18.30753
G01 X-145.69761 Y18.31502
G01 X-145.68705 Y18.31843
G01 X-145.41504 Y18.40911
G01 X-145.40475 Y18.41266
G01 X-145.38299 Y18.42046
G01 X-144.72243 Y18.61988
G01 X-144.53074 Y18.66791
G01 X-144.40105 Y18.46852
G01 X-144.23567 Y18.19260
G01 X-143.93054 Y17.62351
G01 X-143.80199 Y17.35173
G01 X-143.74240 Y17.20830
G01 X-143.90196 Y17.33923
G01 X-144.26056 Y17.57886
G01 X-144.51989 Y17.71746
G01 X-144.91832 Y17.88251
G01 X-145.19972 Y17.96786
G01 X-145.62271 Y18.05201
G01 X-145.91534 Y18.08081
G01 X-146.34661 Y18.08081
G01 X-146.38738 Y18.07680
G01 X-146.52469 Y18.03067
G01 X-146.53780 Y18.02648
G01 X-146.54143 Y18.02536
G01 X-146.81080 Y17.93479
G01 X-147.00084 Y17.86489
G01 X-147.01427 Y17.86016
G01 X-147.29314 Y17.76651
G01 X-147.43320 Y17.71955
G01 X-147.50635 Y17.44812
G01 X-147.51064 Y17.43306
G01 X-147.51252 Y17.42691
G01 X-147.60823 Y17.06860
G01 X-147.63744 Y16.94109
G01 X-147.64148 Y16.92468
G01 X-147.71758 Y16.63746
G01 X-147.72243 Y16.62039
G01 X-147.73817 Y16.56850
G01 X-147.74237 Y16.55249
G01 X-147.95291 Y16.37970
G01 X-148.11925 Y16.21335
G01 X-148.30579 Y15.98605
G01 X-148.43650 Y15.79044
G01 X-148.47147 Y15.72501
G01 X-148.47163 Y15.72433
G01 X-148.47163 Y15.72428
G01 X-148.47475 Y15.71081
G01 X-148.52093 Y15.52638
G04 P0 ( dwell for no time -- G64 should not smooth over this point )
G00 Z1.80000 ( retract )

G00 X-148.47163 Y15.72433 ( rapid move to begin. )
G01 F200.00000
( Mill infeed pass 1/1 )
G01 Z-0.20000
G04 P0 ( dwell for no time -- G64 should not smooth over this point )
G01 F300.00000
G01 X-148.47163 Y15.72433
G01 X-148.47676 Y15.82844
G01 X-148.50558 Y16.12107
G01 X-148.55146 Y16.35181
G01 X-148.63683 Y16.63319
G01 X-148.70919 Y16.80789
G01 X-148.72684 Y16.85054
G01 X-148.86545 Y17.10985
G01 X-148.99616 Y17.30545
G01 X-149.18270 Y17.53276
G01 X-149.26179 Y17.62000
G01 X-151.02996 Y19.38823
G04 P0 ( dwell for no time -- G64 should not smooth over this point )
G00 Z1.80000 ( retract )

G00 X-149.72341 Y19.38823 ( rapid move to begin. )
G01 F200.00000
( Mill infeed pass 1/1 )
G01 Z-0.20000
G04 P0 ( dwell for no time -- G64 should not smooth over this point )
G01 F300.00000
G01 X-149.72341 Y19.38823
G01 X-148.77800 Y19.38823
G01 X-148.66037 Y19.39402
G01 X-148.36774 Y19.42282
G01 X-148.13701 Y19.46872
G01 X-147.85562 Y19.55409
G01 X-147.63830 Y19.64410
G01 X-147.37897 Y19.78271
G01 X-147.18336 Y19.91342
G01 X-146.95606 Y20.09996
G01 X-146.86881 Y20.17903
G01 X-144.32340 Y22.72441
G01 X-144.24430 Y22.81169
G01 X-144.05777 Y23.03899
G01 X-143.92708 Y23.23457
G01 X-143.78845 Y23.49391
G01 X-143.69843 Y23.71125
G01 X-143.61306 Y23.99264
G01 X-143.56719 Y24.22337
G01 X-143.53836 Y24.51600
G01 X-143.53257 Y24.63360
G01 X-143.53257 Y33.49221
G01 X-143.53836 Y33.60986
G01 X-143.56719 Y33.90250
G01 X-143.61306 Y34.13320
G01 X-143.69843 Y34.41461
G01 X-143.78845 Y34.63193
G01 X-143.92706 Y34.89124
G01 X-144.05777 Y35.08685
G01 X-144.24430 Y35.31415
G01 X-144.41065 Y35.48050
G01 X-144.63795 Y35.66703
G01 X-144.83356 Y35.79774
G01 X-145.09287 Y35.93635
G01 X-145.31021 Y36.02637
G01 X-145.59160 Y36.11174
G01 X-145.82233 Y36.15761
G01 X-146.11496 Y36.18644
G01 X-146.35019 Y36.18644
G01 X-146.64283 Y36.15761
G01 X-146.87356 Y36.11174
G01 X-147.15494 Y36.02637
G01 X-147.37229 Y35.93635
G01 X-147.63160 Y35.79774
G01 X-147.82720 Y35.66703
G01 X-148.05451 Y35.48050
G04 P0 ( dwell for no time -- G64 should not smooth over this point )
G00 Z1.80000 ( retract )

G00 X-147.61311 Y36.91377 ( rapid move to begin. )
G01 F200.00000
( Mill infeed pass 1/1 )
G01 Z-0.20000
G04 P0 ( dwell for no time -- G64 should not smooth over this point )
G01 F300.00000
G01 X-147.61311 Y36.91377
G01 X-147.44524 Y36.98331
G01 X-147.16383 Y37.06866
G01 X-146.74084 Y37.15281
G01 X-146.44821 Y37.18161
G01 X-146.01694 Y37.18161
G01 X-145.72431 Y37.15281
G01 X-145.30132 Y37.06866
G01 X-145.01992 Y36.98331
G01 X-144.62149 Y36.81826
G01 X-144.36216 Y36.67966
G01 X-144.00356 Y36.44003
G01 X-143.77626 Y36.25350
G01 X-143.75104 Y36.22827
G04 P0 ( dwell for no time -- G64 should not smooth over this point )
G00 Z1.80000 ( retract )

G00 X-142.17878 Y33.49224 ( rapid move to begin. )
G01 F200.00000
( Mill infeed pass 1/1 )
G01 Z-0.20000
G04 P0 ( dwell for no time -- G64 should not smooth over this point )
G01 F300.00000
G01 X-142.17878 Y33.49224
G01 X-142.17710 Y33.49231
G04 P0 ( dwell for no time -- G64 should not smooth over this point )
G00 Z1.80000 ( retract )

G00 X-142.37796 Y35.22149 ( rapid move to begin. )
G01 F200.00000
( Mill infeed pass 1/1 )
G01 Z-0.20000
G04 P0 ( dwell for no time -- G64 should not smooth over this point )
G01 F300.00000
G01 X-142.37796 Y35.22149
G01 X-142.37316 Y35.22253
G04 P0 ( dwell for no time -- G64 should not smooth over this point )
G00 Z1.80000 ( retract )

G00 X-145.86579 Y38.95799 ( rapid move to begin. )
G01 F200.00000
( Mill infeed pass 1/1 )
G01 Z-0.20000
G04 P0 ( dwell for no time -- G64 should not smooth over this point )
G01 F300.00000
G01 X-145.86579 Y38.95799
G01 X-145.86569 Y38.96129
G04 P0 ( dwell for no time -- G64 should not smooth over this point )
G00 Z1.80000 ( retract )

G00 X-143.09411 Y37.21130 ( rapid move to begin. )
G01 F200.00000
( Mill infeed pass 1/1 )
G01 Z-0.20000
G04 P0 ( dwell for no time -- G64 should not smooth over this point )
G01 F300.00000
G01 X-143.09411 Y37.21130
G01 X-143.09218 Y37.21227
G04 P0 ( dwell for no time -- G64 should not smooth over this point )
G00 Z1.80000 ( retract )

G00 X-142.82495 Y36.60564 ( rapid move to begin. )
G01 F200.00000
( Mill infeed pass 1/1 )
G01 Z-0.20000
G04 P0 ( dwell for no time -- G64 should not smooth over this point )
G01 F300.00000
G01 X-142.82495 Y36.60564
G01 X-142.82495 Y39.73203
G04 P0 ( dwell for no time -- G64 should not smooth over this point )
G00 Z1.80000 ( retract )

G00 X-142.53318 Y40.02286 ( rapid move to begin. )
G01 F200.00000
( Mill infeed pass 1/1 )
G01 Z-0.20000
G04 P0 ( dwell for no time -- G64 should not smooth over this point )
G01 F300.00000
G01 X-142.53318 Y40.02286
G01 X-142.82495 Y39.73203
G01 X-149.89667 Y39.75453
G01 X-149.89669 Y39.75455
G01 X-150.95577 Y40.19522
G01 X-150.96705 Y40.19974
G01 X-151.18109 Y40.28275
G01 X-151.19270 Y40.28709
G01 X-151.48640 Y40.39270
G01 X-151.50934 Y40.40035
G01 X-151.89684 Y40.51887
G01 X-151.92082 Y40.52555
G01 X-152.21465 Y40.59964
G01 X-152.23832 Y40.60500
G01 X-152.59321 Y40.67635
G01 X-152.61759 Y40.68064
G01 X-152.91149 Y40.72471
G01 X-152.93575 Y40.72776
G01 X-153.27240 Y40.76154
G01 X-153.29699 Y40.76339
G01 X-153.33862 Y40.76550
G04 P0 ( dwell for no time -- G64 should not smooth over this point )
G00 Z1.80000 ( retract )

G00 X-153.27207 Y40.76520 ( rapid move to begin. )
G01 F200.00000
( Mill infeed pass 1/1 )
G01 Z-0.20000
G04 P0 ( dwell for no time -- G64 should not smooth over this point )
G01 F300.00000
G01 X-153.27207 Y40.76520
G01 X-153.27240 Y40.76154
G04 P0 ( dwell for no time -- G64 should not smooth over this point )
G00 Z1.80000 ( retract )

G00 X-153.66417 Y39.79385 ( rapid move to begin. )
G01 F200.00000
( Mill infeed pass 1/1 )
G01 Z-0.20000
G04 P0 ( dwell for no time -- G64 should not smooth over this point )
G01 F300.00000
G01 X-153.66417 Y39.79385
G01 X-153.38967 Y39.76682
G01 X-153.35998 Y39.76532
G01 X-153.04774 Y39.73398
G01 X-152.77817 Y39.69354
G01 X-152.44736 Y39.62702
G01 X-152.17741 Y39.55895
G01 X-151.81340 Y39.44762
G01 X-151.53690 Y39.34818
G01 X-151.33431 Y39.26962
G01 X-150.28089 Y38.83132
G01 X-150.28087 Y38.83129
G01 X-148.39080 Y38.04488
G01 X-148.49916 Y37.56746
G01 X-148.50058 Y37.56104
G01 X-148.54998 Y37.32926
G01 X-148.55138 Y37.32256
G01 X-148.58915 Y37.13264
G04 P0 ( dwell for no time -- G64 should not smooth over this point )
G00 Z1.80000 ( retract )

G00 X-148.87686 Y35.82068 ( rapid move to begin. )
G01 F200.00000
( Mill infeed pass 1/1 )
G01 Z-0.20000
G04 P0 ( dwell for no time -- G64 should not smooth over this point )
G01 F300.00000
G01 X-148.87686 Y35.82068
G01 X-148.84424 Y35.95903
G01 X-148.81328 Y36.10165
G01 X-148.77053 Y36.31656
G01 X-148.76893 Y36.32423
G01 X-148.73548 Y36.47966
G01 X-148.73383 Y36.48710
G01 X-148.64203 Y36.88405
G01 X-148.59560 Y37.10020
G01 X-148.58915 Y37.13264
G01 X-148.65628 Y37.20671
G01 X-150.28087 Y38.83129
G04 P0 ( dwell for no time -- G64 should not smooth over this point )
G00 Z1.80000 ( retract )

G00 X-151.89684 Y40.51887 ( rapid move to begin. )
G01 F200.00000
( Mill infeed pass 1/1 )
G01 Z-0.20000
G04 P0 ( dwell for no time -- G64 should not smooth over this point )
G01 F300.00000
G01 X-151.89684 Y40.51887
G01 X-151.89562 Y40.52324
G04 P0 ( dwell for no time -- G64 should not smooth over this point )
G00 Z1.80000 ( retract )

G00 X-149.89667 Y39.75453 ( rapid move to begin. )
G01 F200.00000
( Mill infeed pass 1/1 )
G01 Z-0.20000
G04 P0 ( dwell for no time -- G64 should not smooth over this point )
G01 F300.00000
G01 X-149.89667 Y39.75453
G01 X-147.74059 Y38.85745
G01 X-147.63388 Y38.87310
G01 X-147.60965 Y38.87605
G01 X-146.91661 Y38.94338
G01 X-146.89202 Y38.94516
G01 X-146.59792 Y38.95913
G01 X-146.57338 Y38.95969
G01 X-145.89032 Y38.95862
G01 X-145.86579 Y38.95799
G01 X-145.57176 Y38.94305
G01 X-145.54717 Y38.94120
G01 X-144.85517 Y38.87175
G01 X-144.83092 Y38.86873
G01 X-144.53701 Y38.82464
G01 X-144.52596 Y38.82286
G01 X-144.20224 Y38.76688
G01 X-144.10229 Y38.73866
G01 X-144.09741 Y38.73609
G01 X-144.09739 Y38.73607
G01 X-144.01034 Y38.69037
G01 X-143.93033 Y38.62415
G01 X-143.86574 Y38.54282
G01 X-143.82495 Y38.47881
G04 P0 ( dwell for no time -- G64 should not smooth over this point )
G00 Z1.80000 ( retract )

G00 X-143.84621 Y38.56121 ( rapid move to begin. )
G01 F200.00000
( Mill infeed pass 1/1 )
G01 Z-0.20000
G04 P0 ( dwell for no time -- G64 should not smooth over this point )
G01 F300.00000
G01 X-143.84621 Y38.56121
G01 X-143.86574 Y38.54282
G04 P0 ( dwell for no time -- G64 should not smooth over this point )
G00 Z1.80000 ( retract )

G00 X-144.09739 Y38.73607 ( rapid move to begin. )
G01 F200.00000
( Mill infeed pass 1/1 )
G01 Z-0.20000
G04 P0 ( dwell for no time -- G64 should not smooth over this point )
G01 F300.00000
G01 X-144.09739 Y38.73607
G01 X-143.82495 Y38.73523
G04 P0 ( dwell for no time -- G64 should not smooth over this point )
G00 Z1.80000 ( retract )

G00 X-143.56943 Y38.96436 ( rapid move to begin. )
G01 F200.00000
( Mill infeed pass 1/1 )
G01 Z-0.20000
G04 P0 ( dwell for no time -- G64 should not smooth over this point )
G01 F300.00000
G01 X-143.56943 Y38.96436
G01 X-143.82495 Y38.73523
G01 X-143.82495 Y38.47879
G01 X-143.62426 Y38.16378
G01 X-143.61713 Y38.15220
G01 X-143.44085 Y37.85814
G01 X-143.42906 Y37.83736
G01 X-143.10544 Y37.23381
G01 X-143.09411 Y37.21130
G01 X-142.95502 Y36.91727
G01 X-142.94527 Y36.89528
G01 X-142.82495 Y36.60564
G01 X-142.72775 Y36.37158
G01 X-142.71870 Y36.34821
G01 X-142.61350 Y36.05416
G01 X-142.60590 Y36.03122
G01 X-142.46359 Y35.56325
G01 X-142.45693 Y35.53925
G01 X-142.38327 Y35.24519
G01 X-142.37796 Y35.22149
G01 X-142.29198 Y34.79038
G01 X-142.28774 Y34.76597
G01 X-142.24410 Y34.47194
G01 X-142.24113 Y34.44768
G01 X-142.20059 Y34.03727
G01 X-142.19876 Y34.01266
G01 X-142.18434 Y33.71858
G01 X-142.18388 Y33.70633
G01 X-142.17893 Y33.50450
G01 X-142.17878 Y33.49224
G01 X-142.17878 Y24.63360
G01 X-142.17893 Y24.62134
G01 X-142.18388 Y24.41948
G01 X-142.18434 Y24.40724
G01 X-142.19876 Y24.11318
G01 X-142.20059 Y24.08860
G01 X-142.24113 Y23.67818
G01 X-142.24410 Y23.65393
G01 X-142.28774 Y23.35990
G01 X-142.29198 Y23.33549
G01 X-142.37796 Y22.90437
G01 X-142.38327 Y22.88067
G01 X-142.45693 Y22.58662
G01 X-142.46359 Y22.56262
G01 X-142.60590 Y22.09465
G01 X-142.61350 Y22.07171
G01 X-142.71870 Y21.77765
G01 X-142.72302 Y21.76605
G01 X-142.82206 Y21.50951
G01 X-142.82495 Y21.50224
G01 X-142.82658 Y21.49820
G01 X-143.74171 Y19.28886
G01 X-143.55779 Y19.00606
G01 X-143.54806 Y18.99051
G01 X-143.37181 Y18.69646
G01 X-143.36003 Y18.67565
G01 X-143.04329 Y18.08495
G01 X-143.03194 Y18.06245
G01 X-142.89287 Y17.76842
G01 X-142.88312 Y17.74645
G01 X-142.82495 Y17.60644
G01 X-142.67044 Y17.23443
G01 X-142.66140 Y17.21106
G01 X-142.55619 Y16.91701
G01 X-142.54860 Y16.89407
G01 X-142.40958 Y16.43700
G01 X-142.40293 Y16.41300
G01 X-142.32930 Y16.11894
G01 X-142.32396 Y16.09524
G01 X-142.24007 Y15.67452
G01 X-142.23582 Y15.65011
G01 X-142.19219 Y15.35605
G01 X-142.18921 Y15.33182
G01 X-142.14967 Y14.93147
G01 X-142.14786 Y14.90688
G01 X-142.13341 Y14.61280
G01 X-142.13295 Y14.60053
G01 X-142.12813 Y14.40370
G01 X-142.12798 Y14.39141
G01 X-142.12798 Y5.77802
G01 X-142.12813 Y5.76575
G01 X-142.13295 Y5.56890
G01 X-142.13341 Y5.55663
G01 X-142.14786 Y5.26260
G01 X-142.14967 Y5.23799
G01 X-142.18921 Y4.83766
G01 X-142.19219 Y4.81343
G01 X-142.23582 Y4.51937
G01 X-142.24007 Y4.49496
G01 X-142.32396 Y4.07424
G01 X-142.32930 Y4.05054
G01 X-142.40293 Y3.75648
G01 X-142.40958 Y3.73248
G01 X-142.54860 Y3.27541
G01 X-142.55619 Y3.25247
G01 X-142.66140 Y2.95841
G01 X-142.66572 Y2.94681
G01 X-142.76254 Y2.69601
G01 X-142.76704 Y2.68473
G01 X-142.82495 Y2.54490
G01 X-143.45452 Y1.02502
G01 X-141.80715 Y1.02502
G04 P0 ( dwell for no time -- G64 should not smooth over this point )
G00 Z1.80000 ( retract )

G00 X-142.80715 Y1.02502 ( rapid move to begin. )
G01 F200.00000
( Mill infeed pass 1/1 )
G01 Z-0.20000
G04 P0 ( dwell for no time -- G64 should not smooth over this point )
G01 F300.00000
G01 X-142.80715 Y1.02502
G01 X-142.82495 Y1.14902
G01 X-142.82495 Y2.54490
G04 P0 ( dwell for no time -- G64 should not smooth over this point )
G00 Z1.80000 ( retract )

G00 X-142.32579 Y4.04970 ( rapid move to begin. )
G01 F200.00000
( Mill infeed pass 1/1 )
G01 Z-0.20000
G04 P0 ( dwell for no time -- G64 should not smooth over this point )
G01 F300.00000
G01 X-142.32579 Y4.04970
G01 X-142.32930 Y4.05054
G04 P0 ( dwell for no time -- G64 should not smooth over this point )
G00 Z1.80000 ( retract )

G00 X-142.14517 Y5.26240 ( rapid move to begin. )
G01 F200.00000
( Mill infeed pass 1/1 )
G01 Z-0.20000
G04 P0 ( dwell for no time -- G64 should not smooth over this point )
G01 F300.00000
G01 X-142.14517 Y5.26240
G01 X-142.14786 Y5.26260
G04 P0 ( dwell for no time -- G64 should not smooth over this point )
G00 Z1.80000 ( retract )

G00 X-143.74883 Y2.92758 ( rapid move to begin. )
G01 F200.00000
( Mill infeed pass 1/1 )
G01 Z-0.20000
G04 P0 ( dwell for no time -- G64 should not smooth over this point )
G01 F300.00000
G01 X-143.74883 Y2.92758
G01 X-145.65141 Y1.02502
G04 P0 ( dwell for no time -- G64 should not smooth over this point )
G00 Z1.80000 ( retract )

G00 X-147.10241 Y1.02502 ( rapid move to begin. )
G01 F200.00000
( Mill infeed pass 1/1 )
G01 Z-0.20000
G04 P0 ( dwell for no time -- G64 should not smooth over this point )
G01 F300.00000
G01 X-147.10241 Y1.02502
G01 X-146.94265 Y1.15616
G01 X-146.85540 Y1.23525
G01 X-144.22180 Y3.86885
G01 X-144.14270 Y3.95610
G01 X-143.95617 Y4.18340
G01 X-143.82546 Y4.37901
G01 X-143.68685 Y4.63832
G01 X-143.59683 Y4.85567
G01 X-143.51146 Y5.13705
G01 X-143.46559 Y5.36778
G01 X-143.43676 Y5.66041
G01 X-143.43097 Y5.77802
G01 X-143.43097 Y14.39141
G01 X-143.43676 Y14.50904
G01 X-143.46559 Y14.80167
G01 X-143.51146 Y15.03240
G01 X-143.59683 Y15.31379
G01 X-143.68685 Y15.53113
G01 X-143.82546 Y15.79044
G01 X-143.95617 Y15.98605
G01 X-144.14270 Y16.21335
G01 X-144.30905 Y16.37970
G01 X-144.53635 Y16.56623
G01 X-144.73196 Y16.69694
G01 X-144.99127 Y16.83555
G01 X-145.20861 Y16.92557
G01 X-145.49000 Y17.01094
G01 X-145.72073 Y17.05681
G01 X-146.01336 Y17.08564
G01 X-146.24859 Y17.08564
G01 X-146.54123 Y17.05681
G01 X-146.77196 Y17.01094
G01 X-147.05334 Y16.92557
G01 X-147.27069 Y16.83555
G01 X-147.53000 Y16.69694
G01 X-147.72560 Y16.56623
G01 X-147.95291 Y16.37970
G04 P0 ( dwell for no time -- G64 should not smooth over this point )
G00 Z1.80000 ( retract )

G00 X-148.70919 Y16.80789 ( rapid move to begin. )
G01 F200.00000
( Mill infeed pass 1/1 )
G01 Z-0.20000
G04 P0 ( dwell for no time -- G64 should not smooth over this point )
G01 F300.00000
G01 X-148.70919 Y16.80789
G01 X-148.70307 Y16.83128
G01 X-148.69786 Y16.84962
G01 X-148.68194 Y16.90215
G01 X-148.61028 Y17.17261
G01 X-148.58097 Y17.30062
G01 X-148.57665 Y17.31797
G01 X-148.47648 Y17.69308
G01 X-148.47188 Y17.70921
G01 X-148.46985 Y17.71589
G01 X-148.44907 Y17.79295
G01 X-148.47338 Y17.80301
G01 X-148.69776 Y17.88965
G01 X-148.72804 Y17.90050
G01 X-148.73942 Y17.90471
G01 X-148.95781 Y17.98889
G01 X-148.96934 Y17.99351
G01 X-150.10617 Y18.46440
G04 P0 ( dwell for no time -- G64 should not smooth over this point )
G00 Z1.80000 ( retract )

G00 X-151.15066 Y19.43824 ( rapid move to begin. )
G01 F200.00000
( Mill infeed pass 1/1 )
G01 Z-0.20000
G04 P0 ( dwell for no time -- G64 should not smooth over this point )
G01 F300.00000
G01 X-151.15066 Y19.43824
G01 X-151.02996 Y19.38823
G01 X-149.72341 Y19.38823
G01 X-148.59238 Y18.91975
G01 X-148.38544 Y18.83999
G01 X-148.35501 Y18.82910
G01 X-148.34338 Y18.82478
G01 X-148.10754 Y18.73372
G01 X-148.09629 Y18.72922
G01 X-148.06731 Y18.71721
G01 X-147.85072 Y18.63428
G01 X-147.61580 Y18.71317
G01 X-147.33929 Y18.80590
G01 X-147.14943 Y18.87573
G01 X-147.13617 Y18.88040
G01 X-146.85354 Y18.97542
G01 X-146.84028 Y18.97969
G01 X-146.83658 Y18.98081
G01 X-146.73856 Y19.01375
G01 X-146.54900 Y19.14040
G01 X-146.32169 Y19.32694
G01 X-146.16172 Y19.47194
G01 X-143.74926 Y21.88436
G01 X-143.65815 Y22.12035
G01 X-143.75276 Y21.87527
G01 X-144.66861 Y19.66425
G01 X-144.97699 Y19.58701
G01 X-145.00003 Y19.58066
G01 X-145.68408 Y19.37413
G01 X-145.70800 Y19.36623
G01 X-145.73650 Y19.35604
G01 X-145.99805 Y19.26885
G01 X-146.02314 Y19.26110
G01 X-146.03531 Y19.25716
G01 X-146.33328 Y19.15673
G01 X-146.34557 Y19.15239
G01 X-146.56353 Y19.07253
G01 X-146.83658 Y18.98081
G04 P0 ( dwell for no time -- G64 should not smooth over this point )
G00 Z1.80000 ( retract )

G00 X-153.59887 Y24.73823 ( rapid move to begin. )
G01 F200.00000
( Mill infeed pass 1/1 )
G01 Z-0.20000
G04 P0 ( dwell for no time -- G64 should not smooth over this point )
G01 F300.00000
G01 X-153.59887 Y24.73823
G01 X-153.68228 Y24.78824
G01 X-153.71670 Y24.85250
G01 X-153.79257 Y25.03566
G01 X-153.79257 Y25.07409
G01 X-153.79254 Y25.19548
G01 X-153.79257 Y25.03566
G01 X-153.86844 Y24.85250
G01 X-153.90278 Y24.78827
G01 X-153.98622 Y24.73825
G04 P0 ( dwell for no time -- G64 should not smooth over this point )
G00 Z1.80000 ( retract )

G00 X-153.90278 Y24.78827 ( rapid move to begin. )
G01 F200.00000
( Mill infeed pass 1/1 )
G01 Z-0.20000
G04 P0 ( dwell for no time -- G64 should not smooth over this point )
G01 F300.00000
G01 X-153.90278 Y24.78827
G01 X-153.68228 Y24.78824
G04 P0 ( dwell for no time -- G64 should not smooth over this point )
G00 Z1.80000 ( retract )

G00 X-159.18159 Y26.88420 ( rapid move to begin. )
G01 F200.00000
( Mill infeed pass 1/1 )
G01 Z-0.20000
G04 P0 ( dwell for no time -- G64 should not smooth over this point )
G01 F300.00000
G01 X-159.18159 Y26.88420
G01 X-159.22832 Y26.95295
G01 X-159.30338 Y27.02504
G01 X-159.35801 Y27.05903
G04 P0 ( dwell for no time -- G64 should not smooth over this point )
G00 Z1.80000 ( retract )

G00 X-160.63020 Y27.05903 ( rapid move to begin. )
G01 F200.00000
( Mill infeed pass 1/1 )
G01 Z-0.20000
G04 P0 ( dwell for no time -- G64 should not smooth over this point )
G01 F300.00000
G01 X-160.63020 Y27.05903
G01 X-160.36827 Y26.84407
G01 X-160.20193 Y26.67772
G01 X-159.98430 Y26.41254
G01 X-159.85362 Y26.21694
G01 X-159.69190 Y25.91437
G01 X-159.62680 Y25.75720
G01 X-158.95009 Y25.08052
G04 P0 ( dwell for no time -- G64 should not smooth over this point )
G00 Z1.80000 ( retract )

G00 X-158.76233 Y24.82205 ( rapid move to begin. )
G01 F200.00000
( Mill infeed pass 1/1 )
G01 Z-0.20000
G04 P0 ( dwell for no time -- G64 should not smooth over this point )
G01 F300.00000
G01 X-158.76233 Y24.82205
G01 X-158.76251 Y24.82228
G01 X-158.91468 Y25.02746
G01 X-158.95009 Y25.08052
G01 X-159.01572 Y25.23886
G01 X-159.10109 Y25.52024
G01 X-159.14697 Y25.75098
G01 X-159.17579 Y26.04361
G01 X-159.18159 Y26.16121
G01 X-159.18159 Y27.05903
G01 X-160.63020 Y27.05903
G01 X-160.63442 Y27.06055
G01 X-160.79383 Y27.10904

G00 Z30.00000 (Retract to tool change height)
T2
M5      (Spindle stop.)
G04 P1.00000 (Wait for spindle to stop)
(MSG, Change tool bit to mill diameter 0.80000mm)
M6      (Tool change.)
M0      (Temporary machine stop.)
M3 ( Spindle on clockwise. )
G04 P1.00000 (Wait for spindle to get up to speed)
G04 P0 ( dwell for no time -- G64 should not smooth over this point )
G00 Z1.80000 ( retract )

G00 X-53.62566 Y72.51060 ( rapid move to begin. )
G01 F200.00000
( Mill infeed pass 1/1 )
G01 Z-0.20000
G04 P0 ( dwell for no time -- G64 should not smooth over this point )
G01 F300.00000
G01 X-53.62566 Y72.51060
G01 X-53.62561 Y72.48713
G01 X-53.64283 Y72.47123
G04 P0 ( dwell for no time -- G64 should not smooth over this point )
G00 Z1.80000 ( retract )

G00 X-83.65781 Y68.92618 ( rapid move to begin. )
G01 F200.00000
( Mill infeed pass 1/1 )
G01 Z-0.20000
G04 P0 ( dwell for no time -- G64 should not smooth over this point )
G01 F300.00000
G01 X-83.65781 Y68.92618
G01 X-83.66861 Y68.92612
G01 X-83.67610 Y68.91835
G04 P0 ( dwell for no time -- G64 should not smooth over this point )
G00 Z1.80000 ( retract )

G00 X-89.97108 Y55.83197 ( rapid move to begin. )
G01 F200.00000
( Mill infeed pass 1/1 )
G01 Z-0.20000
G04 P0 ( dwell for no time -- G64 should not smooth over this point )
G01 F300.00000
G01 X-89.97108 Y55.83197
G01 X-89.97784 Y55.82503
G01 X-89.98757 Y55.82503
G04 P0 ( dwell for no time -- G64 should not smooth over this point )
G00 Z1.80000 ( retract )

G00 X-107.45527 Y57.62500 ( rapid move to begin. )
G01 F200.00000
( Mill infeed pass 1/1 )
G01 Z-0.20000
G04 P0 ( dwell for no time -- G64 should not smooth over this point )
G01 F300.00000
G01 X-107.45527 Y57.62500
G01 X-107.46901 Y57.62500
G01 X-107.47851 Y57.61510
G04 P0 ( dwell for no time -- G64 should not smooth over this point )
G00 Z1.80000 ( retract )

G00 X-116.55686 Y36.62459 ( rapid move to begin. )
G01 F200.00000
( Mill infeed pass 1/1 )
G01 Z-0.20000
G04 P0 ( dwell for no time -- G64 should not smooth over this point )
G01 F300.00000
G01 X-116.55686 Y36.62459
G01 X-116.56910 Y36.62459
G01 X-116.57761 Y36.63343
G04 P0 ( dwell for no time -- G64 should not smooth over this point )
G00 Z1.80000 ( retract )

G00 X-141.22498 Y40.97373 ( rapid move to begin. )
G01 F200.00000
( Mill infeed pass 1/1 )
G01 Z-0.20000
G04 P0 ( dwell for no time -- G64 should not smooth over this point )
G01 F300.00000
G01 X-141.22498 Y40.97373
G01 X-141.22498 Y41.32694
G01 X-141.57814 Y41.32806
G04 P0 ( dwell for no time -- G64 should not smooth over this point )
G00 Z1.80000 ( retract )

G00 X-148.23127 Y34.11286 ( rapid move to begin. )
G01 F200.00000
( Mill infeed pass 1/1 )
G01 Z-0.20000
G04 P0 ( dwell for no time -- G64 should not smooth over this point )
G01 F300.00000
G01 X-148.23127 Y34.11286
G01 X-148.27792 Y33.95904
G01 X-148.30086 Y33.84367
G01 X-148.32969 Y33.55104
G01 X-148.33259 Y33.49221
G01 X-148.33259 Y25.50348
G01 X-149.14800 Y24.68804
G01 X-149.64782 Y24.18824
G01 X-150.20799 Y24.18827
G01 X-150.44350 Y24.12926
G01 X-150.54749 Y24.10854
G01 X-150.84152 Y24.06492
G01 X-150.93408 Y24.05578
G01 X-151.22816 Y24.04133
G01 X-151.31698 Y24.04133
G01 X-151.61104 Y24.05578
G01 X-151.70360 Y24.06492
G01 X-151.99763 Y24.10854
G01 X-152.10162 Y24.12926
G01 X-152.33700 Y24.18824
G01 X-152.38876 Y24.21585
G01 X-152.48655 Y24.28121
G01 X-152.71386 Y24.46774
G01 X-152.79704 Y24.55093
G01 X-152.80271 Y24.55784
G01 X-152.95285 Y24.74077
G04 P0 ( dwell for no time -- G64 should not smooth over this point )
G00 Z1.80000 ( retract )

G00 X-153.34286 Y25.66098 ( rapid move to begin. )
G01 F200.00000
( Mill infeed pass 1/1 )
G01 Z-0.20000
G04 P0 ( dwell for no time -- G64 should not smooth over this point )
G01 F300.00000
G01 X-153.34286 Y25.66098
G01 X-153.36968 Y25.93340
G01 X-153.37258 Y25.99220
G01 X-153.37258 Y33.72058
G01 X-153.97088 Y34.31890
G01 X-154.65165 Y34.99962
G01 X-154.85416 Y34.99962
G01 X-154.87723 Y35.00920
G01 X-155.17128 Y35.11443
G01 X-155.26359 Y35.14252
G01 X-155.55764 Y35.21618
G01 X-155.63138 Y35.23089
G01 X-155.92541 Y35.27450
G01 X-155.98853 Y35.28075
G01 X-156.28256 Y35.29520
G01 X-156.34227 Y35.29520
G01 X-156.63630 Y35.28078
G01 X-156.69942 Y35.27455
G01 X-156.99348 Y35.23094
G01 X-157.06719 Y35.21624
G01 X-157.36122 Y35.14260
G01 X-157.45355 Y35.11453
G01 X-157.74760 Y35.00933
G01 X-157.77267 Y34.99965
G01 X-157.79739 Y34.97725
G01 X-157.96640 Y34.80826
G01 X-158.00595 Y34.76465
G01 X-158.19251 Y34.53732
G01 X-158.23158 Y34.47887
G04 P0 ( dwell for no time -- G64 should not smooth over this point )
G00 Z1.80000 ( retract )

G00 X-158.24250 Y34.57532 ( rapid move to begin. )
G01 F200.00000
( Mill infeed pass 1/1 )
G01 Z-0.20000
G04 P0 ( dwell for no time -- G64 should not smooth over this point )
G01 F300.00000
G01 X-158.24250 Y34.57532
G01 X-158.10986 Y34.63803
G04 P0 ( dwell for no time -- G64 should not smooth over this point )
G00 Z1.80000 ( retract )

G00 X-158.43945 Y34.92464 ( rapid move to begin. )
G01 F200.00000
( Mill infeed pass 1/1 )
G01 Z-0.20000
G04 P0 ( dwell for no time -- G64 should not smooth over this point )
G01 F300.00000
G01 X-158.43945 Y34.92464
G01 X-158.28088 Y34.99962
G04 P0 ( dwell for no time -- G64 should not smooth over this point )
G00 Z1.80000 ( retract )

G00 X-157.77267 Y34.99965 ( rapid move to begin. )
G01 F200.00000
( Mill infeed pass 1/1 )
G01 Z-0.20000
G04 P0 ( dwell for no time -- G64 should not smooth over this point )
G01 F300.00000
G01 X-157.77267 Y34.99965
G01 X-158.28088 Y34.99962
G01 X-158.53871 Y34.99962
G04 P0 ( dwell for no time -- G64 should not smooth over this point )
G00 Z1.80000 ( retract )

G00 X-159.23267 Y34.99962 ( rapid move to begin. )
G01 F200.00000
( Mill infeed pass 1/1 )
G01 Z-0.20000
G04 P0 ( dwell for no time -- G64 should not smooth over this point )
G01 F300.00000
G01 X-159.23267 Y34.99962
G01 X-159.23653 Y34.99962
G01 X-159.23927 Y34.99691
G04 P0 ( dwell for no time -- G64 should not smooth over this point )
G00 Z1.80000 ( retract )

G00 X-161.16881 Y32.66440 ( rapid move to begin. )
G01 F200.00000
( Mill infeed pass 1/1 )
G01 Z-0.20000
G04 P0 ( dwell for no time -- G64 should not smooth over this point )
G01 F300.00000
G01 X-161.16881 Y32.66440
G01 X-161.41445 Y32.53308
G01 X-161.52311 Y32.48805
G01 X-161.85141 Y32.38848
G01 X-161.89888 Y32.37906
G01 X-161.96677 Y32.36552
G01 X-162.30817 Y32.33194
G01 X-162.42580 Y32.33194
G01 X-162.76720 Y32.36552
G01 X-162.83520 Y32.37906
G01 X-162.88257 Y32.38848
G01 X-163.21086 Y32.48805
G01 X-163.27073 Y32.51286
G04 P0 ( dwell for no time -- G64 should not smooth over this point )
G00 Z1.80000 ( retract )

G00 X-163.21031 Y32.37906 ( rapid move to begin. )
G01 F200.00000
( Mill infeed pass 1/1 )
G01 Z-0.20000
G04 P0 ( dwell for no time -- G64 should not smooth over this point )
G01 F300.00000
G01 X-163.21031 Y32.37906
G01 X-162.83510 Y32.37906
G01 X-162.76720 Y32.36552
G04 P0 ( dwell for no time -- G64 should not smooth over this point )
G00 Z1.80000 ( retract )

G00 X-162.83492 Y31.97903 ( rapid move to begin. )
G01 F200.00000
( Mill infeed pass 1/1 )
G01 Z-0.20000
G04 P0 ( dwell for no time -- G64 should not smooth over this point )
G01 F300.00000
G01 X-162.83492 Y31.97903
G01 X-163.21031 Y31.97903
G04 P0 ( dwell for no time -- G64 should not smooth over this point )
G00 Z1.80000 ( retract )

G00 X-163.27073 Y31.84517 ( rapid move to begin. )
G01 F200.00000
( Mill infeed pass 1/1 )
G01 Z-0.20000
G04 P0 ( dwell for no time -- G64 should not smooth over this point )
G01 F300.00000
G01 X-163.27073 Y31.84517
G01 X-163.21086 Y31.86996
G01 X-162.88257 Y31.96958
G01 X-162.83492 Y31.97903
G01 X-162.76720 Y31.99252
G01 X-162.42580 Y32.02612
G01 X-162.30817 Y32.02612
G01 X-161.96677 Y31.99252
G01 X-161.89906 Y31.97903
G01 X-161.89893 Y31.97903
G01 X-161.85141 Y31.96958
G01 X-161.52311 Y31.86996
G01 X-161.49672 Y31.85904
G01 X-160.91234 Y31.85904
G04 P0 ( dwell for no time -- G64 should not smooth over this point )
G00 Z1.80000 ( retract )

G00 X-161.10853 Y32.04538 ( rapid move to begin. )
G01 F200.00000
( Mill infeed pass 1/1 )
G01 Z-0.20000
G04 P0 ( dwell for no time -- G64 should not smooth over this point )
G01 F300.00000
G01 X-161.10853 Y32.04538
G01 X-161.19703 Y32.02320
G01 X-161.20652 Y32.02109
G01 X-161.39073 Y31.98434
G01 X-161.40050 Y31.98266
G01 X-161.41033 Y31.98122
G01 X-161.43967 Y31.97903
G01 X-161.89893 Y31.97903
G04 P0 ( dwell for no time -- G64 should not smooth over this point )
G00 Z1.80000 ( retract )

G00 X-161.89888 Y32.37906 ( rapid move to begin. )
G01 F200.00000
( Mill infeed pass 1/1 )
G01 Z-0.20000
G04 P0 ( dwell for no time -- G64 should not smooth over this point )
G01 F300.00000
G01 X-161.89888 Y32.37906
G01 X-161.45689 Y32.37906
G01 X-161.28951 Y32.41241
G01 X-161.22187 Y32.42935
G04 P0 ( dwell for no time -- G64 should not smooth over this point )
G00 Z1.80000 ( retract )

G00 X-161.43967 Y31.97903 ( rapid move to begin. )
G01 F200.00000
( Mill infeed pass 1/1 )
G01 Z-0.20000
G04 P0 ( dwell for no time -- G64 should not smooth over this point )
G01 F300.00000
G01 X-161.43967 Y31.97903
G01 X-161.43914 Y31.97415
G04 P0 ( dwell for no time -- G64 should not smooth over this point )
G00 Z1.80000 ( retract )

G00 X-163.27073 Y27.51287 ( rapid move to begin. )
G01 F200.00000
( Mill infeed pass 1/1 )
G01 Z-0.20000
G04 P0 ( dwell for no time -- G64 should not smooth over this point )
G01 F300.00000
G01 X-163.27073 Y27.51287
G01 X-163.21086 Y27.48806
G01 X-162.88257 Y27.38846
G01 X-162.83507 Y27.37901
G01 X-162.76720 Y27.36553
G01 X-162.42580 Y27.33190
G01 X-162.30817 Y27.33190
G01 X-161.96677 Y27.36553
G01 X-161.89890 Y27.37901
G01 X-161.85141 Y27.38846
G01 X-161.52311 Y27.48806
G01 X-161.41445 Y27.53307
G01 X-161.17879 Y27.65902
G01 X-161.13198 Y27.65902
G04 P0 ( dwell for no time -- G64 should not smooth over this point )
G00 Z1.80000 ( retract )

G00 X-161.38031 Y27.37901 ( rapid move to begin. )
G01 F200.00000
( Mill infeed pass 1/1 )
G01 Z-0.20000
G04 P0 ( dwell for no time -- G64 should not smooth over this point )
G01 F300.00000
G01 X-161.38031 Y27.37901
G01 X-161.89890 Y27.37901
G04 P0 ( dwell for no time -- G64 should not smooth over this point )
G00 Z1.80000 ( retract )

G00 X-161.42585 Y26.97904 ( rapid move to begin. )
G01 F200.00000
( Mill infeed pass 1/1 )
G01 Z-0.20000
G04 P0 ( dwell for no time -- G64 should not smooth over this point )
G01 F300.00000
G01 X-161.42585 Y26.97904
G01 X-161.89906 Y26.97904
G01 X-161.96677 Y26.99250
G04 P0 ( dwell for no time -- G64 should not smooth over this point )
G00 Z1.80000 ( retract )

G00 X-162.83507 Y27.37901 ( rapid move to begin. )
G01 F200.00000
( Mill infeed pass 1/1 )
G01 Z-0.20000
G04 P0 ( dwell for no time -- G64 should not smooth over this point )
G01 F300.00000
G01 X-162.83507 Y27.37901
G01 X-163.21033 Y27.37901
G04 P0 ( dwell for no time -- G64 should not smooth over this point )
G00 Z1.80000 ( retract )

G00 X-162.83492 Y26.97904 ( rapid move to begin. )
G01 F200.00000
( Mill infeed pass 1/1 )
G01 Z-0.20000
G04 P0 ( dwell for no time -- G64 should not smooth over this point )
G01 F300.00000
G01 X-162.83492 Y26.97904
G01 X-163.21028 Y26.97904
G04 P0 ( dwell for no time -- G64 should not smooth over this point )
G00 Z1.80000 ( retract )

G00 X-163.27073 Y26.84516 ( rapid move to begin. )
G01 F200.00000
( Mill infeed pass 1/1 )
G01 Z-0.20000
G04 P0 ( dwell for no time -- G64 should not smooth over this point )
G01 F300.00000
G01 X-163.27073 Y26.84516
G01 X-163.21086 Y26.86997
G01 X-162.88257 Y26.96954
G01 X-162.83492 Y26.97904
G01 X-162.76720 Y26.99250
G01 X-162.42580 Y27.02613
G01 X-162.30817 Y27.02613
G01 X-161.96677 Y26.99250
G01 X-161.85141 Y26.96954
G01 X-161.52311 Y26.86997
G01 X-161.41445 Y26.82496
G01 X-161.36078 Y26.79626
G04 P0 ( dwell for no time -- G64 should not smooth over this point )
G00 Z1.80000 ( retract )

G00 X-158.93691 Y27.65902 ( rapid move to begin. )
G01 F200.00000
( Mill infeed pass 1/1 )
G01 Z-0.20000
G04 P0 ( dwell for no time -- G64 should not smooth over this point )
G01 F300.00000
G01 X-158.93691 Y27.65902
G01 X-158.58159 Y27.65902
G01 X-158.58159 Y27.30370
G04 P0 ( dwell for no time -- G64 should not smooth over this point )
G00 Z1.80000 ( retract )

G00 X-155.24799 Y24.18827 ( rapid move to begin. )
G01 F200.00000
( Mill infeed pass 1/1 )
G01 Z-0.20000
G04 P0 ( dwell for no time -- G64 should not smooth over this point )
G01 F300.00000
G01 X-155.24799 Y24.18827
G01 X-155.19638 Y24.21585
G01 X-155.09859 Y24.28121
G01 X-154.87128 Y24.46774
G01 X-154.78810 Y24.55093
G01 X-154.78243 Y24.55781
G01 X-154.69770 Y24.59302
G01 X-154.62371 Y24.62802
G04 P0 ( dwell for no time -- G64 should not smooth over this point )
G00 Z1.80000 ( retract )

G00 X-154.43539 Y24.27460 ( rapid move to begin. )
G01 F200.00000
( Mill infeed pass 1/1 )
G01 Z-0.20000
G04 P0 ( dwell for no time -- G64 should not smooth over this point )
G01 F300.00000
G01 X-154.43539 Y24.27460
G01 X-154.53102 Y24.22936
G01 X-154.53981 Y24.22545
G01 X-154.62942 Y24.18824
G04 P0 ( dwell for no time -- G64 should not smooth over this point )
G00 Z1.80000 ( retract )

G00 X-154.78243 Y24.55781 ( rapid move to begin. )
G01 F200.00000
( Mill infeed pass 1/1 )
G01 Z-0.20000
G04 P0 ( dwell for no time -- G64 should not smooth over this point )
G01 F300.00000
G01 X-154.78243 Y24.55781
G01 X-154.63229 Y24.74077
G04 P0 ( dwell for no time -- G64 should not smooth over this point )
G00 Z1.80000 ( retract )

G00 X-154.24228 Y25.66103 ( rapid move to begin. )
G01 F200.00000
( Mill infeed pass 1/1 )
G01 Z-0.20000
G04 P0 ( dwell for no time -- G64 should not smooth over this point )
G01 F300.00000
G01 X-154.24228 Y25.66103
G01 X-154.21545 Y25.93340
G01 X-154.21545 Y26.05103
G01 X-154.24428 Y26.34366
G01 X-154.26722 Y26.45903
G01 X-154.35259 Y26.74041
G01 X-154.38157 Y26.81041
G01 X-154.38157 Y32.67403
G01 X-154.35264 Y32.74388
G01 X-154.26727 Y33.02528
G01 X-154.24431 Y33.14062
G01 X-154.21545 Y33.43326
G01 X-154.21545 Y33.55088
G01 X-154.24426 Y33.84352
G01 X-154.26719 Y33.95888
G01 X-154.31403 Y34.11334
G04 P0 ( dwell for no time -- G64 should not smooth over this point )
G00 Z1.80000 ( retract )

G00 X-153.97088 Y34.31890 ( rapid move to begin. )
G01 F200.00000
( Mill infeed pass 1/1 )
G01 Z-0.20000
G04 P0 ( dwell for no time -- G64 should not smooth over this point )
G01 F300.00000
G01 X-153.97088 Y34.31890
G01 X-153.85965 Y34.13328
G01 X-153.85472 Y34.12459
G01 X-153.77060 Y33.96691
G01 X-153.76626 Y33.95828
G01 X-153.63275 Y33.67595
G01 X-153.63179 Y33.67395
G01 X-153.61152 Y33.62978
G01 X-153.59765 Y33.58792
G01 X-153.58238 Y33.59099
G04 P0 ( dwell for no time -- G64 should not smooth over this point )
G00 Z1.80000 ( retract )

G00 X-153.59765 Y33.58792 ( rapid move to begin. )
G01 F200.00000
( Mill infeed pass 1/1 )
G01 Z-0.20000
G04 P0 ( dwell for no time -- G64 should not smooth over this point )
G01 F300.00000
G01 X-153.59765 Y33.58792
G01 X-153.59328 Y33.54405
G01 X-153.59503 Y33.38952
G01 X-153.59526 Y33.38197
G01 X-153.60974 Y33.08792
G01 X-153.61045 Y33.07809
G01 X-153.63072 Y32.87293
G01 X-153.63191 Y32.86323
G01 X-153.67555 Y32.56920
G01 X-153.67570 Y32.56808
G01 X-153.67708 Y32.55927
G01 X-153.67708 Y26.92517
G01 X-153.67570 Y26.91628
G01 X-153.67553 Y26.91519
G01 X-153.63191 Y26.62115
G01 X-153.63070 Y26.61145
G01 X-153.61043 Y26.40617
G01 X-153.60971 Y26.39634
G01 X-153.59526 Y26.10226
G01 X-153.59508 Y26.09736
G01 X-153.59262 Y25.99713
G01 X-153.59257 Y25.99223
G01 X-153.59257 Y25.80896
G04 P0 ( dwell for no time -- G64 should not smooth over this point )
G00 Z1.80000 ( retract )

G00 X-154.07705 Y26.90988 ( rapid move to begin. )
G01 F200.00000
( Mill infeed pass 1/1 )
G01 Z-0.20000
G04 P0 ( dwell for no time -- G64 should not smooth over this point )
G01 F300.00000
G01 X-154.07705 Y26.90988
G01 X-154.07748 Y26.90985
G04 P0 ( dwell for no time -- G64 should not smooth over this point )
G00 Z1.80000 ( retract )

G00 X-153.99254 Y25.80904 ( rapid move to begin. )
G01 F200.00000
( Mill infeed pass 1/1 )
G01 Z-0.20000
G04 P0 ( dwell for no time -- G64 should not smooth over this point )
G01 F300.00000
G01 X-153.99254 Y25.80904
G01 X-153.99254 Y25.98976
G01 X-153.99491 Y26.08509
G01 X-154.00898 Y26.37178
G01 X-154.02828 Y26.56728
G01 X-154.07111 Y26.85595
G01 X-154.07474 Y26.87945
G01 X-154.07705 Y26.90988
G01 X-154.07705 Y32.57456
G01 X-154.07474 Y32.60501
G01 X-154.07113 Y32.62843
G01 X-154.02831 Y32.91708
G01 X-154.00900 Y33.11248
G01 X-153.99496 Y33.39782
G01 X-153.99376 Y33.50367
G01 X-153.99483 Y33.50598
G01 X-154.12579 Y33.78291
G01 X-154.20529 Y33.93191
G01 X-154.31403 Y34.11334
G01 X-154.35254 Y34.24029
G01 X-154.39752 Y34.34895
G01 X-154.53613 Y34.60829
G01 X-154.60146 Y34.70608
G01 X-154.78800 Y34.93341
G01 X-154.85416 Y34.99962
G04 P0 ( dwell for no time -- G64 should not smooth over this point )
G00 Z1.80000 ( retract )

G00 X-158.58159 Y32.21439 ( rapid move to begin. )
G01 F200.00000
( Mill infeed pass 1/1 )
G01 Z-0.20000
G04 P0 ( dwell for no time -- G64 should not smooth over this point )
G01 F300.00000
G01 X-158.58159 Y32.21439
G01 X-158.58159 Y31.85904
G01 X-158.93698 Y31.85904
G04 P0 ( dwell for no time -- G64 should not smooth over this point )
G00 Z1.80000 ( retract )

G00 X-154.07746 Y32.57458 ( rapid move to begin. )
G01 F200.00000
( Mill infeed pass 1/1 )
G01 Z-0.20000
G04 P0 ( dwell for no time -- G64 should not smooth over this point )
G01 F300.00000
G01 X-154.07746 Y32.57458
G01 X-154.07705 Y32.57456
G04 P0 ( dwell for no time -- G64 should not smooth over this point )
G00 Z1.80000 ( retract )

G00 X-148.95331 Y33.49226 ( rapid move to begin. )
G01 F200.00000
( Mill infeed pass 1/1 )
G01 Z-0.20000
G04 P0 ( dwell for no time -- G64 should not smooth over this point )
G01 F300.00000
G01 X-148.95331 Y33.49226
G01 X-148.95255 Y33.49224
G04 P0 ( dwell for no time -- G64 should not smooth over this point )
G00 Z1.80000 ( retract )

G00 X-148.52491 Y33.98553 ( rapid move to begin. )
G01 F200.00000
( Mill infeed pass 1/1 )
G01 Z-0.20000
G04 P0 ( dwell for no time -- G64 should not smooth over this point )
G01 F300.00000
G01 X-148.52491 Y33.98553
G01 X-148.53614 Y33.87181
G01 X-148.55021 Y33.58510
G01 X-148.55257 Y33.48980
G01 X-148.55257 Y25.99220
G01 X-148.55263 Y25.98730
G01 X-148.55509 Y25.88707
G01 X-148.55527 Y25.88217
G01 X-148.56555 Y25.67292
G01 X-148.57129 Y25.63414
G01 X-148.58450 Y25.59720
G01 X-148.62303 Y25.51580
G01 X-148.62738 Y25.50716
G01 X-148.72123 Y25.33124
G01 X-148.72613 Y25.32258
G01 X-148.88199 Y25.06259
G01 X-148.88717 Y25.05436
G01 X-148.98191 Y24.91245
G01 X-148.98760 Y24.90434
G01 X-149.14800 Y24.68804
G04 P0 ( dwell for no time -- G64 should not smooth over this point )
G00 Z1.80000 ( retract )

G00 X-148.55146 Y25.66904 ( rapid move to begin. )
G01 F200.00000
( Mill infeed pass 1/1 )
G01 Z-0.20000
G04 P0 ( dwell for no time -- G64 should not smooth over this point )
G01 F300.00000
G01 X-148.55146 Y25.66904
G01 X-148.56555 Y25.67292
G04 P0 ( dwell for no time -- G64 should not smooth over this point )
G00 Z1.80000 ( retract )

G00 X-149.46936 Y24.92626 ( rapid move to begin. )
G01 F200.00000
( Mill infeed pass 1/1 )
G01 Z-0.20000
G04 P0 ( dwell for no time -- G64 should not smooth over this point )
G01 F300.00000
G01 X-149.46936 Y24.92626
G01 X-149.35760 Y25.13536
G01 X-149.31259 Y25.24402
G01 X-149.22722 Y25.52540
G01 X-149.20429 Y25.64077
G01 X-149.17546 Y25.93340
G01 X-149.17256 Y25.99220
G01 X-149.17256 Y34.27791
G04 P0 ( dwell for no time -- G64 should not smooth over this point )
G00 Z1.80000 ( retract )

G00 X-148.92054 Y34.04941 ( rapid move to begin. )
G01 F200.00000
( Mill infeed pass 1/1 )
G01 Z-0.20000
G04 P0 ( dwell for no time -- G64 should not smooth over this point )
G01 F300.00000
G01 X-148.92054 Y34.04941
G01 X-148.93469 Y33.90620
G01 X-148.93540 Y33.89635
G01 X-148.94986 Y33.60229
G01 X-148.95003 Y33.59737
G01 X-148.95250 Y33.49714
G01 X-148.95255 Y33.49224
G01 X-148.95255 Y25.99466
G01 X-148.95491 Y25.89934
G01 X-148.96312 Y25.73228
G01 X-148.98255 Y25.69118
G01 X-149.07178 Y25.52395
G01 X-149.22258 Y25.27239
G01 X-149.31186 Y25.13866
G01 X-149.46936 Y24.92626
G01 X-149.49621 Y24.87602
G01 X-149.56156 Y24.77823
G01 X-149.74810 Y24.55093
G01 X-149.83129 Y24.46774
G01 X-150.05859 Y24.28121
G01 X-150.15638 Y24.21585
G01 X-150.20799 Y24.18827
G04 P0 ( dwell for no time -- G64 should not smooth over this point )
G00 Z1.80000 ( retract )

G00 X-152.80271 Y24.55784 ( rapid move to begin. )
G01 F200.00000
( Mill infeed pass 1/1 )
G01 Z-0.20000
G04 P0 ( dwell for no time -- G64 should not smooth over this point )
G01 F300.00000
G01 X-152.80271 Y24.55784
G01 X-152.88742 Y24.59302
G01 X-152.96143 Y24.62802
G04 P0 ( dwell for no time -- G64 should not smooth over this point )
G00 Z1.80000 ( retract )

G00 X-153.14970 Y24.27458 ( rapid move to begin. )
G01 F200.00000
( Mill infeed pass 1/1 )
G01 Z-0.20000
G04 P0 ( dwell for no time -- G64 should not smooth over this point )
G01 F300.00000
G01 X-153.14970 Y24.27458
G01 X-153.05409 Y24.22936
G01 X-153.04530 Y24.22545
G01 X-152.95566 Y24.18824
G04 P0 ( dwell for no time -- G64 should not smooth over this point )
G00 Z1.80000 ( retract )

G00 X-152.33700 Y24.18824 ( rapid move to begin. )
G01 F200.00000
( Mill infeed pass 1/1 )
G01 Z-0.20000
G04 P0 ( dwell for no time -- G64 should not smooth over this point )
G01 F300.00000
G01 X-152.33700 Y24.18824
G01 X-153.26151 Y24.18824
G04 P0 ( dwell for no time -- G64 should not smooth over this point )
G00 Z1.80000 ( retract )

G00 X-154.32358 Y24.18824 ( rapid move to begin. )
G01 F200.00000
( Mill infeed pass 1/1 )
G01 Z-0.20000
G04 P0 ( dwell for no time -- G64 should not smooth over this point )
G01 F300.00000
G01 X-154.32358 Y24.18824
G01 X-154.62945 Y24.18824
G01 X-155.24799 Y24.18827
G01 X-155.48350 Y24.12926
G01 X-155.58749 Y24.10854
G01 X-155.88152 Y24.06492
G01 X-155.97407 Y24.05578
G01 X-156.26816 Y24.04133
G01 X-156.35698 Y24.04133
G01 X-156.65103 Y24.05578
G01 X-156.74359 Y24.06492
G01 X-157.03762 Y24.10854
G01 X-157.14161 Y24.12926
G01 X-157.37699 Y24.18824
G01 X-157.42876 Y24.21585
G01 X-157.52655 Y24.28121
G01 X-157.75385 Y24.46774
G01 X-157.79749 Y24.50729
G01 X-157.84837 Y24.55814
G01 X-157.85535 Y24.56086
G01 X-158.08982 Y24.65796
G01 X-158.13366 Y24.67742
G04 P0 ( dwell for no time -- G64 should not smooth over this point )
G00 Z1.80000 ( retract )

G00 X-158.34196 Y24.33228 ( rapid move to begin. )
G01 F200.00000
( Mill infeed pass 1/1 )
G01 Z-0.20000
G04 P0 ( dwell for no time -- G64 should not smooth over this point )
G01 F300.00000
G01 X-158.34196 Y24.33228
G01 X-158.33861 Y24.33076
G01 X-158.24976 Y24.29134
G01 X-158.24519 Y24.28938
G01 X-158.00618 Y24.19037
G01 X-158.00165 Y24.18857
G01 X-158.00079 Y24.18824
G04 P0 ( dwell for no time -- G64 should not smooth over this point )
G00 Z1.80000 ( retract )

G00 X-157.79749 Y24.50729 ( rapid move to begin. )
G01 F200.00000
( Mill infeed pass 1/1 )
G01 Z-0.20000
G04 P0 ( dwell for no time -- G64 should not smooth over this point )
G01 F300.00000
G01 X-157.79749 Y24.50729
G01 X-157.96650 Y24.67630
G01 X-158.00605 Y24.71994
G01 X-158.11504 Y24.85273
G04 P0 ( dwell for no time -- G64 should not smooth over this point )
G00 Z1.80000 ( retract )

G00 X-157.37699 Y24.18824 ( rapid move to begin. )
G01 F200.00000
( Mill infeed pass 1/1 )
G01 Z-0.20000
G04 P0 ( dwell for no time -- G64 should not smooth over this point )
G01 F300.00000
G01 X-157.37699 Y24.18824
G01 X-158.63818 Y24.18824
G04 P0 ( dwell for no time -- G64 should not smooth over this point )
G00 Z1.80000 ( retract )

G00 X-158.88723 Y24.18824 ( rapid move to begin. )
G01 F200.00000
( Mill infeed pass 1/1 )
G01 Z-0.20000
G04 P0 ( dwell for no time -- G64 should not smooth over this point )
G01 F300.00000
G01 X-158.88723 Y24.18824
G01 X-158.90633 Y24.18824
G01 X-158.91273 Y24.19462
G04 P0 ( dwell for no time -- G64 should not smooth over this point )
G00 Z1.80000 ( retract )

G00 X-160.89309 Y20.31235 ( rapid move to begin. )
G01 F200.00000
( Mill infeed pass 1/1 )
G01 Z-0.20000
G04 P0 ( dwell for no time -- G64 should not smooth over this point )
G01 F300.00000
G01 X-160.89309 Y20.31235
G01 X-160.89238 Y20.31187
G01 X-160.70526 Y20.21185
G01 X-160.63304 Y20.17326
G01 X-160.52438 Y20.12825
G01 X-160.24300 Y20.04288
G01 X-160.12763 Y20.01995
G01 X-159.83500 Y19.99112
G01 X-159.77620 Y19.98822
G01 X-151.49039 Y19.98822
G04 P0 ( dwell for no time -- G64 should not smooth over this point )
G00 Z1.80000 ( retract )

G00 X-151.64680 Y19.85071 ( rapid move to begin. )
G01 F200.00000
( Mill infeed pass 1/1 )
G01 Z-0.20000
G04 P0 ( dwell for no time -- G64 should not smooth over this point )
G01 F300.00000
G01 X-151.64680 Y19.85071
G01 X-151.82544 Y19.91464
G01 X-151.83464 Y19.91766
G01 X-151.99864 Y19.96755
G01 X-152.00824 Y19.97022
G01 X-152.08020 Y19.98822
G04 P0 ( dwell for no time -- G64 should not smooth over this point )
G00 Z1.80000 ( retract )

G00 X-152.17743 Y19.60021 ( rapid move to begin. )
G01 F200.00000
( Mill infeed pass 1/1 )
G01 Z-0.20000
G04 P0 ( dwell for no time -- G64 should not smooth over this point )
G01 F300.00000
G01 X-152.17743 Y19.60021
G01 X-152.11025 Y19.58340
G01 X-151.95564 Y19.53638
G01 X-151.79504 Y19.47893
G04 P0 ( dwell for no time -- G64 should not smooth over this point )
G00 Z1.80000 ( retract )

G00 X-151.77982 Y19.28952 ( rapid move to begin. )
G01 F200.00000
( Mill infeed pass 1/1 )
G01 Z-0.20000
G04 P0 ( dwell for no time -- G64 should not smooth over this point )
G01 F300.00000
G01 X-151.77982 Y19.28952
G01 X-151.78805 Y19.29775
G01 X-151.83169 Y19.33730
G01 X-152.05899 Y19.52384
G01 X-152.15678 Y19.58919
G01 X-152.17743 Y19.60021
G01 X-152.17746 Y19.60024
G01 X-152.41612 Y19.72780
G01 X-152.52478 Y19.77281
G01 X-152.80616 Y19.85818
G01 X-152.92153 Y19.88111
G01 X-153.21416 Y19.90994
G01 X-153.27299 Y19.91284
G01 X-160.13119 Y19.91284
G01 X-160.18999 Y19.90994
G01 X-160.48262 Y19.88111
G01 X-160.59799 Y19.85818
G01 X-160.74437 Y19.81378
G01 X-160.87937 Y19.77281
G01 X-160.94224 Y19.74677
G04 P0 ( dwell for no time -- G64 should not smooth over this point )
G00 Z1.80000 ( retract )

G00 X-160.86685 Y20.22777 ( rapid move to begin. )
G01 F200.00000
( Mill infeed pass 1/1 )
G01 Z-0.20000
G04 P0 ( dwell for no time -- G64 should not smooth over this point )
G01 F300.00000
G01 X-160.86685 Y20.22777
G01 X-160.70526 Y20.21185
G04 P0 ( dwell for no time -- G64 should not smooth over this point )
G00 Z1.80000 ( retract )

G00 X-160.90099 Y19.82919 ( rapid move to begin. )
G01 F200.00000
( Mill infeed pass 1/1 )
G01 Z-0.20000
G04 P0 ( dwell for no time -- G64 should not smooth over this point )
G01 F300.00000
G01 X-160.90099 Y19.82919
G01 X-160.74437 Y19.81378
G04 P0 ( dwell for no time -- G64 should not smooth over this point )
G00 Z1.80000 ( retract )

G00 X-157.85941 Y15.71282 ( rapid move to begin. )
G01 F200.00000
( Mill infeed pass 1/1 )
G01 Z-0.20000
G04 P0 ( dwell for no time -- G64 should not smooth over this point )
G01 F300.00000
G01 X-157.85941 Y15.71282
G01 X-158.53998 Y15.71282
G04 P0 ( dwell for no time -- G64 should not smooth over this point )
G00 Z1.80000 ( retract )

G00 X-158.45865 Y15.65183 ( rapid move to begin. )
G01 F200.00000
( Mill infeed pass 1/1 )
G01 Z-0.20000
G04 P0 ( dwell for no time -- G64 should not smooth over this point )
G01 F300.00000
G01 X-158.45865 Y15.65183
G01 X-158.38410 Y15.69179
G01 X-158.37511 Y15.69634
G01 X-158.34024 Y15.71282
G04 P0 ( dwell for no time -- G64 should not smooth over this point )
G00 Z1.80000 ( retract )

G00 X-158.16048 Y15.35537 ( rapid move to begin. )
G01 F200.00000
( Mill infeed pass 1/1 )
G01 Z-0.20000
G04 P0 ( dwell for no time -- G64 should not smooth over this point )
G01 F300.00000
G01 X-158.16048 Y15.35537
G01 X-158.19955 Y15.33687
G01 X-158.25014 Y15.30977
G04 P0 ( dwell for no time -- G64 should not smooth over this point )
G00 Z1.80000 ( retract )

G00 X-158.23780 Y15.22644 ( rapid move to begin. )
G01 F200.00000
( Mill infeed pass 1/1 )
G01 Z-0.20000
G04 P0 ( dwell for no time -- G64 should not smooth over this point )
G01 F300.00000
G01 X-158.23780 Y15.22644
G01 X-158.20249 Y15.29250
G01 X-158.16048 Y15.35537
G01 X-158.13714 Y15.39032
G01 X-157.95057 Y15.61762
G01 X-157.91103 Y15.66126
G01 X-157.85941 Y15.71282
G01 X-157.62802 Y15.80868
G01 X-157.57948 Y15.82740
G01 X-157.28545 Y15.93261
G01 X-157.21309 Y15.95460
G01 X-156.91903 Y16.02826
G01 X-156.86432 Y16.03918
G01 X-156.57026 Y16.08280
G01 X-156.52561 Y16.08719
G01 X-156.23155 Y16.10164
G01 X-156.19015 Y16.10162
G01 X-155.89610 Y16.08717
G01 X-155.85144 Y16.08275
G01 X-155.55739 Y16.03913
G01 X-155.50268 Y16.02821
G01 X-155.20862 Y15.95455
G01 X-155.13623 Y15.93253
G01 X-154.84217 Y15.82730
G01 X-154.74309 Y15.78615
G01 X-154.58810 Y15.71282
G01 X-154.15523 Y15.71282
G01 X-154.12429 Y15.69428
G01 X-154.12424 Y15.69425
G01 X-153.27098 Y14.84097
G01 X-153.27098 Y6.89140
G01 X-153.26808 Y6.83260
G01 X-153.24126 Y6.56018
G04 P0 ( dwell for no time -- G64 should not smooth over this point )
G00 Z1.80000 ( retract )

G00 X-153.49097 Y6.70816 ( rapid move to begin. )
G01 F200.00000
( Mill infeed pass 1/1 )
G01 Z-0.20000
G04 P0 ( dwell for no time -- G64 should not smooth over this point )
G01 F300.00000
G01 X-153.49097 Y6.70816
G01 X-153.49097 Y6.89143
G01 X-153.49102 Y6.89633
G01 X-153.49348 Y6.99656
G01 X-153.49366 Y7.00146
G01 X-153.50811 Y7.29554
G01 X-153.50883 Y7.30537
G01 X-153.52910 Y7.51065
G01 X-153.53031 Y7.52035
G01 X-153.57393 Y7.81439
G01 X-153.57502 Y7.82094
G01 X-153.59856 Y7.95002
G01 X-153.59856 Y13.33281
G01 X-153.57502 Y13.46185
G01 X-153.57395 Y13.46840
G01 X-153.53031 Y13.76243
G01 X-153.52912 Y13.77213
G01 X-153.50885 Y13.97731
G01 X-153.50814 Y13.98714
G01 X-153.49366 Y14.28120
G01 X-153.49343 Y14.29100
G01 X-153.49341 Y14.49149
G01 X-153.49366 Y14.50132
G01 X-153.50204 Y14.67233
G01 X-153.48424 Y14.67640
G04 P0 ( dwell for no time -- G64 should not smooth over this point )
G00 Z1.80000 ( retract )

G00 X-153.50204 Y14.67233 ( rapid move to begin. )
G01 F200.00000
( Mill infeed pass 1/1 )
G01 Z-0.20000
G04 P0 ( dwell for no time -- G64 should not smooth over this point )
G01 F300.00000
G01 X-153.50204 Y14.67233
G01 X-153.50781 Y14.71112
G01 X-153.52102 Y14.74803
G01 X-153.57687 Y14.86616
G01 X-153.58122 Y14.87480
G01 X-153.67360 Y15.04795
G01 X-153.67850 Y15.05661
G01 X-153.83435 Y15.31663
G01 X-153.83956 Y15.32486
G01 X-153.93273 Y15.46446
G01 X-153.93844 Y15.47256
G01 X-154.04141 Y15.61142
G04 P0 ( dwell for no time -- G64 should not smooth over this point )
G00 Z1.80000 ( retract )

G00 X-154.12429 Y15.69428 ( rapid move to begin. )
G01 F200.00000
( Mill infeed pass 1/1 )
G01 Z-0.20000
G04 P0 ( dwell for no time -- G64 should not smooth over this point )
G01 F300.00000
G01 X-154.12429 Y15.69428
G01 X-154.14284 Y15.71282
G01 X-154.15523 Y15.71282
G04 P0 ( dwell for no time -- G64 should not smooth over this point )
G00 Z1.80000 ( retract )

G00 X-154.36092 Y15.36977 ( rapid move to begin. )
G01 F200.00000
( Mill infeed pass 1/1 )
G01 Z-0.20000
G04 P0 ( dwell for no time -- G64 should not smooth over this point )
G01 F300.00000
G01 X-154.36092 Y15.36977
G01 X-154.29595 Y15.24818
G01 X-154.25094 Y15.13949
G01 X-154.16559 Y14.85811
G01 X-154.14266 Y14.74274
G01 X-154.11385 Y14.45011
G01 X-154.11385 Y14.33248
G01 X-154.14271 Y14.03985
G01 X-154.16564 Y13.92451
G01 X-154.25104 Y13.64310
G01 X-154.29605 Y13.53444
G01 X-154.32617 Y13.47808
G01 X-154.32617 Y7.80476
G01 X-154.29600 Y7.74827
G01 X-154.25099 Y7.63961
G01 X-154.16562 Y7.35823
G01 X-154.14268 Y7.24286
G01 X-154.11385 Y6.95023
G01 X-154.11385 Y6.83260
G01 X-154.14068 Y6.56026
G04 P0 ( dwell for no time -- G64 should not smooth over this point )
G00 Z1.80000 ( retract )

G00 X-153.50811 Y7.29554 ( rapid move to begin. )
G01 F200.00000
( Mill infeed pass 1/1 )
G01 Z-0.20000
G04 P0 ( dwell for no time -- G64 should not smooth over this point )
G01 F300.00000
G01 X-153.50811 Y7.29554
G01 X-153.50733 Y7.29559
G04 P0 ( dwell for no time -- G64 should not smooth over this point )
G00 Z1.80000 ( retract )

G00 X-153.99856 Y7.93194 ( rapid move to begin. )
G01 F200.00000
( Mill infeed pass 1/1 )
G01 Z-0.20000
G04 P0 ( dwell for no time -- G64 should not smooth over this point )
G01 F300.00000
G01 X-153.99856 Y7.93194
G01 X-153.99950 Y7.93186
G04 P0 ( dwell for no time -- G64 should not smooth over this point )
G00 Z1.80000 ( retract )

G00 X-153.89094 Y6.70824 ( rapid move to begin. )
G01 F200.00000
( Mill infeed pass 1/1 )
G01 Z-0.20000
G04 P0 ( dwell for no time -- G64 should not smooth over this point )
G01 F300.00000
G01 X-153.89094 Y6.70824
G01 X-153.89094 Y6.88896
G01 X-153.89331 Y6.98429
G01 X-153.90738 Y7.27098
G01 X-153.92668 Y7.46648
G01 X-153.96910 Y7.75241
G01 X-153.99531 Y7.89605
G01 X-153.99856 Y7.93194
G01 X-153.99856 Y13.35090
G01 X-153.99531 Y13.38679
G01 X-153.96912 Y13.53038
G01 X-153.92671 Y13.81630
G01 X-153.90740 Y14.01171
G01 X-153.89343 Y14.29593
G01 X-153.89341 Y14.48661
G01 X-153.89963 Y14.61297
G01 X-153.93641 Y14.69077
G01 X-154.02417 Y14.85527
G01 X-154.17494 Y15.10685
G01 X-154.26267 Y15.23827
G01 X-154.35960 Y15.36898
G01 X-154.36092 Y15.36977
G01 X-154.43455 Y15.50751
G01 X-154.49988 Y15.60530
G01 X-154.58810 Y15.71282
G04 P0 ( dwell for no time -- G64 should not smooth over this point )
G00 Z1.80000 ( retract )

G00 X-158.52619 Y13.01658 ( rapid move to begin. )
G01 F200.00000
( Mill infeed pass 1/1 )
G01 Z-0.20000
G04 P0 ( dwell for no time -- G64 should not smooth over this point )
G01 F300.00000
G01 X-158.52619 Y13.01658
G01 X-158.52619 Y12.66124
G01 X-158.88159 Y12.66124
G04 P0 ( dwell for no time -- G64 should not smooth over this point )
G00 Z1.80000 ( retract )

G00 X-159.25746 Y15.71282 ( rapid move to begin. )
G01 F200.00000
( Mill infeed pass 1/1 )
G01 Z-0.20000
G04 P0 ( dwell for no time -- G64 should not smooth over this point )
G01 F300.00000
G01 X-159.25746 Y15.71282
G01 X-159.26132 Y15.71282
G01 X-159.26406 Y15.71010
G04 P0 ( dwell for no time -- G64 should not smooth over this point )
G00 Z1.80000 ( retract )

G00 X-161.10462 Y13.46657 ( rapid move to begin. )
G01 F200.00000
( Mill infeed pass 1/1 )
G01 Z-0.20000
G04 P0 ( dwell for no time -- G64 should not smooth over this point )
G01 F300.00000
G01 X-161.10462 Y13.46657
G01 X-161.35026 Y13.33528
G01 X-161.45892 Y13.29027
G01 X-161.78722 Y13.19068
G01 X-161.83469 Y13.18123
G01 X-161.90256 Y13.16774
G01 X-162.24399 Y13.13411
G01 X-162.36159 Y13.13411
G01 X-162.70302 Y13.16774
G01 X-162.77086 Y13.18123
G01 X-162.81836 Y13.19068
G01 X-163.14665 Y13.29027
G01 X-163.20652 Y13.31506
G04 P0 ( dwell for no time -- G64 should not smooth over this point )
G00 Z1.80000 ( retract )

G00 X-163.14612 Y13.18123 ( rapid move to begin. )
G01 F200.00000
( Mill infeed pass 1/1 )
G01 Z-0.20000
G04 P0 ( dwell for no time -- G64 should not smooth over this point )
G01 F300.00000
G01 X-163.14612 Y13.18123
G01 X-162.77086 Y13.18123
G04 P0 ( dwell for no time -- G64 should not smooth over this point )
G00 Z1.80000 ( retract )

G00 X-162.77071 Y12.78123 ( rapid move to begin. )
G01 F200.00000
( Mill infeed pass 1/1 )
G01 Z-0.20000
G04 P0 ( dwell for no time -- G64 should not smooth over this point )
G01 F300.00000
G01 X-162.77071 Y12.78123
G01 X-163.14609 Y12.78123
G04 P0 ( dwell for no time -- G64 should not smooth over this point )
G00 Z1.80000 ( retract )

G00 X-163.20655 Y12.64737 ( rapid move to begin. )
G01 F200.00000
( Mill infeed pass 1/1 )
G01 Z-0.20000
G04 P0 ( dwell for no time -- G64 should not smooth over this point )
G01 F300.00000
G01 X-163.20655 Y12.64737
G01 X-163.14665 Y12.67216
G01 X-162.81836 Y12.77175
G01 X-162.70302 Y12.79469
G01 X-162.36159 Y12.82832
G01 X-162.24399 Y12.82832
G01 X-161.90256 Y12.79469
G01 X-161.83484 Y12.78123
G01 X-161.78722 Y12.77175
G01 X-161.45892 Y12.67216
G01 X-161.43251 Y12.66124
G01 X-160.84813 Y12.66124
G04 P0 ( dwell for no time -- G64 should not smooth over this point )
G00 Z1.80000 ( retract )

G00 X-161.04432 Y12.84757 ( rapid move to begin. )
G01 F200.00000
( Mill infeed pass 1/1 )
G01 Z-0.20000
G04 P0 ( dwell for no time -- G64 should not smooth over this point )
G01 F300.00000
G01 X-161.04432 Y12.84757
G01 X-161.13281 Y12.82540
G01 X-161.14231 Y12.82327
G01 X-161.32654 Y12.78654
G01 X-161.33632 Y12.78483
G01 X-161.34612 Y12.78339
G01 X-161.37546 Y12.78123
G01 X-161.83484 Y12.78123
G04 P0 ( dwell for no time -- G64 should not smooth over this point )
G00 Z1.80000 ( retract )

G00 X-161.83469 Y13.18123 ( rapid move to begin. )
G01 F200.00000
( Mill infeed pass 1/1 )
G01 Z-0.20000
G04 P0 ( dwell for no time -- G64 should not smooth over this point )
G01 F300.00000
G01 X-161.83469 Y13.18123
G01 X-161.39268 Y13.18123
G01 X-161.22530 Y13.21460
G01 X-161.15768 Y13.23152
G04 P0 ( dwell for no time -- G64 should not smooth over this point )
G00 Z1.80000 ( retract )

G00 X-161.37546 Y12.78123 ( rapid move to begin. )
G01 F200.00000
( Mill infeed pass 1/1 )
G01 Z-0.20000
G04 P0 ( dwell for no time -- G64 should not smooth over this point )
G01 F300.00000
G01 X-161.37546 Y12.78123
G01 X-161.37493 Y12.77635
G04 P0 ( dwell for no time -- G64 should not smooth over this point )
G00 Z1.80000 ( retract )

G00 X-161.06776 Y8.46122 ( rapid move to begin. )
G01 F200.00000
( Mill infeed pass 1/1 )
G01 Z-0.20000
G04 P0 ( dwell for no time -- G64 should not smooth over this point )
G01 F300.00000
G01 X-161.06776 Y8.46122
G01 X-161.11460 Y8.46122
G01 X-161.35026 Y8.33526
G01 X-161.45892 Y8.29025
G01 X-161.78722 Y8.19069
G01 X-161.83472 Y8.18121
G01 X-161.90256 Y8.16772
G01 X-162.24399 Y8.13410
G01 X-162.36159 Y8.13410
G01 X-162.70302 Y8.16772
G01 X-162.77086 Y8.18121
G01 X-162.81836 Y8.19069
G01 X-163.14665 Y8.29025
G01 X-163.20655 Y8.31507
G04 P0 ( dwell for no time -- G64 should not smooth over this point )
G00 Z1.80000 ( retract )

G00 X-163.14612 Y8.18121 ( rapid move to begin. )
G01 F200.00000
( Mill infeed pass 1/1 )
G01 Z-0.20000
G04 P0 ( dwell for no time -- G64 should not smooth over this point )
G01 F300.00000
G01 X-163.14612 Y8.18121
G01 X-162.77086 Y8.18121
G04 P0 ( dwell for no time -- G64 should not smooth over this point )
G00 Z1.80000 ( retract )

G00 X-162.77073 Y7.78124 ( rapid move to begin. )
G01 F200.00000
( Mill infeed pass 1/1 )
G01 Z-0.20000
G04 P0 ( dwell for no time -- G64 should not smooth over this point )
G01 F300.00000
G01 X-162.77073 Y7.78124
G01 X-163.14609 Y7.78124
G04 P0 ( dwell for no time -- G64 should not smooth over this point )
G00 Z1.80000 ( retract )

G00 X-163.20652 Y7.64735 ( rapid move to begin. )
G01 F200.00000
( Mill infeed pass 1/1 )
G01 Z-0.20000
G04 P0 ( dwell for no time -- G64 should not smooth over this point )
G01 F300.00000
G01 X-163.20652 Y7.64735
G01 X-163.14665 Y7.67217
G01 X-162.81836 Y7.77174
G01 X-162.77073 Y7.78124
G01 X-162.70302 Y7.79470
G01 X-162.36159 Y7.82833
G01 X-162.24399 Y7.82833
G01 X-161.90256 Y7.79470
G01 X-161.78722 Y7.77174
G01 X-161.45892 Y7.67217
G01 X-161.35026 Y7.62716
G01 X-161.29662 Y7.59849
G04 P0 ( dwell for no time -- G64 should not smooth over this point )
G00 Z1.80000 ( retract )

G00 X-161.36167 Y7.78124 ( rapid move to begin. )
G01 F200.00000
( Mill infeed pass 1/1 )
G01 Z-0.20000
G04 P0 ( dwell for no time -- G64 should not smooth over this point )
G01 F300.00000
G01 X-161.36167 Y7.78124
G01 X-161.83484 Y7.78124
G01 X-161.90256 Y7.79470
G04 P0 ( dwell for no time -- G64 should not smooth over this point )
G00 Z1.80000 ( retract )

G00 X-161.83472 Y8.18121 ( rapid move to begin. )
G01 F200.00000
( Mill infeed pass 1/1 )
G01 Z-0.20000
G04 P0 ( dwell for no time -- G64 should not smooth over this point )
G01 F300.00000
G01 X-161.83472 Y8.18121
G01 X-161.31610 Y8.18121
G04 P0 ( dwell for no time -- G64 should not smooth over this point )
G00 Z1.80000 ( retract )

G00 X-158.88151 Y8.46122 ( rapid move to begin. )
G01 F200.00000
( Mill infeed pass 1/1 )
G01 Z-0.20000
G04 P0 ( dwell for no time -- G64 should not smooth over this point )
G01 F300.00000
G01 X-158.88151 Y8.46122
G01 X-158.52619 Y8.46122
G01 X-158.52619 Y8.10590
G04 P0 ( dwell for no time -- G64 should not smooth over this point )
G00 Z1.80000 ( retract )

G00 X-159.09891 Y5.24723 ( rapid move to begin. )
G01 F200.00000
( Mill infeed pass 1/1 )
G01 Z-0.20000
G04 P0 ( dwell for no time -- G64 should not smooth over this point )
G01 F300.00000
G01 X-159.09891 Y5.24723
G01 X-159.09611 Y5.24444
G01 X-159.09218 Y5.24444
G04 P0 ( dwell for no time -- G64 should not smooth over this point )
G00 Z1.80000 ( retract )

G00 X-158.08217 Y5.69128 ( rapid move to begin. )
G01 F200.00000
( Mill infeed pass 1/1 )
G01 Z-0.20000
G04 P0 ( dwell for no time -- G64 should not smooth over this point )
G01 F300.00000
G01 X-158.08217 Y5.69128
G01 X-158.06640 Y5.68381
G01 X-157.98852 Y5.64926
G01 X-157.90341 Y5.61401
G04 P0 ( dwell for no time -- G64 should not smooth over this point )
G00 Z1.80000 ( retract )

G00 X-158.05642 Y5.24444 ( rapid move to begin. )
G01 F200.00000
( Mill infeed pass 1/1 )
G01 Z-0.20000
G04 P0 ( dwell for no time -- G64 should not smooth over this point )
G01 F300.00000
G01 X-158.05642 Y5.24444
G01 X-158.14389 Y5.28066
G01 X-158.14847 Y5.28261
G01 X-158.23081 Y5.31917
G01 X-158.23523 Y5.32117
G01 X-158.26647 Y5.33595
G04 P0 ( dwell for no time -- G64 should not smooth over this point )
G00 Z1.80000 ( retract )

G00 X-158.38400 Y5.24444 ( rapid move to begin. )
G01 F200.00000
( Mill infeed pass 1/1 )
G01 Z-0.20000
G04 P0 ( dwell for no time -- G64 should not smooth over this point )
G01 F300.00000
G01 X-158.38400 Y5.24444
G01 X-157.50293 Y5.24444
G04 P0 ( dwell for no time -- G64 should not smooth over this point )
G00 Z1.80000 ( retract )

G00 X-158.07440 Y5.81614 ( rapid move to begin. )
G01 F200.00000
( Mill infeed pass 1/1 )
G01 Z-0.20000
G04 P0 ( dwell for no time -- G64 should not smooth over this point )
G01 F300.00000
G01 X-158.07440 Y5.81614
G01 X-157.95065 Y5.66534
G01 X-157.91110 Y5.62170
G01 X-157.69589 Y5.40649
G01 X-157.65225 Y5.36694
G01 X-157.50293 Y5.24444
G01 X-157.40204 Y5.20832
G01 X-157.29472 Y5.17571
G01 X-157.00069 Y5.10205
G01 X-156.91273 Y5.08452
G01 X-156.61870 Y5.04088
G01 X-156.54171 Y5.03329
G01 X-156.24768 Y5.01884
G01 X-156.17428 Y5.01884
G01 X-155.88020 Y5.03329
G01 X-155.80321 Y5.04088
G01 X-155.50918 Y5.08452
G01 X-155.42122 Y5.10205
G01 X-155.12719 Y5.17571
G01 X-155.01987 Y5.20832
G01 X-154.91893 Y5.24444
G01 X-154.14032 Y5.24444
G04 P0 ( dwell for no time -- G64 should not smooth over this point )
G00 Z1.80000 ( retract )

G00 X-154.23562 Y5.31630 ( rapid move to begin. )
G01 F200.00000
( Mill infeed pass 1/1 )
G01 Z-0.20000
G04 P0 ( dwell for no time -- G64 should not smooth over this point )
G01 F300.00000
G01 X-154.23562 Y5.31630
G01 X-154.38754 Y5.24444
G04 P0 ( dwell for no time -- G64 should not smooth over this point )
G00 Z1.80000 ( retract )

G00 X-154.91893 Y5.24444 ( rapid move to begin. )
G01 F200.00000
( Mill infeed pass 1/1 )
G01 Z-0.20000
G04 P0 ( dwell for no time -- G64 should not smooth over this point )
G01 F300.00000
G01 X-154.91893 Y5.24444
G01 X-154.76968 Y5.36694
G01 X-154.68650 Y5.45013
G01 X-154.55853 Y5.60603
G01 X-154.43694 Y5.66356
G04 P0 ( dwell for no time -- G64 should not smooth over this point )
G00 Z1.80000 ( retract )

G00 X-154.55853 Y5.60603 ( rapid move to begin. )
G01 F200.00000
( Mill infeed pass 1/1 )
G01 Z-0.20000
G04 P0 ( dwell for no time -- G64 should not smooth over this point )
G01 F300.00000
G01 X-154.55853 Y5.60603
G01 X-154.49996 Y5.67743
G01 X-154.44753 Y5.75589
G04 P0 ( dwell for no time -- G64 should not smooth over this point )
G00 Z1.80000 ( retract )

G00 X-152.94497 Y5.66356 ( rapid move to begin. )
G01 F200.00000
( Mill infeed pass 1/1 )
G01 Z-0.20000
G04 P0 ( dwell for no time -- G64 should not smooth over this point )
G01 F300.00000
G01 X-152.94497 Y5.66356
G01 X-152.82341 Y5.60606
G04 P0 ( dwell for no time -- G64 should not smooth over this point )
G00 Z1.80000 ( retract )

G00 X-152.99437 Y5.24444 ( rapid move to begin. )
G01 F200.00000
( Mill infeed pass 1/1 )
G01 Z-0.20000
G04 P0 ( dwell for no time -- G64 should not smooth over this point )
G01 F300.00000
G01 X-152.99437 Y5.24444
G01 X-153.14627 Y5.31627
G04 P0 ( dwell for no time -- G64 should not smooth over this point )
G00 Z1.80000 ( retract )

G00 X-153.24157 Y5.24444 ( rapid move to begin. )
G01 F200.00000
( Mill infeed pass 1/1 )
G01 Z-0.20000
G04 P0 ( dwell for no time -- G64 should not smooth over this point )
G01 F300.00000
G01 X-153.24157 Y5.24444
G01 X-152.46293 Y5.24444
G04 P0 ( dwell for no time -- G64 should not smooth over this point )
G00 Z1.80000 ( retract )

G00 X-152.93441 Y5.75587 ( rapid move to begin. )
G01 F200.00000
( Mill infeed pass 1/1 )
G01 Z-0.20000
G04 P0 ( dwell for no time -- G64 should not smooth over this point )
G01 F300.00000
G01 X-152.93441 Y5.75587
G01 X-152.88198 Y5.67743
G01 X-152.69544 Y5.45013
G01 X-152.61226 Y5.36694
G01 X-152.46293 Y5.24444
G01 X-152.36204 Y5.20832
G01 X-152.25473 Y5.17571
G01 X-151.96070 Y5.10205
G01 X-151.87274 Y5.08452
G01 X-151.57871 Y5.04088
G01 X-151.50172 Y5.03329
G01 X-151.20769 Y5.01884
G01 X-151.13428 Y5.01884
G01 X-150.84020 Y5.03329
G01 X-150.76321 Y5.04088
G01 X-150.46918 Y5.08452
G01 X-150.38122 Y5.10205
G01 X-150.08719 Y5.17571
G01 X-149.97988 Y5.20832
G01 X-149.87894 Y5.24444
G01 X-149.63444 Y5.24444
G01 X-148.23099 Y6.64789
G01 X-148.23099 Y14.39141
G01 X-148.22809 Y14.45024
G01 X-148.19926 Y14.74287
G01 X-148.17632 Y14.85824
G01 X-148.12916 Y15.01369
G04 P0 ( dwell for no time -- G64 should not smooth over this point )
G00 Z1.80000 ( retract )

G00 X-148.42321 Y14.88575 ( rapid move to begin. )
G01 F200.00000
( Mill infeed pass 1/1 )
G01 Z-0.20000
G04 P0 ( dwell for no time -- G64 should not smooth over this point )
G01 F300.00000
G01 X-148.42321 Y14.88575
G01 X-148.43454 Y14.77099
G01 X-148.44861 Y14.48430
G01 X-148.45097 Y14.38897
G01 X-148.45097 Y6.89140
G01 X-148.45100 Y6.88802
G01 X-148.45217 Y6.81896
G01 X-148.45720 Y6.77761
G01 X-148.47069 Y6.73821
G01 X-148.48455 Y6.70829
G01 X-148.61874 Y6.42457
G01 X-148.62309 Y6.41594
G01 X-148.70779 Y6.25719
G01 X-148.71270 Y6.24853
G01 X-148.83596 Y6.04291
G04 P0 ( dwell for no time -- G64 should not smooth over this point )
G00 Z1.80000 ( retract )

G00 X-148.44168 Y6.81650 ( rapid move to begin. )
G01 F200.00000
( Mill infeed pass 1/1 )
G01 Z-0.20000
G04 P0 ( dwell for no time -- G64 should not smooth over this point )
G01 F300.00000
G01 X-148.44168 Y6.81650
G01 X-148.45217 Y6.81896
G04 P0 ( dwell for no time -- G64 should not smooth over this point )
G00 Z1.80000 ( retract )

G00 X-149.17904 Y6.24855 ( rapid move to begin. )
G01 F200.00000
( Mill infeed pass 1/1 )
G01 Z-0.20000
G04 P0 ( dwell for no time -- G64 should not smooth over this point )
G01 F300.00000
G01 X-149.17904 Y6.24855
G01 X-149.12562 Y6.42460
G01 X-149.10269 Y6.53997
G01 X-149.07386 Y6.83260
G01 X-149.07096 Y6.89140
G01 X-149.07096 Y15.18480
G04 P0 ( dwell for no time -- G64 should not smooth over this point )
G00 Z1.80000 ( retract )

G00 X-153.99856 Y13.35090 ( rapid move to begin. )
G01 F200.00000
( Mill infeed pass 1/1 )
G01 Z-0.20000
G04 P0 ( dwell for no time -- G64 should not smooth over this point )
G01 F300.00000
G01 X-153.99856 Y13.35090
G01 X-153.99887 Y13.35092
G04 P0 ( dwell for no time -- G64 should not smooth over this point )
G00 Z1.80000 ( retract )

G00 X-148.85166 Y14.39639 ( rapid move to begin. )
G01 F200.00000
( Mill infeed pass 1/1 )
G01 Z-0.20000
G04 P0 ( dwell for no time -- G64 should not smooth over this point )
G01 F300.00000
G01 X-148.85166 Y14.39639
G01 X-148.85090 Y14.39634
G04 P0 ( dwell for no time -- G64 should not smooth over this point )
G00 Z1.80000 ( retract )

G00 X-148.81856 Y14.95245 ( rapid move to begin. )
G01 F200.00000
( Mill infeed pass 1/1 )
G01 Z-0.20000
G04 P0 ( dwell for no time -- G64 should not smooth over this point )
G01 F300.00000
G01 X-148.81856 Y14.95245
G01 X-148.83309 Y14.80538
G01 X-148.83380 Y14.79555
G01 X-148.84826 Y14.50147
G01 X-148.84843 Y14.49657
G01 X-148.85090 Y14.39634
G01 X-148.85095 Y14.39141
G01 X-148.85095 Y6.89310
G01 X-148.85138 Y6.86824
G01 X-148.97828 Y6.59999
G01 X-149.05834 Y6.44990
G01 X-149.17904 Y6.24855
G01 X-149.21099 Y6.14322
G01 X-149.25600 Y6.03456
G01 X-149.39461 Y5.77522
G01 X-149.45996 Y5.67743
G01 X-149.64650 Y5.45013
G01 X-149.72969 Y5.36694
G01 X-149.87894 Y5.24444

G04 P0 ( dwell for no time -- G64 should not smooth over this point )
G00 Z30.000000 ( retract )

M5 ( Spindle off. )
G04 P1.000000
M9 ( Coolant off. )
M2 ( Program end. )

