solid OpenSCAD_Model
  facet normal 0 0 -1
    outer loop
      vertex 2.98614 -22.3719 0
      vertex 2.99279 -22.515 0
      vertex 2.99178 -22.6424 0
    endloop
  endfacet
  facet normal 0 0 -1
    outer loop
      vertex 2.99279 -22.515 0
      vertex 2.98614 -22.3719 0
      vertex 2.98992 -22.4253 0
    endloop
  endfacet
  facet normal 0 0 -1
    outer loop
      vertex 2.9837 -22.8088 0
      vertex 2.98614 -22.3719 0
      vertex 2.99178 -22.6424 0
    endloop
  endfacet
  facet normal 0 0 -1
    outer loop
      vertex -2.98374 -22.8088 0
      vertex 2.9837 -22.8088 0
      vertex 2.96508 -23.0159 0
    endloop
  endfacet
  facet normal 0 0 -1
    outer loop
      vertex -2.96513 -23.0159 0
      vertex 2.96508 -23.0159 0
      vertex 2.93202 -23.2659 0
    endloop
  endfacet
  facet normal 0 0 -1
    outer loop
      vertex -2.93206 -23.2659 0
      vertex 2.93202 -23.2659 0
      vertex 2.87998 -23.5613 0
    endloop
  endfacet
  facet normal 0 0 -1
    outer loop
      vertex -2.88003 -23.5613 0
      vertex 2.87998 -23.5613 0
      vertex 2.80377 -23.9048 0
    endloop
  endfacet
  facet normal 0 0 -1
    outer loop
      vertex -2.80381 -23.9048 0
      vertex 2.80377 -23.9048 0
      vertex 2.69721 -24.3 0
    endloop
  endfacet
  facet normal -0 0 -1
    outer loop
      vertex 2.93202 -23.2659 0
      vertex -2.93206 -23.2659 0
      vertex -2.96513 -23.0159 0
    endloop
  endfacet
  facet normal 0 0 -1
    outer loop
      vertex -2.69725 -24.3 0
      vertex 2.69721 -24.3 0
      vertex 2.55292 -24.7503 0
    endloop
  endfacet
  facet normal 0 0 -1
    outer loop
      vertex 12.3933 -24.2431 0
      vertex 14.7985 -22.8545 0
      vertex 14.751 -23.7993 0
    endloop
  endfacet
  facet normal -0 0 -1
    outer loop
      vertex 14.7985 -22.8545 0
      vertex 12.3933 -24.2431 0
      vertex 14.7922 -22.0315 0
    endloop
  endfacet
  facet normal 0 0 -1
    outer loop
      vertex 11.6837 -23.8262 0
      vertex 14.7922 -22.0315 0
      vertex 12.3933 -24.2431 0
    endloop
  endfacet
  facet normal -0 0 -1
    outer loop
      vertex 14.7922 -22.0315 0
      vertex 11.6837 -23.8262 0
      vertex 14.7473 -21.3157 0
    endloop
  endfacet
  facet normal -0 0 -1
    outer loop
      vertex 14.7473 -21.3157 0
      vertex 11.0863 -23.4294 0
      vertex 14.6756 -20.6948 0
    endloop
  endfacet
  facet normal 0 0 -1
    outer loop
      vertex 10.5844 -23.0568 0
      vertex 14.6756 -20.6948 0
      vertex 11.0863 -23.4294 0
    endloop
  endfacet
  facet normal -0 0 -1
    outer loop
      vertex 14.6756 -20.6948 0
      vertex 10.5844 -23.0568 0
      vertex 14.5861 -20.1579 0
    endloop
  endfacet
  facet normal 0 0 -1
    outer loop
      vertex 10.1642 -22.7109 0
      vertex 14.5861 -20.1579 0
      vertex 10.5844 -23.0568 0
    endloop
  endfacet
  facet normal -0 0 -1
    outer loop
      vertex 14.5861 -20.1579 0
      vertex 10.1642 -22.7109 0
      vertex 14.4858 -19.6958 0
    endloop
  endfacet
  facet normal 0 0 -1
    outer loop
      vertex 9.8141 -22.393 0
      vertex 14.4858 -19.6958 0
      vertex 10.1642 -22.7109 0
    endloop
  endfacet
  facet normal -0 0 -1
    outer loop
      vertex 14.4858 -19.6958 0
      vertex 9.8141 -22.393 0
      vertex 14.3806 -19.3003 0
    endloop
  endfacet
  facet normal 0 0 -1
    outer loop
      vertex 9.52425 -22.1041 0
      vertex 14.3806 -19.3003 0
      vertex 9.8141 -22.393 0
    endloop
  endfacet
  facet normal -0 0 -1
    outer loop
      vertex 14.3806 -19.3003 0
      vertex 9.52425 -22.1041 0
      vertex 14.2748 -18.9646 0
    endloop
  endfacet
  facet normal 0 0 -1
    outer loop
      vertex 9.28645 -21.8446 0
      vertex 14.2748 -18.9646 0
      vertex 9.52425 -22.1041 0
    endloop
  endfacet
  facet normal 0 0 -1
    outer loop
      vertex 12.3933 -24.2431 0
      vertex 14.751 -23.7993 0
      vertex 13.2353 -24.6744 0
    endloop
  endfacet
  facet normal 0 0 -1
    outer loop
      vertex 11.0863 -23.4294 0
      vertex 14.7473 -21.3157 0
      vertex 11.6837 -23.8262 0
    endloop
  endfacet
  facet normal -0 0 -1
    outer loop
      vertex 14.2748 -18.9646 0
      vertex 9.28645 -21.8446 0
      vertex 14.1722 -18.6828 0
    endloop
  endfacet
  facet normal 0 0 -1
    outer loop
      vertex 9.09373 -21.6149 0
      vertex 14.1722 -18.6828 0
      vertex 9.28645 -21.8446 0
    endloop
  endfacet
  facet normal 0 0 -1
    outer loop
      vertex 22.8545 -14.7985 0
      vertex 24.2431 -12.3933 0
      vertex 24.6744 -13.2353 0
    endloop
  endfacet
  facet normal 0 0 -1
    outer loop
      vertex 22.8545 -14.7985 0
      vertex 24.6744 -13.2353 0
      vertex 23.7993 -14.751 0
    endloop
  endfacet
  facet normal -0 0 -1
    outer loop
      vertex 24.2431 -12.3933 0
      vertex 22.8545 -14.7985 0
      vertex 23.8262 -11.6837 0
    endloop
  endfacet
  facet normal 0 0 -1
    outer loop
      vertex 22.0315 -14.7922 0
      vertex 23.8262 -11.6837 0
      vertex 22.8545 -14.7985 0
    endloop
  endfacet
  facet normal -0 0 -1
    outer loop
      vertex 23.8262 -11.6837 0
      vertex 22.0315 -14.7922 0
      vertex 23.4294 -11.0863 0
    endloop
  endfacet
  facet normal 0 0 -1
    outer loop
      vertex 21.3157 -14.7474 0
      vertex 23.4294 -11.0863 0
      vertex 22.0315 -14.7922 0
    endloop
  endfacet
  facet normal -0 0 -1
    outer loop
      vertex 23.4294 -11.0863 0
      vertex 21.3157 -14.7474 0
      vertex 23.0568 -10.5844 0
    endloop
  endfacet
  facet normal 0 0 -1
    outer loop
      vertex 20.6948 -14.6756 0
      vertex 23.0568 -10.5844 0
      vertex 21.3157 -14.7474 0
    endloop
  endfacet
  facet normal -0 0 -1
    outer loop
      vertex 23.0568 -10.5844 0
      vertex 20.6948 -14.6756 0
      vertex 22.7109 -10.1642 0
    endloop
  endfacet
  facet normal 0 0 -1
    outer loop
      vertex 20.1579 -14.5861 0
      vertex 22.7109 -10.1642 0
      vertex 20.6948 -14.6756 0
    endloop
  endfacet
  facet normal -0 0 -1
    outer loop
      vertex 22.7109 -10.1642 0
      vertex 20.1579 -14.5861 0
      vertex 22.393 -9.81411 0
    endloop
  endfacet
  facet normal 0 0 -1
    outer loop
      vertex 19.6958 -14.4858 0
      vertex 22.393 -9.81411 0
      vertex 20.1579 -14.5861 0
    endloop
  endfacet
  facet normal -0 0 -1
    outer loop
      vertex 22.393 -9.81411 0
      vertex 19.6958 -14.4858 0
      vertex 22.1041 -9.52427 0
    endloop
  endfacet
  facet normal 0 0 -1
    outer loop
      vertex 19.3003 -14.3806 0
      vertex 22.1041 -9.52427 0
      vertex 19.6958 -14.4858 0
    endloop
  endfacet
  facet normal -0 0 -1
    outer loop
      vertex 22.1041 -9.52427 0
      vertex 19.3003 -14.3806 0
      vertex 21.8446 -9.28647 0
    endloop
  endfacet
  facet normal 0 0 -1
    outer loop
      vertex 18.9646 -14.2748 0
      vertex 21.8446 -9.28647 0
      vertex 19.3003 -14.3806 0
    endloop
  endfacet
  facet normal -0 0 -1
    outer loop
      vertex 21.8446 -9.28647 0
      vertex 18.9646 -14.2748 0
      vertex 21.6149 -9.09373 0
    endloop
  endfacet
  facet normal 0 0 -1
    outer loop
      vertex 18.6828 -14.1722 0
      vertex 21.6149 -9.09373 0
      vertex 18.9646 -14.2748 0
    endloop
  endfacet
  facet normal -0 0 -1
    outer loop
      vertex 21.6149 -9.09373 0
      vertex 18.6828 -14.1722 0
      vertex 21.4149 -8.9401 0
    endloop
  endfacet
  facet normal 0 0 -1
    outer loop
      vertex 18.4498 -14.0758 0
      vertex 21.4149 -8.9401 0
      vertex 18.6828 -14.1722 0
    endloop
  endfacet
  facet normal -0 0 -1
    outer loop
      vertex 21.4149 -8.9401 0
      vertex 18.4498 -14.0758 0
      vertex 21.2448 -8.82043 0
    endloop
  endfacet
  facet normal 0 0 -1
    outer loop
      vertex 18.2611 -13.9884 0
      vertex 21.2448 -8.82043 0
      vertex 18.4498 -14.0758 0
    endloop
  endfacet
  facet normal -0 0 -1
    outer loop
      vertex 21.2448 -8.82043 0
      vertex 18.2611 -13.9884 0
      vertex 21.1048 -8.73024 0
    endloop
  endfacet
  facet normal -0 0 -1
    outer loop
      vertex 21.1048 -8.73024 0
      vertex 18.2611 -13.9884 0
      vertex 20.995 -8.66567 0
    endloop
  endfacet
  facet normal 0 -0 -1
    outer loop
      vertex 20.8677 -8.59987 0
      vertex 20.995 -8.66567 0
      vertex 18.2611 -13.9884 0
    endloop
  endfacet
  facet normal 0 0 -1
    outer loop
      vertex 20.995 -8.66567 0
      vertex 20.8677 -8.59987 0
      vertex 20.9158 -8.62326 0
    endloop
  endfacet
  facet normal 0 0 -1
    outer loop
      vertex 18.113 -13.9122 0
      vertex 20.8677 -8.59987 0
      vertex 18.2611 -13.9884 0
    endloop
  endfacet
  facet normal 0 0 -1
    outer loop
      vertex 17.8672 -13.7616 0
      vertex 18.113 -13.9122 0
      vertex 18.0022 -13.8494 0
    endloop
  endfacet
  facet normal 0 0 -1
    outer loop
      vertex 17.8672 -13.7616 0
      vertex 18.0022 -13.8494 0
      vertex 17.9259 -13.802 0
    endloop
  endfacet
  facet normal 0 0 -1
    outer loop
      vertex 18.113 -13.9122 0
      vertex 17.8672 -13.7616 0
      vertex 20.8677 -8.59987 0
    endloop
  endfacet
  facet normal -0 0 -1
    outer loop
      vertex 20.8677 -8.59987 0
      vertex 17.8672 -13.7616 0
      vertex 17.8729 -7.36567 0
    endloop
  endfacet
  facet normal 0 0 -1
    outer loop
      vertex 27.1918 -1.38866 0
      vertex 27.9863 0.875135 0
      vertex 27.9863 -0.875134 0
    endloop
  endfacet
  facet normal 0 0 -1
    outer loop
      vertex 27.1918 -1.38866 0
      vertex 27.1918 1.38863 0
      vertex 27.9863 0.875135 0
    endloop
  endfacet
  facet normal 0 0 -1
    outer loop
      vertex 26.4759 -1.79473 0
      vertex 27.1918 1.38863 0
      vertex 27.1918 -1.38866 0
    endloop
  endfacet
  facet normal 0 0 -1
    outer loop
      vertex 26.4759 -1.79473 0
      vertex 26.4759 1.79471 0
      vertex 27.1918 1.38863 0
    endloop
  endfacet
  facet normal 0 0 -1
    outer loop
      vertex 26.4759 -1.79473 0
      vertex 25.8336 2.1137 0
      vertex 26.4759 1.79471 0
    endloop
  endfacet
  facet normal 0 0 -1
    outer loop
      vertex 25.8336 -2.11374 0
      vertex 25.8336 2.1137 0
      vertex 26.4759 -1.79473 0
    endloop
  endfacet
  facet normal 0 0 -1
    outer loop
      vertex 25.8336 -2.11374 0
      vertex 25.26 2.36203 0
      vertex 25.8336 2.1137 0
    endloop
  endfacet
  facet normal 0 0 -1
    outer loop
      vertex 25.26 -2.36207 0
      vertex 25.26 2.36203 0
      vertex 25.8336 -2.11374 0
    endloop
  endfacet
  facet normal 0 0 -1
    outer loop
      vertex 25.26 -2.36207 0
      vertex 24.7503 2.55294 0
      vertex 25.26 2.36203 0
    endloop
  endfacet
  facet normal 0 0 -1
    outer loop
      vertex 24.7503 -2.55296 0
      vertex 24.7503 2.55294 0
      vertex 25.26 -2.36207 0
    endloop
  endfacet
  facet normal 0 0 -1
    outer loop
      vertex 24.7503 -2.55296 0
      vertex 24.3 2.69722 0
      vertex 24.7503 2.55294 0
    endloop
  endfacet
  facet normal 0 0 -1
    outer loop
      vertex 24.3 -2.69725 0
      vertex 24.3 2.69722 0
      vertex 24.7503 -2.55296 0
    endloop
  endfacet
  facet normal 0 0 -1
    outer loop
      vertex 24.3 -2.69725 0
      vertex 23.9048 2.80379 0
      vertex 24.3 2.69722 0
    endloop
  endfacet
  facet normal 0 0 -1
    outer loop
      vertex 23.9048 -2.80381 0
      vertex 23.9048 2.80379 0
      vertex 24.3 -2.69725 0
    endloop
  endfacet
  facet normal 0 0 -1
    outer loop
      vertex 23.9048 -2.80381 0
      vertex 23.5613 2.88 0
      vertex 23.9048 2.80379 0
    endloop
  endfacet
  facet normal 0 0 -1
    outer loop
      vertex 23.5613 -2.88003 0
      vertex 23.5613 2.88 0
      vertex 23.9048 -2.80381 0
    endloop
  endfacet
  facet normal 0 0 -1
    outer loop
      vertex 23.2659 -2.93206 0
      vertex 23.5613 2.88 0
      vertex 23.5613 -2.88003 0
    endloop
  endfacet
  facet normal 0 0 -1
    outer loop
      vertex 23.2659 -2.93206 0
      vertex 23.2659 2.93203 0
      vertex 23.5613 2.88 0
    endloop
  endfacet
  facet normal 0 0 -1
    outer loop
      vertex 23.2659 -2.93206 0
      vertex 23.0159 2.9651 0
      vertex 23.2659 2.93203 0
    endloop
  endfacet
  facet normal 0 0 -1
    outer loop
      vertex 23.0159 -2.96513 0
      vertex 23.0159 2.9651 0
      vertex 23.2659 -2.93206 0
    endloop
  endfacet
  facet normal 0 0 -1
    outer loop
      vertex 22.8088 -2.98374 0
      vertex 23.0159 2.9651 0
      vertex 23.0159 -2.96513 0
    endloop
  endfacet
  facet normal 0 0 -1
    outer loop
      vertex 22.8088 -2.98374 0
      vertex 22.8088 2.98371 0
      vertex 23.0159 2.9651 0
    endloop
  endfacet
  facet normal 0 0 -1
    outer loop
      vertex 22.8088 -2.98374 0
      vertex 22.6424 2.99179 0
      vertex 22.8088 2.98371 0
    endloop
  endfacet
  facet normal 0 0 -1
    outer loop
      vertex 22.6424 -2.99181 0
      vertex 22.6424 2.99179 0
      vertex 22.8088 -2.98374 0
    endloop
  endfacet
  facet normal 0 0 -1
    outer loop
      vertex 22.3543 -2.98427 0
      vertex 22.6424 -2.99181 0
      vertex 22.5151 -2.99283 0
    endloop
  endfacet
  facet normal 0 0 -1
    outer loop
      vertex 22.6424 -2.99181 0
      vertex 22.3543 -2.98427 0
      vertex 22.6424 2.99179 0
    endloop
  endfacet
  facet normal 0 0 -1
    outer loop
      vertex 22.3543 -2.98427 0
      vertex 22.5151 -2.99283 0
      vertex 22.4253 -2.98996 0
    endloop
  endfacet
  facet normal -0 0 -1
    outer loop
      vertex 22.6424 2.99179 0
      vertex 22.3543 -2.98427 0
      vertex 22.515 2.9928 0
    endloop
  endfacet
  facet normal 0 0 -1
    outer loop
      vertex 22.515 2.9928 0
      vertex 22.3719 2.98615 0
      vertex 22.4253 2.98993 0
    endloop
  endfacet
  facet normal 0 0 -1
    outer loop
      vertex 22.515 2.9928 0
      vertex 22.3543 -2.98427 0
      vertex 22.3719 2.98615 0
    endloop
  endfacet
  facet normal 0 0 -1
    outer loop
      vertex 19.1633 -2.55828 0
      vertex 22.3719 2.98615 0
      vertex 22.3543 -2.98427 0
    endloop
  endfacet
  facet normal 0 0 -1
    outer loop
      vertex 19.1633 -2.55828 0
      vertex 19.1612 2.5576 0
      vertex 22.3719 2.98615 0
    endloop
  endfacet
  facet normal 0 0 -1
    outer loop
      vertex 13 0 0
      vertex 19.1612 2.5576 0
      vertex 19.1633 -2.55828 0
    endloop
  endfacet
  facet normal 0 0 -1
    outer loop
      vertex 12.8888 -1.69684 0
      vertex 19.1633 -2.55828 0
      vertex 18.955 -3.80613 0
    endloop
  endfacet
  facet normal 0 0 -1
    outer loop
      vertex 12.9722 0.85024 0
      vertex 19.1612 2.5576 0
      vertex 13 0 0
    endloop
  endfacet
  facet normal 0 0 -1
    outer loop
      vertex 12.7502 -2.53617 0
      vertex 18.955 -3.80613 0
      vertex 18.6654 -5.0377 0
    endloop
  endfacet
  facet normal 0 0 -1
    outer loop
      vertex 12.8888 1.69684 0
      vertex 19.1612 2.5576 0
      vertex 12.9722 0.85024 0
    endloop
  endfacet
  facet normal 0 0 -1
    outer loop
      vertex 12.557 -3.36465 0
      vertex 18.6654 -5.0377 0
      vertex 18.296 -6.2477 0
    endloop
  endfacet
  facet normal -0 0 -1
    outer loop
      vertex 19.1612 2.5576 0
      vertex 12.8888 1.69684 0
      vertex 18.9687 3.73733 0
    endloop
  endfacet
  facet normal 0 0 -1
    outer loop
      vertex 12.3101 -4.17871 0
      vertex 18.296 -6.2477 0
      vertex 17.8729 -7.36567 0
    endloop
  endfacet
  facet normal 0 0 -1
    outer loop
      vertex 22.8545 14.7985 0
      vertex 24.2431 12.3933 0
      vertex 23.8262 11.6837 0
    endloop
  endfacet
  facet normal 0 0 -1
    outer loop
      vertex 24.2431 12.3933 0
      vertex 22.8545 14.7985 0
      vertex 24.6744 13.2353 0
    endloop
  endfacet
  facet normal 0 0 -1
    outer loop
      vertex 22.0315 14.7922 0
      vertex 23.8262 11.6837 0
      vertex 23.4294 11.0863 0
    endloop
  endfacet
  facet normal 0 0 -1
    outer loop
      vertex 21.3157 14.7473 0
      vertex 23.4294 11.0863 0
      vertex 23.0568 10.5844 0
    endloop
  endfacet
  facet normal 0 0 -1
    outer loop
      vertex 24.6744 13.2353 0
      vertex 22.8545 14.7985 0
      vertex 23.7993 14.751 0
    endloop
  endfacet
  facet normal 0 0 -1
    outer loop
      vertex 20.6948 14.6756 0
      vertex 23.0568 10.5844 0
      vertex 22.7109 10.1642 0
    endloop
  endfacet
  facet normal 0 0 -1
    outer loop
      vertex 20.1579 14.5861 0
      vertex 22.7109 10.1642 0
      vertex 22.393 9.8141 0
    endloop
  endfacet
  facet normal 0 0 -1
    outer loop
      vertex 19.6958 14.4858 0
      vertex 22.393 9.8141 0
      vertex 22.1041 9.52425 0
    endloop
  endfacet
  facet normal 0 0 -1
    outer loop
      vertex 23.8262 11.6837 0
      vertex 22.0315 14.7922 0
      vertex 22.8545 14.7985 0
    endloop
  endfacet
  facet normal 0 0 -1
    outer loop
      vertex 19.3003 14.3806 0
      vertex 22.1041 9.52425 0
      vertex 21.8446 9.28645 0
    endloop
  endfacet
  facet normal 0 0 -1
    outer loop
      vertex 18.9646 14.2748 0
      vertex 21.8446 9.28645 0
      vertex 21.6149 9.09373 0
    endloop
  endfacet
  facet normal 0 0 -1
    outer loop
      vertex 18.6828 14.1722 0
      vertex 21.6149 9.09373 0
      vertex 21.4149 8.94009 0
    endloop
  endfacet
  facet normal 0 0 -1
    outer loop
      vertex 23.4294 11.0863 0
      vertex 21.3157 14.7473 0
      vertex 22.0315 14.7922 0
    endloop
  endfacet
  facet normal 0 0 -1
    outer loop
      vertex 18.4498 14.0758 0
      vertex 21.4149 8.94009 0
      vertex 21.2449 8.82042 0
    endloop
  endfacet
  facet normal 0 0 -1
    outer loop
      vertex 18.2611 13.9884 0
      vertex 21.2449 8.82042 0
      vertex 21.1048 8.73023 0
    endloop
  endfacet
  facet normal 0 0 -1
    outer loop
      vertex 20.8515 8.59268 0
      vertex 21.1048 8.73023 0
      vertex 20.995 8.66567 0
    endloop
  endfacet
  facet normal 0 0 -1
    outer loop
      vertex 20.8515 8.59268 0
      vertex 20.995 8.66567 0
      vertex 20.9158 8.62326 0
    endloop
  endfacet
  facet normal -0 0 -1
    outer loop
      vertex 21.1048 8.73023 0
      vertex 20.8515 8.59268 0
      vertex 18.2611 13.9884 0
    endloop
  endfacet
  facet normal 0 0 -1
    outer loop
      vertex 23.0568 10.5844 0
      vertex 20.6948 14.6756 0
      vertex 21.3157 14.7473 0
    endloop
  endfacet
  facet normal 0 0 -1
    outer loop
      vertex 22.7109 10.1642 0
      vertex 20.1579 14.5861 0
      vertex 20.6948 14.6756 0
    endloop
  endfacet
  facet normal 0 0 -1
    outer loop
      vertex 22.393 9.8141 0
      vertex 19.6958 14.4858 0
      vertex 20.1579 14.5861 0
    endloop
  endfacet
  facet normal 0 0 -1
    outer loop
      vertex 22.1041 9.52425 0
      vertex 19.3003 14.3806 0
      vertex 19.6958 14.4858 0
    endloop
  endfacet
  facet normal 0 0 -1
    outer loop
      vertex 21.8446 9.28645 0
      vertex 18.9646 14.2748 0
      vertex 19.3003 14.3806 0
    endloop
  endfacet
  facet normal 0 0 -1
    outer loop
      vertex 21.6149 9.09373 0
      vertex 18.6828 14.1722 0
      vertex 18.9646 14.2748 0
    endloop
  endfacet
  facet normal 0 0 -1
    outer loop
      vertex 21.4149 8.94009 0
      vertex 18.4498 14.0758 0
      vertex 18.6828 14.1722 0
    endloop
  endfacet
  facet normal 0 0 -1
    outer loop
      vertex 21.2449 8.82042 0
      vertex 18.2611 13.9884 0
      vertex 18.4498 14.0758 0
    endloop
  endfacet
  facet normal 0 0 -1
    outer loop
      vertex 20.8515 8.59268 0
      vertex 18.113 13.9122 0
      vertex 18.2611 13.9884 0
    endloop
  endfacet
  facet normal 0 0 -1
    outer loop
      vertex 20.8515 8.59268 0
      vertex 18.0022 13.8494 0
      vertex 18.113 13.9122 0
    endloop
  endfacet
  facet normal 0 0 -1
    outer loop
      vertex 17.8816 13.772 0
      vertex 18.0022 13.8494 0
      vertex 20.8515 8.59268 0
    endloop
  endfacet
  facet normal 0 0 -1
    outer loop
      vertex 18.0022 13.8494 0
      vertex 17.8816 13.772 0
      vertex 17.9259 13.802 0
    endloop
  endfacet
  facet normal 0 0 -1
    outer loop
      vertex 17.8751 7.36612 0
      vertex 17.8816 13.772 0
      vertex 20.8515 8.59268 0
    endloop
  endfacet
  facet normal 0 0 -1
    outer loop
      vertex 15.3168 -11.7972 0
      vertex 17.8729 -7.36567 0
      vertex 17.8672 -13.7616 0
    endloop
  endfacet
  facet normal 0 0 -1
    outer loop
      vertex 11.2583 -6.5 0
      vertex 17.8729 -7.36567 0
      vertex 15.3168 -11.7972 0
    endloop
  endfacet
  facet normal 0 0 -1
    outer loop
      vertex 19.1633 -2.55828 0
      vertex 12.8888 -1.69684 0
      vertex 12.9722 -0.85024 0
    endloop
  endfacet
  facet normal -0 0 -1
    outer loop
      vertex 18.9687 3.73733 0
      vertex 12.7502 2.53617 0
      vertex 18.6836 4.96994 0
    endloop
  endfacet
  facet normal 0 0 -1
    outer loop
      vertex 12.557 3.36465 0
      vertex 18.6836 4.96994 0
      vertex 12.7502 2.53617 0
    endloop
  endfacet
  facet normal 0 0 -1
    outer loop
      vertex 10.3136 -7.9139 0
      vertex 15.3168 -11.7972 0
      vertex 14.5124 -12.7737 0
    endloop
  endfacet
  facet normal -0 0 -1
    outer loop
      vertex 18.6836 4.96994 0
      vertex 12.557 3.36465 0
      vertex 18.3186 6.18126 0
    endloop
  endfacet
  facet normal 0 0 -1
    outer loop
      vertex 9.77392 -8.5715 0
      vertex 14.5124 -12.7737 0
      vertex 13.6459 -13.6955 0
    endloop
  endfacet
  facet normal 0 0 -1
    outer loop
      vertex 12.3101 4.17871 0
      vertex 18.3186 6.18126 0
      vertex 12.557 3.36465 0
    endloop
  endfacet
  facet normal 0 0 -1
    outer loop
      vertex 17.8751 7.36612 0
      vertex 15.3153 11.7956 0
      vertex 17.8816 13.772 0
    endloop
  endfacet
  facet normal -0 0 -1
    outer loop
      vertex 18.3186 6.18126 0
      vertex 12.3101 4.17871 0
      vertex 17.8751 7.36612 0
    endloop
  endfacet
  facet normal 0 0 -1
    outer loop
      vertex 12.0104 4.97488 0
      vertex 17.8751 7.36612 0
      vertex 12.3101 4.17871 0
    endloop
  endfacet
  facet normal 0 0 -1
    outer loop
      vertex 11.6593 5.74975 0
      vertex 17.8751 7.36612 0
      vertex 12.0104 4.97488 0
    endloop
  endfacet
  facet normal 0 0 -1
    outer loop
      vertex 11.2583 6.5 0
      vertex 17.8751 7.36612 0
      vertex 11.6593 5.74975 0
    endloop
  endfacet
  facet normal -0 0 -1
    outer loop
      vertex 17.8751 7.36612 0
      vertex 11.2583 6.5 0
      vertex 15.3153 11.7956 0
    endloop
  endfacet
  facet normal 0 0 -1
    outer loop
      vertex 10.8091 7.22241 0
      vertex 15.3153 11.7956 0
      vertex 11.2583 6.5 0
    endloop
  endfacet
  facet normal 0 0 -1
    outer loop
      vertex 10.3136 7.9139 0
      vertex 15.3153 11.7956 0
      vertex 10.8091 7.22241 0
    endloop
  endfacet
  facet normal -0 0 -1
    outer loop
      vertex 15.3153 11.7956 0
      vertex 10.3136 7.9139 0
      vertex 14.5587 12.721 0
    endloop
  endfacet
  facet normal 0 0 -1
    outer loop
      vertex 9.77392 8.5715 0
      vertex 14.5587 12.721 0
      vertex 10.3136 7.9139 0
    endloop
  endfacet
  facet normal -0 0 -1
    outer loop
      vertex 14.5587 12.721 0
      vertex 9.77392 8.5715 0
      vertex 13.6955 13.6459 0
    endloop
  endfacet
  facet normal 0 0 -1
    outer loop
      vertex 9.19239 9.19239 0
      vertex 13.6955 13.6459 0
      vertex 9.77392 8.5715 0
    endloop
  endfacet
  facet normal -0 0 -1
    outer loop
      vertex 13.6955 13.6459 0
      vertex 9.19239 9.19239 0
      vertex 12.7737 14.5124 0
    endloop
  endfacet
  facet normal 0 0 -1
    outer loop
      vertex 8.5715 9.77392 0
      vertex 12.7737 14.5124 0
      vertex 9.19239 9.19239 0
    endloop
  endfacet
  facet normal 0 -0 -1
    outer loop
      vertex 8.59987 20.8677 0
      vertex 11.7972 15.3168 0
      vertex 7.36567 17.8729 0
    endloop
  endfacet
  facet normal 0 0 -1
    outer loop
      vertex 11.7972 15.3168 0
      vertex 11.0863 23.4294 0
      vertex 11.6837 23.8262 0
    endloop
  endfacet
  facet normal 0 0 -1
    outer loop
      vertex 11.7972 15.3168 0
      vertex 10.5844 23.0568 0
      vertex 11.0863 23.4294 0
    endloop
  endfacet
  facet normal 0 -0 -1
    outer loop
      vertex 8.9401 21.4149 0
      vertex 11.7972 15.3168 0
      vertex 8.59987 20.8677 0
    endloop
  endfacet
  facet normal 0 0 -1
    outer loop
      vertex 11.7972 15.3168 0
      vertex 10.1642 22.7109 0
      vertex 10.5844 23.0568 0
    endloop
  endfacet
  facet normal 0 0 -1
    outer loop
      vertex 11.7972 15.3168 0
      vertex 9.81411 22.393 0
      vertex 10.1642 22.7109 0
    endloop
  endfacet
  facet normal -0 0 -1
    outer loop
      vertex 12.7737 14.5124 0
      vertex 8.5715 9.77392 0
      vertex 11.7972 15.3168 0
    endloop
  endfacet
  facet normal 0 0 -1
    outer loop
      vertex 11.7972 15.3168 0
      vertex 9.28647 21.8446 0
      vertex 9.52427 22.1041 0
    endloop
  endfacet
  facet normal 0 0 -1
    outer loop
      vertex 11.7972 15.3168 0
      vertex 9.09373 21.6149 0
      vertex 9.28647 21.8446 0
    endloop
  endfacet
  facet normal 0 0 -1
    outer loop
      vertex 11.7972 15.3168 0
      vertex 8.9401 21.4149 0
      vertex 9.09373 21.6149 0
    endloop
  endfacet
  facet normal 0 0 -1
    outer loop
      vertex 8.9401 21.4149 0
      vertex 8.59987 20.8677 0
      vertex 8.82043 21.2448 0
    endloop
  endfacet
  facet normal 0 0 -1
    outer loop
      vertex 8.82043 21.2448 0
      vertex 8.59987 20.8677 0
      vertex 8.73024 21.1048 0
    endloop
  endfacet
  facet normal 0 0 -1
    outer loop
      vertex 8.73024 21.1048 0
      vertex 8.59987 20.8677 0
      vertex 8.66567 20.995 0
    endloop
  endfacet
  facet normal 0 0 -1
    outer loop
      vertex 8.66567 20.995 0
      vertex 8.59987 20.8677 0
      vertex 8.62326 20.9158 0
    endloop
  endfacet
  facet normal 0 0 -1
    outer loop
      vertex 7.9139 10.3136 0
      vertex 11.7972 15.3168 0
      vertex 8.5715 9.77392 0
    endloop
  endfacet
  facet normal 0 0 -1
    outer loop
      vertex 7.22241 10.8091 0
      vertex 11.7972 15.3168 0
      vertex 7.9139 10.3136 0
    endloop
  endfacet
  facet normal 0 0 -1
    outer loop
      vertex 11.7972 15.3168 0
      vertex 9.52427 22.1041 0
      vertex 9.81411 22.393 0
    endloop
  endfacet
  facet normal 0 0 -1
    outer loop
      vertex 6.5 11.2583 0
      vertex 11.7972 15.3168 0
      vertex 7.22241 10.8091 0
    endloop
  endfacet
  facet normal -0 0 -1
    outer loop
      vertex 11.7972 15.3168 0
      vertex 6.5 11.2583 0
      vertex 7.36567 17.8729 0
    endloop
  endfacet
  facet normal 0 0 -1
    outer loop
      vertex 5.74975 11.6593 0
      vertex 7.36567 17.8729 0
      vertex 6.5 11.2583 0
    endloop
  endfacet
  facet normal 0 0 -1
    outer loop
      vertex 4.97488 12.0104 0
      vertex 7.36567 17.8729 0
      vertex 5.74975 11.6593 0
    endloop
  endfacet
  facet normal -0 0 -1
    outer loop
      vertex 7.36567 17.8729 0
      vertex 4.97488 12.0104 0
      vertex 6.2477 18.296 0
    endloop
  endfacet
  facet normal 0 0 -1
    outer loop
      vertex 4.17871 12.3101 0
      vertex 6.2477 18.296 0
      vertex 4.97488 12.0104 0
    endloop
  endfacet
  facet normal -0 0 -1
    outer loop
      vertex 6.2477 18.296 0
      vertex 4.17871 12.3101 0
      vertex 5.0377 18.6654 0
    endloop
  endfacet
  facet normal 0 0 -1
    outer loop
      vertex 3.36465 12.557 0
      vertex 5.0377 18.6654 0
      vertex 4.17871 12.3101 0
    endloop
  endfacet
  facet normal -0 0 -1
    outer loop
      vertex 5.0377 18.6654 0
      vertex 3.36465 12.557 0
      vertex 3.80613 18.955 0
    endloop
  endfacet
  facet normal 0 0 -1
    outer loop
      vertex 2.53617 12.7502 0
      vertex 3.80613 18.955 0
      vertex 3.36465 12.557 0
    endloop
  endfacet
  facet normal -0 0 -1
    outer loop
      vertex 3.80613 18.955 0
      vertex 2.53617 12.7502 0
      vertex 2.55828 19.1633 0
    endloop
  endfacet
  facet normal 0 0 -1
    outer loop
      vertex 1.69684 12.8888 0
      vertex 2.55828 19.1633 0
      vertex 2.53617 12.7502 0
    endloop
  endfacet
  facet normal 0 0 -1
    outer loop
      vertex -2.98614 22.3719 0
      vertex 2.55828 19.1633 0
      vertex -2.55758 19.1612 0
    endloop
  endfacet
  facet normal 0 0 -1
    outer loop
      vertex 2.55828 19.1633 0
      vertex -2.98614 22.3719 0
      vertex 2.55296 24.7503 0
    endloop
  endfacet
  facet normal 0 -0 -1
    outer loop
      vertex -2.9837 22.8088 0
      vertex 2.55296 24.7503 0
      vertex -2.98614 22.3719 0
    endloop
  endfacet
  facet normal 0 0 -1
    outer loop
      vertex 0.85024 12.9722 0
      vertex 2.55828 19.1633 0
      vertex 1.69684 12.8888 0
    endloop
  endfacet
  facet normal 0 -0 -1
    outer loop
      vertex -2.96508 23.0159 0
      vertex 2.55296 24.7503 0
      vertex -2.9837 22.8088 0
    endloop
  endfacet
  facet normal 0 -0 -1
    outer loop
      vertex -2.87998 23.5613 0
      vertex 2.55296 24.7503 0
      vertex -2.93202 23.2659 0
    endloop
  endfacet
  facet normal 0 0 -1
    outer loop
      vertex 0 13 0
      vertex 2.55828 19.1633 0
      vertex 0.85024 12.9722 0
    endloop
  endfacet
  facet normal 0 0 -1
    outer loop
      vertex 2.55828 19.1633 0
      vertex 0 13 0
      vertex -2.55758 19.1612 0
    endloop
  endfacet
  facet normal 0 0 -1
    outer loop
      vertex -2.55758 19.1612 0
      vertex 0 13 0
      vertex -0.85024 12.9722 0
    endloop
  endfacet
  facet normal 0 -0 -1
    outer loop
      vertex -2.80377 23.9048 0
      vertex 2.55296 24.7503 0
      vertex -2.87998 23.5613 0
    endloop
  endfacet
  facet normal 0 -0 -1
    outer loop
      vertex -2.55292 24.7503 0
      vertex 2.55296 24.7503 0
      vertex -2.69721 24.3 0
    endloop
  endfacet
  facet normal 0 0 -1
    outer loop
      vertex -2.55758 19.1612 0
      vertex -0.85024 12.9722 0
      vertex -1.69684 12.8888 0
    endloop
  endfacet
  facet normal 0 0 -1
    outer loop
      vertex 0.87515 27.9863 0
      vertex -1.38862 27.1918 0
      vertex -0.87512 27.9863 0
    endloop
  endfacet
  facet normal -0 0 -1
    outer loop
      vertex 1.38866 27.1918 0
      vertex -1.38862 27.1918 0
      vertex 0.87515 27.9863 0
    endloop
  endfacet
  facet normal 0 -0 -1
    outer loop
      vertex -1.38862 27.1918 0
      vertex 1.38866 27.1918 0
      vertex -1.79469 26.4759 0
    endloop
  endfacet
  facet normal 0 0 -1
    outer loop
      vertex -2.55758 19.1612 0
      vertex -1.69684 12.8888 0
      vertex -2.53617 12.7502 0
    endloop
  endfacet
  facet normal -0 0 -1
    outer loop
      vertex 1.79473 26.4759 0
      vertex -1.79469 26.4759 0
      vertex 1.38866 27.1918 0
    endloop
  endfacet
  facet normal 0 0 -1
    outer loop
      vertex 2.36207 25.26 0
      vertex -2.36202 25.26 0
      vertex 2.11374 25.8336 0
    endloop
  endfacet
  facet normal 0 0 -1
    outer loop
      vertex -3.73733 18.9687 0
      vertex -2.53617 12.7502 0
      vertex -3.36465 12.557 0
    endloop
  endfacet
  facet normal 0 0 -1
    outer loop
      vertex -2.53617 12.7502 0
      vertex -3.73733 18.9687 0
      vertex -2.55758 19.1612 0
    endloop
  endfacet
  facet normal 0 0 -1
    outer loop
      vertex -4.96994 18.6836 0
      vertex -3.36465 12.557 0
      vertex -4.17871 12.3101 0
    endloop
  endfacet
  facet normal 0 0 -1
    outer loop
      vertex -3.36465 12.557 0
      vertex -4.96994 18.6836 0
      vertex -3.73733 18.9687 0
    endloop
  endfacet
  facet normal 0 0 -1
    outer loop
      vertex -6.18126 18.3186 0
      vertex -4.17871 12.3101 0
      vertex -4.97488 12.0104 0
    endloop
  endfacet
  facet normal 0 0 -1
    outer loop
      vertex -7.36612 17.8751 0
      vertex -4.97488 12.0104 0
      vertex -5.74975 11.6593 0
    endloop
  endfacet
  facet normal 0 0 -1
    outer loop
      vertex -4.17871 12.3101 0
      vertex -6.18126 18.3186 0
      vertex -4.96994 18.6836 0
    endloop
  endfacet
  facet normal 0 0 -1
    outer loop
      vertex -7.36612 17.8751 0
      vertex -5.74975 11.6593 0
      vertex -6.5 11.2583 0
    endloop
  endfacet
  facet normal 0 0 -1
    outer loop
      vertex -11.7956 15.3153 0
      vertex -6.5 11.2583 0
      vertex -7.22241 10.8091 0
    endloop
  endfacet
  facet normal 0 0 -1
    outer loop
      vertex -4.97488 12.0104 0
      vertex -7.36612 17.8751 0
      vertex -6.18126 18.3186 0
    endloop
  endfacet
  facet normal 0 0 -1
    outer loop
      vertex -11.7956 15.3153 0
      vertex -7.22241 10.8091 0
      vertex -7.9139 10.3136 0
    endloop
  endfacet
  facet normal 0 0 -1
    outer loop
      vertex -11.7956 15.3153 0
      vertex -7.9139 10.3136 0
      vertex -8.5715 9.77392 0
    endloop
  endfacet
  facet normal 0 0 -1
    outer loop
      vertex -6.5 11.2583 0
      vertex -11.7956 15.3153 0
      vertex -7.36612 17.8751 0
    endloop
  endfacet
  facet normal -0 0 -1
    outer loop
      vertex -7.36612 17.8751 0
      vertex -11.7956 15.3153 0
      vertex -8.59268 20.8515 0
    endloop
  endfacet
  facet normal 0 0 -1
    outer loop
      vertex -13.772 17.8816 0
      vertex -8.59268 20.8515 0
      vertex -11.7956 15.3153 0
    endloop
  endfacet
  facet normal 0 -0 -1
    outer loop
      vertex -8.73023 21.1048 0
      vertex -8.59268 20.8515 0
      vertex -13.772 17.8816 0
    endloop
  endfacet
  facet normal 0 0 -1
    outer loop
      vertex -8.59268 20.8515 0
      vertex -8.66567 20.995 0
      vertex -8.62326 20.9158 0
    endloop
  endfacet
  facet normal 0 0 -1
    outer loop
      vertex -8.59268 20.8515 0
      vertex -8.73023 21.1048 0
      vertex -8.66567 20.995 0
    endloop
  endfacet
  facet normal -0 0 -1
    outer loop
      vertex -8.73023 21.1048 0
      vertex -13.772 17.8816 0
      vertex -8.82042 21.2449 0
    endloop
  endfacet
  facet normal 0 0 -1
    outer loop
      vertex -12.721 14.5587 0
      vertex -8.5715 9.77392 0
      vertex -9.19239 9.19239 0
    endloop
  endfacet
  facet normal 0 0 -1
    outer loop
      vertex -13.9884 18.2611 0
      vertex -8.82042 21.2449 0
      vertex -13.772 17.8816 0
    endloop
  endfacet
  facet normal -0 0 -1
    outer loop
      vertex -8.82042 21.2449 0
      vertex -13.9884 18.2611 0
      vertex -8.94009 21.4149 0
    endloop
  endfacet
  facet normal 0 0 -1
    outer loop
      vertex -13.6459 13.6955 0
      vertex -9.19239 9.19239 0
      vertex -9.77392 8.5715 0
    endloop
  endfacet
  facet normal 0 0 -1
    outer loop
      vertex -14.0758 18.4498 0
      vertex -8.94009 21.4149 0
      vertex -13.9884 18.2611 0
    endloop
  endfacet
  facet normal -0 0 -1
    outer loop
      vertex -8.94009 21.4149 0
      vertex -14.0758 18.4498 0
      vertex -9.09373 21.6149 0
    endloop
  endfacet
  facet normal 0 0 -1
    outer loop
      vertex -14.5124 12.7737 0
      vertex -9.77392 8.5715 0
      vertex -10.3136 7.9139 0
    endloop
  endfacet
  facet normal 0 0 -1
    outer loop
      vertex -14.1722 18.6828 0
      vertex -9.09373 21.6149 0
      vertex -14.0758 18.4498 0
    endloop
  endfacet
  facet normal 0 0 -1
    outer loop
      vertex -15.3168 11.7972 0
      vertex -10.3136 7.9139 0
      vertex -10.8091 7.22241 0
    endloop
  endfacet
  facet normal -0 0 -1
    outer loop
      vertex -9.09373 21.6149 0
      vertex -14.1722 18.6828 0
      vertex -9.28645 21.8446 0
    endloop
  endfacet
  facet normal 0 0 -1
    outer loop
      vertex -15.3168 11.7972 0
      vertex -10.8091 7.22241 0
      vertex -11.2583 6.5 0
    endloop
  endfacet
  facet normal 0 0 -1
    outer loop
      vertex -17.8729 7.36567 0
      vertex -11.2583 6.5 0
      vertex -11.6593 5.74975 0
    endloop
  endfacet
  facet normal 0 0 -1
    outer loop
      vertex -14.2748 18.9646 0
      vertex -9.28645 21.8446 0
      vertex -14.1722 18.6828 0
    endloop
  endfacet
  facet normal -0 0 -1
    outer loop
      vertex -9.28645 21.8446 0
      vertex -14.2748 18.9646 0
      vertex -9.52425 22.1041 0
    endloop
  endfacet
  facet normal 0 0 -1
    outer loop
      vertex -17.8729 7.36567 0
      vertex -11.6593 5.74975 0
      vertex -12.0104 4.97488 0
    endloop
  endfacet
  facet normal 0 0 -1
    outer loop
      vertex -17.8729 7.36567 0
      vertex -12.0104 4.97488 0
      vertex -12.3101 4.17871 0
    endloop
  endfacet
  facet normal 0 0 -1
    outer loop
      vertex -18.296 6.2477 0
      vertex -12.3101 4.17871 0
      vertex -12.557 3.36465 0
    endloop
  endfacet
  facet normal 0 0 -1
    outer loop
      vertex -8.5715 9.77392 0
      vertex -12.721 14.5587 0
      vertex -11.7956 15.3153 0
    endloop
  endfacet
  facet normal 0 0 -1
    outer loop
      vertex -18.6654 5.0377 0
      vertex -12.557 3.36465 0
      vertex -12.7502 2.53617 0
    endloop
  endfacet
  facet normal 0 0 -1
    outer loop
      vertex -18.955 3.80613 0
      vertex -12.7502 2.53617 0
      vertex -12.8888 1.69684 0
    endloop
  endfacet
  facet normal 0 0 -1
    outer loop
      vertex -19.1633 2.55828 0
      vertex -12.8888 1.69684 0
      vertex -12.9722 0.85024 0
    endloop
  endfacet
  facet normal 0 0 -1
    outer loop
      vertex -19.1633 2.55828 0
      vertex -12.9722 0.85024 0
      vertex -13 0 0
    endloop
  endfacet
  facet normal 0 0 -1
    outer loop
      vertex -9.19239 9.19239 0
      vertex -13.6459 13.6955 0
      vertex -12.721 14.5587 0
    endloop
  endfacet
  facet normal 0 0 -1
    outer loop
      vertex 12.7502 2.53617 0
      vertex 18.9687 3.73733 0
      vertex 12.8888 1.69684 0
    endloop
  endfacet
  facet normal 0 0 -1
    outer loop
      vertex 19.1633 -2.55828 0
      vertex 12.9722 -0.85024 0
      vertex 13 0 0
    endloop
  endfacet
  facet normal 0 0 -1
    outer loop
      vertex 18.955 -3.80613 0
      vertex 12.7502 -2.53617 0
      vertex 12.8888 -1.69684 0
    endloop
  endfacet
  facet normal 0 0 -1
    outer loop
      vertex 9.19239 -9.19239 0
      vertex 13.6459 -13.6955 0
      vertex 12.721 -14.5587 0
    endloop
  endfacet
  facet normal 0 0 -1
    outer loop
      vertex 18.6654 -5.0377 0
      vertex 12.557 -3.36465 0
      vertex 12.7502 -2.53617 0
    endloop
  endfacet
  facet normal 0 0 -1
    outer loop
      vertex 18.296 -6.2477 0
      vertex 12.3101 -4.17871 0
      vertex 12.557 -3.36465 0
    endloop
  endfacet
  facet normal 0 0 -1
    outer loop
      vertex 17.8729 -7.36567 0
      vertex 12.0104 -4.97488 0
      vertex 12.3101 -4.17871 0
    endloop
  endfacet
  facet normal 0 0 -1
    outer loop
      vertex 8.5715 -9.77392 0
      vertex 12.721 -14.5587 0
      vertex 11.7956 -15.3153 0
    endloop
  endfacet
  facet normal 0 0 -1
    outer loop
      vertex 17.8729 -7.36567 0
      vertex 11.6593 -5.74975 0
      vertex 12.0104 -4.97488 0
    endloop
  endfacet
  facet normal -0 0 -1
    outer loop
      vertex 14.1722 -18.6828 0
      vertex 9.09373 -21.6149 0
      vertex 14.0758 -18.4498 0
    endloop
  endfacet
  facet normal 0 0 -1
    outer loop
      vertex 17.8729 -7.36567 0
      vertex 11.2583 -6.5 0
      vertex 11.6593 -5.74975 0
    endloop
  endfacet
  facet normal 0 0 -1
    outer loop
      vertex 8.94009 -21.4149 0
      vertex 14.0758 -18.4498 0
      vertex 9.09373 -21.6149 0
    endloop
  endfacet
  facet normal 0 0 -1
    outer loop
      vertex 15.3168 -11.7972 0
      vertex 10.8091 -7.22241 0
      vertex 11.2583 -6.5 0
    endloop
  endfacet
  facet normal -0 0 -1
    outer loop
      vertex 14.0758 -18.4498 0
      vertex 8.94009 -21.4149 0
      vertex 13.9884 -18.2611 0
    endloop
  endfacet
  facet normal 0 0 -1
    outer loop
      vertex 15.3168 -11.7972 0
      vertex 10.3136 -7.9139 0
      vertex 10.8091 -7.22241 0
    endloop
  endfacet
  facet normal 0 0 -1
    outer loop
      vertex 8.82042 -21.2449 0
      vertex 13.9884 -18.2611 0
      vertex 8.94009 -21.4149 0
    endloop
  endfacet
  facet normal -0 0 -1
    outer loop
      vertex 13.9884 -18.2611 0
      vertex 8.82042 -21.2449 0
      vertex 13.9122 -18.113 0
    endloop
  endfacet
  facet normal 0 0 -1
    outer loop
      vertex 14.5124 -12.7737 0
      vertex 9.77392 -8.5715 0
      vertex 10.3136 -7.9139 0
    endloop
  endfacet
  facet normal -0 0 -1
    outer loop
      vertex 13.9122 -18.113 0
      vertex 8.82042 -21.2449 0
      vertex 13.8494 -18.0022 0
    endloop
  endfacet
  facet normal 0 -0 -1
    outer loop
      vertex 13.772 -17.8816 0
      vertex 13.8494 -18.0022 0
      vertex 8.82042 -21.2449 0
    endloop
  endfacet
  facet normal 0 0 -1
    outer loop
      vertex 11.7956 -15.3153 0
      vertex 8.59269 -20.8515 0
      vertex 7.36612 -17.8751 0
    endloop
  endfacet
  facet normal 0 0 -1
    outer loop
      vertex 13.8494 -18.0022 0
      vertex 13.772 -17.8816 0
      vertex 13.802 -17.9259 0
    endloop
  endfacet
  facet normal -0 0 -1
    outer loop
      vertex 13.772 -17.8816 0
      vertex 8.59269 -20.8515 0
      vertex 11.7956 -15.3153 0
    endloop
  endfacet
  facet normal 0 0 -1
    outer loop
      vertex 13.772 -17.8816 0
      vertex 8.82042 -21.2449 0
      vertex 8.59269 -20.8515 0
    endloop
  endfacet
  facet normal 0 0 -1
    outer loop
      vertex 8.59269 -20.8515 0
      vertex 8.82042 -21.2449 0
      vertex 8.73023 -21.1048 0
    endloop
  endfacet
  facet normal 0 0 -1
    outer loop
      vertex 8.59269 -20.8515 0
      vertex 8.73023 -21.1048 0
      vertex 8.66567 -20.995 0
    endloop
  endfacet
  facet normal 0 0 -1
    outer loop
      vertex 8.59269 -20.8515 0
      vertex 8.66567 -20.995 0
      vertex 8.62326 -20.9158 0
    endloop
  endfacet
  facet normal 0 0 -1
    outer loop
      vertex 6.5 -11.2583 0
      vertex 11.7956 -15.3153 0
      vertex 7.36612 -17.8751 0
    endloop
  endfacet
  facet normal 0 0 -1
    outer loop
      vertex 13.6459 -13.6955 0
      vertex 9.19239 -9.19239 0
      vertex 9.77392 -8.5715 0
    endloop
  endfacet
  facet normal 0 0 -1
    outer loop
      vertex 12.721 -14.5587 0
      vertex 8.5715 -9.77392 0
      vertex 9.19239 -9.19239 0
    endloop
  endfacet
  facet normal 0 0 -1
    outer loop
      vertex 11.7956 -15.3153 0
      vertex 7.9139 -10.3136 0
      vertex 8.5715 -9.77392 0
    endloop
  endfacet
  facet normal 0 0 -1
    outer loop
      vertex 11.7956 -15.3153 0
      vertex 7.22241 -10.8091 0
      vertex 7.9139 -10.3136 0
    endloop
  endfacet
  facet normal 0 0 -1
    outer loop
      vertex 11.7956 -15.3153 0
      vertex 6.5 -11.2583 0
      vertex 7.22241 -10.8091 0
    endloop
  endfacet
  facet normal 0 0 -1
    outer loop
      vertex 4.97488 -12.0104 0
      vertex 7.36612 -17.8751 0
      vertex 6.18126 -18.3186 0
    endloop
  endfacet
  facet normal 0 0 -1
    outer loop
      vertex 7.36612 -17.8751 0
      vertex 5.74975 -11.6593 0
      vertex 6.5 -11.2583 0
    endloop
  endfacet
  facet normal 0 0 -1
    outer loop
      vertex 7.36612 -17.8751 0
      vertex 4.97488 -12.0104 0
      vertex 5.74975 -11.6593 0
    endloop
  endfacet
  facet normal 0 0 -1
    outer loop
      vertex 4.17871 -12.3101 0
      vertex 6.18126 -18.3186 0
      vertex 4.96994 -18.6836 0
    endloop
  endfacet
  facet normal 0 0 -1
    outer loop
      vertex 6.18126 -18.3186 0
      vertex 4.17871 -12.3101 0
      vertex 4.97488 -12.0104 0
    endloop
  endfacet
  facet normal 0 0 -1
    outer loop
      vertex 3.36465 -12.557 0
      vertex 4.96994 -18.6836 0
      vertex 3.73733 -18.9687 0
    endloop
  endfacet
  facet normal 0 0 -1
    outer loop
      vertex 4.96994 -18.6836 0
      vertex 3.36465 -12.557 0
      vertex 4.17871 -12.3101 0
    endloop
  endfacet
  facet normal 0 0 -1
    outer loop
      vertex 2.53617 -12.7502 0
      vertex 3.73733 -18.9687 0
      vertex 2.55758 -19.1612 0
    endloop
  endfacet
  facet normal 0 0 -1
    outer loop
      vertex 3.73733 -18.9687 0
      vertex 2.53617 -12.7502 0
      vertex 3.36465 -12.557 0
    endloop
  endfacet
  facet normal 0 0 -1
    outer loop
      vertex 2.98614 -22.3719 0
      vertex -2.98427 -22.3543 0
      vertex 2.55758 -19.1612 0
    endloop
  endfacet
  facet normal 0 0 -1
    outer loop
      vertex -2.55296 -24.7503 0
      vertex 2.55292 -24.7503 0
      vertex 2.36202 -25.26 0
    endloop
  endfacet
  facet normal 0 0 -1
    outer loop
      vertex -2.36207 -25.26 0
      vertex 2.36202 -25.26 0
      vertex 2.11369 -25.8336 0
    endloop
  endfacet
  facet normal 0 0 -1
    outer loop
      vertex -2.11374 -25.8336 0
      vertex 2.11369 -25.8336 0
      vertex 1.79469 -26.4759 0
    endloop
  endfacet
  facet normal 0 -0 -1
    outer loop
      vertex 0 -13 0
      vertex 2.55758 -19.1612 0
      vertex -2.55828 -19.1633 0
    endloop
  endfacet
  facet normal 0 0 -1
    outer loop
      vertex -1.79473 -26.4759 0
      vertex 1.79469 -26.4759 0
      vertex 1.38862 -27.1918 0
    endloop
  endfacet
  facet normal 0 0 -1
    outer loop
      vertex -1.38866 -27.1918 0
      vertex 1.38862 -27.1918 0
      vertex 0.87512 -27.9863 0
    endloop
  endfacet
  facet normal 0 0 -1
    outer loop
      vertex 2.55758 -19.1612 0
      vertex 1.69684 -12.8888 0
      vertex 2.53617 -12.7502 0
    endloop
  endfacet
  facet normal 0 0 -1
    outer loop
      vertex 2.55758 -19.1612 0
      vertex 0.85024 -12.9722 0
      vertex 1.69684 -12.8888 0
    endloop
  endfacet
  facet normal 0 0 -1
    outer loop
      vertex 2.55758 -19.1612 0
      vertex 0 -13 0
      vertex 0.85024 -12.9722 0
    endloop
  endfacet
  facet normal 0 0 -1
    outer loop
      vertex -1.38866 -27.1918 0
      vertex 0.87512 -27.9863 0
      vertex -0.87515 -27.9863 0
    endloop
  endfacet
  facet normal -0 0 -1
    outer loop
      vertex 1.38862 -27.1918 0
      vertex -1.38866 -27.1918 0
      vertex -1.79473 -26.4759 0
    endloop
  endfacet
  facet normal -0 0 -1
    outer loop
      vertex 0 -13 0
      vertex -2.55828 -19.1633 0
      vertex -0.85024 -12.9722 0
    endloop
  endfacet
  facet normal -0 0 -1
    outer loop
      vertex 1.79469 -26.4759 0
      vertex -1.79473 -26.4759 0
      vertex -2.11374 -25.8336 0
    endloop
  endfacet
  facet normal 0 0 -1
    outer loop
      vertex 2.11369 -25.8336 0
      vertex -2.11374 -25.8336 0
      vertex -2.36207 -25.26 0
    endloop
  endfacet
  facet normal 0 0 -1
    outer loop
      vertex 2.36202 -25.26 0
      vertex -2.36207 -25.26 0
      vertex -2.55296 -24.7503 0
    endloop
  endfacet
  facet normal -0 0 -1
    outer loop
      vertex -0.85024 -12.9722 0
      vertex -2.55828 -19.1633 0
      vertex -1.69684 -12.8888 0
    endloop
  endfacet
  facet normal 0 0 -1
    outer loop
      vertex 2.55292 -24.7503 0
      vertex -2.55296 -24.7503 0
      vertex -2.69725 -24.3 0
    endloop
  endfacet
  facet normal -0 0 -1
    outer loop
      vertex -1.69684 -12.8888 0
      vertex -2.55828 -19.1633 0
      vertex -2.53617 -12.7502 0
    endloop
  endfacet
  facet normal 0 0 -1
    outer loop
      vertex -3.80613 -18.955 0
      vertex -2.53617 -12.7502 0
      vertex -2.55828 -19.1633 0
    endloop
  endfacet
  facet normal -0 0 -1
    outer loop
      vertex -2.53617 -12.7502 0
      vertex -3.80613 -18.955 0
      vertex -3.36465 -12.557 0
    endloop
  endfacet
  facet normal 0 0 -1
    outer loop
      vertex -5.0377 -18.6654 0
      vertex -3.36465 -12.557 0
      vertex -3.80613 -18.955 0
    endloop
  endfacet
  facet normal -0 0 -1
    outer loop
      vertex -3.36465 -12.557 0
      vertex -5.0377 -18.6654 0
      vertex -4.17871 -12.3101 0
    endloop
  endfacet
  facet normal 0 0 -1
    outer loop
      vertex -6.2477 -18.296 0
      vertex -4.17871 -12.3101 0
      vertex -5.0377 -18.6654 0
    endloop
  endfacet
  facet normal -0 0 -1
    outer loop
      vertex -4.17871 -12.3101 0
      vertex -6.2477 -18.296 0
      vertex -4.97488 -12.0104 0
    endloop
  endfacet
  facet normal 0 0 -1
    outer loop
      vertex -7.36567 -17.8729 0
      vertex -4.97488 -12.0104 0
      vertex -6.2477 -18.296 0
    endloop
  endfacet
  facet normal -0 0 -1
    outer loop
      vertex -4.97488 -12.0104 0
      vertex -7.36567 -17.8729 0
      vertex -5.74975 -11.6593 0
    endloop
  endfacet
  facet normal -0 0 -1
    outer loop
      vertex -5.74975 -11.6593 0
      vertex -7.36567 -17.8729 0
      vertex -6.5 -11.2583 0
    endloop
  endfacet
  facet normal 0 0 -1
    outer loop
      vertex -11.7972 -15.3168 0
      vertex -6.5 -11.2583 0
      vertex -7.36567 -17.8729 0
    endloop
  endfacet
  facet normal -0 0 -1
    outer loop
      vertex -6.5 -11.2583 0
      vertex -11.7972 -15.3168 0
      vertex -7.22241 -10.8091 0
    endloop
  endfacet
  facet normal -0 0 -1
    outer loop
      vertex -7.22241 -10.8091 0
      vertex -11.7972 -15.3168 0
      vertex -7.9139 -10.3136 0
    endloop
  endfacet
  facet normal 0 0 -1
    outer loop
      vertex -11.7972 -15.3168 0
      vertex -7.36567 -17.8729 0
      vertex -8.59987 -20.8677 0
    endloop
  endfacet
  facet normal 0 0 -1
    outer loop
      vertex -8.66567 -20.995 0
      vertex -8.59987 -20.8677 0
      vertex -8.62326 -20.9158 0
    endloop
  endfacet
  facet normal -0 0 -1
    outer loop
      vertex -8.59987 -20.8677 0
      vertex -8.66567 -20.995 0
      vertex -13.7616 -17.8672 0
    endloop
  endfacet
  facet normal 0 0 -1
    outer loop
      vertex -13.7616 -17.8672 0
      vertex -8.66567 -20.995 0
      vertex -8.73024 -21.1048 0
    endloop
  endfacet
  facet normal 0 0 -1
    outer loop
      vertex -13.7616 -17.8672 0
      vertex -8.73024 -21.1048 0
      vertex -8.82043 -21.2448 0
    endloop
  endfacet
  facet normal 0 0 -1
    outer loop
      vertex -13.9884 -18.2611 0
      vertex -8.82043 -21.2448 0
      vertex -8.9401 -21.4149 0
    endloop
  endfacet
  facet normal 0 0 -1
    outer loop
      vertex -14.0758 -18.4498 0
      vertex -8.9401 -21.4149 0
      vertex -9.09373 -21.6149 0
    endloop
  endfacet
  facet normal -0 0 -1
    outer loop
      vertex -7.9139 -10.3136 0
      vertex -11.7972 -15.3168 0
      vertex -8.5715 -9.77392 0
    endloop
  endfacet
  facet normal 0 0 -1
    outer loop
      vertex -14.1722 -18.6828 0
      vertex -9.09373 -21.6149 0
      vertex -9.28647 -21.8446 0
    endloop
  endfacet
  facet normal 0 0 -1
    outer loop
      vertex -14.2748 -18.9646 0
      vertex -9.28647 -21.8446 0
      vertex -9.52427 -22.1041 0
    endloop
  endfacet
  facet normal 0 0 -1
    outer loop
      vertex -12.7737 -14.5124 0
      vertex -8.5715 -9.77392 0
      vertex -11.7972 -15.3168 0
    endloop
  endfacet
  facet normal 0 0 -1
    outer loop
      vertex -14.3806 -19.3003 0
      vertex -9.52427 -22.1041 0
      vertex -9.81411 -22.393 0
    endloop
  endfacet
  facet normal 0 0 -1
    outer loop
      vertex -14.4858 -19.6958 0
      vertex -9.81411 -22.393 0
      vertex -10.1642 -22.7109 0
    endloop
  endfacet
  facet normal -0 0 -1
    outer loop
      vertex -8.5715 -9.77392 0
      vertex -12.7737 -14.5124 0
      vertex -9.19239 -9.19239 0
    endloop
  endfacet
  facet normal 0 0 -1
    outer loop
      vertex -14.5861 -20.1579 0
      vertex -10.1642 -22.7109 0
      vertex -10.5844 -23.0568 0
    endloop
  endfacet
  facet normal 0 0 -1
    outer loop
      vertex -13.6955 -13.6459 0
      vertex -9.19239 -9.19239 0
      vertex -12.7737 -14.5124 0
    endloop
  endfacet
  facet normal 0 0 -1
    outer loop
      vertex -14.6756 -20.6948 0
      vertex -10.5844 -23.0568 0
      vertex -11.0863 -23.4294 0
    endloop
  endfacet
  facet normal -0 0 -1
    outer loop
      vertex -9.19239 -9.19239 0
      vertex -13.6955 -13.6459 0
      vertex -9.77392 -8.5715 0
    endloop
  endfacet
  facet normal 0 0 -1
    outer loop
      vertex -14.5587 -12.721 0
      vertex -9.77392 -8.5715 0
      vertex -13.6955 -13.6459 0
    endloop
  endfacet
  facet normal 0 0 -1
    outer loop
      vertex -14.7474 -21.3157 0
      vertex -11.0863 -23.4294 0
      vertex -11.6837 -23.8262 0
    endloop
  endfacet
  facet normal -0 0 -1
    outer loop
      vertex -9.77392 -8.5715 0
      vertex -14.5587 -12.721 0
      vertex -10.3136 -7.9139 0
    endloop
  endfacet
  facet normal 0 0 -1
    outer loop
      vertex -15.3153 -11.7956 0
      vertex -10.3136 -7.9139 0
      vertex -14.5587 -12.721 0
    endloop
  endfacet
  facet normal -0 0 -1
    outer loop
      vertex -10.3136 -7.9139 0
      vertex -15.3153 -11.7956 0
      vertex -10.8091 -7.22241 0
    endloop
  endfacet
  facet normal -0 0 -1
    outer loop
      vertex -10.8091 -7.22241 0
      vertex -15.3153 -11.7956 0
      vertex -11.2583 -6.5 0
    endloop
  endfacet
  facet normal 0 0 -1
    outer loop
      vertex -17.8751 -7.36612 0
      vertex -11.2583 -6.5 0
      vertex -15.3153 -11.7956 0
    endloop
  endfacet
  facet normal -0 0 -1
    outer loop
      vertex -11.2583 -6.5 0
      vertex -17.8751 -7.36612 0
      vertex -11.6593 -5.74975 0
    endloop
  endfacet
  facet normal -0 0 -1
    outer loop
      vertex -11.6593 -5.74975 0
      vertex -17.8751 -7.36612 0
      vertex -12.0104 -4.97488 0
    endloop
  endfacet
  facet normal -0 0 -1
    outer loop
      vertex -12.0104 -4.97488 0
      vertex -17.8751 -7.36612 0
      vertex -12.3101 -4.17871 0
    endloop
  endfacet
  facet normal 0 0 -1
    outer loop
      vertex -18.3186 -6.18126 0
      vertex -12.3101 -4.17871 0
      vertex -17.8751 -7.36612 0
    endloop
  endfacet
  facet normal -0 0 -1
    outer loop
      vertex -12.3101 -4.17871 0
      vertex -18.3186 -6.18126 0
      vertex -12.557 -3.36465 0
    endloop
  endfacet
  facet normal 0 0 -1
    outer loop
      vertex -18.6836 -4.96994 0
      vertex -12.557 -3.36465 0
      vertex -18.3186 -6.18126 0
    endloop
  endfacet
  facet normal 0 0 -1
    outer loop
      vertex -9.77392 8.5715 0
      vertex -14.5124 12.7737 0
      vertex -13.6459 13.6955 0
    endloop
  endfacet
  facet normal -0 0 -1
    outer loop
      vertex -12.557 -3.36465 0
      vertex -18.6836 -4.96994 0
      vertex -12.7502 -2.53617 0
    endloop
  endfacet
  facet normal 0 0 -1
    outer loop
      vertex -18.9687 -3.73733 0
      vertex -12.7502 -2.53617 0
      vertex -18.6836 -4.96994 0
    endloop
  endfacet
  facet normal 0 0 -1
    outer loop
      vertex -10.3136 7.9139 0
      vertex -15.3168 11.7972 0
      vertex -14.5124 12.7737 0
    endloop
  endfacet
  facet normal 0 0 -1
    outer loop
      vertex -11.2583 6.5 0
      vertex -17.8729 7.36567 0
      vertex -15.3168 11.7972 0
    endloop
  endfacet
  facet normal -0 0 -1
    outer loop
      vertex -15.3168 11.7972 0
      vertex -17.8729 7.36567 0
      vertex -17.8672 13.7616 0
    endloop
  endfacet
  facet normal -0 0 -1
    outer loop
      vertex -12.7502 -2.53617 0
      vertex -18.9687 -3.73733 0
      vertex -12.8888 -1.69684 0
    endloop
  endfacet
  facet normal 0 0 -1
    outer loop
      vertex -17.8816 -13.772 0
      vertex -17.8751 -7.36612 0
      vertex -15.3153 -11.7956 0
    endloop
  endfacet
  facet normal 0 0 -1
    outer loop
      vertex -18.0022 -13.8494 0
      vertex -17.8816 -13.772 0
      vertex -17.9259 -13.802 0
    endloop
  endfacet
  facet normal -0 0 -1
    outer loop
      vertex -17.8816 -13.772 0
      vertex -18.0022 -13.8494 0
      vertex -20.8515 -8.59269 0
    endloop
  endfacet
  facet normal 0 0 -1
    outer loop
      vertex -20.8515 -8.59269 0
      vertex -18.0022 -13.8494 0
      vertex -18.113 -13.9122 0
    endloop
  endfacet
  facet normal 0 0 -1
    outer loop
      vertex -20.8515 -8.59269 0
      vertex -18.113 -13.9122 0
      vertex -18.2611 -13.9884 0
    endloop
  endfacet
  facet normal 0 0 -1
    outer loop
      vertex -21.2449 -8.82042 0
      vertex -18.2611 -13.9884 0
      vertex -18.4498 -14.0758 0
    endloop
  endfacet
  facet normal 0 0 -1
    outer loop
      vertex -21.4149 -8.94009 0
      vertex -18.4498 -14.0758 0
      vertex -18.6828 -14.1722 0
    endloop
  endfacet
  facet normal 0 0 -1
    outer loop
      vertex -21.6149 -9.09373 0
      vertex -18.6828 -14.1722 0
      vertex -18.9646 -14.2748 0
    endloop
  endfacet
  facet normal 0 0 -1
    outer loop
      vertex -21.8446 -9.28645 0
      vertex -18.9646 -14.2748 0
      vertex -19.3003 -14.3806 0
    endloop
  endfacet
  facet normal 0 0 -1
    outer loop
      vertex -22.1041 -9.52425 0
      vertex -19.3003 -14.3806 0
      vertex -19.6958 -14.4858 0
    endloop
  endfacet
  facet normal 0 0 -1
    outer loop
      vertex -22.393 -9.8141 0
      vertex -19.6958 -14.4858 0
      vertex -20.1579 -14.5861 0
    endloop
  endfacet
  facet normal 0 0 -1
    outer loop
      vertex -22.7109 -10.1642 0
      vertex -20.1579 -14.5861 0
      vertex -20.6948 -14.6756 0
    endloop
  endfacet
  facet normal 0 0 -1
    outer loop
      vertex -17.8816 -13.772 0
      vertex -20.8515 -8.59269 0
      vertex -17.8751 -7.36612 0
    endloop
  endfacet
  facet normal 0 0 -1
    outer loop
      vertex -18.2611 -13.9884 0
      vertex -21.1048 -8.73023 0
      vertex -20.8515 -8.59269 0
    endloop
  endfacet
  facet normal 0 0 -1
    outer loop
      vertex -20.8515 -8.59269 0
      vertex -20.995 -8.66567 0
      vertex -20.9158 -8.62326 0
    endloop
  endfacet
  facet normal 0 0 -1
    outer loop
      vertex -20.8515 -8.59269 0
      vertex -21.1048 -8.73023 0
      vertex -20.995 -8.66567 0
    endloop
  endfacet
  facet normal 0 0 -1
    outer loop
      vertex -18.2611 -13.9884 0
      vertex -21.2449 -8.82042 0
      vertex -21.1048 -8.73023 0
    endloop
  endfacet
  facet normal 0 0 -1
    outer loop
      vertex -23.0568 -10.5844 0
      vertex -20.6948 -14.6756 0
      vertex -21.3157 -14.7473 0
    endloop
  endfacet
  facet normal 0 0 -1
    outer loop
      vertex -18.4498 -14.0758 0
      vertex -21.4149 -8.94009 0
      vertex -21.2449 -8.82042 0
    endloop
  endfacet
  facet normal 0 0 -1
    outer loop
      vertex -18.6828 -14.1722 0
      vertex -21.6149 -9.09373 0
      vertex -21.4149 -8.94009 0
    endloop
  endfacet
  facet normal 0 0 -1
    outer loop
      vertex -18.9646 -14.2748 0
      vertex -21.8446 -9.28645 0
      vertex -21.6149 -9.09373 0
    endloop
  endfacet
  facet normal 0 0 -1
    outer loop
      vertex -23.4294 -11.0863 0
      vertex -21.3157 -14.7473 0
      vertex -22.0315 -14.7922 0
    endloop
  endfacet
  facet normal 0 0 -1
    outer loop
      vertex -19.3003 -14.3806 0
      vertex -22.1041 -9.52425 0
      vertex -21.8446 -9.28645 0
    endloop
  endfacet
  facet normal 0 0 -1
    outer loop
      vertex -19.6958 -14.4858 0
      vertex -22.393 -9.8141 0
      vertex -22.1041 -9.52425 0
    endloop
  endfacet
  facet normal 0 0 -1
    outer loop
      vertex -20.1579 -14.5861 0
      vertex -22.7109 -10.1642 0
      vertex -22.393 -9.8141 0
    endloop
  endfacet
  facet normal 0 0 -1
    outer loop
      vertex -23.8262 -11.6837 0
      vertex -22.0315 -14.7922 0
      vertex -22.8545 -14.7985 0
    endloop
  endfacet
  facet normal 0 0 -1
    outer loop
      vertex -20.6948 -14.6756 0
      vertex -23.0568 -10.5844 0
      vertex -22.7109 -10.1642 0
    endloop
  endfacet
  facet normal 0 0 -1
    outer loop
      vertex -21.3157 -14.7473 0
      vertex -23.4294 -11.0863 0
      vertex -23.0568 -10.5844 0
    endloop
  endfacet
  facet normal 0 0 -1
    outer loop
      vertex -24.2431 -12.3933 0
      vertex -22.8545 -14.7985 0
      vertex -23.7993 -14.751 0
    endloop
  endfacet
  facet normal 0 0 -1
    outer loop
      vertex -22.0315 -14.7922 0
      vertex -23.8262 -11.6837 0
      vertex -23.4294 -11.0863 0
    endloop
  endfacet
  facet normal 0 0 -1
    outer loop
      vertex -22.8545 -14.7985 0
      vertex -24.2431 -12.3933 0
      vertex -23.8262 -11.6837 0
    endloop
  endfacet
  facet normal 0 -0 -1
    outer loop
      vertex -24.2431 -12.3933 0
      vertex -23.7993 -14.751 0
      vertex -24.6744 -13.2353 0
    endloop
  endfacet
  facet normal 0 0 -1
    outer loop
      vertex 12.3933 24.2431 0
      vertex 14.7985 22.8545 0
      vertex 14.7922 22.0315 0
    endloop
  endfacet
  facet normal 0 0 -1
    outer loop
      vertex 11.6837 23.8262 0
      vertex 14.7922 22.0315 0
      vertex 14.7474 21.3157 0
    endloop
  endfacet
  facet normal 0 0 -1
    outer loop
      vertex 11.6837 23.8262 0
      vertex 14.7474 21.3157 0
      vertex 14.6756 20.6948 0
    endloop
  endfacet
  facet normal 0 0 -1
    outer loop
      vertex 11.6837 23.8262 0
      vertex 14.6756 20.6948 0
      vertex 14.5861 20.1579 0
    endloop
  endfacet
  facet normal 0 0 -1
    outer loop
      vertex 11.6837 23.8262 0
      vertex 14.5861 20.1579 0
      vertex 14.4858 19.6958 0
    endloop
  endfacet
  facet normal 0 0 -1
    outer loop
      vertex 11.6837 23.8262 0
      vertex 14.4858 19.6958 0
      vertex 14.3806 19.3003 0
    endloop
  endfacet
  facet normal 0 0 -1
    outer loop
      vertex 11.6837 23.8262 0
      vertex 14.3806 19.3003 0
      vertex 14.2748 18.9646 0
    endloop
  endfacet
  facet normal 0 0 -1
    outer loop
      vertex 11.6837 23.8262 0
      vertex 14.2748 18.9646 0
      vertex 14.1722 18.6828 0
    endloop
  endfacet
  facet normal 0 0 -1
    outer loop
      vertex 11.6837 23.8262 0
      vertex 14.1722 18.6828 0
      vertex 14.0758 18.4498 0
    endloop
  endfacet
  facet normal 0 0 -1
    outer loop
      vertex 11.6837 23.8262 0
      vertex 14.0758 18.4498 0
      vertex 13.9884 18.2611 0
    endloop
  endfacet
  facet normal 0 0 -1
    outer loop
      vertex 13.7616 17.8672 0
      vertex 13.9884 18.2611 0
      vertex 13.9122 18.113 0
    endloop
  endfacet
  facet normal 0 0 -1
    outer loop
      vertex 13.7616 17.8672 0
      vertex 13.9122 18.113 0
      vertex 13.8494 18.0022 0
    endloop
  endfacet
  facet normal 0 0 -1
    outer loop
      vertex 13.7616 17.8672 0
      vertex 13.8494 18.0022 0
      vertex 13.802 17.9259 0
    endloop
  endfacet
  facet normal -0 0 -1
    outer loop
      vertex 13.9884 18.2611 0
      vertex 13.7616 17.8672 0
      vertex 11.6837 23.8262 0
    endloop
  endfacet
  facet normal 0 0 -1
    outer loop
      vertex 14.7922 22.0315 0
      vertex 11.6837 23.8262 0
      vertex 12.3933 24.2431 0
    endloop
  endfacet
  facet normal 0 0 -1
    outer loop
      vertex 14.751 23.7993 0
      vertex 12.3933 24.2431 0
      vertex 13.2353 24.6744 0
    endloop
  endfacet
  facet normal 0 0 -1
    outer loop
      vertex 11.6837 23.8262 0
      vertex 13.7616 17.8672 0
      vertex 11.7972 15.3168 0
    endloop
  endfacet
  facet normal 0 0 -1
    outer loop
      vertex 14.7985 22.8545 0
      vertex 12.3933 24.2431 0
      vertex 14.751 23.7993 0
    endloop
  endfacet
  facet normal 0 0 -1
    outer loop
      vertex 2.98427 22.3543 0
      vertex 2.99283 22.5151 0
      vertex 2.98996 22.4253 0
    endloop
  endfacet
  facet normal -0 0 -1
    outer loop
      vertex 2.99283 22.5151 0
      vertex 2.98427 22.3543 0
      vertex 2.99181 22.6424 0
    endloop
  endfacet
  facet normal 0 0 -1
    outer loop
      vertex 2.98427 22.3543 0
      vertex 2.98374 22.8088 0
      vertex 2.99181 22.6424 0
    endloop
  endfacet
  facet normal 0 0 -1
    outer loop
      vertex 2.98427 22.3543 0
      vertex 2.96513 23.0159 0
      vertex 2.98374 22.8088 0
    endloop
  endfacet
  facet normal 0 0 -1
    outer loop
      vertex 2.98427 22.3543 0
      vertex 2.93206 23.2659 0
      vertex 2.96513 23.0159 0
    endloop
  endfacet
  facet normal 0 0 -1
    outer loop
      vertex 2.98427 22.3543 0
      vertex 2.88003 23.5613 0
      vertex 2.93206 23.2659 0
    endloop
  endfacet
  facet normal 0 0 -1
    outer loop
      vertex 2.98427 22.3543 0
      vertex 2.80381 23.9048 0
      vertex 2.88003 23.5613 0
    endloop
  endfacet
  facet normal 0 0 -1
    outer loop
      vertex 2.98427 22.3543 0
      vertex 2.69725 24.3 0
      vertex 2.80381 23.9048 0
    endloop
  endfacet
  facet normal 0 0 -1
    outer loop
      vertex 2.55296 24.7503 0
      vertex 2.98427 22.3543 0
      vertex 2.55828 19.1633 0
    endloop
  endfacet
  facet normal 0 0 -1
    outer loop
      vertex 2.98427 22.3543 0
      vertex 2.55296 24.7503 0
      vertex 2.69725 24.3 0
    endloop
  endfacet
  facet normal 0 0 -1
    outer loop
      vertex -14.7922 -22.0315 0
      vertex -11.6837 -23.8262 0
      vertex -12.3933 -24.2431 0
    endloop
  endfacet
  facet normal 0 0 -1
    outer loop
      vertex -14.7985 -22.8545 0
      vertex -12.3933 -24.2431 0
      vertex -13.2353 -24.6744 0
    endloop
  endfacet
  facet normal 0 0 -1
    outer loop
      vertex -8.59987 -20.8677 0
      vertex -13.7616 -17.8672 0
      vertex -11.7972 -15.3168 0
    endloop
  endfacet
  facet normal 0 0 -1
    outer loop
      vertex -9.28647 -21.8446 0
      vertex -14.2748 -18.9646 0
      vertex -14.1722 -18.6828 0
    endloop
  endfacet
  facet normal 0 0 -1
    outer loop
      vertex -8.9401 -21.4149 0
      vertex -14.0758 -18.4498 0
      vertex -13.9884 -18.2611 0
    endloop
  endfacet
  facet normal 0 0 -1
    outer loop
      vertex -8.82043 -21.2448 0
      vertex -13.9884 -18.2611 0
      vertex -13.7616 -17.8672 0
    endloop
  endfacet
  facet normal 0 0 -1
    outer loop
      vertex -13.7616 -17.8672 0
      vertex -13.9122 -18.113 0
      vertex -13.8494 -18.0022 0
    endloop
  endfacet
  facet normal 0 0 -1
    outer loop
      vertex -13.7616 -17.8672 0
      vertex -13.8494 -18.0022 0
      vertex -13.802 -17.9259 0
    endloop
  endfacet
  facet normal 0 -0 -1
    outer loop
      vertex -13.9122 -18.113 0
      vertex -13.7616 -17.8672 0
      vertex -13.9884 -18.2611 0
    endloop
  endfacet
  facet normal 0 0 -1
    outer loop
      vertex -9.09373 -21.6149 0
      vertex -14.1722 -18.6828 0
      vertex -14.0758 -18.4498 0
    endloop
  endfacet
  facet normal 0 0 -1
    outer loop
      vertex -9.52427 -22.1041 0
      vertex -14.3806 -19.3003 0
      vertex -14.2748 -18.9646 0
    endloop
  endfacet
  facet normal 0 0 -1
    outer loop
      vertex -9.81411 -22.393 0
      vertex -14.4858 -19.6958 0
      vertex -14.3806 -19.3003 0
    endloop
  endfacet
  facet normal 0 0 -1
    outer loop
      vertex -10.1642 -22.7109 0
      vertex -14.5861 -20.1579 0
      vertex -14.4858 -19.6958 0
    endloop
  endfacet
  facet normal 0 0 -1
    outer loop
      vertex -10.5844 -23.0568 0
      vertex -14.6756 -20.6948 0
      vertex -14.5861 -20.1579 0
    endloop
  endfacet
  facet normal 0 0 -1
    outer loop
      vertex -11.0863 -23.4294 0
      vertex -14.7474 -21.3157 0
      vertex -14.6756 -20.6948 0
    endloop
  endfacet
  facet normal 0 0 -1
    outer loop
      vertex -14.7985 -22.8545 0
      vertex -13.2353 -24.6744 0
      vertex -14.751 -23.7993 0
    endloop
  endfacet
  facet normal 0 0 -1
    outer loop
      vertex -11.6837 -23.8262 0
      vertex -14.7922 -22.0315 0
      vertex -14.7474 -21.3157 0
    endloop
  endfacet
  facet normal 0 0 -1
    outer loop
      vertex -12.3933 -24.2431 0
      vertex -14.7985 -22.8545 0
      vertex -14.7922 -22.0315 0
    endloop
  endfacet
  facet normal 0 0 -1
    outer loop
      vertex 2.69721 -24.3 0
      vertex -2.69725 -24.3 0
      vertex -2.80381 -23.9048 0
    endloop
  endfacet
  facet normal 0 0 -1
    outer loop
      vertex 2.80377 -23.9048 0
      vertex -2.80381 -23.9048 0
      vertex -2.88003 -23.5613 0
    endloop
  endfacet
  facet normal 0 0 -1
    outer loop
      vertex 2.87998 -23.5613 0
      vertex -2.88003 -23.5613 0
      vertex -2.93206 -23.2659 0
    endloop
  endfacet
  facet normal 0 0 -1
    outer loop
      vertex -2.98374 -22.8088 0
      vertex 2.96508 -23.0159 0
      vertex -2.96513 -23.0159 0
    endloop
  endfacet
  facet normal -0 0 -1
    outer loop
      vertex 2.9837 -22.8088 0
      vertex -2.98374 -22.8088 0
      vertex 2.98614 -22.3719 0
    endloop
  endfacet
  facet normal -0 0 -1
    outer loop
      vertex 2.98614 -22.3719 0
      vertex -2.98374 -22.8088 0
      vertex -2.98427 -22.3543 0
    endloop
  endfacet
  facet normal 0 0 -1
    outer loop
      vertex 2.55758 -19.1612 0
      vertex -2.98427 -22.3543 0
      vertex -2.55828 -19.1633 0
    endloop
  endfacet
  facet normal 0 0 -1
    outer loop
      vertex -2.99181 -22.6424 0
      vertex -2.98427 -22.3543 0
      vertex -2.98374 -22.8088 0
    endloop
  endfacet
  facet normal 0 0 -1
    outer loop
      vertex -2.99283 -22.5151 0
      vertex -2.98427 -22.3543 0
      vertex -2.99181 -22.6424 0
    endloop
  endfacet
  facet normal 0 0 -1
    outer loop
      vertex -2.98427 -22.3543 0
      vertex -2.99283 -22.5151 0
      vertex -2.98996 -22.4253 0
    endloop
  endfacet
  facet normal 0 -0 -1
    outer loop
      vertex -1.79469 26.4759 0
      vertex 1.79473 26.4759 0
      vertex -2.11369 25.8336 0
    endloop
  endfacet
  facet normal 0 0 -1
    outer loop
      vertex 2.11374 25.8336 0
      vertex -2.11369 25.8336 0
      vertex 1.79473 26.4759 0
    endloop
  endfacet
  facet normal 0 -0 -1
    outer loop
      vertex -2.11369 25.8336 0
      vertex 2.11374 25.8336 0
      vertex -2.36202 25.26 0
    endloop
  endfacet
  facet normal 0 -0 -1
    outer loop
      vertex -2.36202 25.26 0
      vertex 2.36207 25.26 0
      vertex -2.55292 24.7503 0
    endloop
  endfacet
  facet normal 0 0 -1
    outer loop
      vertex 2.55296 24.7503 0
      vertex -2.55292 24.7503 0
      vertex 2.36207 25.26 0
    endloop
  endfacet
  facet normal 0 -0 -1
    outer loop
      vertex -2.69721 24.3 0
      vertex 2.55296 24.7503 0
      vertex -2.80377 23.9048 0
    endloop
  endfacet
  facet normal 0 -0 -1
    outer loop
      vertex -2.93202 23.2659 0
      vertex 2.55296 24.7503 0
      vertex -2.96508 23.0159 0
    endloop
  endfacet
  facet normal 0 0 -1
    outer loop
      vertex -2.99279 22.515 0
      vertex -2.98614 22.3719 0
      vertex -2.98992 22.4253 0
    endloop
  endfacet
  facet normal 0 0 -1
    outer loop
      vertex -2.98614 22.3719 0
      vertex -2.99178 22.6424 0
      vertex -2.9837 22.8088 0
    endloop
  endfacet
  facet normal 0 0 -1
    outer loop
      vertex -2.98614 22.3719 0
      vertex -2.99279 22.515 0
      vertex -2.99178 22.6424 0
    endloop
  endfacet
  facet normal -0 0 -1
    outer loop
      vertex -9.52425 22.1041 0
      vertex -14.3806 19.3003 0
      vertex -9.8141 22.393 0
    endloop
  endfacet
  facet normal 0 0 -1
    outer loop
      vertex -14.4858 19.6958 0
      vertex -9.8141 22.393 0
      vertex -14.3806 19.3003 0
    endloop
  endfacet
  facet normal 0 0 -1
    outer loop
      vertex -14.5861 20.1579 0
      vertex -10.1642 22.7109 0
      vertex -14.4858 19.6958 0
    endloop
  endfacet
  facet normal 0 0 -1
    outer loop
      vertex -13.8494 18.0022 0
      vertex -13.772 17.8816 0
      vertex -13.802 17.9259 0
    endloop
  endfacet
  facet normal 0 0 -1
    outer loop
      vertex -13.9122 18.113 0
      vertex -13.772 17.8816 0
      vertex -13.8494 18.0022 0
    endloop
  endfacet
  facet normal 0 0 -1
    outer loop
      vertex -13.772 17.8816 0
      vertex -13.9122 18.113 0
      vertex -13.9884 18.2611 0
    endloop
  endfacet
  facet normal 0 0 -1
    outer loop
      vertex -14.3806 19.3003 0
      vertex -9.52425 22.1041 0
      vertex -14.2748 18.9646 0
    endloop
  endfacet
  facet normal -0 0 -1
    outer loop
      vertex -9.8141 22.393 0
      vertex -14.4858 19.6958 0
      vertex -10.1642 22.7109 0
    endloop
  endfacet
  facet normal -0 0 -1
    outer loop
      vertex -10.1642 22.7109 0
      vertex -14.5861 20.1579 0
      vertex -10.5844 23.0568 0
    endloop
  endfacet
  facet normal 0 0 -1
    outer loop
      vertex -14.6756 20.6948 0
      vertex -10.5844 23.0568 0
      vertex -14.5861 20.1579 0
    endloop
  endfacet
  facet normal -0 0 -1
    outer loop
      vertex -10.5844 23.0568 0
      vertex -14.6756 20.6948 0
      vertex -11.0863 23.4294 0
    endloop
  endfacet
  facet normal 0 0 -1
    outer loop
      vertex -14.7473 21.3157 0
      vertex -11.0863 23.4294 0
      vertex -14.6756 20.6948 0
    endloop
  endfacet
  facet normal -0 0 -1
    outer loop
      vertex -11.0863 23.4294 0
      vertex -14.7473 21.3157 0
      vertex -11.6837 23.8262 0
    endloop
  endfacet
  facet normal 0 0 -1
    outer loop
      vertex -14.7922 22.0315 0
      vertex -11.6837 23.8262 0
      vertex -14.7473 21.3157 0
    endloop
  endfacet
  facet normal -0 0 -1
    outer loop
      vertex -11.6837 23.8262 0
      vertex -14.7922 22.0315 0
      vertex -12.3933 24.2431 0
    endloop
  endfacet
  facet normal 0 0 -1
    outer loop
      vertex -14.7985 22.8545 0
      vertex -12.3933 24.2431 0
      vertex -14.7922 22.0315 0
    endloop
  endfacet
  facet normal -0 0 -1
    outer loop
      vertex -12.3933 24.2431 0
      vertex -14.7985 22.8545 0
      vertex -13.2353 24.6744 0
    endloop
  endfacet
  facet normal 0 0 -1
    outer loop
      vertex -13.2353 24.6744 0
      vertex -14.7985 22.8545 0
      vertex -14.751 23.7993 0
    endloop
  endfacet
  facet normal 0 0 -1
    outer loop
      vertex -20.8677 8.59987 0
      vertex -17.8672 13.7616 0
      vertex -17.8729 7.36567 0
    endloop
  endfacet
  facet normal 0 -0 -1
    outer loop
      vertex -18.113 13.9122 0
      vertex -17.8672 13.7616 0
      vertex -20.8677 8.59987 0
    endloop
  endfacet
  facet normal 0 0 -1
    outer loop
      vertex -17.8672 13.7616 0
      vertex -18.0022 13.8494 0
      vertex -17.9259 13.802 0
    endloop
  endfacet
  facet normal 0 0 -1
    outer loop
      vertex -17.8672 13.7616 0
      vertex -18.113 13.9122 0
      vertex -18.0022 13.8494 0
    endloop
  endfacet
  facet normal -0 0 -1
    outer loop
      vertex -18.113 13.9122 0
      vertex -20.8677 8.59987 0
      vertex -18.2611 13.9884 0
    endloop
  endfacet
  facet normal 0 0 -1
    outer loop
      vertex -21.1048 8.73024 0
      vertex -18.2611 13.9884 0
      vertex -20.8677 8.59987 0
    endloop
  endfacet
  facet normal 0 0 -1
    outer loop
      vertex -21.2448 8.82043 0
      vertex -18.2611 13.9884 0
      vertex -21.1048 8.73024 0
    endloop
  endfacet
  facet normal -0 0 -1
    outer loop
      vertex -18.2611 13.9884 0
      vertex -21.2448 8.82043 0
      vertex -18.4498 14.0758 0
    endloop
  endfacet
  facet normal 0 0 -1
    outer loop
      vertex -21.4149 8.9401 0
      vertex -18.4498 14.0758 0
      vertex -21.2448 8.82043 0
    endloop
  endfacet
  facet normal -0 0 -1
    outer loop
      vertex -18.4498 14.0758 0
      vertex -21.4149 8.9401 0
      vertex -18.6828 14.1722 0
    endloop
  endfacet
  facet normal 0 0 -1
    outer loop
      vertex -21.6149 9.09373 0
      vertex -18.6828 14.1722 0
      vertex -21.4149 8.9401 0
    endloop
  endfacet
  facet normal -0 0 -1
    outer loop
      vertex -18.6828 14.1722 0
      vertex -21.6149 9.09373 0
      vertex -18.9646 14.2748 0
    endloop
  endfacet
  facet normal 0 0 -1
    outer loop
      vertex -20.995 8.66567 0
      vertex -20.8677 8.59987 0
      vertex -20.9158 8.62326 0
    endloop
  endfacet
  facet normal 0 0 -1
    outer loop
      vertex -21.1048 8.73024 0
      vertex -20.8677 8.59987 0
      vertex -20.995 8.66567 0
    endloop
  endfacet
  facet normal 0 0 -1
    outer loop
      vertex -21.8446 9.28647 0
      vertex -18.9646 14.2748 0
      vertex -21.6149 9.09373 0
    endloop
  endfacet
  facet normal -0 0 -1
    outer loop
      vertex -18.9646 14.2748 0
      vertex -21.8446 9.28647 0
      vertex -19.3003 14.3806 0
    endloop
  endfacet
  facet normal 0 0 -1
    outer loop
      vertex -22.1041 9.52427 0
      vertex -19.3003 14.3806 0
      vertex -21.8446 9.28647 0
    endloop
  endfacet
  facet normal -0 0 -1
    outer loop
      vertex -19.3003 14.3806 0
      vertex -22.1041 9.52427 0
      vertex -19.6958 14.4858 0
    endloop
  endfacet
  facet normal 0 0 -1
    outer loop
      vertex -22.393 9.81411 0
      vertex -19.6958 14.4858 0
      vertex -22.1041 9.52427 0
    endloop
  endfacet
  facet normal -0 0 -1
    outer loop
      vertex -19.6958 14.4858 0
      vertex -22.393 9.81411 0
      vertex -20.1579 14.5861 0
    endloop
  endfacet
  facet normal 0 0 -1
    outer loop
      vertex -22.7109 10.1642 0
      vertex -20.1579 14.5861 0
      vertex -22.393 9.81411 0
    endloop
  endfacet
  facet normal -0 0 -1
    outer loop
      vertex -20.1579 14.5861 0
      vertex -22.7109 10.1642 0
      vertex -20.6948 14.6756 0
    endloop
  endfacet
  facet normal 0 0 -1
    outer loop
      vertex -23.0568 10.5844 0
      vertex -20.6948 14.6756 0
      vertex -22.7109 10.1642 0
    endloop
  endfacet
  facet normal -0 0 -1
    outer loop
      vertex -20.6948 14.6756 0
      vertex -23.0568 10.5844 0
      vertex -21.3157 14.7474 0
    endloop
  endfacet
  facet normal 0 0 -1
    outer loop
      vertex -23.4294 11.0863 0
      vertex -21.3157 14.7474 0
      vertex -23.0568 10.5844 0
    endloop
  endfacet
  facet normal -0 0 -1
    outer loop
      vertex -21.3157 14.7474 0
      vertex -23.4294 11.0863 0
      vertex -22.0315 14.7922 0
    endloop
  endfacet
  facet normal 0 0 -1
    outer loop
      vertex -23.8262 11.6837 0
      vertex -22.0315 14.7922 0
      vertex -23.4294 11.0863 0
    endloop
  endfacet
  facet normal -0 0 -1
    outer loop
      vertex -22.0315 14.7922 0
      vertex -23.8262 11.6837 0
      vertex -22.8545 14.7985 0
    endloop
  endfacet
  facet normal 0 0 -1
    outer loop
      vertex -24.2431 12.3933 0
      vertex -22.8545 14.7985 0
      vertex -23.8262 11.6837 0
    endloop
  endfacet
  facet normal 0 0 -1
    outer loop
      vertex -22.8545 14.7985 0
      vertex -24.2431 12.3933 0
      vertex -23.7993 14.751 0
    endloop
  endfacet
  facet normal 0 0 -1
    outer loop
      vertex -23.7993 14.751 0
      vertex -24.2431 12.3933 0
      vertex -24.6744 13.2353 0
    endloop
  endfacet
  facet normal 0 0 -1
    outer loop
      vertex -12.3101 4.17871 0
      vertex -18.296 6.2477 0
      vertex -17.8729 7.36567 0
    endloop
  endfacet
  facet normal 0 0 -1
    outer loop
      vertex -19.1612 -2.55758 0
      vertex -12.8888 -1.69684 0
      vertex -18.9687 -3.73733 0
    endloop
  endfacet
  facet normal 0 0 -1
    outer loop
      vertex -12.557 3.36465 0
      vertex -18.6654 5.0377 0
      vertex -18.296 6.2477 0
    endloop
  endfacet
  facet normal -0 0 -1
    outer loop
      vertex -12.8888 -1.69684 0
      vertex -19.1612 -2.55758 0
      vertex -12.9722 -0.85024 0
    endloop
  endfacet
  facet normal 0 0 -1
    outer loop
      vertex -12.7502 2.53617 0
      vertex -18.955 3.80613 0
      vertex -18.6654 5.0377 0
    endloop
  endfacet
  facet normal -0 0 -1
    outer loop
      vertex -12.9722 -0.85024 0
      vertex -19.1612 -2.55758 0
      vertex -13 0 0
    endloop
  endfacet
  facet normal 0 0 -1
    outer loop
      vertex -19.1633 2.55828 0
      vertex -13 0 0
      vertex -19.1612 -2.55758 0
    endloop
  endfacet
  facet normal 0 0 -1
    outer loop
      vertex -12.8888 1.69684 0
      vertex -19.1633 2.55828 0
      vertex -18.955 3.80613 0
    endloop
  endfacet
  facet normal 0 0 -1
    outer loop
      vertex -19.1612 -2.55758 0
      vertex -22.3543 2.98427 0
      vertex -19.1633 2.55828 0
    endloop
  endfacet
  facet normal 0 0 -1
    outer loop
      vertex -22.3719 -2.98614 0
      vertex -22.3543 2.98427 0
      vertex -19.1612 -2.55758 0
    endloop
  endfacet
  facet normal 0 0 -1
    outer loop
      vertex -22.515 -2.99279 0
      vertex -22.3719 -2.98614 0
      vertex -22.4253 -2.98992 0
    endloop
  endfacet
  facet normal -0 0 -1
    outer loop
      vertex -22.3719 -2.98614 0
      vertex -22.515 -2.99279 0
      vertex -22.3543 2.98427 0
    endloop
  endfacet
  facet normal 0 0 -1
    outer loop
      vertex -22.6424 -2.99178 0
      vertex -22.3543 2.98427 0
      vertex -22.515 -2.99279 0
    endloop
  endfacet
  facet normal 0 0 -1
    outer loop
      vertex -22.3543 2.98427 0
      vertex -22.5151 2.99283 0
      vertex -22.4253 2.98996 0
    endloop
  endfacet
  facet normal 0 0 -1
    outer loop
      vertex -22.6424 2.99181 0
      vertex -22.3543 2.98427 0
      vertex -22.6424 -2.99178 0
    endloop
  endfacet
  facet normal 0 0 -1
    outer loop
      vertex -22.3543 2.98427 0
      vertex -22.6424 2.99181 0
      vertex -22.5151 2.99283 0
    endloop
  endfacet
  facet normal 0 0 -1
    outer loop
      vertex -22.8088 -2.9837 0
      vertex -22.6424 2.99181 0
      vertex -22.6424 -2.99178 0
    endloop
  endfacet
  facet normal 0 0 -1
    outer loop
      vertex -22.8088 -2.9837 0
      vertex -22.8088 2.98374 0
      vertex -22.6424 2.99181 0
    endloop
  endfacet
  facet normal 0 0 -1
    outer loop
      vertex -23.0159 -2.96508 0
      vertex -22.8088 2.98374 0
      vertex -22.8088 -2.9837 0
    endloop
  endfacet
  facet normal 0 0 -1
    outer loop
      vertex -23.0159 -2.96508 0
      vertex -23.0159 2.96513 0
      vertex -22.8088 2.98374 0
    endloop
  endfacet
  facet normal 0 0 -1
    outer loop
      vertex -23.2659 -2.93202 0
      vertex -23.0159 2.96513 0
      vertex -23.0159 -2.96508 0
    endloop
  endfacet
  facet normal 0 0 -1
    outer loop
      vertex -23.2659 -2.93202 0
      vertex -23.2659 2.93206 0
      vertex -23.0159 2.96513 0
    endloop
  endfacet
  facet normal 0 0 -1
    outer loop
      vertex -23.5613 -2.87998 0
      vertex -23.2659 2.93206 0
      vertex -23.2659 -2.93202 0
    endloop
  endfacet
  facet normal 0 0 -1
    outer loop
      vertex -23.5613 -2.87998 0
      vertex -23.5613 2.88003 0
      vertex -23.2659 2.93206 0
    endloop
  endfacet
  facet normal 0 0 -1
    outer loop
      vertex -23.5613 -2.87998 0
      vertex -23.9048 2.80381 0
      vertex -23.5613 2.88003 0
    endloop
  endfacet
  facet normal 0 0 -1
    outer loop
      vertex -23.9048 -2.80377 0
      vertex -23.9048 2.80381 0
      vertex -23.5613 -2.87998 0
    endloop
  endfacet
  facet normal 0 0 -1
    outer loop
      vertex -24.3 -2.69721 0
      vertex -23.9048 2.80381 0
      vertex -23.9048 -2.80377 0
    endloop
  endfacet
  facet normal 0 0 -1
    outer loop
      vertex -24.3 -2.69721 0
      vertex -24.3 2.69725 0
      vertex -23.9048 2.80381 0
    endloop
  endfacet
  facet normal 0 0 -1
    outer loop
      vertex -24.3 -2.69721 0
      vertex -24.7503 2.55296 0
      vertex -24.3 2.69725 0
    endloop
  endfacet
  facet normal 0 0 -1
    outer loop
      vertex -24.7503 -2.55292 0
      vertex -24.7503 2.55296 0
      vertex -24.3 -2.69721 0
    endloop
  endfacet
  facet normal 0 0 -1
    outer loop
      vertex -24.7503 -2.55292 0
      vertex -25.26 2.36207 0
      vertex -24.7503 2.55296 0
    endloop
  endfacet
  facet normal 0 0 -1
    outer loop
      vertex -25.26 -2.36202 0
      vertex -25.26 2.36207 0
      vertex -24.7503 -2.55292 0
    endloop
  endfacet
  facet normal 0 0 -1
    outer loop
      vertex -25.26 -2.36202 0
      vertex -25.8336 2.11374 0
      vertex -25.26 2.36207 0
    endloop
  endfacet
  facet normal 0 0 -1
    outer loop
      vertex -25.8336 -2.11369 0
      vertex -25.8336 2.11374 0
      vertex -25.26 -2.36202 0
    endloop
  endfacet
  facet normal 0 0 -1
    outer loop
      vertex -26.4759 -1.79469 0
      vertex -25.8336 2.11374 0
      vertex -25.8336 -2.11369 0
    endloop
  endfacet
  facet normal 0 0 -1
    outer loop
      vertex -26.4759 -1.79469 0
      vertex -26.4759 1.79473 0
      vertex -25.8336 2.11374 0
    endloop
  endfacet
  facet normal 0 0 -1
    outer loop
      vertex -27.1918 -1.38862 0
      vertex -26.4759 1.79473 0
      vertex -26.4759 -1.79469 0
    endloop
  endfacet
  facet normal 0 0 -1
    outer loop
      vertex -27.1918 -1.38862 0
      vertex -27.1918 1.38866 0
      vertex -26.4759 1.79473 0
    endloop
  endfacet
  facet normal 0 0 -1
    outer loop
      vertex -27.9863 -0.87512 0
      vertex -27.1918 1.38866 0
      vertex -27.1918 -1.38862 0
    endloop
  endfacet
  facet normal 0 0 -1
    outer loop
      vertex -27.1918 1.38866 0
      vertex -27.9863 -0.87512 0
      vertex -27.9863 0.87515 0
    endloop
  endfacet
  facet normal 0 0 1
    outer loop
      vertex -2.55 7.73863 27
      vertex -2.61972 7.71747 27
      vertex -2.55 7.73862 27
    endloop
  endfacet
  facet normal -0 0 1
    outer loop
      vertex -2.61973 7.71748 27
      vertex -2.61972 7.71747 27
      vertex -2.55 7.73863 27
    endloop
  endfacet
  facet normal 0 0 1
    outer loop
      vertex -2.61973 7.71748 27
      vertex -3.11887 7.52962 27
      vertex -2.61972 7.71747 27
    endloop
  endfacet
  facet normal -0 0 1
    outer loop
      vertex -3.60465 7.30951 27
      vertex -3.60464 7.30951 27
      vertex -3.11887 7.52962 27
    endloop
  endfacet
  facet normal 0 0 1
    outer loop
      vertex -3.60465 7.30951 27
      vertex -4.075 7.05811 27
      vertex -3.60464 7.30951 27
    endloop
  endfacet
  facet normal -0 0 1
    outer loop
      vertex -4.5279 6.77648 27
      vertex -4.52789 6.77647 27
      vertex -4.075 7.05811 27
    endloop
  endfacet
  facet normal 0 0 1
    outer loop
      vertex -4.5279 6.77648 27
      vertex -4.9614 6.46582 27
      vertex -4.52789 6.77647 27
    endloop
  endfacet
  facet normal -0 0 1
    outer loop
      vertex -4.9614 6.46583 27
      vertex -4.9614 6.46582 27
      vertex -4.5279 6.77648 27
    endloop
  endfacet
  facet normal 0 0 1
    outer loop
      vertex -4.9614 6.46583 27
      vertex -5.37366 6.12749 27
      vertex -4.9614 6.46582 27
    endloop
  endfacet
  facet normal -0 0 1
    outer loop
      vertex -5.37367 6.12749 27
      vertex -5.37366 6.12749 27
      vertex -4.9614 6.46583 27
    endloop
  endfacet
  facet normal 0 0 1
    outer loop
      vertex -5.37367 6.12749 27
      vertex -5.76291 5.76291 27
      vertex -5.37366 6.12749 27
    endloop
  endfacet
  facet normal -0 0 1
    outer loop
      vertex -5.76292 5.76292 27
      vertex -5.76291 5.76291 27
      vertex -5.37367 6.12749 27
    endloop
  endfacet
  facet normal 0 0 1
    outer loop
      vertex -6.12749 5.37367 27
      vertex -5.76291 5.76291 27
      vertex -5.76292 5.76292 27
    endloop
  endfacet
  facet normal 0 0 1
    outer loop
      vertex -5.76291 5.76291 27
      vertex -6.12749 5.37367 27
      vertex -6.12749 5.37366 27
    endloop
  endfacet
  facet normal 0 0 1
    outer loop
      vertex -6.46583 4.9614 27
      vertex -6.12749 5.37366 27
      vertex -6.12749 5.37367 27
    endloop
  endfacet
  facet normal 0 0 1
    outer loop
      vertex -6.12749 5.37366 27
      vertex -6.46583 4.9614 27
      vertex -6.46582 4.9614 27
    endloop
  endfacet
  facet normal 0 0 1
    outer loop
      vertex -6.77648 4.5279 27
      vertex -6.46582 4.9614 27
      vertex -6.46583 4.9614 27
    endloop
  endfacet
  facet normal 0 0 1
    outer loop
      vertex -6.46582 4.9614 27
      vertex -6.77648 4.5279 27
      vertex -6.77647 4.52789 27
    endloop
  endfacet
  facet normal 0 0 1
    outer loop
      vertex -7.05811 4.075 27
      vertex -6.77647 4.52789 27
      vertex -6.77648 4.5279 27
    endloop
  endfacet
  facet normal 0 0 1
    outer loop
      vertex -7.05811 4.075 27
      vertex -7.30951 3.60465 27
      vertex -7.30951 3.60464 27
    endloop
  endfacet
  facet normal 0 0 1
    outer loop
      vertex -7.52962 3.11887 27
      vertex -7.30951 3.60464 27
      vertex -7.30951 3.60465 27
    endloop
  endfacet
  facet normal 0 0 1
    outer loop
      vertex -7.52962 3.11887 27
      vertex -7.71748 2.61973 27
      vertex -7.71747 2.61972 27
    endloop
  endfacet
  facet normal 0 0 1
    outer loop
      vertex -7.8723 2.10938 27
      vertex -7.71747 2.61972 27
      vertex -7.71748 2.61973 27
    endloop
  endfacet
  facet normal 0 0 1
    outer loop
      vertex -7.71747 2.61972 27
      vertex -7.8723 2.10938 27
      vertex -7.87228 2.10938 27
    endloop
  endfacet
  facet normal 0 0 1
    outer loop
      vertex -7.9934 1.58999 27
      vertex -7.87228 2.10938 27
      vertex -7.8723 2.10938 27
    endloop
  endfacet
  facet normal 0 0 1
    outer loop
      vertex -7.87228 2.10938 27
      vertex -7.9934 1.58999 27
      vertex -7.99339 1.58998 27
    endloop
  endfacet
  facet normal 0 0 1
    outer loop
      vertex -8.08028 1.06379 27
      vertex -7.99339 1.58998 27
      vertex -7.9934 1.58999 27
    endloop
  endfacet
  facet normal 0 0 1
    outer loop
      vertex -7.99339 1.58998 27
      vertex -8.08028 1.06379 27
      vertex -8.08026 1.06378 27
    endloop
  endfacet
  facet normal 0 0 1
    outer loop
      vertex -8.13255 0.533035 27
      vertex -8.08026 1.06378 27
      vertex -8.08028 1.06379 27
    endloop
  endfacet
  facet normal 0 0 1
    outer loop
      vertex -8.08026 1.06378 27
      vertex -8.13255 0.533035 27
      vertex -8.13254 0.533035 27
    endloop
  endfacet
  facet normal -0 0 1
    outer loop
      vertex -8.13255 0.533035 27
      vertex -8.14999 0 27
      vertex -8.13254 0.533035 27
    endloop
  endfacet
  facet normal 0 -0 1
    outer loop
      vertex -8.14999 0 27
      vertex -8.13255 0.533035 27
      vertex -8.15 0 27
    endloop
  endfacet
  facet normal 0 0 1
    outer loop
      vertex 8.13255 0.533035 27
      vertex 8.14999 0 27
      vertex 8.15 0 27
    endloop
  endfacet
  facet normal 0 0 1
    outer loop
      vertex 8.13255 0.533035 27
      vertex 8.13254 0.533035 27
      vertex 8.14999 0 27
    endloop
  endfacet
  facet normal -0 0 1
    outer loop
      vertex 8.08026 1.06378 27
      vertex 8.13255 0.533035 27
      vertex 8.08028 1.06379 27
    endloop
  endfacet
  facet normal 0 0 1
    outer loop
      vertex 8.13255 0.533035 27
      vertex 8.08026 1.06378 27
      vertex 8.13254 0.533035 27
    endloop
  endfacet
  facet normal -0 0 1
    outer loop
      vertex 7.99339 1.58998 27
      vertex 8.08028 1.06379 27
      vertex 7.9934 1.58999 27
    endloop
  endfacet
  facet normal 0 0 1
    outer loop
      vertex 8.08028 1.06379 27
      vertex 7.99339 1.58998 27
      vertex 8.08026 1.06378 27
    endloop
  endfacet
  facet normal -0 0 1
    outer loop
      vertex 7.87228 2.10938 27
      vertex 7.9934 1.58999 27
      vertex 7.8723 2.10938 27
    endloop
  endfacet
  facet normal 0 0 1
    outer loop
      vertex 7.9934 1.58999 27
      vertex 7.87228 2.10938 27
      vertex 7.99339 1.58998 27
    endloop
  endfacet
  facet normal -0 0 1
    outer loop
      vertex 7.71747 2.61972 27
      vertex 7.8723 2.10938 27
      vertex 7.71748 2.61973 27
    endloop
  endfacet
  facet normal 0 0 1
    outer loop
      vertex 7.8723 2.10938 27
      vertex 7.71747 2.61972 27
      vertex 7.87228 2.10938 27
    endloop
  endfacet
  facet normal 0 0 1
    outer loop
      vertex 7.71748 2.61973 27
      vertex 7.52962 3.11887 27
      vertex 7.71747 2.61972 27
    endloop
  endfacet
  facet normal -0 0 1
    outer loop
      vertex 7.30951 3.60464 27
      vertex 7.52962 3.11887 27
      vertex 7.30951 3.60465 27
    endloop
  endfacet
  facet normal 0 0 1
    outer loop
      vertex 7.30951 3.60465 27
      vertex 7.05811 4.075 27
      vertex 7.30951 3.60464 27
    endloop
  endfacet
  facet normal -0 0 1
    outer loop
      vertex 6.77647 4.52789 27
      vertex 7.05811 4.075 27
      vertex 6.77648 4.5279 27
    endloop
  endfacet
  facet normal -0 0 1
    outer loop
      vertex 6.46582 4.9614 27
      vertex 6.77648 4.5279 27
      vertex 6.46583 4.9614 27
    endloop
  endfacet
  facet normal 0 0 1
    outer loop
      vertex 6.77648 4.5279 27
      vertex 6.46582 4.9614 27
      vertex 6.77647 4.52789 27
    endloop
  endfacet
  facet normal -0 0 1
    outer loop
      vertex 6.12749 5.37366 27
      vertex 6.46583 4.9614 27
      vertex 6.12749 5.37367 27
    endloop
  endfacet
  facet normal 0 0 1
    outer loop
      vertex 6.46583 4.9614 27
      vertex 6.12749 5.37366 27
      vertex 6.46582 4.9614 27
    endloop
  endfacet
  facet normal -0 0 1
    outer loop
      vertex 5.76291 5.76291 27
      vertex 6.12749 5.37367 27
      vertex 5.76292 5.76292 27
    endloop
  endfacet
  facet normal 0 0 1
    outer loop
      vertex 6.12749 5.37367 27
      vertex 5.76291 5.76291 27
      vertex 6.12749 5.37366 27
    endloop
  endfacet
  facet normal 0 0 1
    outer loop
      vertex 5.37367 6.12749 27
      vertex 5.76291 5.76291 27
      vertex 5.76292 5.76292 27
    endloop
  endfacet
  facet normal 0 0 1
    outer loop
      vertex 5.37367 6.12749 27
      vertex 5.37366 6.12749 27
      vertex 5.76291 5.76291 27
    endloop
  endfacet
  facet normal 0 0 1
    outer loop
      vertex 4.9614 6.46583 27
      vertex 5.37366 6.12749 27
      vertex 5.37367 6.12749 27
    endloop
  endfacet
  facet normal 0 0 1
    outer loop
      vertex 4.9614 6.46583 27
      vertex 4.9614 6.46582 27
      vertex 5.37366 6.12749 27
    endloop
  endfacet
  facet normal 0 0 1
    outer loop
      vertex 4.5279 6.77648 27
      vertex 4.9614 6.46582 27
      vertex 4.9614 6.46583 27
    endloop
  endfacet
  facet normal 0 0 1
    outer loop
      vertex 4.5279 6.77648 27
      vertex 4.52789 6.77647 27
      vertex 4.9614 6.46582 27
    endloop
  endfacet
  facet normal 0 0 1
    outer loop
      vertex 4.075 7.05811 27
      vertex 4.52789 6.77647 27
      vertex 4.5279 6.77648 27
    endloop
  endfacet
  facet normal 0 0 1
    outer loop
      vertex 3.60465 7.30951 27
      vertex 3.60464 7.30951 27
      vertex 4.075 7.05811 27
    endloop
  endfacet
  facet normal 0 0 1
    outer loop
      vertex 3.11887 7.52962 27
      vertex 3.60464 7.30951 27
      vertex 3.60465 7.30951 27
    endloop
  endfacet
  facet normal 0 0 1
    outer loop
      vertex 2.61973 7.71748 27
      vertex 2.61972 7.71747 27
      vertex 3.11887 7.52962 27
    endloop
  endfacet
  facet normal 0 0 1
    outer loop
      vertex 2.55 7.73863 27
      vertex 2.61972 7.71747 27
      vertex 2.61973 7.71748 27
    endloop
  endfacet
  facet normal 0 0 1
    outer loop
      vertex 2.61972 7.71747 27
      vertex 2.55 7.73863 27
      vertex 2.55 7.73862 27
    endloop
  endfacet
  facet normal -0 0 1
    outer loop
      vertex 8.14999 0 27
      vertex 8.13255 -0.533035 27
      vertex 8.15 0 27
    endloop
  endfacet
  facet normal 0 0 1
    outer loop
      vertex 8.13254 -0.533035 27
      vertex 8.13255 -0.533035 27
      vertex 8.14999 0 27
    endloop
  endfacet
  facet normal 0 0 1
    outer loop
      vertex 8.08026 -1.06378 27
      vertex 8.13255 -0.533035 27
      vertex 8.13254 -0.533035 27
    endloop
  endfacet
  facet normal 0 0 1
    outer loop
      vertex 8.13255 -0.533035 27
      vertex 8.08026 -1.06378 27
      vertex 8.08028 -1.06379 27
    endloop
  endfacet
  facet normal 0 0 1
    outer loop
      vertex 7.99339 -1.58998 27
      vertex 8.08028 -1.06379 27
      vertex 8.08026 -1.06378 27
    endloop
  endfacet
  facet normal 0 0 1
    outer loop
      vertex 8.08028 -1.06379 27
      vertex 7.99339 -1.58998 27
      vertex 7.9934 -1.58999 27
    endloop
  endfacet
  facet normal 0 0 1
    outer loop
      vertex 7.87228 -2.10938 27
      vertex 7.9934 -1.58999 27
      vertex 7.99339 -1.58998 27
    endloop
  endfacet
  facet normal 0 0 1
    outer loop
      vertex 7.9934 -1.58999 27
      vertex 7.87228 -2.10938 27
      vertex 7.8723 -2.10938 27
    endloop
  endfacet
  facet normal 0 0 1
    outer loop
      vertex 7.71747 -2.61972 27
      vertex 7.8723 -2.10938 27
      vertex 7.87228 -2.10938 27
    endloop
  endfacet
  facet normal 0 0 1
    outer loop
      vertex 7.8723 -2.10938 27
      vertex 7.71747 -2.61972 27
      vertex 7.71748 -2.61973 27
    endloop
  endfacet
  facet normal 0 0 1
    outer loop
      vertex 7.52962 -3.11887 27
      vertex 7.71748 -2.61973 27
      vertex 7.71747 -2.61972 27
    endloop
  endfacet
  facet normal 0 0 1
    outer loop
      vertex 7.52962 -3.11887 27
      vertex 7.30951 -3.60464 27
      vertex 7.30951 -3.60465 27
    endloop
  endfacet
  facet normal 0 0 1
    outer loop
      vertex 7.05811 -4.075 27
      vertex 7.30951 -3.60465 27
      vertex 7.30951 -3.60464 27
    endloop
  endfacet
  facet normal 0 0 1
    outer loop
      vertex 7.05811 -4.075 27
      vertex 6.77647 -4.52789 27
      vertex 6.77648 -4.5279 27
    endloop
  endfacet
  facet normal 0 0 1
    outer loop
      vertex 6.46582 -4.9614 27
      vertex 6.77648 -4.5279 27
      vertex 6.77647 -4.52789 27
    endloop
  endfacet
  facet normal 0 0 1
    outer loop
      vertex 6.77648 -4.5279 27
      vertex 6.46582 -4.9614 27
      vertex 6.46583 -4.9614 27
    endloop
  endfacet
  facet normal 0 0 1
    outer loop
      vertex 6.12749 -5.37366 27
      vertex 6.46583 -4.9614 27
      vertex 6.46582 -4.9614 27
    endloop
  endfacet
  facet normal 0 0 1
    outer loop
      vertex 6.46583 -4.9614 27
      vertex 6.12749 -5.37366 27
      vertex 6.12749 -5.37367 27
    endloop
  endfacet
  facet normal 0 0 1
    outer loop
      vertex 5.76291 -5.76291 27
      vertex 6.12749 -5.37367 27
      vertex 6.12749 -5.37366 27
    endloop
  endfacet
  facet normal 0 0 1
    outer loop
      vertex 6.12749 -5.37367 27
      vertex 5.76291 -5.76291 27
      vertex 5.76292 -5.76292 27
    endloop
  endfacet
  facet normal 0 0 1
    outer loop
      vertex 5.76291 -5.76291 27
      vertex 5.37367 -6.12749 27
      vertex 5.76292 -5.76292 27
    endloop
  endfacet
  facet normal -0 0 1
    outer loop
      vertex 5.37366 -6.12749 27
      vertex 5.37367 -6.12749 27
      vertex 5.76291 -5.76291 27
    endloop
  endfacet
  facet normal 0 0 1
    outer loop
      vertex 5.37366 -6.12749 27
      vertex 4.9614 -6.46583 27
      vertex 5.37367 -6.12749 27
    endloop
  endfacet
  facet normal -0 0 1
    outer loop
      vertex 4.9614 -6.46582 27
      vertex 4.9614 -6.46583 27
      vertex 5.37366 -6.12749 27
    endloop
  endfacet
  facet normal 0 0 1
    outer loop
      vertex 4.9614 -6.46582 27
      vertex 4.5279 -6.77648 27
      vertex 4.9614 -6.46583 27
    endloop
  endfacet
  facet normal -0 0 1
    outer loop
      vertex 4.52789 -6.77647 27
      vertex 4.5279 -6.77648 27
      vertex 4.9614 -6.46582 27
    endloop
  endfacet
  facet normal 0 0 1
    outer loop
      vertex 4.52789 -6.77647 27
      vertex 4.075 -7.05811 27
      vertex 4.5279 -6.77648 27
    endloop
  endfacet
  facet normal -0 0 1
    outer loop
      vertex 3.60464 -7.30951 27
      vertex 3.60465 -7.30951 27
      vertex 4.075 -7.05811 27
    endloop
  endfacet
  facet normal 0 0 1
    outer loop
      vertex 3.60464 -7.30951 27
      vertex 3.11887 -7.52962 27
      vertex 3.60465 -7.30951 27
    endloop
  endfacet
  facet normal -0 0 1
    outer loop
      vertex 2.61972 -7.71747 27
      vertex 2.61973 -7.71748 27
      vertex 3.11887 -7.52962 27
    endloop
  endfacet
  facet normal 0 0 1
    outer loop
      vertex 2.10938 -7.8723 27
      vertex 2.61972 -7.71747 27
      vertex 2.10938 -7.87228 27
    endloop
  endfacet
  facet normal 0 0 1
    outer loop
      vertex 2.61972 -7.71747 27
      vertex 2.10938 -7.8723 27
      vertex 2.61973 -7.71748 27
    endloop
  endfacet
  facet normal 0 0 1
    outer loop
      vertex 2.10938 -7.87228 27
      vertex 1.58999 -7.9934 27
      vertex 2.10938 -7.8723 27
    endloop
  endfacet
  facet normal -0 0 1
    outer loop
      vertex 1.58998 -7.99339 27
      vertex 1.58999 -7.9934 27
      vertex 2.10938 -7.87228 27
    endloop
  endfacet
  facet normal 0 0 1
    outer loop
      vertex 1.58998 -7.99339 27
      vertex 1.06379 -8.08028 27
      vertex 1.58999 -7.9934 27
    endloop
  endfacet
  facet normal -0 0 1
    outer loop
      vertex 1.06378 -8.08026 27
      vertex 1.06379 -8.08028 27
      vertex 1.58998 -7.99339 27
    endloop
  endfacet
  facet normal 0 0 1
    outer loop
      vertex 0.533035 -8.13255 27
      vertex 1.06378 -8.08026 27
      vertex 0.533035 -8.13254 27
    endloop
  endfacet
  facet normal 0 0 1
    outer loop
      vertex 1.06378 -8.08026 27
      vertex 0.533035 -8.13255 27
      vertex 1.06379 -8.08028 27
    endloop
  endfacet
  facet normal 0 0 1
    outer loop
      vertex 0 -8.14999 27
      vertex 0.533035 -8.13255 27
      vertex 0.533035 -8.13254 27
    endloop
  endfacet
  facet normal -0 0 1
    outer loop
      vertex 0 -8.14999 27
      vertex 0 -8.15 27
      vertex 0.533035 -8.13255 27
    endloop
  endfacet
  facet normal -0 0 1
    outer loop
      vertex -0.533035 -8.13255 27
      vertex 0 -8.14999 27
      vertex -0.533035 -8.13254 27
    endloop
  endfacet
  facet normal 0 0 1
    outer loop
      vertex 0 -8.14999 27
      vertex -0.533035 -8.13255 27
      vertex 0 -8.15 27
    endloop
  endfacet
  facet normal 0 0 1
    outer loop
      vertex -1.06378 -8.08026 27
      vertex -0.533035 -8.13255 27
      vertex -0.533035 -8.13254 27
    endloop
  endfacet
  facet normal 0 0 1
    outer loop
      vertex -1.06378 -8.08026 27
      vertex -1.06379 -8.08028 27
      vertex -0.533035 -8.13255 27
    endloop
  endfacet
  facet normal 0 0 1
    outer loop
      vertex -1.58998 -7.99339 27
      vertex -1.06379 -8.08028 27
      vertex -1.06378 -8.08026 27
    endloop
  endfacet
  facet normal 0 0 1
    outer loop
      vertex -1.58998 -7.99339 27
      vertex -1.58999 -7.9934 27
      vertex -1.06379 -8.08028 27
    endloop
  endfacet
  facet normal 0 0 1
    outer loop
      vertex -2.10938 -7.87228 27
      vertex -1.58999 -7.9934 27
      vertex -1.58998 -7.99339 27
    endloop
  endfacet
  facet normal 0 0 1
    outer loop
      vertex -2.10938 -7.87228 27
      vertex -2.10938 -7.8723 27
      vertex -1.58999 -7.9934 27
    endloop
  endfacet
  facet normal 0 0 1
    outer loop
      vertex -2.61972 -7.71747 27
      vertex -2.10938 -7.8723 27
      vertex -2.10938 -7.87228 27
    endloop
  endfacet
  facet normal 0 0 1
    outer loop
      vertex -2.61972 -7.71747 27
      vertex -2.61973 -7.71748 27
      vertex -2.10938 -7.8723 27
    endloop
  endfacet
  facet normal 0 0 1
    outer loop
      vertex -3.11887 -7.52962 27
      vertex -2.61973 -7.71748 27
      vertex -2.61972 -7.71747 27
    endloop
  endfacet
  facet normal 0 0 1
    outer loop
      vertex -3.60464 -7.30951 27
      vertex -3.60465 -7.30951 27
      vertex -3.11887 -7.52962 27
    endloop
  endfacet
  facet normal 0 0 1
    outer loop
      vertex -4.075 -7.05811 27
      vertex -3.60465 -7.30951 27
      vertex -3.60464 -7.30951 27
    endloop
  endfacet
  facet normal 0 0 1
    outer loop
      vertex -4.52789 -6.77647 27
      vertex -4.5279 -6.77648 27
      vertex -4.075 -7.05811 27
    endloop
  endfacet
  facet normal 0 0 1
    outer loop
      vertex -4.9614 -6.46582 27
      vertex -4.5279 -6.77648 27
      vertex -4.52789 -6.77647 27
    endloop
  endfacet
  facet normal 0 0 1
    outer loop
      vertex -4.9614 -6.46582 27
      vertex -4.9614 -6.46583 27
      vertex -4.5279 -6.77648 27
    endloop
  endfacet
  facet normal 0 0 1
    outer loop
      vertex -5.37366 -6.12749 27
      vertex -4.9614 -6.46583 27
      vertex -4.9614 -6.46582 27
    endloop
  endfacet
  facet normal 0 0 1
    outer loop
      vertex -5.37366 -6.12749 27
      vertex -5.37367 -6.12749 27
      vertex -4.9614 -6.46583 27
    endloop
  endfacet
  facet normal 0 0 1
    outer loop
      vertex -5.76291 -5.76291 27
      vertex -5.37367 -6.12749 27
      vertex -5.37366 -6.12749 27
    endloop
  endfacet
  facet normal 0 0 1
    outer loop
      vertex -5.76291 -5.76291 27
      vertex -5.76292 -5.76292 27
      vertex -5.37367 -6.12749 27
    endloop
  endfacet
  facet normal -0 0 1
    outer loop
      vertex -6.12749 -5.37367 27
      vertex -5.76291 -5.76291 27
      vertex -6.12749 -5.37366 27
    endloop
  endfacet
  facet normal 0 0 1
    outer loop
      vertex -5.76291 -5.76291 27
      vertex -6.12749 -5.37367 27
      vertex -5.76292 -5.76292 27
    endloop
  endfacet
  facet normal -0 0 1
    outer loop
      vertex -6.46583 -4.9614 27
      vertex -6.12749 -5.37366 27
      vertex -6.46582 -4.9614 27
    endloop
  endfacet
  facet normal 0 0 1
    outer loop
      vertex -6.12749 -5.37366 27
      vertex -6.46583 -4.9614 27
      vertex -6.12749 -5.37367 27
    endloop
  endfacet
  facet normal -0 0 1
    outer loop
      vertex -6.77648 -4.5279 27
      vertex -6.46582 -4.9614 27
      vertex -6.77647 -4.52789 27
    endloop
  endfacet
  facet normal 0 0 1
    outer loop
      vertex -6.46582 -4.9614 27
      vertex -6.77648 -4.5279 27
      vertex -6.46583 -4.9614 27
    endloop
  endfacet
  facet normal 0 0 1
    outer loop
      vertex -6.77647 -4.52789 27
      vertex -7.05811 -4.075 27
      vertex -6.77648 -4.5279 27
    endloop
  endfacet
  facet normal -0 0 1
    outer loop
      vertex -7.30951 -3.60465 27
      vertex -7.05811 -4.075 27
      vertex -7.30951 -3.60464 27
    endloop
  endfacet
  facet normal 0 0 1
    outer loop
      vertex -7.30951 -3.60464 27
      vertex -7.52962 -3.11887 27
      vertex -7.30951 -3.60465 27
    endloop
  endfacet
  facet normal -0 0 1
    outer loop
      vertex -7.71748 -2.61973 27
      vertex -7.52962 -3.11887 27
      vertex -7.71747 -2.61972 27
    endloop
  endfacet
  facet normal -0 0 1
    outer loop
      vertex -7.8723 -2.10938 27
      vertex -7.71747 -2.61972 27
      vertex -7.87228 -2.10938 27
    endloop
  endfacet
  facet normal 0 0 1
    outer loop
      vertex -7.71747 -2.61972 27
      vertex -7.8723 -2.10938 27
      vertex -7.71748 -2.61973 27
    endloop
  endfacet
  facet normal -0 0 1
    outer loop
      vertex -7.9934 -1.58999 27
      vertex -7.87228 -2.10938 27
      vertex -7.99339 -1.58998 27
    endloop
  endfacet
  facet normal 0 0 1
    outer loop
      vertex -7.87228 -2.10938 27
      vertex -7.9934 -1.58999 27
      vertex -7.8723 -2.10938 27
    endloop
  endfacet
  facet normal -0 0 1
    outer loop
      vertex -8.08028 -1.06379 27
      vertex -7.99339 -1.58998 27
      vertex -8.08026 -1.06378 27
    endloop
  endfacet
  facet normal 0 0 1
    outer loop
      vertex -7.99339 -1.58998 27
      vertex -8.08028 -1.06379 27
      vertex -7.9934 -1.58999 27
    endloop
  endfacet
  facet normal -0 0 1
    outer loop
      vertex -8.13255 -0.533035 27
      vertex -8.08026 -1.06378 27
      vertex -8.13254 -0.533035 27
    endloop
  endfacet
  facet normal 0 0 1
    outer loop
      vertex -8.08026 -1.06378 27
      vertex -8.13255 -0.533035 27
      vertex -8.08028 -1.06379 27
    endloop
  endfacet
  facet normal 0 0 1
    outer loop
      vertex -8.14999 0 27
      vertex -8.13255 -0.533035 27
      vertex -8.13254 -0.533035 27
    endloop
  endfacet
  facet normal 0 0 1
    outer loop
      vertex -8.13255 -0.533035 27
      vertex -8.14999 0 27
      vertex -8.15 0 27
    endloop
  endfacet
  facet normal 0 0 1
    outer loop
      vertex 2.98427 22.3543 27
      vertex 2.99283 22.5151 27
      vertex 2.99181 22.6424 27
    endloop
  endfacet
  facet normal 0 0 1
    outer loop
      vertex 2.99283 22.5151 27
      vertex 2.98427 22.3543 27
      vertex 2.98996 22.4253 27
    endloop
  endfacet
  facet normal 0 0 1
    outer loop
      vertex 2.98374 22.8088 27
      vertex 2.98427 22.3543 27
      vertex 2.99181 22.6424 27
    endloop
  endfacet
  facet normal 0 0 1
    outer loop
      vertex -2.9837 22.8088 27
      vertex 2.98374 22.8088 27
      vertex 2.96513 23.0159 27
    endloop
  endfacet
  facet normal 0 0 1
    outer loop
      vertex -2.96508 23.0159 27
      vertex 2.96513 23.0159 27
      vertex 2.93206 23.2659 27
    endloop
  endfacet
  facet normal 0 0 1
    outer loop
      vertex -2.93202 23.2659 27
      vertex 2.93206 23.2659 27
      vertex 2.88003 23.5613 27
    endloop
  endfacet
  facet normal 0 0 1
    outer loop
      vertex -2.87998 23.5613 27
      vertex 2.88003 23.5613 27
      vertex 2.80381 23.9048 27
    endloop
  endfacet
  facet normal -0 0 1
    outer loop
      vertex -2.80377 23.9048 27
      vertex 2.80381 23.9048 27
      vertex 2.69725 24.3 27
    endloop
  endfacet
  facet normal 0 0 1
    outer loop
      vertex 2.93206 23.2659 27
      vertex -2.93202 23.2659 27
      vertex -2.96508 23.0159 27
    endloop
  endfacet
  facet normal 0 0 1
    outer loop
      vertex -2.69721 24.3 27
      vertex 2.69725 24.3 27
      vertex 2.55296 24.7503 27
    endloop
  endfacet
  facet normal 0 0 1
    outer loop
      vertex 12.3933 24.2431 27
      vertex 14.7985 22.8545 27
      vertex 14.751 23.7993 27
    endloop
  endfacet
  facet normal 0 0 1
    outer loop
      vertex 14.7985 22.8545 27
      vertex 12.3933 24.2431 27
      vertex 14.7922 22.0315 27
    endloop
  endfacet
  facet normal -0 0 1
    outer loop
      vertex 11.6837 23.8262 27
      vertex 14.7922 22.0315 27
      vertex 12.3933 24.2431 27
    endloop
  endfacet
  facet normal 0 0 1
    outer loop
      vertex 14.7922 22.0315 27
      vertex 11.6837 23.8262 27
      vertex 14.7474 21.3157 27
    endloop
  endfacet
  facet normal 0 0 1
    outer loop
      vertex 14.7474 21.3157 27
      vertex 11.0863 23.4294 27
      vertex 14.6756 20.6948 27
    endloop
  endfacet
  facet normal -0 0 1
    outer loop
      vertex 10.5844 23.0568 27
      vertex 14.6756 20.6948 27
      vertex 11.0863 23.4294 27
    endloop
  endfacet
  facet normal 0 0 1
    outer loop
      vertex 14.6756 20.6948 27
      vertex 10.5844 23.0568 27
      vertex 14.5861 20.1579 27
    endloop
  endfacet
  facet normal -0 0 1
    outer loop
      vertex 10.1642 22.7109 27
      vertex 14.5861 20.1579 27
      vertex 10.5844 23.0568 27
    endloop
  endfacet
  facet normal 0 0 1
    outer loop
      vertex 14.5861 20.1579 27
      vertex 10.1642 22.7109 27
      vertex 14.4858 19.6958 27
    endloop
  endfacet
  facet normal -0 0 1
    outer loop
      vertex 9.81411 22.393 27
      vertex 14.4858 19.6958 27
      vertex 10.1642 22.7109 27
    endloop
  endfacet
  facet normal 0 0 1
    outer loop
      vertex 14.4858 19.6958 27
      vertex 9.81411 22.393 27
      vertex 14.3806 19.3003 27
    endloop
  endfacet
  facet normal -0 0 1
    outer loop
      vertex 9.52427 22.1041 27
      vertex 14.3806 19.3003 27
      vertex 9.81411 22.393 27
    endloop
  endfacet
  facet normal 0 0 1
    outer loop
      vertex 14.3806 19.3003 27
      vertex 9.52427 22.1041 27
      vertex 14.2748 18.9646 27
    endloop
  endfacet
  facet normal -0 0 1
    outer loop
      vertex 9.28647 21.8446 27
      vertex 14.2748 18.9646 27
      vertex 9.52427 22.1041 27
    endloop
  endfacet
  facet normal -0 0 1
    outer loop
      vertex 12.3933 24.2431 27
      vertex 14.751 23.7993 27
      vertex 13.2353 24.6744 27
    endloop
  endfacet
  facet normal -0 0 1
    outer loop
      vertex 11.0863 23.4294 27
      vertex 14.7474 21.3157 27
      vertex 11.6837 23.8262 27
    endloop
  endfacet
  facet normal 0 0 1
    outer loop
      vertex 14.2748 18.9646 27
      vertex 9.28647 21.8446 27
      vertex 14.1722 18.6828 27
    endloop
  endfacet
  facet normal -0 0 1
    outer loop
      vertex 9.09373 21.6149 27
      vertex 14.1722 18.6828 27
      vertex 9.28647 21.8446 27
    endloop
  endfacet
  facet normal 0 0 1
    outer loop
      vertex 19.1612 2.5576 27
      vertex 14.9679 0.981047 27
      vertex 15 0 27
    endloop
  endfacet
  facet normal 0 0 1
    outer loop
      vertex 17.8751 7.36612 27
      vertex 14.8717 1.95789 27
      vertex 14.9679 0.981047 27
    endloop
  endfacet
  facet normal 0 0 1
    outer loop
      vertex 17.8751 7.36612 27
      vertex 14.7118 2.92635 27
      vertex 14.8717 1.95789 27
    endloop
  endfacet
  facet normal 0 0 1
    outer loop
      vertex 11.9003 9.13142 27
      vertex 15.3153 11.7956 27
      vertex 14.5587 12.721 27
    endloop
  endfacet
  facet normal 0 0 1
    outer loop
      vertex 17.8751 7.36612 27
      vertex 14.4889 3.88229 27
      vertex 14.7118 2.92635 27
    endloop
  endfacet
  facet normal 0 0 1
    outer loop
      vertex 17.8751 7.36612 27
      vertex 14.204 4.82159 27
      vertex 14.4889 3.88229 27
    endloop
  endfacet
  facet normal 0 0 1
    outer loop
      vertex 17.8751 7.36612 27
      vertex 13.8582 5.74025 27
      vertex 14.204 4.82159 27
    endloop
  endfacet
  facet normal 0 0 1
    outer loop
      vertex 11.2776 9.89019 27
      vertex 14.5587 12.721 27
      vertex 13.6955 13.6459 27
    endloop
  endfacet
  facet normal 0 0 1
    outer loop
      vertex 17.8751 7.36612 27
      vertex 13.4531 6.63433 27
      vertex 13.8582 5.74025 27
    endloop
  endfacet
  facet normal 0 0 1
    outer loop
      vertex 17.8751 7.36612 27
      vertex 12.9904 7.5 27
      vertex 13.4531 6.63433 27
    endloop
  endfacet
  facet normal 0 0 1
    outer loop
      vertex 10.6066 10.6066 27
      vertex 13.6955 13.6459 27
      vertex 12.7737 14.5124 27
    endloop
  endfacet
  facet normal 0 0 1
    outer loop
      vertex 15.3153 11.7956 27
      vertex 12.472 8.33355 27
      vertex 12.9904 7.5 27
    endloop
  endfacet
  facet normal 0 0 1
    outer loop
      vertex 15.3153 11.7956 27
      vertex 11.9003 9.13142 27
      vertex 12.472 8.33355 27
    endloop
  endfacet
  facet normal 0 0 1
    outer loop
      vertex 9.89019 11.2776 27
      vertex 12.7737 14.5124 27
      vertex 11.7972 15.3168 27
    endloop
  endfacet
  facet normal 0 0 1
    outer loop
      vertex 14.5587 12.721 27
      vertex 11.2776 9.89019 27
      vertex 11.9003 9.13142 27
    endloop
  endfacet
  facet normal 0 0 1
    outer loop
      vertex 14.1722 18.6828 27
      vertex 9.09373 21.6149 27
      vertex 14.0758 18.4498 27
    endloop
  endfacet
  facet normal -0 0 1
    outer loop
      vertex 8.9401 21.4149 27
      vertex 14.0758 18.4498 27
      vertex 9.09373 21.6149 27
    endloop
  endfacet
  facet normal 0 0 1
    outer loop
      vertex 13.6955 13.6459 27
      vertex 10.6066 10.6066 27
      vertex 11.2776 9.89019 27
    endloop
  endfacet
  facet normal 0 0 1
    outer loop
      vertex 14.0758 18.4498 27
      vertex 8.9401 21.4149 27
      vertex 13.9884 18.2611 27
    endloop
  endfacet
  facet normal -0 0 1
    outer loop
      vertex 8.82043 21.2448 27
      vertex 13.9884 18.2611 27
      vertex 8.9401 21.4149 27
    endloop
  endfacet
  facet normal 0 0 1
    outer loop
      vertex 12.7737 14.5124 27
      vertex 9.89019 11.2776 27
      vertex 10.6066 10.6066 27
    endloop
  endfacet
  facet normal 0 0 1
    outer loop
      vertex 13.9884 18.2611 27
      vertex 8.82043 21.2448 27
      vertex 13.9122 18.113 27
    endloop
  endfacet
  facet normal 0 -0 1
    outer loop
      vertex 13.7616 17.8672 27
      vertex 13.9122 18.113 27
      vertex 8.82043 21.2448 27
    endloop
  endfacet
  facet normal 0 0 1
    outer loop
      vertex 13.8494 18.0022 27
      vertex 13.7616 17.8672 27
      vertex 13.802 17.9259 27
    endloop
  endfacet
  facet normal -0 0 1
    outer loop
      vertex 7.36567 17.8729 27
      vertex 11.7972 15.3168 27
      vertex 8.59987 20.8677 27
    endloop
  endfacet
  facet normal 0 0 1
    outer loop
      vertex 13.9122 18.113 27
      vertex 13.7616 17.8672 27
      vertex 13.8494 18.0022 27
    endloop
  endfacet
  facet normal 0 0 1
    outer loop
      vertex 13.7616 17.8672 27
      vertex 8.59987 20.8677 27
      vertex 11.7972 15.3168 27
    endloop
  endfacet
  facet normal 0 0 1
    outer loop
      vertex 13.7616 17.8672 27
      vertex 8.82043 21.2448 27
      vertex 8.59987 20.8677 27
    endloop
  endfacet
  facet normal 0 0 1
    outer loop
      vertex 8.59987 20.8677 27
      vertex 8.82043 21.2448 27
      vertex 8.73024 21.1048 27
    endloop
  endfacet
  facet normal 0 0 1
    outer loop
      vertex 8.59987 20.8677 27
      vertex 8.73024 21.1048 27
      vertex 8.66567 20.995 27
    endloop
  endfacet
  facet normal 0 0 1
    outer loop
      vertex 8.59987 20.8677 27
      vertex 8.66567 20.995 27
      vertex 8.62326 20.9158 27
    endloop
  endfacet
  facet normal 0 -0 1
    outer loop
      vertex 7.5 12.9904 27
      vertex 11.7972 15.3168 27
      vertex 7.36567 17.8729 27
    endloop
  endfacet
  facet normal 0 0 1
    outer loop
      vertex 11.7972 15.3168 27
      vertex 9.13142 11.9003 27
      vertex 9.89019 11.2776 27
    endloop
  endfacet
  facet normal 0 0 1
    outer loop
      vertex 11.7972 15.3168 27
      vertex 8.33355 12.472 27
      vertex 9.13142 11.9003 27
    endloop
  endfacet
  facet normal 0 0 1
    outer loop
      vertex 11.7972 15.3168 27
      vertex 7.5 12.9904 27
      vertex 8.33355 12.472 27
    endloop
  endfacet
  facet normal 0 0 1
    outer loop
      vertex 7.36567 17.8729 27
      vertex 6.63433 13.4531 27
      vertex 7.5 12.9904 27
    endloop
  endfacet
  facet normal 0 0 1
    outer loop
      vertex 5.74025 13.8582 27
      vertex 7.36567 17.8729 27
      vertex 6.2477 18.296 27
    endloop
  endfacet
  facet normal 0 0 1
    outer loop
      vertex 7.36567 17.8729 27
      vertex 5.74025 13.8582 27
      vertex 6.63433 13.4531 27
    endloop
  endfacet
  facet normal 0 0 1
    outer loop
      vertex 4.82159 14.204 27
      vertex 6.2477 18.296 27
      vertex 5.0377 18.6654 27
    endloop
  endfacet
  facet normal 0 0 1
    outer loop
      vertex 6.2477 18.296 27
      vertex 4.82159 14.204 27
      vertex 5.74025 13.8582 27
    endloop
  endfacet
  facet normal 0 0 1
    outer loop
      vertex 5.0377 18.6654 27
      vertex 3.88229 14.4889 27
      vertex 4.82159 14.204 27
    endloop
  endfacet
  facet normal 0 0 1
    outer loop
      vertex 3.80613 18.955 27
      vertex 3.88229 14.4889 27
      vertex 5.0377 18.6654 27
    endloop
  endfacet
  facet normal 0 0 1
    outer loop
      vertex 3.80613 18.955 27
      vertex 2.92635 14.7118 27
      vertex 3.88229 14.4889 27
    endloop
  endfacet
  facet normal 0 0 1
    outer loop
      vertex 2.55828 19.1633 27
      vertex 2.92635 14.7118 27
      vertex 3.80613 18.955 27
    endloop
  endfacet
  facet normal -0 0 1
    outer loop
      vertex -2.55292 24.7503 27
      vertex 2.55296 24.7503 27
      vertex 2.36207 25.26 27
    endloop
  endfacet
  facet normal -0 0 1
    outer loop
      vertex -2.36202 25.26 27
      vertex 2.36207 25.26 27
      vertex 2.11374 25.8336 27
    endloop
  endfacet
  facet normal 0 0 1
    outer loop
      vertex 2.55828 19.1633 27
      vertex 1.95789 14.8717 27
      vertex 2.92635 14.7118 27
    endloop
  endfacet
  facet normal 0 0 1
    outer loop
      vertex 2.98427 22.3543 27
      vertex -2.98614 22.3719 27
      vertex 2.55828 19.1633 27
    endloop
  endfacet
  facet normal -0 0 1
    outer loop
      vertex -2.11369 25.8336 27
      vertex 2.11374 25.8336 27
      vertex 1.79473 26.4759 27
    endloop
  endfacet
  facet normal 0 0 1
    outer loop
      vertex -1.79469 26.4759 27
      vertex 1.79473 26.4759 27
      vertex 1.38866 27.1918 27
    endloop
  endfacet
  facet normal 0 -0 1
    outer loop
      vertex 0 15 27
      vertex 2.55828 19.1633 27
      vertex -2.55758 19.1612 27
    endloop
  endfacet
  facet normal 0 0 1
    outer loop
      vertex -1.38862 27.1918 27
      vertex 1.38866 27.1918 27
      vertex 0.87515 27.9863 27
    endloop
  endfacet
  facet normal 0 0 1
    outer loop
      vertex 2.55828 19.1633 27
      vertex 0.981047 14.9679 27
      vertex 1.95789 14.8717 27
    endloop
  endfacet
  facet normal 0 0 1
    outer loop
      vertex -1.38862 27.1918 27
      vertex 0.87515 27.9863 27
      vertex -0.87512 27.9863 27
    endloop
  endfacet
  facet normal 0 0 1
    outer loop
      vertex 1.38866 27.1918 27
      vertex -1.38862 27.1918 27
      vertex -1.79469 26.4759 27
    endloop
  endfacet
  facet normal 0 0 1
    outer loop
      vertex 1.79473 26.4759 27
      vertex -1.79469 26.4759 27
      vertex -2.11369 25.8336 27
    endloop
  endfacet
  facet normal 0 0 1
    outer loop
      vertex 2.55828 19.1633 27
      vertex 0 15 27
      vertex 0.981047 14.9679 27
    endloop
  endfacet
  facet normal 0 0 1
    outer loop
      vertex 0 15 27
      vertex -2.55758 19.1612 27
      vertex -0.981047 14.9679 27
    endloop
  endfacet
  facet normal 0 0 1
    outer loop
      vertex 2.11374 25.8336 27
      vertex -2.11369 25.8336 27
      vertex -2.36202 25.26 27
    endloop
  endfacet
  facet normal 0 0 1
    outer loop
      vertex 2.36207 25.26 27
      vertex -2.36202 25.26 27
      vertex -2.55292 24.7503 27
    endloop
  endfacet
  facet normal 0 0 1
    outer loop
      vertex 2.55296 24.7503 27
      vertex -2.55292 24.7503 27
      vertex -2.69721 24.3 27
    endloop
  endfacet
  facet normal 0 0 1
    outer loop
      vertex -0.981047 14.9679 27
      vertex -2.55758 19.1612 27
      vertex -1.95789 14.8717 27
    endloop
  endfacet
  facet normal 0 0 1
    outer loop
      vertex -2.55758 19.1612 27
      vertex -2.92635 14.7118 27
      vertex -1.95789 14.8717 27
    endloop
  endfacet
  facet normal -0 0 1
    outer loop
      vertex -3.73733 18.9687 27
      vertex -2.92635 14.7118 27
      vertex -2.55758 19.1612 27
    endloop
  endfacet
  facet normal -0 0 1
    outer loop
      vertex -4.96994 18.6836 27
      vertex -2.92635 14.7118 27
      vertex -3.73733 18.9687 27
    endloop
  endfacet
  facet normal 0 0 1
    outer loop
      vertex -2.92635 14.7118 27
      vertex -4.96994 18.6836 27
      vertex -3.88229 14.4889 27
    endloop
  endfacet
  facet normal -0 0 1
    outer loop
      vertex -6.18126 18.3186 27
      vertex -3.88229 14.4889 27
      vertex -4.96994 18.6836 27
    endloop
  endfacet
  facet normal 0 0 1
    outer loop
      vertex -3.88229 14.4889 27
      vertex -6.18126 18.3186 27
      vertex -4.82159 14.204 27
    endloop
  endfacet
  facet normal -0 0 1
    outer loop
      vertex -7.36612 17.8751 27
      vertex -4.82159 14.204 27
      vertex -6.18126 18.3186 27
    endloop
  endfacet
  facet normal 0 0 1
    outer loop
      vertex -4.82159 14.204 27
      vertex -7.36612 17.8751 27
      vertex -5.74025 13.8582 27
    endloop
  endfacet
  facet normal 0 0 1
    outer loop
      vertex -5.74025 13.8582 27
      vertex -7.36612 17.8751 27
      vertex -6.63433 13.4531 27
    endloop
  endfacet
  facet normal 0 0 1
    outer loop
      vertex -7.36612 17.8751 27
      vertex -7.5 12.9904 27
      vertex -6.63433 13.4531 27
    endloop
  endfacet
  facet normal -0 0 1
    outer loop
      vertex -11.7956 15.3153 27
      vertex -7.5 12.9904 27
      vertex -7.36612 17.8751 27
    endloop
  endfacet
  facet normal 0 0 1
    outer loop
      vertex -11.7956 15.3153 27
      vertex -7.36612 17.8751 27
      vertex -8.59268 20.8515 27
    endloop
  endfacet
  facet normal 0 0 1
    outer loop
      vertex -8.66567 20.995 27
      vertex -8.59268 20.8515 27
      vertex -8.62326 20.9158 27
    endloop
  endfacet
  facet normal 0 0 1
    outer loop
      vertex -8.73023 21.1048 27
      vertex -8.59268 20.8515 27
      vertex -8.66567 20.995 27
    endloop
  endfacet
  facet normal 0 0 1
    outer loop
      vertex -8.59268 20.8515 27
      vertex -8.73023 21.1048 27
      vertex -13.772 17.8816 27
    endloop
  endfacet
  facet normal 0 0 1
    outer loop
      vertex -13.772 17.8816 27
      vertex -8.73023 21.1048 27
      vertex -8.82042 21.2449 27
    endloop
  endfacet
  facet normal 0 0 1
    outer loop
      vertex -13.9884 18.2611 27
      vertex -8.82042 21.2449 27
      vertex -8.94009 21.4149 27
    endloop
  endfacet
  facet normal 0 0 1
    outer loop
      vertex -14.0758 18.4498 27
      vertex -8.94009 21.4149 27
      vertex -9.09373 21.6149 27
    endloop
  endfacet
  facet normal 0 0 1
    outer loop
      vertex -7.5 12.9904 27
      vertex -11.7956 15.3153 27
      vertex -8.33355 12.472 27
    endloop
  endfacet
  facet normal 0 0 1
    outer loop
      vertex -14.1722 18.6828 27
      vertex -9.09373 21.6149 27
      vertex -9.28645 21.8446 27
    endloop
  endfacet
  facet normal 0 0 1
    outer loop
      vertex -14.2748 18.9646 27
      vertex -9.28645 21.8446 27
      vertex -9.52425 22.1041 27
    endloop
  endfacet
  facet normal 0 0 1
    outer loop
      vertex -14.3806 19.3003 27
      vertex -9.52425 22.1041 27
      vertex -9.8141 22.393 27
    endloop
  endfacet
  facet normal 0 0 1
    outer loop
      vertex -8.33355 12.472 27
      vertex -11.7956 15.3153 27
      vertex -9.13142 11.9003 27
    endloop
  endfacet
  facet normal 0 0 1
    outer loop
      vertex -14.4858 19.6958 27
      vertex -9.8141 22.393 27
      vertex -10.1642 22.7109 27
    endloop
  endfacet
  facet normal 0 0 1
    outer loop
      vertex -14.5861 20.1579 27
      vertex -10.1642 22.7109 27
      vertex -10.5844 23.0568 27
    endloop
  endfacet
  facet normal 0 0 1
    outer loop
      vertex -9.13142 11.9003 27
      vertex -11.7956 15.3153 27
      vertex -9.89019 11.2776 27
    endloop
  endfacet
  facet normal 0 0 1
    outer loop
      vertex -14.6756 20.6948 27
      vertex -10.5844 23.0568 27
      vertex -11.0863 23.4294 27
    endloop
  endfacet
  facet normal -0 0 1
    outer loop
      vertex -12.721 14.5587 27
      vertex -9.89019 11.2776 27
      vertex -11.7956 15.3153 27
    endloop
  endfacet
  facet normal 0 0 1
    outer loop
      vertex -14.7473 21.3157 27
      vertex -11.0863 23.4294 27
      vertex -11.6837 23.8262 27
    endloop
  endfacet
  facet normal -0 0 1
    outer loop
      vertex -13.6459 13.6955 27
      vertex -9.89019 11.2776 27
      vertex -12.721 14.5587 27
    endloop
  endfacet
  facet normal 0 0 1
    outer loop
      vertex -9.89019 11.2776 27
      vertex -13.6459 13.6955 27
      vertex -10.6066 10.6066 27
    endloop
  endfacet
  facet normal -0 0 1
    outer loop
      vertex -14.5124 12.7737 27
      vertex -10.6066 10.6066 27
      vertex -13.6459 13.6955 27
    endloop
  endfacet
  facet normal 0 0 1
    outer loop
      vertex -10.6066 10.6066 27
      vertex -14.5124 12.7737 27
      vertex -11.2776 9.89019 27
    endloop
  endfacet
  facet normal -0 0 1
    outer loop
      vertex -15.3168 11.7972 27
      vertex -11.2776 9.89019 27
      vertex -14.5124 12.7737 27
    endloop
  endfacet
  facet normal 0 0 1
    outer loop
      vertex -11.2776 9.89019 27
      vertex -15.3168 11.7972 27
      vertex -11.9003 9.13142 27
    endloop
  endfacet
  facet normal 0 0 1
    outer loop
      vertex -11.9003 9.13142 27
      vertex -15.3168 11.7972 27
      vertex -12.472 8.33355 27
    endloop
  endfacet
  facet normal 0 0 1
    outer loop
      vertex -12.472 8.33355 27
      vertex -15.3168 11.7972 27
      vertex -12.9904 7.5 27
    endloop
  endfacet
  facet normal 0 0 1
    outer loop
      vertex -17.8729 7.36567 27
      vertex -12.9904 7.5 27
      vertex -15.3168 11.7972 27
    endloop
  endfacet
  facet normal 0 0 1
    outer loop
      vertex -12.9904 7.5 27
      vertex -17.8729 7.36567 27
      vertex -13.4531 6.63433 27
    endloop
  endfacet
  facet normal 0 0 1
    outer loop
      vertex -13.4531 6.63433 27
      vertex -17.8729 7.36567 27
      vertex -13.8582 5.74025 27
    endloop
  endfacet
  facet normal 0 0 1
    outer loop
      vertex -13.8582 5.74025 27
      vertex -17.8729 7.36567 27
      vertex -14.204 4.82159 27
    endloop
  endfacet
  facet normal -0 0 1
    outer loop
      vertex -18.296 6.2477 27
      vertex -14.204 4.82159 27
      vertex -17.8729 7.36567 27
    endloop
  endfacet
  facet normal -0 0 1
    outer loop
      vertex -18.6654 5.0377 27
      vertex -14.204 4.82159 27
      vertex -18.296 6.2477 27
    endloop
  endfacet
  facet normal 0 0 1
    outer loop
      vertex -14.204 4.82159 27
      vertex -18.6654 5.0377 27
      vertex -14.4889 3.88229 27
    endloop
  endfacet
  facet normal 0 0 1
    outer loop
      vertex -18.955 3.80613 27
      vertex -14.4889 3.88229 27
      vertex -18.6654 5.0377 27
    endloop
  endfacet
  facet normal 0 0 1
    outer loop
      vertex -14.4889 3.88229 27
      vertex -18.955 3.80613 27
      vertex -14.7118 2.92635 27
    endloop
  endfacet
  facet normal 0 0 1
    outer loop
      vertex -17.8729 7.36567 27
      vertex -15.3168 11.7972 27
      vertex -17.8672 13.7616 27
    endloop
  endfacet
  facet normal 0 0 1
    outer loop
      vertex -19.1633 2.55828 27
      vertex -14.7118 2.92635 27
      vertex -18.955 3.80613 27
    endloop
  endfacet
  facet normal 0 0 1
    outer loop
      vertex -15 0 27
      vertex -17.8751 -7.36612 27
      vertex -15.3153 -11.7956 27
    endloop
  endfacet
  facet normal 0 0 1
    outer loop
      vertex -17.8751 -7.36612 27
      vertex -17.8816 -13.772 27
      vertex -15.3153 -11.7956 27
    endloop
  endfacet
  facet normal -0 0 1
    outer loop
      vertex -20.8515 -8.59269 27
      vertex -17.8816 -13.772 27
      vertex -17.8751 -7.36612 27
    endloop
  endfacet
  facet normal 0 -0 1
    outer loop
      vertex -18.0022 -13.8494 27
      vertex -17.8816 -13.772 27
      vertex -20.8515 -8.59269 27
    endloop
  endfacet
  facet normal 0 0 1
    outer loop
      vertex -17.8816 -13.772 27
      vertex -18.0022 -13.8494 27
      vertex -17.9259 -13.802 27
    endloop
  endfacet
  facet normal 0 0 1
    outer loop
      vertex -18.0022 -13.8494 27
      vertex -20.8515 -8.59269 27
      vertex -18.113 -13.9122 27
    endloop
  endfacet
  facet normal 0 0 1
    outer loop
      vertex -18.113 -13.9122 27
      vertex -20.8515 -8.59269 27
      vertex -18.2611 -13.9884 27
    endloop
  endfacet
  facet normal -0 0 1
    outer loop
      vertex -21.1048 -8.73023 27
      vertex -18.2611 -13.9884 27
      vertex -20.8515 -8.59269 27
    endloop
  endfacet
  facet normal -0 0 1
    outer loop
      vertex -21.2449 -8.82042 27
      vertex -18.2611 -13.9884 27
      vertex -21.1048 -8.73023 27
    endloop
  endfacet
  facet normal 0 0 1
    outer loop
      vertex -18.2611 -13.9884 27
      vertex -21.2449 -8.82042 27
      vertex -18.4498 -14.0758 27
    endloop
  endfacet
  facet normal -0 0 1
    outer loop
      vertex -21.4149 -8.94009 27
      vertex -18.4498 -14.0758 27
      vertex -21.2449 -8.82042 27
    endloop
  endfacet
  facet normal 0 0 1
    outer loop
      vertex -18.4498 -14.0758 27
      vertex -21.4149 -8.94009 27
      vertex -18.6828 -14.1722 27
    endloop
  endfacet
  facet normal -0 0 1
    outer loop
      vertex -21.6149 -9.09373 27
      vertex -18.6828 -14.1722 27
      vertex -21.4149 -8.94009 27
    endloop
  endfacet
  facet normal 0 0 1
    outer loop
      vertex -18.6828 -14.1722 27
      vertex -21.6149 -9.09373 27
      vertex -18.9646 -14.2748 27
    endloop
  endfacet
  facet normal 0 0 1
    outer loop
      vertex -20.995 -8.66567 27
      vertex -20.8515 -8.59269 27
      vertex -20.9158 -8.62326 27
    endloop
  endfacet
  facet normal 0 0 1
    outer loop
      vertex -21.1048 -8.73023 27
      vertex -20.8515 -8.59269 27
      vertex -20.995 -8.66567 27
    endloop
  endfacet
  facet normal -0 0 1
    outer loop
      vertex -21.8446 -9.28645 27
      vertex -18.9646 -14.2748 27
      vertex -21.6149 -9.09373 27
    endloop
  endfacet
  facet normal 0 0 1
    outer loop
      vertex -18.9646 -14.2748 27
      vertex -21.8446 -9.28645 27
      vertex -19.3003 -14.3806 27
    endloop
  endfacet
  facet normal -0 0 1
    outer loop
      vertex -22.1041 -9.52425 27
      vertex -19.3003 -14.3806 27
      vertex -21.8446 -9.28645 27
    endloop
  endfacet
  facet normal 0 0 1
    outer loop
      vertex -19.3003 -14.3806 27
      vertex -22.1041 -9.52425 27
      vertex -19.6958 -14.4858 27
    endloop
  endfacet
  facet normal -0 0 1
    outer loop
      vertex -22.393 -9.8141 27
      vertex -19.6958 -14.4858 27
      vertex -22.1041 -9.52425 27
    endloop
  endfacet
  facet normal 0 0 1
    outer loop
      vertex -19.6958 -14.4858 27
      vertex -22.393 -9.8141 27
      vertex -20.1579 -14.5861 27
    endloop
  endfacet
  facet normal -0 0 1
    outer loop
      vertex -22.7109 -10.1642 27
      vertex -20.1579 -14.5861 27
      vertex -22.393 -9.8141 27
    endloop
  endfacet
  facet normal 0 0 1
    outer loop
      vertex -20.1579 -14.5861 27
      vertex -22.7109 -10.1642 27
      vertex -20.6948 -14.6756 27
    endloop
  endfacet
  facet normal -0 0 1
    outer loop
      vertex -23.0568 -10.5844 27
      vertex -20.6948 -14.6756 27
      vertex -22.7109 -10.1642 27
    endloop
  endfacet
  facet normal 0 0 1
    outer loop
      vertex -20.6948 -14.6756 27
      vertex -23.0568 -10.5844 27
      vertex -21.3157 -14.7473 27
    endloop
  endfacet
  facet normal -0 0 1
    outer loop
      vertex -23.4294 -11.0863 27
      vertex -21.3157 -14.7473 27
      vertex -23.0568 -10.5844 27
    endloop
  endfacet
  facet normal 0 0 1
    outer loop
      vertex -21.3157 -14.7473 27
      vertex -23.4294 -11.0863 27
      vertex -22.0315 -14.7922 27
    endloop
  endfacet
  facet normal -0 0 1
    outer loop
      vertex -23.8262 -11.6837 27
      vertex -22.0315 -14.7922 27
      vertex -23.4294 -11.0863 27
    endloop
  endfacet
  facet normal 0 0 1
    outer loop
      vertex -22.0315 -14.7922 27
      vertex -23.8262 -11.6837 27
      vertex -22.8545 -14.7985 27
    endloop
  endfacet
  facet normal -0 0 1
    outer loop
      vertex -24.2431 -12.3933 27
      vertex -22.8545 -14.7985 27
      vertex -23.8262 -11.6837 27
    endloop
  endfacet
  facet normal 0 0 1
    outer loop
      vertex -22.8545 -14.7985 27
      vertex -24.2431 -12.3933 27
      vertex -23.7993 -14.751 27
    endloop
  endfacet
  facet normal 0 0 1
    outer loop
      vertex -23.7993 -14.751 27
      vertex -24.2431 -12.3933 27
      vertex -24.6744 -13.2353 27
    endloop
  endfacet
  facet normal 0 0 1
    outer loop
      vertex 22.8545 14.7985 27
      vertex 24.2431 12.3933 27
      vertex 24.6744 13.2353 27
    endloop
  endfacet
  facet normal 0 0 1
    outer loop
      vertex 22.8545 14.7985 27
      vertex 24.6744 13.2353 27
      vertex 23.7993 14.751 27
    endloop
  endfacet
  facet normal 0 0 1
    outer loop
      vertex 24.2431 12.3933 27
      vertex 22.8545 14.7985 27
      vertex 23.8262 11.6837 27
    endloop
  endfacet
  facet normal -0 0 1
    outer loop
      vertex 22.0315 14.7922 27
      vertex 23.8262 11.6837 27
      vertex 22.8545 14.7985 27
    endloop
  endfacet
  facet normal 0 0 1
    outer loop
      vertex 23.8262 11.6837 27
      vertex 22.0315 14.7922 27
      vertex 23.4294 11.0863 27
    endloop
  endfacet
  facet normal -0 0 1
    outer loop
      vertex 21.3157 14.7473 27
      vertex 23.4294 11.0863 27
      vertex 22.0315 14.7922 27
    endloop
  endfacet
  facet normal 0 0 1
    outer loop
      vertex 23.4294 11.0863 27
      vertex 21.3157 14.7473 27
      vertex 23.0568 10.5844 27
    endloop
  endfacet
  facet normal -0 0 1
    outer loop
      vertex 20.6948 14.6756 27
      vertex 23.0568 10.5844 27
      vertex 21.3157 14.7473 27
    endloop
  endfacet
  facet normal 0 0 1
    outer loop
      vertex 23.0568 10.5844 27
      vertex 20.6948 14.6756 27
      vertex 22.7109 10.1642 27
    endloop
  endfacet
  facet normal -0 0 1
    outer loop
      vertex 20.1579 14.5861 27
      vertex 22.7109 10.1642 27
      vertex 20.6948 14.6756 27
    endloop
  endfacet
  facet normal 0 0 1
    outer loop
      vertex 22.7109 10.1642 27
      vertex 20.1579 14.5861 27
      vertex 22.393 9.8141 27
    endloop
  endfacet
  facet normal -0 0 1
    outer loop
      vertex 19.6958 14.4858 27
      vertex 22.393 9.8141 27
      vertex 20.1579 14.5861 27
    endloop
  endfacet
  facet normal 0 0 1
    outer loop
      vertex 22.393 9.8141 27
      vertex 19.6958 14.4858 27
      vertex 22.1041 9.52425 27
    endloop
  endfacet
  facet normal -0 0 1
    outer loop
      vertex 19.3003 14.3806 27
      vertex 22.1041 9.52425 27
      vertex 19.6958 14.4858 27
    endloop
  endfacet
  facet normal 0 0 1
    outer loop
      vertex 22.1041 9.52425 27
      vertex 19.3003 14.3806 27
      vertex 21.8446 9.28645 27
    endloop
  endfacet
  facet normal -0 0 1
    outer loop
      vertex 18.9646 14.2748 27
      vertex 21.8446 9.28645 27
      vertex 19.3003 14.3806 27
    endloop
  endfacet
  facet normal 0 0 1
    outer loop
      vertex 21.8446 9.28645 27
      vertex 18.9646 14.2748 27
      vertex 21.6149 9.09373 27
    endloop
  endfacet
  facet normal -0 0 1
    outer loop
      vertex 18.6828 14.1722 27
      vertex 21.6149 9.09373 27
      vertex 18.9646 14.2748 27
    endloop
  endfacet
  facet normal 0 0 1
    outer loop
      vertex 21.6149 9.09373 27
      vertex 18.6828 14.1722 27
      vertex 21.4149 8.94009 27
    endloop
  endfacet
  facet normal -0 0 1
    outer loop
      vertex 18.4498 14.0758 27
      vertex 21.4149 8.94009 27
      vertex 18.6828 14.1722 27
    endloop
  endfacet
  facet normal 0 0 1
    outer loop
      vertex 21.4149 8.94009 27
      vertex 18.4498 14.0758 27
      vertex 21.2449 8.82042 27
    endloop
  endfacet
  facet normal -0 0 1
    outer loop
      vertex 18.2611 13.9884 27
      vertex 21.2449 8.82042 27
      vertex 18.4498 14.0758 27
    endloop
  endfacet
  facet normal 0 0 1
    outer loop
      vertex 21.2449 8.82042 27
      vertex 18.2611 13.9884 27
      vertex 21.1048 8.73023 27
    endloop
  endfacet
  facet normal 0 -0 1
    outer loop
      vertex 20.8515 8.59268 27
      vertex 21.1048 8.73023 27
      vertex 18.2611 13.9884 27
    endloop
  endfacet
  facet normal 0 0 1
    outer loop
      vertex 20.995 8.66567 27
      vertex 20.8515 8.59268 27
      vertex 20.9158 8.62326 27
    endloop
  endfacet
  facet normal 0 0 1
    outer loop
      vertex 21.1048 8.73023 27
      vertex 20.8515 8.59268 27
      vertex 20.995 8.66567 27
    endloop
  endfacet
  facet normal -0 0 1
    outer loop
      vertex 18.113 13.9122 27
      vertex 20.8515 8.59268 27
      vertex 18.2611 13.9884 27
    endloop
  endfacet
  facet normal -0 0 1
    outer loop
      vertex 18.0022 13.8494 27
      vertex 20.8515 8.59268 27
      vertex 18.113 13.9122 27
    endloop
  endfacet
  facet normal 0 0 1
    outer loop
      vertex 17.8816 13.772 27
      vertex 18.0022 13.8494 27
      vertex 17.9259 13.802 27
    endloop
  endfacet
  facet normal 0 0 1
    outer loop
      vertex 18.0022 13.8494 27
      vertex 17.8816 13.772 27
      vertex 20.8515 8.59268 27
    endloop
  endfacet
  facet normal 0 0 1
    outer loop
      vertex 17.8816 13.772 27
      vertex 17.8751 7.36612 27
      vertex 20.8515 8.59268 27
    endloop
  endfacet
  facet normal 0 0 1
    outer loop
      vertex 19.1633 -2.55828 27
      vertex 14.7118 -2.92635 27
      vertex 18.955 -3.80613 27
    endloop
  endfacet
  facet normal 0 0 1
    outer loop
      vertex 18.955 -3.80613 27
      vertex 14.4889 -3.88229 27
      vertex 18.6654 -5.0377 27
    endloop
  endfacet
  facet normal -0 0 1
    outer loop
      vertex 15.3153 11.7956 27
      vertex 17.8751 7.36612 27
      vertex 17.8816 13.772 27
    endloop
  endfacet
  facet normal -0 0 1
    outer loop
      vertex 12.9904 7.5 27
      vertex 17.8751 7.36612 27
      vertex 15.3153 11.7956 27
    endloop
  endfacet
  facet normal 0 0 1
    outer loop
      vertex 14.4889 -3.88229 27
      vertex 18.955 -3.80613 27
      vertex 14.7118 -2.92635 27
    endloop
  endfacet
  facet normal -0 0 1
    outer loop
      vertex 14.204 -4.82159 27
      vertex 18.6654 -5.0377 27
      vertex 14.4889 -3.88229 27
    endloop
  endfacet
  facet normal 0 0 1
    outer loop
      vertex 18.6654 -5.0377 27
      vertex 14.204 -4.82159 27
      vertex 18.296 -6.2477 27
    endloop
  endfacet
  facet normal 0 0 1
    outer loop
      vertex 18.296 -6.2477 27
      vertex 14.204 -4.82159 27
      vertex 17.8729 -7.36567 27
    endloop
  endfacet
  facet normal -0 0 1
    outer loop
      vertex 13.8582 -5.74025 27
      vertex 17.8729 -7.36567 27
      vertex 14.204 -4.82159 27
    endloop
  endfacet
  facet normal 0 0 1
    outer loop
      vertex 17.8729 -7.36567 27
      vertex 15.3168 -11.7972 27
      vertex 17.8672 -13.7616 27
    endloop
  endfacet
  facet normal -0 0 1
    outer loop
      vertex 13.4531 -6.63433 27
      vertex 17.8729 -7.36567 27
      vertex 13.8582 -5.74025 27
    endloop
  endfacet
  facet normal 0 0 1
    outer loop
      vertex 12.9904 -7.5 27
      vertex 17.8729 -7.36567 27
      vertex 13.4531 -6.63433 27
    endloop
  endfacet
  facet normal 0 0 1
    outer loop
      vertex 17.8729 -7.36567 27
      vertex 12.9904 -7.5 27
      vertex 15.3168 -11.7972 27
    endloop
  endfacet
  facet normal -0 0 1
    outer loop
      vertex 12.472 -8.33355 27
      vertex 15.3168 -11.7972 27
      vertex 12.9904 -7.5 27
    endloop
  endfacet
  facet normal -0 0 1
    outer loop
      vertex 11.9003 -9.13142 27
      vertex 15.3168 -11.7972 27
      vertex 12.472 -8.33355 27
    endloop
  endfacet
  facet normal -0 0 1
    outer loop
      vertex 11.2776 -9.89019 27
      vertex 15.3168 -11.7972 27
      vertex 11.9003 -9.13142 27
    endloop
  endfacet
  facet normal 0 0 1
    outer loop
      vertex 15.3168 -11.7972 27
      vertex 11.2776 -9.89019 27
      vertex 14.5124 -12.7737 27
    endloop
  endfacet
  facet normal -0 0 1
    outer loop
      vertex 10.6066 -10.6066 27
      vertex 14.5124 -12.7737 27
      vertex 11.2776 -9.89019 27
    endloop
  endfacet
  facet normal 0 0 1
    outer loop
      vertex 14.5124 -12.7737 27
      vertex 10.6066 -10.6066 27
      vertex 13.6459 -13.6955 27
    endloop
  endfacet
  facet normal -0 0 1
    outer loop
      vertex 9.89019 -11.2776 27
      vertex 13.6459 -13.6955 27
      vertex 10.6066 -10.6066 27
    endloop
  endfacet
  facet normal 0 0 1
    outer loop
      vertex 13.6459 -13.6955 27
      vertex 9.89019 -11.2776 27
      vertex 12.721 -14.5587 27
    endloop
  endfacet
  facet normal 0 0 1
    outer loop
      vertex 12.721 -14.5587 27
      vertex 9.89019 -11.2776 27
      vertex 11.7956 -15.3153 27
    endloop
  endfacet
  facet normal 0 0 1
    outer loop
      vertex 11.7956 -15.3153 27
      vertex 11.0863 -23.4294 27
      vertex 11.6837 -23.8262 27
    endloop
  endfacet
  facet normal -0 0 1
    outer loop
      vertex 9.13142 -11.9003 27
      vertex 11.7956 -15.3153 27
      vertex 9.89019 -11.2776 27
    endloop
  endfacet
  facet normal 0 0 1
    outer loop
      vertex 11.7956 -15.3153 27
      vertex 10.5844 -23.0568 27
      vertex 11.0863 -23.4294 27
    endloop
  endfacet
  facet normal 0 0 1
    outer loop
      vertex 11.7956 -15.3153 27
      vertex 10.1642 -22.7109 27
      vertex 10.5844 -23.0568 27
    endloop
  endfacet
  facet normal 0 0 1
    outer loop
      vertex 11.7956 -15.3153 27
      vertex 9.8141 -22.393 27
      vertex 10.1642 -22.7109 27
    endloop
  endfacet
  facet normal 0 -0 1
    outer loop
      vertex 8.94009 -21.4149 27
      vertex 11.7956 -15.3153 27
      vertex 8.59269 -20.8515 27
    endloop
  endfacet
  facet normal 0 0 1
    outer loop
      vertex 11.7956 -15.3153 27
      vertex 9.52425 -22.1041 27
      vertex 9.8141 -22.393 27
    endloop
  endfacet
  facet normal -0 0 1
    outer loop
      vertex 8.33355 -12.472 27
      vertex 11.7956 -15.3153 27
      vertex 9.13142 -11.9003 27
    endloop
  endfacet
  facet normal 0 0 1
    outer loop
      vertex 11.7956 -15.3153 27
      vertex 9.28645 -21.8446 27
      vertex 9.52425 -22.1041 27
    endloop
  endfacet
  facet normal 0 0 1
    outer loop
      vertex 11.7956 -15.3153 27
      vertex 9.09373 -21.6149 27
      vertex 9.28645 -21.8446 27
    endloop
  endfacet
  facet normal 0 0 1
    outer loop
      vertex 11.7956 -15.3153 27
      vertex 8.94009 -21.4149 27
      vertex 9.09373 -21.6149 27
    endloop
  endfacet
  facet normal 0 0 1
    outer loop
      vertex 8.94009 -21.4149 27
      vertex 8.59269 -20.8515 27
      vertex 8.82042 -21.2449 27
    endloop
  endfacet
  facet normal 0 0 1
    outer loop
      vertex 8.82042 -21.2449 27
      vertex 8.59269 -20.8515 27
      vertex 8.73023 -21.1048 27
    endloop
  endfacet
  facet normal 0 0 1
    outer loop
      vertex 8.73023 -21.1048 27
      vertex 8.59269 -20.8515 27
      vertex 8.66567 -20.995 27
    endloop
  endfacet
  facet normal 0 0 1
    outer loop
      vertex 8.66567 -20.995 27
      vertex 8.59269 -20.8515 27
      vertex 8.62326 -20.9158 27
    endloop
  endfacet
  facet normal -0 0 1
    outer loop
      vertex 7.5 -12.9904 27
      vertex 11.7956 -15.3153 27
      vertex 8.33355 -12.472 27
    endloop
  endfacet
  facet normal 0 0 1
    outer loop
      vertex 11.7956 -15.3153 27
      vertex 7.5 -12.9904 27
      vertex 7.36612 -17.8751 27
    endloop
  endfacet
  facet normal 0 0 1
    outer loop
      vertex 11.7956 -15.3153 27
      vertex 7.36612 -17.8751 27
      vertex 8.59269 -20.8515 27
    endloop
  endfacet
  facet normal -0 0 1
    outer loop
      vertex 6.63433 -13.4531 27
      vertex 7.36612 -17.8751 27
      vertex 7.5 -12.9904 27
    endloop
  endfacet
  facet normal -0 0 1
    outer loop
      vertex 5.74025 -13.8582 27
      vertex 7.36612 -17.8751 27
      vertex 6.63433 -13.4531 27
    endloop
  endfacet
  facet normal -0 0 1
    outer loop
      vertex 4.82159 -14.204 27
      vertex 7.36612 -17.8751 27
      vertex 5.74025 -13.8582 27
    endloop
  endfacet
  facet normal 0 0 1
    outer loop
      vertex 7.36612 -17.8751 27
      vertex 4.82159 -14.204 27
      vertex 6.18126 -18.3186 27
    endloop
  endfacet
  facet normal -0 0 1
    outer loop
      vertex 3.88229 -14.4889 27
      vertex 6.18126 -18.3186 27
      vertex 4.82159 -14.204 27
    endloop
  endfacet
  facet normal 0 0 1
    outer loop
      vertex 6.18126 -18.3186 27
      vertex 3.88229 -14.4889 27
      vertex 4.96994 -18.6836 27
    endloop
  endfacet
  facet normal -0 0 1
    outer loop
      vertex 2.92635 -14.7118 27
      vertex 4.96994 -18.6836 27
      vertex 3.88229 -14.4889 27
    endloop
  endfacet
  facet normal 0 0 1
    outer loop
      vertex 4.96994 -18.6836 27
      vertex 2.92635 -14.7118 27
      vertex 3.73733 -18.9687 27
    endloop
  endfacet
  facet normal 0 0 1
    outer loop
      vertex 2.92635 -14.7118 27
      vertex 2.55758 -19.1612 27
      vertex 3.73733 -18.9687 27
    endloop
  endfacet
  facet normal 0 0 1
    outer loop
      vertex 2.98614 -22.3719 27
      vertex 2.36202 -25.26 27
      vertex 2.55292 -24.7503 27
    endloop
  endfacet
  facet normal 0 -0 1
    outer loop
      vertex -2.98374 -22.8088 27
      vertex 2.98614 -22.3719 27
      vertex -2.98427 -22.3543 27
    endloop
  endfacet
  facet normal -0 0 1
    outer loop
      vertex 1.95789 -14.8717 27
      vertex 2.55758 -19.1612 27
      vertex 2.92635 -14.7118 27
    endloop
  endfacet
  facet normal -0 0 1
    outer loop
      vertex 0.981047 -14.9679 27
      vertex 2.55758 -19.1612 27
      vertex 1.95789 -14.8717 27
    endloop
  endfacet
  facet normal 0 0 1
    outer loop
      vertex -2.98427 -22.3543 27
      vertex 2.55758 -19.1612 27
      vertex -2.55828 -19.1633 27
    endloop
  endfacet
  facet normal 0 -0 1
    outer loop
      vertex -2.96513 -23.0159 27
      vertex 2.98614 -22.3719 27
      vertex -2.98374 -22.8088 27
    endloop
  endfacet
  facet normal -0 0 1
    outer loop
      vertex 0 -15 27
      vertex 2.55758 -19.1612 27
      vertex 0.981047 -14.9679 27
    endloop
  endfacet
  facet normal 0 -0 1
    outer loop
      vertex -2.88003 -23.5613 27
      vertex 2.98614 -22.3719 27
      vertex -2.93206 -23.2659 27
    endloop
  endfacet
  facet normal 0 0 1
    outer loop
      vertex 2.55758 -19.1612 27
      vertex 0 -15 27
      vertex -2.55828 -19.1633 27
    endloop
  endfacet
  facet normal 0 -0 1
    outer loop
      vertex -2.80381 -23.9048 27
      vertex 2.98614 -22.3719 27
      vertex -2.88003 -23.5613 27
    endloop
  endfacet
  facet normal 0 0 1
    outer loop
      vertex -2.55828 -19.1633 27
      vertex 0 -15 27
      vertex -0.981047 -14.9679 27
    endloop
  endfacet
  facet normal -0 -0 1
    outer loop
      vertex -2.69725 -24.3 27
      vertex 2.36202 -25.26 27
      vertex -2.80381 -23.9048 27
    endloop
  endfacet
  facet normal 0 0 1
    outer loop
      vertex 0.87512 -27.9863 27
      vertex -1.38866 -27.1918 27
      vertex -0.87515 -27.9863 27
    endloop
  endfacet
  facet normal 0 0 1
    outer loop
      vertex -2.55828 -19.1633 27
      vertex -0.981047 -14.9679 27
      vertex -1.95789 -14.8717 27
    endloop
  endfacet
  facet normal 0 0 1
    outer loop
      vertex 1.38862 -27.1918 27
      vertex -1.38866 -27.1918 27
      vertex 0.87512 -27.9863 27
    endloop
  endfacet
  facet normal 0 -0 1
    outer loop
      vertex -1.38866 -27.1918 27
      vertex 1.38862 -27.1918 27
      vertex -1.79473 -26.4759 27
    endloop
  endfacet
  facet normal 0 0 1
    outer loop
      vertex 1.79469 -26.4759 27
      vertex -1.79473 -26.4759 27
      vertex 1.38862 -27.1918 27
    endloop
  endfacet
  facet normal 0 0 1
    outer loop
      vertex 2.36202 -25.26 27
      vertex -2.36207 -25.26 27
      vertex 2.11369 -25.8336 27
    endloop
  endfacet
  facet normal 0 0 1
    outer loop
      vertex -2.92635 -14.7118 27
      vertex -2.55828 -19.1633 27
      vertex -1.95789 -14.8717 27
    endloop
  endfacet
  facet normal 0 0 1
    outer loop
      vertex -2.92635 -14.7118 27
      vertex -3.80613 -18.955 27
      vertex -2.55828 -19.1633 27
    endloop
  endfacet
  facet normal 0 0 1
    outer loop
      vertex -3.88229 -14.4889 27
      vertex -3.80613 -18.955 27
      vertex -2.92635 -14.7118 27
    endloop
  endfacet
  facet normal 0 0 1
    outer loop
      vertex -5.0377 -18.6654 27
      vertex -3.88229 -14.4889 27
      vertex -4.82159 -14.204 27
    endloop
  endfacet
  facet normal 0 0 1
    outer loop
      vertex -3.88229 -14.4889 27
      vertex -5.0377 -18.6654 27
      vertex -3.80613 -18.955 27
    endloop
  endfacet
  facet normal 0 0 1
    outer loop
      vertex -6.2477 -18.296 27
      vertex -4.82159 -14.204 27
      vertex -5.74025 -13.8582 27
    endloop
  endfacet
  facet normal 0 0 1
    outer loop
      vertex -4.82159 -14.204 27
      vertex -6.2477 -18.296 27
      vertex -5.0377 -18.6654 27
    endloop
  endfacet
  facet normal 0 0 1
    outer loop
      vertex -7.36567 -17.8729 27
      vertex -5.74025 -13.8582 27
      vertex -6.63433 -13.4531 27
    endloop
  endfacet
  facet normal 0 0 1
    outer loop
      vertex -5.74025 -13.8582 27
      vertex -7.36567 -17.8729 27
      vertex -6.2477 -18.296 27
    endloop
  endfacet
  facet normal 0 0 1
    outer loop
      vertex -7.5 -12.9904 27
      vertex -7.36567 -17.8729 27
      vertex -6.63433 -13.4531 27
    endloop
  endfacet
  facet normal 0 0 1
    outer loop
      vertex -11.7972 -15.3168 27
      vertex -7.5 -12.9904 27
      vertex -8.33355 -12.472 27
    endloop
  endfacet
  facet normal 0 0 1
    outer loop
      vertex -7.5 -12.9904 27
      vertex -11.7972 -15.3168 27
      vertex -7.36567 -17.8729 27
    endloop
  endfacet
  facet normal 0 0 1
    outer loop
      vertex -7.36567 -17.8729 27
      vertex -11.7972 -15.3168 27
      vertex -8.59987 -20.8677 27
    endloop
  endfacet
  facet normal -0 0 1
    outer loop
      vertex -13.7616 -17.8672 27
      vertex -8.59987 -20.8677 27
      vertex -11.7972 -15.3168 27
    endloop
  endfacet
  facet normal 0 -0 1
    outer loop
      vertex -8.66567 -20.995 27
      vertex -8.59987 -20.8677 27
      vertex -13.7616 -17.8672 27
    endloop
  endfacet
  facet normal 0 0 1
    outer loop
      vertex -8.59987 -20.8677 27
      vertex -8.66567 -20.995 27
      vertex -8.62326 -20.9158 27
    endloop
  endfacet
  facet normal 0 0 1
    outer loop
      vertex -8.66567 -20.995 27
      vertex -13.7616 -17.8672 27
      vertex -8.73024 -21.1048 27
    endloop
  endfacet
  facet normal 0 0 1
    outer loop
      vertex -8.73024 -21.1048 27
      vertex -13.7616 -17.8672 27
      vertex -8.82043 -21.2448 27
    endloop
  endfacet
  facet normal 0 0 1
    outer loop
      vertex -11.7972 -15.3168 27
      vertex -8.33355 -12.472 27
      vertex -9.13142 -11.9003 27
    endloop
  endfacet
  facet normal -0 0 1
    outer loop
      vertex -13.9884 -18.2611 27
      vertex -8.82043 -21.2448 27
      vertex -13.7616 -17.8672 27
    endloop
  endfacet
  facet normal 0 0 1
    outer loop
      vertex -8.82043 -21.2448 27
      vertex -13.9884 -18.2611 27
      vertex -8.9401 -21.4149 27
    endloop
  endfacet
  facet normal -0 0 1
    outer loop
      vertex -14.0758 -18.4498 27
      vertex -8.9401 -21.4149 27
      vertex -13.9884 -18.2611 27
    endloop
  endfacet
  facet normal 0 0 1
    outer loop
      vertex -11.7972 -15.3168 27
      vertex -9.13142 -11.9003 27
      vertex -9.89019 -11.2776 27
    endloop
  endfacet
  facet normal 0 0 1
    outer loop
      vertex -8.9401 -21.4149 27
      vertex -14.0758 -18.4498 27
      vertex -9.09373 -21.6149 27
    endloop
  endfacet
  facet normal -0 0 1
    outer loop
      vertex -14.1722 -18.6828 27
      vertex -9.09373 -21.6149 27
      vertex -14.0758 -18.4498 27
    endloop
  endfacet
  facet normal 0 0 1
    outer loop
      vertex -12.7737 -14.5124 27
      vertex -9.89019 -11.2776 27
      vertex -10.6066 -10.6066 27
    endloop
  endfacet
  facet normal 0 0 1
    outer loop
      vertex -9.09373 -21.6149 27
      vertex -14.1722 -18.6828 27
      vertex -9.28647 -21.8446 27
    endloop
  endfacet
  facet normal 0 0 1
    outer loop
      vertex -13.6955 -13.6459 27
      vertex -10.6066 -10.6066 27
      vertex -11.2776 -9.89019 27
    endloop
  endfacet
  facet normal -0 0 1
    outer loop
      vertex -14.2748 -18.9646 27
      vertex -9.28647 -21.8446 27
      vertex -14.1722 -18.6828 27
    endloop
  endfacet
  facet normal 0 0 1
    outer loop
      vertex -9.28647 -21.8446 27
      vertex -14.2748 -18.9646 27
      vertex -9.52427 -22.1041 27
    endloop
  endfacet
  facet normal 0 0 1
    outer loop
      vertex -14.5587 -12.721 27
      vertex -11.2776 -9.89019 27
      vertex -11.9003 -9.13142 27
    endloop
  endfacet
  facet normal 0 0 1
    outer loop
      vertex -15.3153 -11.7956 27
      vertex -11.9003 -9.13142 27
      vertex -12.472 -8.33355 27
    endloop
  endfacet
  facet normal 0 0 1
    outer loop
      vertex -9.89019 -11.2776 27
      vertex -12.7737 -14.5124 27
      vertex -11.7972 -15.3168 27
    endloop
  endfacet
  facet normal 0 0 1
    outer loop
      vertex -15.3153 -11.7956 27
      vertex -12.472 -8.33355 27
      vertex -12.9904 -7.5 27
    endloop
  endfacet
  facet normal 0 0 1
    outer loop
      vertex -15.3153 -11.7956 27
      vertex -12.9904 -7.5 27
      vertex -13.4531 -6.63433 27
    endloop
  endfacet
  facet normal 0 0 1
    outer loop
      vertex -10.6066 -10.6066 27
      vertex -13.6955 -13.6459 27
      vertex -12.7737 -14.5124 27
    endloop
  endfacet
  facet normal 0 0 1
    outer loop
      vertex -15.3153 -11.7956 27
      vertex -13.4531 -6.63433 27
      vertex -13.8582 -5.74025 27
    endloop
  endfacet
  facet normal 0 0 1
    outer loop
      vertex -15.3153 -11.7956 27
      vertex -13.8582 -5.74025 27
      vertex -14.204 -4.82159 27
    endloop
  endfacet
  facet normal 0 0 1
    outer loop
      vertex -15.3153 -11.7956 27
      vertex -14.204 -4.82159 27
      vertex -14.4889 -3.88229 27
    endloop
  endfacet
  facet normal 0 0 1
    outer loop
      vertex -11.2776 -9.89019 27
      vertex -14.5587 -12.721 27
      vertex -13.6955 -13.6459 27
    endloop
  endfacet
  facet normal 0 0 1
    outer loop
      vertex -15.3153 -11.7956 27
      vertex -14.4889 -3.88229 27
      vertex -14.7118 -2.92635 27
    endloop
  endfacet
  facet normal 0 0 1
    outer loop
      vertex -15.3153 -11.7956 27
      vertex -14.7118 -2.92635 27
      vertex -14.8717 -1.95789 27
    endloop
  endfacet
  facet normal 0 0 1
    outer loop
      vertex -15.3153 -11.7956 27
      vertex -14.8717 -1.95789 27
      vertex -14.9679 -0.981047 27
    endloop
  endfacet
  facet normal 0 0 1
    outer loop
      vertex -11.9003 -9.13142 27
      vertex -15.3153 -11.7956 27
      vertex -14.5587 -12.721 27
    endloop
  endfacet
  facet normal 0 0 1
    outer loop
      vertex -15.3153 -11.7956 27
      vertex -14.9679 -0.981047 27
      vertex -15 0 27
    endloop
  endfacet
  facet normal 0 0 1
    outer loop
      vertex 27.9863 0.875135 27
      vertex 27.1918 -1.38866 27
      vertex 27.9863 -0.875134 27
    endloop
  endfacet
  facet normal 0 0 1
    outer loop
      vertex 27.1918 1.38863 27
      vertex 27.1918 -1.38866 27
      vertex 27.9863 0.875135 27
    endloop
  endfacet
  facet normal 0 0 1
    outer loop
      vertex 27.1918 1.38863 27
      vertex 26.4759 -1.79473 27
      vertex 27.1918 -1.38866 27
    endloop
  endfacet
  facet normal 0 0 1
    outer loop
      vertex 26.4759 1.79471 27
      vertex 26.4759 -1.79473 27
      vertex 27.1918 1.38863 27
    endloop
  endfacet
  facet normal 0 0 1
    outer loop
      vertex 25.8336 2.1137 27
      vertex 26.4759 -1.79473 27
      vertex 26.4759 1.79471 27
    endloop
  endfacet
  facet normal 0 0 1
    outer loop
      vertex 25.8336 2.1137 27
      vertex 25.8336 -2.11374 27
      vertex 26.4759 -1.79473 27
    endloop
  endfacet
  facet normal 0 0 1
    outer loop
      vertex 25.26 2.36203 27
      vertex 25.8336 -2.11374 27
      vertex 25.8336 2.1137 27
    endloop
  endfacet
  facet normal 0 0 1
    outer loop
      vertex 25.26 2.36203 27
      vertex 25.26 -2.36207 27
      vertex 25.8336 -2.11374 27
    endloop
  endfacet
  facet normal 0 0 1
    outer loop
      vertex 24.7503 2.55294 27
      vertex 25.26 -2.36207 27
      vertex 25.26 2.36203 27
    endloop
  endfacet
  facet normal 0 0 1
    outer loop
      vertex 24.7503 2.55294 27
      vertex 24.7503 -2.55296 27
      vertex 25.26 -2.36207 27
    endloop
  endfacet
  facet normal 0 0 1
    outer loop
      vertex 24.3 2.69722 27
      vertex 24.7503 -2.55296 27
      vertex 24.7503 2.55294 27
    endloop
  endfacet
  facet normal 0 0 1
    outer loop
      vertex 24.3 2.69722 27
      vertex 24.3 -2.69725 27
      vertex 24.7503 -2.55296 27
    endloop
  endfacet
  facet normal 0 0 1
    outer loop
      vertex 23.9048 2.80379 27
      vertex 24.3 -2.69725 27
      vertex 24.3 2.69722 27
    endloop
  endfacet
  facet normal 0 0 1
    outer loop
      vertex 23.9048 2.80379 27
      vertex 23.9048 -2.80381 27
      vertex 24.3 -2.69725 27
    endloop
  endfacet
  facet normal 0 0 1
    outer loop
      vertex 23.5613 2.88 27
      vertex 23.9048 -2.80381 27
      vertex 23.9048 2.80379 27
    endloop
  endfacet
  facet normal 0 0 1
    outer loop
      vertex 23.5613 2.88 27
      vertex 23.5613 -2.88003 27
      vertex 23.9048 -2.80381 27
    endloop
  endfacet
  facet normal 0 0 1
    outer loop
      vertex 23.5613 2.88 27
      vertex 23.2659 -2.93206 27
      vertex 23.5613 -2.88003 27
    endloop
  endfacet
  facet normal 0 0 1
    outer loop
      vertex 23.2659 2.93203 27
      vertex 23.2659 -2.93206 27
      vertex 23.5613 2.88 27
    endloop
  endfacet
  facet normal 0 0 1
    outer loop
      vertex 23.0159 2.9651 27
      vertex 23.2659 -2.93206 27
      vertex 23.2659 2.93203 27
    endloop
  endfacet
  facet normal 0 0 1
    outer loop
      vertex 23.0159 2.9651 27
      vertex 23.0159 -2.96513 27
      vertex 23.2659 -2.93206 27
    endloop
  endfacet
  facet normal 0 0 1
    outer loop
      vertex 22.8088 2.98371 27
      vertex 23.0159 -2.96513 27
      vertex 23.0159 2.9651 27
    endloop
  endfacet
  facet normal 0 0 1
    outer loop
      vertex 22.8088 2.98371 27
      vertex 22.8088 -2.98374 27
      vertex 23.0159 -2.96513 27
    endloop
  endfacet
  facet normal 0 0 1
    outer loop
      vertex 22.6424 2.99179 27
      vertex 22.8088 -2.98374 27
      vertex 22.8088 2.98371 27
    endloop
  endfacet
  facet normal 0 0 1
    outer loop
      vertex 22.6424 2.99179 27
      vertex 22.6424 -2.99181 27
      vertex 22.8088 -2.98374 27
    endloop
  endfacet
  facet normal 0 0 1
    outer loop
      vertex 22.6424 2.99179 27
      vertex 22.5151 -2.99283 27
      vertex 22.6424 -2.99181 27
    endloop
  endfacet
  facet normal 0 0 1
    outer loop
      vertex 22.515 2.9928 27
      vertex 22.5151 -2.99283 27
      vertex 22.6424 2.99179 27
    endloop
  endfacet
  facet normal 0 0 1
    outer loop
      vertex 22.3719 2.98615 27
      vertex 22.515 2.9928 27
      vertex 22.4253 2.98993 27
    endloop
  endfacet
  facet normal 0 0 1
    outer loop
      vertex 22.515 2.9928 27
      vertex 22.3719 2.98615 27
      vertex 22.5151 -2.99283 27
    endloop
  endfacet
  facet normal -0 0 1
    outer loop
      vertex 22.3543 -2.98427 27
      vertex 22.5151 -2.99283 27
      vertex 22.3719 2.98615 27
    endloop
  endfacet
  facet normal 0 0 1
    outer loop
      vertex 22.5151 -2.99283 27
      vertex 22.3543 -2.98427 27
      vertex 22.4253 -2.98996 27
    endloop
  endfacet
  facet normal 0 0 1
    outer loop
      vertex 22.3719 2.98615 27
      vertex 19.1633 -2.55828 27
      vertex 22.3543 -2.98427 27
    endloop
  endfacet
  facet normal -0 0 1
    outer loop
      vertex 19.1612 2.5576 27
      vertex 19.1633 -2.55828 27
      vertex 22.3719 2.98615 27
    endloop
  endfacet
  facet normal 0 0 1
    outer loop
      vertex 14.9679 0.981047 27
      vertex 19.1612 2.5576 27
      vertex 18.9687 3.73733 27
    endloop
  endfacet
  facet normal 0 0 1
    outer loop
      vertex 19.1612 2.5576 27
      vertex 15 0 27
      vertex 19.1633 -2.55828 27
    endloop
  endfacet
  facet normal 0 0 1
    outer loop
      vertex 14.9679 0.981047 27
      vertex 18.9687 3.73733 27
      vertex 18.6836 4.96994 27
    endloop
  endfacet
  facet normal -0 0 1
    outer loop
      vertex 14.9679 -0.981047 27
      vertex 19.1633 -2.55828 27
      vertex 15 0 27
    endloop
  endfacet
  facet normal 0 0 1
    outer loop
      vertex 14.9679 0.981047 27
      vertex 18.6836 4.96994 27
      vertex 18.3186 6.18126 27
    endloop
  endfacet
  facet normal -0 0 1
    outer loop
      vertex 14.8717 -1.95789 27
      vertex 19.1633 -2.55828 27
      vertex 14.9679 -0.981047 27
    endloop
  endfacet
  facet normal 0 0 1
    outer loop
      vertex 14.9679 0.981047 27
      vertex 18.3186 6.18126 27
      vertex 17.8751 7.36612 27
    endloop
  endfacet
  facet normal 0 0 1
    outer loop
      vertex 14.7118 -2.92635 27
      vertex 19.1633 -2.55828 27
      vertex 14.8717 -1.95789 27
    endloop
  endfacet
  facet normal 0 0 1
    outer loop
      vertex 22.8545 -14.7985 27
      vertex 24.2431 -12.3933 27
      vertex 23.8262 -11.6837 27
    endloop
  endfacet
  facet normal 0 0 1
    outer loop
      vertex 24.2431 -12.3933 27
      vertex 22.8545 -14.7985 27
      vertex 24.6744 -13.2353 27
    endloop
  endfacet
  facet normal 0 0 1
    outer loop
      vertex 22.0315 -14.7922 27
      vertex 23.8262 -11.6837 27
      vertex 23.4294 -11.0863 27
    endloop
  endfacet
  facet normal 0 0 1
    outer loop
      vertex 21.3157 -14.7474 27
      vertex 23.4294 -11.0863 27
      vertex 23.0568 -10.5844 27
    endloop
  endfacet
  facet normal 0 0 1
    outer loop
      vertex 24.6744 -13.2353 27
      vertex 22.8545 -14.7985 27
      vertex 23.7993 -14.751 27
    endloop
  endfacet
  facet normal 0 0 1
    outer loop
      vertex 20.6948 -14.6756 27
      vertex 23.0568 -10.5844 27
      vertex 22.7109 -10.1642 27
    endloop
  endfacet
  facet normal 0 0 1
    outer loop
      vertex 20.1579 -14.5861 27
      vertex 22.7109 -10.1642 27
      vertex 22.393 -9.81411 27
    endloop
  endfacet
  facet normal 0 0 1
    outer loop
      vertex 19.6958 -14.4858 27
      vertex 22.393 -9.81411 27
      vertex 22.1041 -9.52427 27
    endloop
  endfacet
  facet normal 0 0 1
    outer loop
      vertex 23.8262 -11.6837 27
      vertex 22.0315 -14.7922 27
      vertex 22.8545 -14.7985 27
    endloop
  endfacet
  facet normal 0 0 1
    outer loop
      vertex 19.3003 -14.3806 27
      vertex 22.1041 -9.52427 27
      vertex 21.8446 -9.28647 27
    endloop
  endfacet
  facet normal 0 0 1
    outer loop
      vertex 18.9646 -14.2748 27
      vertex 21.8446 -9.28647 27
      vertex 21.6149 -9.09373 27
    endloop
  endfacet
  facet normal 0 0 1
    outer loop
      vertex 18.6828 -14.1722 27
      vertex 21.6149 -9.09373 27
      vertex 21.4149 -8.9401 27
    endloop
  endfacet
  facet normal 0 0 1
    outer loop
      vertex 23.4294 -11.0863 27
      vertex 21.3157 -14.7474 27
      vertex 22.0315 -14.7922 27
    endloop
  endfacet
  facet normal 0 0 1
    outer loop
      vertex 18.4498 -14.0758 27
      vertex 21.4149 -8.9401 27
      vertex 21.2448 -8.82043 27
    endloop
  endfacet
  facet normal 0 0 1
    outer loop
      vertex 18.2611 -13.9884 27
      vertex 21.2448 -8.82043 27
      vertex 21.1048 -8.73024 27
    endloop
  endfacet
  facet normal 0 0 1
    outer loop
      vertex 18.2611 -13.9884 27
      vertex 21.1048 -8.73024 27
      vertex 20.995 -8.66567 27
    endloop
  endfacet
  facet normal 0 0 1
    outer loop
      vertex 20.8677 -8.59987 27
      vertex 20.995 -8.66567 27
      vertex 20.9158 -8.62326 27
    endloop
  endfacet
  facet normal 0 0 1
    outer loop
      vertex 20.995 -8.66567 27
      vertex 20.8677 -8.59987 27
      vertex 18.2611 -13.9884 27
    endloop
  endfacet
  facet normal 0 0 1
    outer loop
      vertex 23.0568 -10.5844 27
      vertex 20.6948 -14.6756 27
      vertex 21.3157 -14.7474 27
    endloop
  endfacet
  facet normal 0 0 1
    outer loop
      vertex 22.7109 -10.1642 27
      vertex 20.1579 -14.5861 27
      vertex 20.6948 -14.6756 27
    endloop
  endfacet
  facet normal 0 0 1
    outer loop
      vertex 22.393 -9.81411 27
      vertex 19.6958 -14.4858 27
      vertex 20.1579 -14.5861 27
    endloop
  endfacet
  facet normal 0 0 1
    outer loop
      vertex 22.1041 -9.52427 27
      vertex 19.3003 -14.3806 27
      vertex 19.6958 -14.4858 27
    endloop
  endfacet
  facet normal 0 0 1
    outer loop
      vertex 21.8446 -9.28647 27
      vertex 18.9646 -14.2748 27
      vertex 19.3003 -14.3806 27
    endloop
  endfacet
  facet normal 0 0 1
    outer loop
      vertex 21.6149 -9.09373 27
      vertex 18.6828 -14.1722 27
      vertex 18.9646 -14.2748 27
    endloop
  endfacet
  facet normal 0 0 1
    outer loop
      vertex 21.4149 -8.9401 27
      vertex 18.4498 -14.0758 27
      vertex 18.6828 -14.1722 27
    endloop
  endfacet
  facet normal 0 0 1
    outer loop
      vertex 21.2448 -8.82043 27
      vertex 18.2611 -13.9884 27
      vertex 18.4498 -14.0758 27
    endloop
  endfacet
  facet normal 0 0 1
    outer loop
      vertex 20.8677 -8.59987 27
      vertex 18.113 -13.9122 27
      vertex 18.2611 -13.9884 27
    endloop
  endfacet
  facet normal -0 0 1
    outer loop
      vertex 17.8672 -13.7616 27
      vertex 18.113 -13.9122 27
      vertex 20.8677 -8.59987 27
    endloop
  endfacet
  facet normal 0 0 1
    outer loop
      vertex 18.113 -13.9122 27
      vertex 17.8672 -13.7616 27
      vertex 18.0022 -13.8494 27
    endloop
  endfacet
  facet normal 0 0 1
    outer loop
      vertex 17.8672 -13.7616 27
      vertex 20.8677 -8.59987 27
      vertex 17.8729 -7.36567 27
    endloop
  endfacet
  facet normal 0 0 1
    outer loop
      vertex 18.0022 -13.8494 27
      vertex 17.8672 -13.7616 27
      vertex 17.9259 -13.802 27
    endloop
  endfacet
  facet normal 0 0 1
    outer loop
      vertex 12.3933 -24.2431 27
      vertex 14.7985 -22.8545 27
      vertex 14.7922 -22.0315 27
    endloop
  endfacet
  facet normal 0 0 1
    outer loop
      vertex 11.6837 -23.8262 27
      vertex 14.7922 -22.0315 27
      vertex 14.7473 -21.3157 27
    endloop
  endfacet
  facet normal 0 0 1
    outer loop
      vertex 11.6837 -23.8262 27
      vertex 14.7473 -21.3157 27
      vertex 14.6756 -20.6948 27
    endloop
  endfacet
  facet normal 0 0 1
    outer loop
      vertex 11.6837 -23.8262 27
      vertex 14.6756 -20.6948 27
      vertex 14.5861 -20.1579 27
    endloop
  endfacet
  facet normal 0 0 1
    outer loop
      vertex 11.6837 -23.8262 27
      vertex 14.5861 -20.1579 27
      vertex 14.4858 -19.6958 27
    endloop
  endfacet
  facet normal 0 0 1
    outer loop
      vertex 11.6837 -23.8262 27
      vertex 14.4858 -19.6958 27
      vertex 14.3806 -19.3003 27
    endloop
  endfacet
  facet normal 0 0 1
    outer loop
      vertex 11.6837 -23.8262 27
      vertex 14.3806 -19.3003 27
      vertex 14.2748 -18.9646 27
    endloop
  endfacet
  facet normal 0 0 1
    outer loop
      vertex 11.6837 -23.8262 27
      vertex 14.2748 -18.9646 27
      vertex 14.1722 -18.6828 27
    endloop
  endfacet
  facet normal 0 0 1
    outer loop
      vertex 11.6837 -23.8262 27
      vertex 14.1722 -18.6828 27
      vertex 14.0758 -18.4498 27
    endloop
  endfacet
  facet normal 0 0 1
    outer loop
      vertex 11.6837 -23.8262 27
      vertex 14.0758 -18.4498 27
      vertex 13.9884 -18.2611 27
    endloop
  endfacet
  facet normal 0 0 1
    outer loop
      vertex 13.772 -17.8816 27
      vertex 13.9884 -18.2611 27
      vertex 13.9122 -18.113 27
    endloop
  endfacet
  facet normal 0 0 1
    outer loop
      vertex 13.772 -17.8816 27
      vertex 13.9122 -18.113 27
      vertex 13.8494 -18.0022 27
    endloop
  endfacet
  facet normal 0 0 1
    outer loop
      vertex 13.772 -17.8816 27
      vertex 13.8494 -18.0022 27
      vertex 13.802 -17.9259 27
    endloop
  endfacet
  facet normal 0 0 1
    outer loop
      vertex 13.9884 -18.2611 27
      vertex 13.772 -17.8816 27
      vertex 11.6837 -23.8262 27
    endloop
  endfacet
  facet normal 0 0 1
    outer loop
      vertex 14.7922 -22.0315 27
      vertex 11.6837 -23.8262 27
      vertex 12.3933 -24.2431 27
    endloop
  endfacet
  facet normal 0 0 1
    outer loop
      vertex 14.751 -23.7993 27
      vertex 12.3933 -24.2431 27
      vertex 13.2353 -24.6744 27
    endloop
  endfacet
  facet normal 0 0 1
    outer loop
      vertex 11.6837 -23.8262 27
      vertex 13.772 -17.8816 27
      vertex 11.7956 -15.3153 27
    endloop
  endfacet
  facet normal 0 0 1
    outer loop
      vertex 14.7985 -22.8545 27
      vertex 12.3933 -24.2431 27
      vertex 14.751 -23.7993 27
    endloop
  endfacet
  facet normal 0 0 1
    outer loop
      vertex -14.7118 2.92635 27
      vertex -19.1633 2.55828 27
      vertex -14.8717 1.95789 27
    endloop
  endfacet
  facet normal 0 0 1
    outer loop
      vertex -15 0 27
      vertex -18.3186 -6.18126 27
      vertex -17.8751 -7.36612 27
    endloop
  endfacet
  facet normal 0 0 1
    outer loop
      vertex -14.8717 1.95789 27
      vertex -19.1633 2.55828 27
      vertex -14.9679 0.981047 27
    endloop
  endfacet
  facet normal 0 0 1
    outer loop
      vertex -15 0 27
      vertex -18.6836 -4.96994 27
      vertex -18.3186 -6.18126 27
    endloop
  endfacet
  facet normal 0 0 1
    outer loop
      vertex -14.9679 0.981047 27
      vertex -19.1633 2.55828 27
      vertex -15 0 27
    endloop
  endfacet
  facet normal 0 0 1
    outer loop
      vertex -15 0 27
      vertex -18.9687 -3.73733 27
      vertex -18.6836 -4.96994 27
    endloop
  endfacet
  facet normal 0 0 1
    outer loop
      vertex -15 0 27
      vertex -19.1612 -2.55758 27
      vertex -18.9687 -3.73733 27
    endloop
  endfacet
  facet normal 0 0 1
    outer loop
      vertex -15 0 27
      vertex -19.1633 2.55828 27
      vertex -19.1612 -2.55758 27
    endloop
  endfacet
  facet normal 0 0 1
    outer loop
      vertex -22.3543 2.98427 27
      vertex -19.1612 -2.55758 27
      vertex -19.1633 2.55828 27
    endloop
  endfacet
  facet normal 0 0 1
    outer loop
      vertex -22.3543 2.98427 27
      vertex -22.3719 -2.98614 27
      vertex -19.1612 -2.55758 27
    endloop
  endfacet
  facet normal 0 0 1
    outer loop
      vertex -22.515 -2.99279 27
      vertex -22.3719 -2.98614 27
      vertex -22.3543 2.98427 27
    endloop
  endfacet
  facet normal 0 0 1
    outer loop
      vertex -22.5151 2.99283 27
      vertex -22.3543 2.98427 27
      vertex -22.4253 2.98996 27
    endloop
  endfacet
  facet normal 0 0 1
    outer loop
      vertex -22.3719 -2.98614 27
      vertex -22.515 -2.99279 27
      vertex -22.4253 -2.98992 27
    endloop
  endfacet
  facet normal -0 0 1
    outer loop
      vertex -22.6424 2.99181 27
      vertex -22.3543 2.98427 27
      vertex -22.5151 2.99283 27
    endloop
  endfacet
  facet normal 0 0 1
    outer loop
      vertex -22.3543 2.98427 27
      vertex -22.6424 -2.99178 27
      vertex -22.515 -2.99279 27
    endloop
  endfacet
  facet normal 0 0 1
    outer loop
      vertex -22.3543 2.98427 27
      vertex -22.6424 2.99181 27
      vertex -22.6424 -2.99178 27
    endloop
  endfacet
  facet normal 0 0 1
    outer loop
      vertex -22.6424 2.99181 27
      vertex -22.8088 -2.9837 27
      vertex -22.6424 -2.99178 27
    endloop
  endfacet
  facet normal -0 0 1
    outer loop
      vertex -22.8088 2.98374 27
      vertex -22.8088 -2.9837 27
      vertex -22.6424 2.99181 27
    endloop
  endfacet
  facet normal -0 0 1
    outer loop
      vertex -23.0159 2.96513 27
      vertex -22.8088 -2.9837 27
      vertex -22.8088 2.98374 27
    endloop
  endfacet
  facet normal 0 0 1
    outer loop
      vertex -23.0159 2.96513 27
      vertex -23.0159 -2.96508 27
      vertex -22.8088 -2.9837 27
    endloop
  endfacet
  facet normal 0 0 1
    outer loop
      vertex -23.0159 2.96513 27
      vertex -23.2659 -2.93202 27
      vertex -23.0159 -2.96508 27
    endloop
  endfacet
  facet normal -0 0 1
    outer loop
      vertex -23.2659 2.93206 27
      vertex -23.2659 -2.93202 27
      vertex -23.0159 2.96513 27
    endloop
  endfacet
  facet normal -0 0 1
    outer loop
      vertex -23.5613 2.88003 27
      vertex -23.2659 -2.93202 27
      vertex -23.2659 2.93206 27
    endloop
  endfacet
  facet normal 0 0 1
    outer loop
      vertex -23.5613 2.88003 27
      vertex -23.5613 -2.87998 27
      vertex -23.2659 -2.93202 27
    endloop
  endfacet
  facet normal -0 0 1
    outer loop
      vertex -23.9048 2.80381 27
      vertex -23.5613 -2.87998 27
      vertex -23.5613 2.88003 27
    endloop
  endfacet
  facet normal 0 0 1
    outer loop
      vertex -23.9048 2.80381 27
      vertex -23.9048 -2.80377 27
      vertex -23.5613 -2.87998 27
    endloop
  endfacet
  facet normal -0 0 1
    outer loop
      vertex -24.3 2.69725 27
      vertex -23.9048 -2.80377 27
      vertex -23.9048 2.80381 27
    endloop
  endfacet
  facet normal 0 0 1
    outer loop
      vertex -24.3 2.69725 27
      vertex -24.3 -2.69721 27
      vertex -23.9048 -2.80377 27
    endloop
  endfacet
  facet normal -0 0 1
    outer loop
      vertex -24.7503 2.55296 27
      vertex -24.3 -2.69721 27
      vertex -24.3 2.69725 27
    endloop
  endfacet
  facet normal 0 0 1
    outer loop
      vertex -24.7503 2.55296 27
      vertex -24.7503 -2.55292 27
      vertex -24.3 -2.69721 27
    endloop
  endfacet
  facet normal -0 0 1
    outer loop
      vertex -25.26 2.36207 27
      vertex -24.7503 -2.55292 27
      vertex -24.7503 2.55296 27
    endloop
  endfacet
  facet normal 0 0 1
    outer loop
      vertex -25.26 2.36207 27
      vertex -25.26 -2.36202 27
      vertex -24.7503 -2.55292 27
    endloop
  endfacet
  facet normal -0 0 1
    outer loop
      vertex -25.8336 2.11374 27
      vertex -25.26 -2.36202 27
      vertex -25.26 2.36207 27
    endloop
  endfacet
  facet normal 0 0 1
    outer loop
      vertex -25.8336 2.11374 27
      vertex -25.8336 -2.11369 27
      vertex -25.26 -2.36202 27
    endloop
  endfacet
  facet normal 0 0 1
    outer loop
      vertex -25.8336 2.11374 27
      vertex -26.4759 -1.79469 27
      vertex -25.8336 -2.11369 27
    endloop
  endfacet
  facet normal -0 0 1
    outer loop
      vertex -26.4759 1.79473 27
      vertex -26.4759 -1.79469 27
      vertex -25.8336 2.11374 27
    endloop
  endfacet
  facet normal 0 0 1
    outer loop
      vertex -26.4759 1.79473 27
      vertex -27.1918 -1.38862 27
      vertex -26.4759 -1.79469 27
    endloop
  endfacet
  facet normal -0 0 1
    outer loop
      vertex -27.1918 1.38866 27
      vertex -27.1918 -1.38862 27
      vertex -26.4759 1.79473 27
    endloop
  endfacet
  facet normal 0 0 1
    outer loop
      vertex -27.1918 1.38866 27
      vertex -27.9863 -0.87512 27
      vertex -27.1918 -1.38862 27
    endloop
  endfacet
  facet normal 0 -0 1
    outer loop
      vertex -27.9863 -0.87512 27
      vertex -27.1918 1.38866 27
      vertex -27.9863 0.87515 27
    endloop
  endfacet
  facet normal 0 0 1
    outer loop
      vertex -18.0022 13.8494 27
      vertex -17.8672 13.7616 27
      vertex -17.9259 13.802 27
    endloop
  endfacet
  facet normal 0 0 1
    outer loop
      vertex -18.113 13.9122 27
      vertex -17.8672 13.7616 27
      vertex -18.0022 13.8494 27
    endloop
  endfacet
  facet normal 0 0 1
    outer loop
      vertex -17.8672 13.7616 27
      vertex -18.113 13.9122 27
      vertex -20.8677 8.59987 27
    endloop
  endfacet
  facet normal 0 0 1
    outer loop
      vertex -20.8677 8.59987 27
      vertex -18.113 13.9122 27
      vertex -18.2611 13.9884 27
    endloop
  endfacet
  facet normal 0 0 1
    outer loop
      vertex -21.2448 8.82043 27
      vertex -18.2611 13.9884 27
      vertex -18.4498 14.0758 27
    endloop
  endfacet
  facet normal 0 0 1
    outer loop
      vertex -21.4149 8.9401 27
      vertex -18.4498 14.0758 27
      vertex -18.6828 14.1722 27
    endloop
  endfacet
  facet normal 0 0 1
    outer loop
      vertex -21.6149 9.09373 27
      vertex -18.6828 14.1722 27
      vertex -18.9646 14.2748 27
    endloop
  endfacet
  facet normal 0 0 1
    outer loop
      vertex -21.8446 9.28647 27
      vertex -18.9646 14.2748 27
      vertex -19.3003 14.3806 27
    endloop
  endfacet
  facet normal 0 0 1
    outer loop
      vertex -22.1041 9.52427 27
      vertex -19.3003 14.3806 27
      vertex -19.6958 14.4858 27
    endloop
  endfacet
  facet normal 0 0 1
    outer loop
      vertex -22.393 9.81411 27
      vertex -19.6958 14.4858 27
      vertex -20.1579 14.5861 27
    endloop
  endfacet
  facet normal 0 0 1
    outer loop
      vertex -22.7109 10.1642 27
      vertex -20.1579 14.5861 27
      vertex -20.6948 14.6756 27
    endloop
  endfacet
  facet normal 0 0 1
    outer loop
      vertex -17.8672 13.7616 27
      vertex -20.8677 8.59987 27
      vertex -17.8729 7.36567 27
    endloop
  endfacet
  facet normal 0 0 1
    outer loop
      vertex -18.2611 13.9884 27
      vertex -21.1048 8.73024 27
      vertex -20.8677 8.59987 27
    endloop
  endfacet
  facet normal 0 0 1
    outer loop
      vertex -20.8677 8.59987 27
      vertex -20.995 8.66567 27
      vertex -20.9158 8.62326 27
    endloop
  endfacet
  facet normal 0 0 1
    outer loop
      vertex -20.8677 8.59987 27
      vertex -21.1048 8.73024 27
      vertex -20.995 8.66567 27
    endloop
  endfacet
  facet normal 0 0 1
    outer loop
      vertex -18.2611 13.9884 27
      vertex -21.2448 8.82043 27
      vertex -21.1048 8.73024 27
    endloop
  endfacet
  facet normal 0 0 1
    outer loop
      vertex -23.0568 10.5844 27
      vertex -20.6948 14.6756 27
      vertex -21.3157 14.7474 27
    endloop
  endfacet
  facet normal 0 0 1
    outer loop
      vertex -18.4498 14.0758 27
      vertex -21.4149 8.9401 27
      vertex -21.2448 8.82043 27
    endloop
  endfacet
  facet normal 0 0 1
    outer loop
      vertex -18.6828 14.1722 27
      vertex -21.6149 9.09373 27
      vertex -21.4149 8.9401 27
    endloop
  endfacet
  facet normal 0 0 1
    outer loop
      vertex -18.9646 14.2748 27
      vertex -21.8446 9.28647 27
      vertex -21.6149 9.09373 27
    endloop
  endfacet
  facet normal 0 0 1
    outer loop
      vertex -23.4294 11.0863 27
      vertex -21.3157 14.7474 27
      vertex -22.0315 14.7922 27
    endloop
  endfacet
  facet normal 0 0 1
    outer loop
      vertex -19.3003 14.3806 27
      vertex -22.1041 9.52427 27
      vertex -21.8446 9.28647 27
    endloop
  endfacet
  facet normal 0 0 1
    outer loop
      vertex -19.6958 14.4858 27
      vertex -22.393 9.81411 27
      vertex -22.1041 9.52427 27
    endloop
  endfacet
  facet normal 0 0 1
    outer loop
      vertex -20.1579 14.5861 27
      vertex -22.7109 10.1642 27
      vertex -22.393 9.81411 27
    endloop
  endfacet
  facet normal 0 0 1
    outer loop
      vertex -23.8262 11.6837 27
      vertex -22.0315 14.7922 27
      vertex -22.8545 14.7985 27
    endloop
  endfacet
  facet normal 0 0 1
    outer loop
      vertex -20.6948 14.6756 27
      vertex -23.0568 10.5844 27
      vertex -22.7109 10.1642 27
    endloop
  endfacet
  facet normal 0 0 1
    outer loop
      vertex -21.3157 14.7474 27
      vertex -23.4294 11.0863 27
      vertex -23.0568 10.5844 27
    endloop
  endfacet
  facet normal 0 0 1
    outer loop
      vertex -24.2431 12.3933 27
      vertex -22.8545 14.7985 27
      vertex -23.7993 14.751 27
    endloop
  endfacet
  facet normal 0 0 1
    outer loop
      vertex -22.0315 14.7922 27
      vertex -23.8262 11.6837 27
      vertex -23.4294 11.0863 27
    endloop
  endfacet
  facet normal 0 0 1
    outer loop
      vertex -22.8545 14.7985 27
      vertex -24.2431 12.3933 27
      vertex -23.8262 11.6837 27
    endloop
  endfacet
  facet normal 0 -0 1
    outer loop
      vertex -24.2431 12.3933 27
      vertex -23.7993 14.751 27
      vertex -24.6744 13.2353 27
    endloop
  endfacet
  facet normal 0 0 1
    outer loop
      vertex -14.7922 22.0315 27
      vertex -11.6837 23.8262 27
      vertex -12.3933 24.2431 27
    endloop
  endfacet
  facet normal 0 0 1
    outer loop
      vertex -14.7985 22.8545 27
      vertex -12.3933 24.2431 27
      vertex -13.2353 24.6744 27
    endloop
  endfacet
  facet normal 0 0 1
    outer loop
      vertex -8.59268 20.8515 27
      vertex -13.772 17.8816 27
      vertex -11.7956 15.3153 27
    endloop
  endfacet
  facet normal 0 0 1
    outer loop
      vertex -9.28645 21.8446 27
      vertex -14.2748 18.9646 27
      vertex -14.1722 18.6828 27
    endloop
  endfacet
  facet normal 0 0 1
    outer loop
      vertex -8.94009 21.4149 27
      vertex -14.0758 18.4498 27
      vertex -13.9884 18.2611 27
    endloop
  endfacet
  facet normal 0 0 1
    outer loop
      vertex -8.82042 21.2449 27
      vertex -13.9884 18.2611 27
      vertex -13.772 17.8816 27
    endloop
  endfacet
  facet normal 0 0 1
    outer loop
      vertex -13.772 17.8816 27
      vertex -13.9122 18.113 27
      vertex -13.8494 18.0022 27
    endloop
  endfacet
  facet normal 0 0 1
    outer loop
      vertex -13.772 17.8816 27
      vertex -13.8494 18.0022 27
      vertex -13.802 17.9259 27
    endloop
  endfacet
  facet normal -0 -0 1
    outer loop
      vertex -13.9122 18.113 27
      vertex -13.772 17.8816 27
      vertex -13.9884 18.2611 27
    endloop
  endfacet
  facet normal 0 0 1
    outer loop
      vertex -9.09373 21.6149 27
      vertex -14.1722 18.6828 27
      vertex -14.0758 18.4498 27
    endloop
  endfacet
  facet normal 0 0 1
    outer loop
      vertex -9.52425 22.1041 27
      vertex -14.3806 19.3003 27
      vertex -14.2748 18.9646 27
    endloop
  endfacet
  facet normal 0 0 1
    outer loop
      vertex -9.8141 22.393 27
      vertex -14.4858 19.6958 27
      vertex -14.3806 19.3003 27
    endloop
  endfacet
  facet normal 0 0 1
    outer loop
      vertex -10.1642 22.7109 27
      vertex -14.5861 20.1579 27
      vertex -14.4858 19.6958 27
    endloop
  endfacet
  facet normal 0 0 1
    outer loop
      vertex -10.5844 23.0568 27
      vertex -14.6756 20.6948 27
      vertex -14.5861 20.1579 27
    endloop
  endfacet
  facet normal 0 0 1
    outer loop
      vertex -11.0863 23.4294 27
      vertex -14.7473 21.3157 27
      vertex -14.6756 20.6948 27
    endloop
  endfacet
  facet normal 0 0 1
    outer loop
      vertex -14.7985 22.8545 27
      vertex -13.2353 24.6744 27
      vertex -14.751 23.7993 27
    endloop
  endfacet
  facet normal 0 0 1
    outer loop
      vertex -11.6837 23.8262 27
      vertex -14.7922 22.0315 27
      vertex -14.7473 21.3157 27
    endloop
  endfacet
  facet normal 0 0 1
    outer loop
      vertex -12.3933 24.2431 27
      vertex -14.7985 22.8545 27
      vertex -14.7922 22.0315 27
    endloop
  endfacet
  facet normal 0 0 1
    outer loop
      vertex 2.69725 24.3 27
      vertex -2.69721 24.3 27
      vertex -2.80377 23.9048 27
    endloop
  endfacet
  facet normal 0 0 1
    outer loop
      vertex 2.80381 23.9048 27
      vertex -2.80377 23.9048 27
      vertex -2.87998 23.5613 27
    endloop
  endfacet
  facet normal 0 0 1
    outer loop
      vertex 2.88003 23.5613 27
      vertex -2.87998 23.5613 27
      vertex -2.93202 23.2659 27
    endloop
  endfacet
  facet normal 0 0 1
    outer loop
      vertex -2.9837 22.8088 27
      vertex 2.96513 23.0159 27
      vertex -2.96508 23.0159 27
    endloop
  endfacet
  facet normal 0 0 1
    outer loop
      vertex 2.98374 22.8088 27
      vertex -2.9837 22.8088 27
      vertex 2.98427 22.3543 27
    endloop
  endfacet
  facet normal 0 0 1
    outer loop
      vertex 2.98427 22.3543 27
      vertex -2.9837 22.8088 27
      vertex -2.98614 22.3719 27
    endloop
  endfacet
  facet normal 0 0 1
    outer loop
      vertex 2.55828 19.1633 27
      vertex -2.98614 22.3719 27
      vertex -2.55758 19.1612 27
    endloop
  endfacet
  facet normal -0 0 1
    outer loop
      vertex -2.99178 22.6424 27
      vertex -2.98614 22.3719 27
      vertex -2.9837 22.8088 27
    endloop
  endfacet
  facet normal -0 0 1
    outer loop
      vertex -2.99279 22.515 27
      vertex -2.98614 22.3719 27
      vertex -2.99178 22.6424 27
    endloop
  endfacet
  facet normal 0 0 1
    outer loop
      vertex -2.98614 22.3719 27
      vertex -2.99279 22.515 27
      vertex -2.98992 22.4253 27
    endloop
  endfacet
  facet normal 0 0 1
    outer loop
      vertex 2.98614 -22.3719 27
      vertex 2.99279 -22.515 27
      vertex 2.98992 -22.4253 27
    endloop
  endfacet
  facet normal 0 0 1
    outer loop
      vertex 2.99279 -22.515 27
      vertex 2.98614 -22.3719 27
      vertex 2.99178 -22.6424 27
    endloop
  endfacet
  facet normal 0 0 1
    outer loop
      vertex 2.98614 -22.3719 27
      vertex 2.9837 -22.8088 27
      vertex 2.99178 -22.6424 27
    endloop
  endfacet
  facet normal 0 0 1
    outer loop
      vertex 2.98614 -22.3719 27
      vertex 2.96508 -23.0159 27
      vertex 2.9837 -22.8088 27
    endloop
  endfacet
  facet normal 0 0 1
    outer loop
      vertex 2.98614 -22.3719 27
      vertex 2.93202 -23.2659 27
      vertex 2.96508 -23.0159 27
    endloop
  endfacet
  facet normal 0 0 1
    outer loop
      vertex 2.98614 -22.3719 27
      vertex 2.87998 -23.5613 27
      vertex 2.93202 -23.2659 27
    endloop
  endfacet
  facet normal 0 0 1
    outer loop
      vertex 2.98614 -22.3719 27
      vertex 2.80377 -23.9048 27
      vertex 2.87998 -23.5613 27
    endloop
  endfacet
  facet normal 0 0 1
    outer loop
      vertex 2.98614 -22.3719 27
      vertex 2.69721 -24.3 27
      vertex 2.80377 -23.9048 27
    endloop
  endfacet
  facet normal -0 0 1
    outer loop
      vertex -2.98427 -22.3543 27
      vertex 2.98614 -22.3719 27
      vertex 2.55758 -19.1612 27
    endloop
  endfacet
  facet normal 0 0 1
    outer loop
      vertex 2.98614 -22.3719 27
      vertex 2.55292 -24.7503 27
      vertex 2.69721 -24.3 27
    endloop
  endfacet
  facet normal 0 -0 1
    outer loop
      vertex -1.79473 -26.4759 27
      vertex 1.79469 -26.4759 27
      vertex -2.11374 -25.8336 27
    endloop
  endfacet
  facet normal 0 0 1
    outer loop
      vertex 2.11369 -25.8336 27
      vertex -2.11374 -25.8336 27
      vertex 1.79469 -26.4759 27
    endloop
  endfacet
  facet normal -0 -0 1
    outer loop
      vertex -2.11374 -25.8336 27
      vertex 2.11369 -25.8336 27
      vertex -2.36207 -25.26 27
    endloop
  endfacet
  facet normal -0 -0 1
    outer loop
      vertex -2.36207 -25.26 27
      vertex 2.36202 -25.26 27
      vertex -2.55296 -24.7503 27
    endloop
  endfacet
  facet normal -0 -0 1
    outer loop
      vertex -2.55296 -24.7503 27
      vertex 2.36202 -25.26 27
      vertex -2.69725 -24.3 27
    endloop
  endfacet
  facet normal 0 0 1
    outer loop
      vertex 2.98614 -22.3719 27
      vertex -2.80381 -23.9048 27
      vertex 2.36202 -25.26 27
    endloop
  endfacet
  facet normal 0 -0 1
    outer loop
      vertex -2.93206 -23.2659 27
      vertex 2.98614 -22.3719 27
      vertex -2.96513 -23.0159 27
    endloop
  endfacet
  facet normal 0 0 1
    outer loop
      vertex -2.99283 -22.5151 27
      vertex -2.98427 -22.3543 27
      vertex -2.98996 -22.4253 27
    endloop
  endfacet
  facet normal 0 0 1
    outer loop
      vertex -2.98427 -22.3543 27
      vertex -2.99181 -22.6424 27
      vertex -2.98374 -22.8088 27
    endloop
  endfacet
  facet normal 0 0 1
    outer loop
      vertex -2.98427 -22.3543 27
      vertex -2.99283 -22.5151 27
      vertex -2.99181 -22.6424 27
    endloop
  endfacet
  facet normal 0 0 1
    outer loop
      vertex -9.52427 -22.1041 27
      vertex -14.3806 -19.3003 27
      vertex -9.81411 -22.393 27
    endloop
  endfacet
  facet normal -0 0 1
    outer loop
      vertex -14.4858 -19.6958 27
      vertex -9.81411 -22.393 27
      vertex -14.3806 -19.3003 27
    endloop
  endfacet
  facet normal -0 0 1
    outer loop
      vertex -14.5861 -20.1579 27
      vertex -10.1642 -22.7109 27
      vertex -14.4858 -19.6958 27
    endloop
  endfacet
  facet normal 0 0 1
    outer loop
      vertex -13.8494 -18.0022 27
      vertex -13.7616 -17.8672 27
      vertex -13.802 -17.9259 27
    endloop
  endfacet
  facet normal 0 0 1
    outer loop
      vertex -13.9122 -18.113 27
      vertex -13.7616 -17.8672 27
      vertex -13.8494 -18.0022 27
    endloop
  endfacet
  facet normal 0 0 1
    outer loop
      vertex -13.7616 -17.8672 27
      vertex -13.9122 -18.113 27
      vertex -13.9884 -18.2611 27
    endloop
  endfacet
  facet normal -0 0 1
    outer loop
      vertex -14.3806 -19.3003 27
      vertex -9.52427 -22.1041 27
      vertex -14.2748 -18.9646 27
    endloop
  endfacet
  facet normal 0 0 1
    outer loop
      vertex -9.81411 -22.393 27
      vertex -14.4858 -19.6958 27
      vertex -10.1642 -22.7109 27
    endloop
  endfacet
  facet normal 0 0 1
    outer loop
      vertex -10.1642 -22.7109 27
      vertex -14.5861 -20.1579 27
      vertex -10.5844 -23.0568 27
    endloop
  endfacet
  facet normal -0 0 1
    outer loop
      vertex -14.6756 -20.6948 27
      vertex -10.5844 -23.0568 27
      vertex -14.5861 -20.1579 27
    endloop
  endfacet
  facet normal 0 0 1
    outer loop
      vertex -10.5844 -23.0568 27
      vertex -14.6756 -20.6948 27
      vertex -11.0863 -23.4294 27
    endloop
  endfacet
  facet normal -0 0 1
    outer loop
      vertex -14.7474 -21.3157 27
      vertex -11.0863 -23.4294 27
      vertex -14.6756 -20.6948 27
    endloop
  endfacet
  facet normal 0 0 1
    outer loop
      vertex -11.0863 -23.4294 27
      vertex -14.7474 -21.3157 27
      vertex -11.6837 -23.8262 27
    endloop
  endfacet
  facet normal -0 0 1
    outer loop
      vertex -14.7922 -22.0315 27
      vertex -11.6837 -23.8262 27
      vertex -14.7474 -21.3157 27
    endloop
  endfacet
  facet normal 0 0 1
    outer loop
      vertex -11.6837 -23.8262 27
      vertex -14.7922 -22.0315 27
      vertex -12.3933 -24.2431 27
    endloop
  endfacet
  facet normal -0 0 1
    outer loop
      vertex -14.7985 -22.8545 27
      vertex -12.3933 -24.2431 27
      vertex -14.7922 -22.0315 27
    endloop
  endfacet
  facet normal 0 0 1
    outer loop
      vertex -12.3933 -24.2431 27
      vertex -14.7985 -22.8545 27
      vertex -13.2353 -24.6744 27
    endloop
  endfacet
  facet normal 0 0 1
    outer loop
      vertex -13.2353 -24.6744 27
      vertex -14.7985 -22.8545 27
      vertex -14.751 -23.7993 27
    endloop
  endfacet
  facet normal 0.839843 -0.542829 0
    outer loop
      vertex 0.87512 -27.9863 27
      vertex 1.38862 -27.1918 0
      vertex 1.38862 -27.1918 27
    endloop
  endfacet
  facet normal 0.839843 -0.542829 0
    outer loop
      vertex 1.38862 -27.1918 0
      vertex 0.87512 -27.9863 27
      vertex 0.87512 -27.9863 0
    endloop
  endfacet
  facet normal 0.869823 -0.493364 0
    outer loop
      vertex 1.38862 -27.1918 27
      vertex 1.79469 -26.4759 0
      vertex 1.79469 -26.4759 27
    endloop
  endfacet
  facet normal 0.869823 -0.493364 0
    outer loop
      vertex 1.79469 -26.4759 0
      vertex 1.38862 -27.1918 27
      vertex 1.38862 -27.1918 0
    endloop
  endfacet
  facet normal 0.895621 -0.444818 0
    outer loop
      vertex 1.79469 -26.4759 27
      vertex 2.11369 -25.8336 0
      vertex 2.11369 -25.8336 27
    endloop
  endfacet
  facet normal 0.895621 -0.444818 0
    outer loop
      vertex 2.11369 -25.8336 0
      vertex 1.79469 -26.4759 27
      vertex 1.79469 -26.4759 0
    endloop
  endfacet
  facet normal 0.91769 -0.397297 0
    outer loop
      vertex 2.11369 -25.8336 27
      vertex 2.36202 -25.26 0
      vertex 2.36202 -25.26 27
    endloop
  endfacet
  facet normal 0.91769 -0.397297 0
    outer loop
      vertex 2.36202 -25.26 0
      vertex 2.11369 -25.8336 27
      vertex 2.11369 -25.8336 0
    endloop
  endfacet
  facet normal 0.936473 -0.35074 0
    outer loop
      vertex 2.36202 -25.26 27
      vertex 2.55292 -24.7503 0
      vertex 2.55292 -24.7503 27
    endloop
  endfacet
  facet normal 0.936473 -0.35074 0
    outer loop
      vertex 2.55292 -24.7503 0
      vertex 2.36202 -25.26 27
      vertex 2.36202 -25.26 0
    endloop
  endfacet
  facet normal 0.95232 -0.3051 0
    outer loop
      vertex 2.55292 -24.7503 27
      vertex 2.69721 -24.3 0
      vertex 2.69721 -24.3 27
    endloop
  endfacet
  facet normal 0.95232 -0.3051 0
    outer loop
      vertex 2.69721 -24.3 0
      vertex 2.55292 -24.7503 27
      vertex 2.55292 -24.7503 0
    endloop
  endfacet
  facet normal 0.965501 -0.2604 0
    outer loop
      vertex 2.69721 -24.3 27
      vertex 2.80377 -23.9048 0
      vertex 2.80377 -23.9048 27
    endloop
  endfacet
  facet normal 0.965501 -0.2604 0
    outer loop
      vertex 2.80377 -23.9048 0
      vertex 2.69721 -24.3 27
      vertex 2.69721 -24.3 0
    endloop
  endfacet
  facet normal 0.976273 -0.216545 0
    outer loop
      vertex 2.80377 -23.9048 27
      vertex 2.87998 -23.5613 0
      vertex 2.87998 -23.5613 27
    endloop
  endfacet
  facet normal 0.976273 -0.216545 0
    outer loop
      vertex 2.87998 -23.5613 0
      vertex 2.80377 -23.9048 27
      vertex 2.80377 -23.9048 0
    endloop
  endfacet
  facet normal 0.984831 -0.173514 0
    outer loop
      vertex 2.87998 -23.5613 27
      vertex 2.93202 -23.2659 0
      vertex 2.93202 -23.2659 27
    endloop
  endfacet
  facet normal 0.984831 -0.173514 0
    outer loop
      vertex 2.93202 -23.2659 0
      vertex 2.87998 -23.5613 27
      vertex 2.87998 -23.5613 0
    endloop
  endfacet
  facet normal 0.991366 -0.131126 0
    outer loop
      vertex 2.93202 -23.2659 27
      vertex 2.96508 -23.0159 0
      vertex 2.96508 -23.0159 27
    endloop
  endfacet
  facet normal 0.991366 -0.131126 0
    outer loop
      vertex 2.96508 -23.0159 0
      vertex 2.93202 -23.2659 27
      vertex 2.93202 -23.2659 0
    endloop
  endfacet
  facet normal 0.995986 -0.0895086 0
    outer loop
      vertex 2.96508 -23.0159 27
      vertex 2.9837 -22.8088 0
      vertex 2.9837 -22.8088 27
    endloop
  endfacet
  facet normal 0.995986 -0.0895086 0
    outer loop
      vertex 2.9837 -22.8088 0
      vertex 2.96508 -23.0159 27
      vertex 2.96508 -23.0159 0
    endloop
  endfacet
  facet normal 0.998823 -0.0485093 0
    outer loop
      vertex 2.9837 -22.8088 27
      vertex 2.99178 -22.6424 0
      vertex 2.99178 -22.6424 27
    endloop
  endfacet
  facet normal 0.998823 -0.0485093 0
    outer loop
      vertex 2.99178 -22.6424 0
      vertex 2.9837 -22.8088 27
      vertex 2.9837 -22.8088 0
    endloop
  endfacet
  facet normal 0.999969 -0.00792128 0
    outer loop
      vertex 2.99178 -22.6424 27
      vertex 2.99279 -22.515 0
      vertex 2.99279 -22.515 27
    endloop
  endfacet
  facet normal 0.999969 -0.00792128 0
    outer loop
      vertex 2.99279 -22.515 0
      vertex 2.99178 -22.6424 27
      vertex 2.99178 -22.6424 0
    endloop
  endfacet
  facet normal 0.99949 0.0319201 0
    outer loop
      vertex 2.99279 -22.515 27
      vertex 2.98992 -22.4253 0
      vertex 2.98992 -22.4253 27
    endloop
  endfacet
  facet normal 0.99949 0.0319201 0
    outer loop
      vertex 2.98992 -22.4253 0
      vertex 2.99279 -22.515 27
      vertex 2.99279 -22.515 0
    endloop
  endfacet
  facet normal 0.997496 0.0707196 0
    outer loop
      vertex 2.98992 -22.4253 27
      vertex 2.98614 -22.3719 0
      vertex 2.98614 -22.3719 27
    endloop
  endfacet
  facet normal 0.997496 0.0707196 0
    outer loop
      vertex 2.98614 -22.3719 0
      vertex 2.98992 -22.4253 27
      vertex 2.98992 -22.4253 0
    endloop
  endfacet
  facet normal 0.991209 0.132304 0
    outer loop
      vertex 2.98614 -22.3719 27
      vertex 2.55758 -19.1612 0
      vertex 2.55758 -19.1612 27
    endloop
  endfacet
  facet normal 0.991209 0.132304 0
    outer loop
      vertex 2.55758 -19.1612 0
      vertex 2.98614 -22.3719 27
      vertex 2.98614 -22.3719 0
    endloop
  endfacet
  facet normal 0.161108 -0.986937 0
    outer loop
      vertex 2.55758 -19.1612 0
      vertex 3.73733 -18.9687 27
      vertex 2.55758 -19.1612 27
    endloop
  endfacet
  facet normal 0.161108 -0.986937 0
    outer loop
      vertex 3.73733 -18.9687 27
      vertex 2.55758 -19.1612 0
      vertex 3.73733 -18.9687 0
    endloop
  endfacet
  facet normal 0.225312 -0.974287 0
    outer loop
      vertex 3.73733 -18.9687 0
      vertex 4.96994 -18.6836 27
      vertex 3.73733 -18.9687 27
    endloop
  endfacet
  facet normal 0.225312 -0.974287 0
    outer loop
      vertex 4.96994 -18.6836 27
      vertex 3.73733 -18.9687 0
      vertex 4.96994 -18.6836 0
    endloop
  endfacet
  facet normal 0.288546 -0.957466 0
    outer loop
      vertex 4.96994 -18.6836 0
      vertex 6.18126 -18.3186 27
      vertex 4.96994 -18.6836 27
    endloop
  endfacet
  facet normal 0.288546 -0.957466 0
    outer loop
      vertex 6.18126 -18.3186 27
      vertex 4.96994 -18.6836 0
      vertex 6.18126 -18.3186 0
    endloop
  endfacet
  facet normal 0.350555 -0.936542 0
    outer loop
      vertex 6.18126 -18.3186 0
      vertex 7.36612 -17.8751 27
      vertex 6.18126 -18.3186 27
    endloop
  endfacet
  facet normal 0.350555 -0.936542 0
    outer loop
      vertex 7.36612 -17.8751 27
      vertex 6.18126 -18.3186 0
      vertex 7.36612 -17.8751 0
    endloop
  endfacet
  facet normal -0.924571 -0.381009 0
    outer loop
      vertex 8.59269 -20.8515 0
      vertex 7.36612 -17.8751 27
      vertex 7.36612 -17.8751 0
    endloop
  endfacet
  facet normal -0.924571 -0.381009 0
    outer loop
      vertex 7.36612 -17.8751 27
      vertex 8.59269 -20.8515 0
      vertex 8.59269 -20.8515 27
    endloop
  endfacet
  facet normal -0.903125 -0.429377 0
    outer loop
      vertex 8.62326 -20.9158 0
      vertex 8.59269 -20.8515 27
      vertex 8.59269 -20.8515 0
    endloop
  endfacet
  facet normal -0.903125 -0.429377 0
    outer loop
      vertex 8.59269 -20.8515 27
      vertex 8.62326 -20.9158 0
      vertex 8.62326 -20.9158 27
    endloop
  endfacet
  facet normal -0.881551 -0.472089 0
    outer loop
      vertex 8.66567 -20.995 0
      vertex 8.62326 -20.9158 27
      vertex 8.62326 -20.9158 0
    endloop
  endfacet
  facet normal -0.881551 -0.472089 0
    outer loop
      vertex 8.62326 -20.9158 27
      vertex 8.66567 -20.995 0
      vertex 8.66567 -20.995 27
    endloop
  endfacet
  facet normal -0.862039 -0.506842 0
    outer loop
      vertex 8.73023 -21.1048 0
      vertex 8.66567 -20.995 27
      vertex 8.66567 -20.995 0
    endloop
  endfacet
  facet normal -0.862039 -0.506842 0
    outer loop
      vertex 8.66567 -20.995 27
      vertex 8.73023 -21.1048 0
      vertex 8.73023 -21.1048 27
    endloop
  endfacet
  facet normal -0.840773 -0.541388 0
    outer loop
      vertex 8.82042 -21.2449 0
      vertex 8.73023 -21.1048 27
      vertex 8.73023 -21.1048 0
    endloop
  endfacet
  facet normal -0.840773 -0.541388 0
    outer loop
      vertex 8.73023 -21.1048 27
      vertex 8.82042 -21.2449 0
      vertex 8.82042 -21.2449 27
    endloop
  endfacet
  facet normal -0.817789 -0.575518 0
    outer loop
      vertex 8.94009 -21.4149 0
      vertex 8.82042 -21.2449 27
      vertex 8.82042 -21.2449 0
    endloop
  endfacet
  facet normal -0.817789 -0.575518 0
    outer loop
      vertex 8.82042 -21.2449 27
      vertex 8.94009 -21.4149 0
      vertex 8.94009 -21.4149 27
    endloop
  endfacet
  facet normal -0.792998 -0.609225 0
    outer loop
      vertex 9.09373 -21.6149 0
      vertex 8.94009 -21.4149 27
      vertex 8.94009 -21.4149 0
    endloop
  endfacet
  facet normal -0.792998 -0.609225 0
    outer loop
      vertex 8.94009 -21.4149 27
      vertex 9.09373 -21.6149 0
      vertex 9.09373 -21.6149 27
    endloop
  endfacet
  facet normal -0.76613 -0.642685 0
    outer loop
      vertex 9.28645 -21.8446 0
      vertex 9.09373 -21.6149 27
      vertex 9.09373 -21.6149 0
    endloop
  endfacet
  facet normal -0.76613 -0.642685 0
    outer loop
      vertex 9.09373 -21.6149 27
      vertex 9.28645 -21.8446 0
      vertex 9.28645 -21.8446 27
    endloop
  endfacet
  facet normal -0.737191 -0.675684 0
    outer loop
      vertex 9.52425 -22.1041 0
      vertex 9.28645 -21.8446 27
      vertex 9.28645 -21.8446 0
    endloop
  endfacet
  facet normal -0.737191 -0.675684 0
    outer loop
      vertex 9.28645 -21.8446 27
      vertex 9.52425 -22.1041 0
      vertex 9.52425 -22.1041 27
    endloop
  endfacet
  facet normal -0.705957 -0.708255 0
    outer loop
      vertex 9.52425 -22.1041 0
      vertex 9.8141 -22.393 27
      vertex 9.52425 -22.1041 27
    endloop
  endfacet
  facet normal -0.705957 -0.708255 -0
    outer loop
      vertex 9.8141 -22.393 27
      vertex 9.52425 -22.1041 0
      vertex 9.8141 -22.393 0
    endloop
  endfacet
  facet normal -0.672165 -0.740401 0
    outer loop
      vertex 9.8141 -22.393 0
      vertex 10.1642 -22.7109 27
      vertex 9.8141 -22.393 27
    endloop
  endfacet
  facet normal -0.672165 -0.740401 -0
    outer loop
      vertex 10.1642 -22.7109 27
      vertex 9.8141 -22.393 0
      vertex 10.1642 -22.7109 0
    endloop
  endfacet
  facet normal -0.635656 -0.771973 0
    outer loop
      vertex 10.1642 -22.7109 0
      vertex 10.5844 -23.0568 27
      vertex 10.1642 -22.7109 27
    endloop
  endfacet
  facet normal -0.635656 -0.771973 -0
    outer loop
      vertex 10.5844 -23.0568 27
      vertex 10.1642 -22.7109 0
      vertex 10.5844 -23.0568 0
    endloop
  endfacet
  facet normal -0.5961 -0.80291 0
    outer loop
      vertex 10.5844 -23.0568 0
      vertex 11.0863 -23.4294 27
      vertex 10.5844 -23.0568 27
    endloop
  endfacet
  facet normal -0.5961 -0.80291 -0
    outer loop
      vertex 11.0863 -23.4294 27
      vertex 10.5844 -23.0568 0
      vertex 11.0863 -23.4294 0
    endloop
  endfacet
  facet normal -0.553223 -0.833033 0
    outer loop
      vertex 11.0863 -23.4294 0
      vertex 11.6837 -23.8262 27
      vertex 11.0863 -23.4294 27
    endloop
  endfacet
  facet normal -0.553223 -0.833033 -0
    outer loop
      vertex 11.6837 -23.8262 27
      vertex 11.0863 -23.4294 0
      vertex 11.6837 -23.8262 0
    endloop
  endfacet
  facet normal -0.506597 -0.862183 0
    outer loop
      vertex 11.6837 -23.8262 0
      vertex 12.3933 -24.2431 27
      vertex 11.6837 -23.8262 27
    endloop
  endfacet
  facet normal -0.506597 -0.862183 -0
    outer loop
      vertex 12.3933 -24.2431 27
      vertex 11.6837 -23.8262 0
      vertex 12.3933 -24.2431 0
    endloop
  endfacet
  facet normal -0.455906 -0.890028 0
    outer loop
      vertex 12.3933 -24.2431 0
      vertex 13.2353 -24.6744 27
      vertex 12.3933 -24.2431 27
    endloop
  endfacet
  facet normal -0.455906 -0.890028 -0
    outer loop
      vertex 13.2353 -24.6744 27
      vertex 12.3933 -24.2431 0
      vertex 13.2353 -24.6744 0
    endloop
  endfacet
  facet normal 0.500005 -0.866022 0
    outer loop
      vertex 13.2353 -24.6744 0
      vertex 14.751 -23.7993 27
      vertex 13.2353 -24.6744 27
    endloop
  endfacet
  facet normal 0.500005 -0.866022 0
    outer loop
      vertex 14.751 -23.7993 27
      vertex 13.2353 -24.6744 0
      vertex 14.751 -23.7993 0
    endloop
  endfacet
  facet normal 0.99874 -0.0501884 0
    outer loop
      vertex 14.751 -23.7993 27
      vertex 14.7985 -22.8545 0
      vertex 14.7985 -22.8545 27
    endloop
  endfacet
  facet normal 0.99874 -0.0501884 0
    outer loop
      vertex 14.7985 -22.8545 0
      vertex 14.751 -23.7993 27
      vertex 14.751 -23.7993 0
    endloop
  endfacet
  facet normal 0.999971 0.00763909 0
    outer loop
      vertex 14.7985 -22.8545 27
      vertex 14.7922 -22.0315 0
      vertex 14.7922 -22.0315 27
    endloop
  endfacet
  facet normal 0.999971 0.00763909 0
    outer loop
      vertex 14.7922 -22.0315 0
      vertex 14.7985 -22.8545 27
      vertex 14.7985 -22.8545 0
    endloop
  endfacet
  facet normal 0.998039 0.0625957 0
    outer loop
      vertex 14.7922 -22.0315 27
      vertex 14.7473 -21.3157 0
      vertex 14.7473 -21.3157 27
    endloop
  endfacet
  facet normal 0.998039 0.0625957 0
    outer loop
      vertex 14.7473 -21.3157 0
      vertex 14.7922 -22.0315 27
      vertex 14.7922 -22.0315 0
    endloop
  endfacet
  facet normal 0.993391 0.114781 0
    outer loop
      vertex 14.7473 -21.3157 27
      vertex 14.6756 -20.6948 0
      vertex 14.6756 -20.6948 27
    endloop
  endfacet
  facet normal 0.993391 0.114781 0
    outer loop
      vertex 14.6756 -20.6948 0
      vertex 14.7473 -21.3157 27
      vertex 14.7473 -21.3157 0
    endloop
  endfacet
  facet normal 0.986382 0.164473 0
    outer loop
      vertex 14.6756 -20.6948 27
      vertex 14.5861 -20.1579 0
      vertex 14.5861 -20.1579 27
    endloop
  endfacet
  facet normal 0.986382 0.164473 0
    outer loop
      vertex 14.5861 -20.1579 0
      vertex 14.6756 -20.6948 27
      vertex 14.6756 -20.6948 0
    endloop
  endfacet
  facet normal 0.977281 0.211947 0
    outer loop
      vertex 14.5861 -20.1579 27
      vertex 14.4858 -19.6958 0
      vertex 14.4858 -19.6958 27
    endloop
  endfacet
  facet normal 0.977281 0.211947 0
    outer loop
      vertex 14.4858 -19.6958 0
      vertex 14.5861 -20.1579 27
      vertex 14.5861 -20.1579 0
    endloop
  endfacet
  facet normal 0.966346 0.257246 0
    outer loop
      vertex 14.4858 -19.6958 27
      vertex 14.3806 -19.3003 0
      vertex 14.3806 -19.3003 27
    endloop
  endfacet
  facet normal 0.966346 0.257246 0
    outer loop
      vertex 14.3806 -19.3003 0
      vertex 14.4858 -19.6958 27
      vertex 14.4858 -19.6958 0
    endloop
  endfacet
  facet normal 0.953751 0.300598 0
    outer loop
      vertex 14.3806 -19.3003 27
      vertex 14.2748 -18.9646 0
      vertex 14.2748 -18.9646 27
    endloop
  endfacet
  facet normal 0.953751 0.300598 0
    outer loop
      vertex 14.2748 -18.9646 0
      vertex 14.3806 -19.3003 27
      vertex 14.3806 -19.3003 0
    endloop
  endfacet
  facet normal 0.939653 0.342129 0
    outer loop
      vertex 14.2748 -18.9646 27
      vertex 14.1722 -18.6828 0
      vertex 14.1722 -18.6828 27
    endloop
  endfacet
  facet normal 0.939653 0.342129 0
    outer loop
      vertex 14.1722 -18.6828 0
      vertex 14.2748 -18.9646 27
      vertex 14.2748 -18.9646 0
    endloop
  endfacet
  facet normal 0.924107 0.382134 0
    outer loop
      vertex 14.1722 -18.6828 27
      vertex 14.0758 -18.4498 0
      vertex 14.0758 -18.4498 27
    endloop
  endfacet
  facet normal 0.924107 0.382134 0
    outer loop
      vertex 14.0758 -18.4498 0
      vertex 14.1722 -18.6828 27
      vertex 14.1722 -18.6828 0
    endloop
  endfacet
  facet normal 0.907297 0.42049 0
    outer loop
      vertex 14.0758 -18.4498 27
      vertex 13.9884 -18.2611 0
      vertex 13.9884 -18.2611 27
    endloop
  endfacet
  facet normal 0.907297 0.42049 0
    outer loop
      vertex 13.9884 -18.2611 0
      vertex 14.0758 -18.4498 27
      vertex 14.0758 -18.4498 0
    endloop
  endfacet
  facet normal 0.889243 0.457435 0
    outer loop
      vertex 13.9884 -18.2611 27
      vertex 13.9122 -18.113 0
      vertex 13.9122 -18.113 27
    endloop
  endfacet
  facet normal 0.889243 0.457435 0
    outer loop
      vertex 13.9122 -18.113 0
      vertex 13.9884 -18.2611 27
      vertex 13.9884 -18.2611 0
    endloop
  endfacet
  facet normal 0.869986 0.493076 0
    outer loop
      vertex 13.9122 -18.113 27
      vertex 13.8494 -18.0022 0
      vertex 13.8494 -18.0022 27
    endloop
  endfacet
  facet normal 0.869986 0.493076 0
    outer loop
      vertex 13.8494 -18.0022 0
      vertex 13.9122 -18.113 27
      vertex 13.9122 -18.113 0
    endloop
  endfacet
  facet normal 0.849628 0.527382 0
    outer loop
      vertex 13.8494 -18.0022 27
      vertex 13.802 -17.9259 0
      vertex 13.802 -17.9259 27
    endloop
  endfacet
  facet normal 0.849628 0.527382 0
    outer loop
      vertex 13.802 -17.9259 0
      vertex 13.8494 -18.0022 27
      vertex 13.8494 -18.0022 0
    endloop
  endfacet
  facet normal 0.82855 0.559915 0
    outer loop
      vertex 13.802 -17.9259 27
      vertex 13.772 -17.8816 0
      vertex 13.772 -17.8816 27
    endloop
  endfacet
  facet normal 0.82855 0.559915 0
    outer loop
      vertex 13.772 -17.8816 0
      vertex 13.802 -17.9259 27
      vertex 13.802 -17.9259 0
    endloop
  endfacet
  facet normal 0.79226 0.610183 0
    outer loop
      vertex 13.772 -17.8816 27
      vertex 11.7956 -15.3153 0
      vertex 11.7956 -15.3153 27
    endloop
  endfacet
  facet normal 0.79226 0.610183 0
    outer loop
      vertex 11.7956 -15.3153 0
      vertex 13.772 -17.8816 27
      vertex 13.772 -17.8816 0
    endloop
  endfacet
  facet normal 0.632998 -0.774153 0
    outer loop
      vertex 11.7956 -15.3153 0
      vertex 12.721 -14.5587 27
      vertex 11.7956 -15.3153 27
    endloop
  endfacet
  facet normal 0.632998 -0.774153 0
    outer loop
      vertex 12.721 -14.5587 27
      vertex 11.7956 -15.3153 0
      vertex 12.721 -14.5587 0
    endloop
  endfacet
  facet normal 0.682273 -0.731097 0
    outer loop
      vertex 12.721 -14.5587 0
      vertex 13.6459 -13.6955 27
      vertex 12.721 -14.5587 27
    endloop
  endfacet
  facet normal 0.682273 -0.731097 0
    outer loop
      vertex 13.6459 -13.6955 27
      vertex 12.721 -14.5587 0
      vertex 13.6459 -13.6955 0
    endloop
  endfacet
  facet normal 0.728619 -0.684919 0
    outer loop
      vertex 13.6459 -13.6955 27
      vertex 14.5124 -12.7737 0
      vertex 14.5124 -12.7737 27
    endloop
  endfacet
  facet normal 0.728619 -0.684919 0
    outer loop
      vertex 14.5124 -12.7737 0
      vertex 13.6459 -13.6955 27
      vertex 13.6459 -13.6955 0
    endloop
  endfacet
  facet normal 0.771859 -0.635793 0
    outer loop
      vertex 14.5124 -12.7737 27
      vertex 15.3168 -11.7972 0
      vertex 15.3168 -11.7972 27
    endloop
  endfacet
  facet normal 0.771859 -0.635793 0
    outer loop
      vertex 15.3168 -11.7972 0
      vertex 14.5124 -12.7737 27
      vertex 14.5124 -12.7737 0
    endloop
  endfacet
  facet normal -0.610202 -0.792246 0
    outer loop
      vertex 15.3168 -11.7972 0
      vertex 17.8672 -13.7616 27
      vertex 15.3168 -11.7972 27
    endloop
  endfacet
  facet normal -0.610202 -0.792246 -0
    outer loop
      vertex 17.8672 -13.7616 27
      vertex 15.3168 -11.7972 0
      vertex 17.8672 -13.7616 0
    endloop
  endfacet
  facet normal -0.56733 -0.82349 0
    outer loop
      vertex 17.8672 -13.7616 0
      vertex 17.9259 -13.802 27
      vertex 17.8672 -13.7616 27
    endloop
  endfacet
  facet normal -0.56733 -0.82349 -0
    outer loop
      vertex 17.9259 -13.802 27
      vertex 17.8672 -13.7616 0
      vertex 17.9259 -13.802 0
    endloop
  endfacet
  facet normal -0.527424 -0.849602 0
    outer loop
      vertex 17.9259 -13.802 0
      vertex 18.0022 -13.8494 27
      vertex 17.9259 -13.802 27
    endloop
  endfacet
  facet normal -0.527424 -0.849602 -0
    outer loop
      vertex 18.0022 -13.8494 27
      vertex 17.9259 -13.802 0
      vertex 18.0022 -13.8494 0
    endloop
  endfacet
  facet normal -0.493055 -0.869998 0
    outer loop
      vertex 18.0022 -13.8494 0
      vertex 18.113 -13.9122 27
      vertex 18.0022 -13.8494 27
    endloop
  endfacet
  facet normal -0.493055 -0.869998 -0
    outer loop
      vertex 18.113 -13.9122 27
      vertex 18.0022 -13.8494 0
      vertex 18.113 -13.9122 0
    endloop
  endfacet
  facet normal -0.457421 -0.88925 0
    outer loop
      vertex 18.113 -13.9122 0
      vertex 18.2611 -13.9884 27
      vertex 18.113 -13.9122 27
    endloop
  endfacet
  facet normal -0.457421 -0.88925 -0
    outer loop
      vertex 18.2611 -13.9884 27
      vertex 18.113 -13.9122 0
      vertex 18.2611 -13.9884 0
    endloop
  endfacet
  facet normal -0.420498 -0.907294 0
    outer loop
      vertex 18.2611 -13.9884 0
      vertex 18.4498 -14.0758 27
      vertex 18.2611 -13.9884 27
    endloop
  endfacet
  facet normal -0.420498 -0.907294 -0
    outer loop
      vertex 18.4498 -14.0758 27
      vertex 18.2611 -13.9884 0
      vertex 18.4498 -14.0758 0
    endloop
  endfacet
  facet normal -0.382134 -0.924107 0
    outer loop
      vertex 18.4498 -14.0758 0
      vertex 18.6828 -14.1722 27
      vertex 18.4498 -14.0758 27
    endloop
  endfacet
  facet normal -0.382134 -0.924107 -0
    outer loop
      vertex 18.6828 -14.1722 27
      vertex 18.4498 -14.0758 0
      vertex 18.6828 -14.1722 0
    endloop
  endfacet
  facet normal -0.342177 -0.939635 0
    outer loop
      vertex 18.6828 -14.1722 0
      vertex 18.9646 -14.2748 27
      vertex 18.6828 -14.1722 27
    endloop
  endfacet
  facet normal -0.342177 -0.939635 -0
    outer loop
      vertex 18.9646 -14.2748 27
      vertex 18.6828 -14.1722 0
      vertex 18.9646 -14.2748 0
    endloop
  endfacet
  facet normal -0.300581 -0.953756 0
    outer loop
      vertex 18.9646 -14.2748 0
      vertex 19.3003 -14.3806 27
      vertex 18.9646 -14.2748 27
    endloop
  endfacet
  facet normal -0.300581 -0.953756 -0
    outer loop
      vertex 19.3003 -14.3806 27
      vertex 18.9646 -14.2748 0
      vertex 19.3003 -14.3806 0
    endloop
  endfacet
  facet normal -0.257237 -0.966348 0
    outer loop
      vertex 19.3003 -14.3806 0
      vertex 19.6958 -14.4858 27
      vertex 19.3003 -14.3806 27
    endloop
  endfacet
  facet normal -0.257237 -0.966348 -0
    outer loop
      vertex 19.6958 -14.4858 27
      vertex 19.3003 -14.3806 0
      vertex 19.6958 -14.4858 0
    endloop
  endfacet
  facet normal -0.211917 -0.977288 0
    outer loop
      vertex 19.6958 -14.4858 0
      vertex 20.1579 -14.5861 27
      vertex 19.6958 -14.4858 27
    endloop
  endfacet
  facet normal -0.211917 -0.977288 -0
    outer loop
      vertex 20.1579 -14.5861 27
      vertex 19.6958 -14.4858 0
      vertex 20.1579 -14.5861 0
    endloop
  endfacet
  facet normal -0.164517 -0.986374 0
    outer loop
      vertex 20.1579 -14.5861 0
      vertex 20.6948 -14.6756 27
      vertex 20.1579 -14.5861 27
    endloop
  endfacet
  facet normal -0.164517 -0.986374 -0
    outer loop
      vertex 20.6948 -14.6756 27
      vertex 20.1579 -14.5861 0
      vertex 20.6948 -14.6756 0
    endloop
  endfacet
  facet normal -0.114783 -0.993391 0
    outer loop
      vertex 20.6948 -14.6756 0
      vertex 21.3157 -14.7474 27
      vertex 20.6948 -14.6756 27
    endloop
  endfacet
  facet normal -0.114783 -0.993391 -0
    outer loop
      vertex 21.3157 -14.7474 27
      vertex 20.6948 -14.6756 0
      vertex 21.3157 -14.7474 0
    endloop
  endfacet
  facet normal -0.062574 -0.99804 0
    outer loop
      vertex 21.3157 -14.7474 0
      vertex 22.0315 -14.7922 27
      vertex 21.3157 -14.7474 27
    endloop
  endfacet
  facet normal -0.062574 -0.99804 -0
    outer loop
      vertex 22.0315 -14.7922 27
      vertex 21.3157 -14.7474 0
      vertex 22.0315 -14.7922 0
    endloop
  endfacet
  facet normal -0.00763923 -0.999971 0
    outer loop
      vertex 22.0315 -14.7922 0
      vertex 22.8545 -14.7985 27
      vertex 22.0315 -14.7922 27
    endloop
  endfacet
  facet normal -0.00763923 -0.999971 -0
    outer loop
      vertex 22.8545 -14.7985 27
      vertex 22.0315 -14.7922 0
      vertex 22.8545 -14.7985 0
    endloop
  endfacet
  facet normal 0.0501832 -0.99874 0
    outer loop
      vertex 22.8545 -14.7985 0
      vertex 23.7993 -14.751 27
      vertex 22.8545 -14.7985 27
    endloop
  endfacet
  facet normal 0.0501832 -0.99874 0
    outer loop
      vertex 23.7993 -14.751 27
      vertex 22.8545 -14.7985 0
      vertex 23.7993 -14.751 0
    endloop
  endfacet
  facet normal 0.866029 -0.499995 0
    outer loop
      vertex 23.7993 -14.751 27
      vertex 24.6744 -13.2353 0
      vertex 24.6744 -13.2353 27
    endloop
  endfacet
  facet normal 0.866029 -0.499995 0
    outer loop
      vertex 24.6744 -13.2353 0
      vertex 23.7993 -14.751 27
      vertex 23.7993 -14.751 0
    endloop
  endfacet
  facet normal 0.890032 0.455899 0
    outer loop
      vertex 24.6744 -13.2353 27
      vertex 24.2431 -12.3933 0
      vertex 24.2431 -12.3933 27
    endloop
  endfacet
  facet normal 0.890032 0.455899 0
    outer loop
      vertex 24.2431 -12.3933 0
      vertex 24.6744 -13.2353 27
      vertex 24.6744 -13.2353 0
    endloop
  endfacet
  facet normal 0.862176 0.506609 0
    outer loop
      vertex 24.2431 -12.3933 27
      vertex 23.8262 -11.6837 0
      vertex 23.8262 -11.6837 27
    endloop
  endfacet
  facet normal 0.862176 0.506609 0
    outer loop
      vertex 23.8262 -11.6837 0
      vertex 24.2431 -12.3933 27
      vertex 24.2431 -12.3933 0
    endloop
  endfacet
  facet normal 0.833027 0.553233 0
    outer loop
      vertex 23.8262 -11.6837 27
      vertex 23.4294 -11.0863 0
      vertex 23.4294 -11.0863 27
    endloop
  endfacet
  facet normal 0.833027 0.553233 0
    outer loop
      vertex 23.4294 -11.0863 0
      vertex 23.8262 -11.6837 27
      vertex 23.8262 -11.6837 0
    endloop
  endfacet
  facet normal 0.802913 0.596097 0
    outer loop
      vertex 23.4294 -11.0863 27
      vertex 23.0568 -10.5844 0
      vertex 23.0568 -10.5844 27
    endloop
  endfacet
  facet normal 0.802913 0.596097 0
    outer loop
      vertex 23.0568 -10.5844 0
      vertex 23.4294 -11.0863 27
      vertex 23.4294 -11.0863 0
    endloop
  endfacet
  facet normal 0.772003 0.635619 0
    outer loop
      vertex 23.0568 -10.5844 27
      vertex 22.7109 -10.1642 0
      vertex 22.7109 -10.1642 27
    endloop
  endfacet
  facet normal 0.772003 0.635619 0
    outer loop
      vertex 22.7109 -10.1642 0
      vertex 23.0568 -10.5844 27
      vertex 23.0568 -10.5844 0
    endloop
  endfacet
  facet normal 0.740366 0.672204 0
    outer loop
      vertex 22.7109 -10.1642 27
      vertex 22.393 -9.81411 0
      vertex 22.393 -9.81411 27
    endloop
  endfacet
  facet normal 0.740366 0.672204 0
    outer loop
      vertex 22.393 -9.81411 0
      vertex 22.7109 -10.1642 27
      vertex 22.7109 -10.1642 0
    endloop
  endfacet
  facet normal 0.708271 0.705941 0
    outer loop
      vertex 22.393 -9.81411 27
      vertex 22.1041 -9.52427 0
      vertex 22.1041 -9.52427 27
    endloop
  endfacet
  facet normal 0.708271 0.705941 0
    outer loop
      vertex 22.1041 -9.52427 0
      vertex 22.393 -9.81411 27
      vertex 22.393 -9.81411 0
    endloop
  endfacet
  facet normal 0.675667 0.737207 -0
    outer loop
      vertex 22.1041 -9.52427 0
      vertex 21.8446 -9.28647 27
      vertex 22.1041 -9.52427 27
    endloop
  endfacet
  facet normal 0.675667 0.737207 0
    outer loop
      vertex 21.8446 -9.28647 27
      vertex 22.1041 -9.52427 0
      vertex 21.8446 -9.28647 0
    endloop
  endfacet
  facet normal 0.642682 0.766133 -0
    outer loop
      vertex 21.8446 -9.28647 0
      vertex 21.6149 -9.09373 27
      vertex 21.8446 -9.28647 27
    endloop
  endfacet
  facet normal 0.642682 0.766133 0
    outer loop
      vertex 21.6149 -9.09373 27
      vertex 21.8446 -9.28647 0
      vertex 21.6149 -9.09373 0
    endloop
  endfacet
  facet normal 0.609281 0.792955 -0
    outer loop
      vertex 21.6149 -9.09373 0
      vertex 21.4149 -8.9401 27
      vertex 21.6149 -9.09373 27
    endloop
  endfacet
  facet normal 0.609281 0.792955 0
    outer loop
      vertex 21.4149 -8.9401 27
      vertex 21.6149 -9.09373 0
      vertex 21.4149 -8.9401 0
    endloop
  endfacet
  facet normal 0.575455 0.817833 -0
    outer loop
      vertex 21.4149 -8.9401 0
      vertex 21.2448 -8.82043 27
      vertex 21.4149 -8.9401 27
    endloop
  endfacet
  facet normal 0.575455 0.817833 0
    outer loop
      vertex 21.2448 -8.82043 27
      vertex 21.4149 -8.9401 0
      vertex 21.2448 -8.82043 0
    endloop
  endfacet
  facet normal 0.541436 0.840742 -0
    outer loop
      vertex 21.2448 -8.82043 0
      vertex 21.1048 -8.73024 27
      vertex 21.2448 -8.82043 27
    endloop
  endfacet
  facet normal 0.541436 0.840742 0
    outer loop
      vertex 21.1048 -8.73024 27
      vertex 21.2448 -8.82043 0
      vertex 21.1048 -8.73024 0
    endloop
  endfacet
  facet normal 0.506872 0.862021 -0
    outer loop
      vertex 21.1048 -8.73024 0
      vertex 20.995 -8.66567 27
      vertex 21.1048 -8.73024 27
    endloop
  endfacet
  facet normal 0.506872 0.862021 0
    outer loop
      vertex 20.995 -8.66567 27
      vertex 21.1048 -8.73024 0
      vertex 20.995 -8.66567 0
    endloop
  endfacet
  facet normal 0.472022 0.881587 -0
    outer loop
      vertex 20.995 -8.66567 0
      vertex 20.9158 -8.62326 27
      vertex 20.995 -8.66567 27
    endloop
  endfacet
  facet normal 0.472022 0.881587 0
    outer loop
      vertex 20.9158 -8.62326 27
      vertex 20.995 -8.66567 0
      vertex 20.9158 -8.62326 0
    endloop
  endfacet
  facet normal 0.437683 0.899129 -0
    outer loop
      vertex 20.9158 -8.62326 0
      vertex 20.8677 -8.59987 27
      vertex 20.9158 -8.62326 27
    endloop
  endfacet
  facet normal 0.437683 0.899129 0
    outer loop
      vertex 20.8677 -8.59987 27
      vertex 20.9158 -8.62326 0
      vertex 20.8677 -8.59987 0
    endloop
  endfacet
  facet normal 0.381025 0.924565 -0
    outer loop
      vertex 20.8677 -8.59987 0
      vertex 17.8729 -7.36567 27
      vertex 20.8677 -8.59987 27
    endloop
  endfacet
  facet normal 0.381025 0.924565 0
    outer loop
      vertex 17.8729 -7.36567 27
      vertex 20.8677 -8.59987 0
      vertex 17.8729 -7.36567 0
    endloop
  endfacet
  facet normal 0.935269 -0.353937 0
    outer loop
      vertex 17.8729 -7.36567 27
      vertex 18.296 -6.2477 0
      vertex 18.296 -6.2477 27
    endloop
  endfacet
  facet normal 0.935269 -0.353937 0
    outer loop
      vertex 18.296 -6.2477 0
      vertex 17.8729 -7.36567 27
      vertex 17.8729 -7.36567 0
    endloop
  endfacet
  facet normal 0.956412 -0.292022 0
    outer loop
      vertex 18.296 -6.2477 27
      vertex 18.6654 -5.0377 0
      vertex 18.6654 -5.0377 27
    endloop
  endfacet
  facet normal 0.956412 -0.292022 0
    outer loop
      vertex 18.6654 -5.0377 0
      vertex 18.296 -6.2477 27
      vertex 18.296 -6.2477 0
    endloop
  endfacet
  facet normal 0.973463 -0.228844 0
    outer loop
      vertex 18.6654 -5.0377 27
      vertex 18.955 -3.80613 0
      vertex 18.955 -3.80613 27
    endloop
  endfacet
  facet normal 0.973463 -0.228844 0
    outer loop
      vertex 18.955 -3.80613 0
      vertex 18.6654 -5.0377 27
      vertex 18.6654 -5.0377 0
    endloop
  endfacet
  facet normal 0.986346 -0.164688 0
    outer loop
      vertex 18.955 -3.80613 27
      vertex 19.1633 -2.55828 0
      vertex 19.1633 -2.55828 27
    endloop
  endfacet
  facet normal 0.986346 -0.164688 0
    outer loop
      vertex 19.1633 -2.55828 0
      vertex 18.955 -3.80613 27
      vertex 18.955 -3.80613 0
    endloop
  endfacet
  facet normal -0.132325 -0.991206 0
    outer loop
      vertex 19.1633 -2.55828 0
      vertex 22.3543 -2.98427 27
      vertex 19.1633 -2.55828 27
    endloop
  endfacet
  facet normal -0.132325 -0.991206 -0
    outer loop
      vertex 22.3543 -2.98427 27
      vertex 19.1633 -2.55828 0
      vertex 22.3543 -2.98427 0
    endloop
  endfacet
  facet normal -0.0798831 -0.996804 0
    outer loop
      vertex 22.3543 -2.98427 0
      vertex 22.4253 -2.98996 27
      vertex 22.3543 -2.98427 27
    endloop
  endfacet
  facet normal -0.0798831 -0.996804 -0
    outer loop
      vertex 22.4253 -2.98996 27
      vertex 22.3543 -2.98427 0
      vertex 22.4253 -2.98996 0
    endloop
  endfacet
  facet normal -0.031983 -0.999488 0
    outer loop
      vertex 22.4253 -2.98996 0
      vertex 22.5151 -2.99283 27
      vertex 22.4253 -2.98996 27
    endloop
  endfacet
  facet normal -0.031983 -0.999488 -0
    outer loop
      vertex 22.5151 -2.99283 27
      vertex 22.4253 -2.98996 0
      vertex 22.5151 -2.99283 0
    endloop
  endfacet
  facet normal 0.00802634 -0.999968 0
    outer loop
      vertex 22.5151 -2.99283 0
      vertex 22.6424 -2.99181 27
      vertex 22.5151 -2.99283 27
    endloop
  endfacet
  facet normal 0.00802634 -0.999968 0
    outer loop
      vertex 22.6424 -2.99181 27
      vertex 22.5151 -2.99283 0
      vertex 22.6424 -2.99181 0
    endloop
  endfacet
  facet normal 0.0484407 -0.998826 0
    outer loop
      vertex 22.6424 -2.99181 0
      vertex 22.8088 -2.98374 27
      vertex 22.6424 -2.99181 27
    endloop
  endfacet
  facet normal 0.0484407 -0.998826 0
    outer loop
      vertex 22.8088 -2.98374 27
      vertex 22.6424 -2.99181 0
      vertex 22.8088 -2.98374 0
    endloop
  endfacet
  facet normal 0.0894867 -0.995988 0
    outer loop
      vertex 22.8088 -2.98374 0
      vertex 23.0159 -2.96513 27
      vertex 22.8088 -2.98374 27
    endloop
  endfacet
  facet normal 0.0894867 -0.995988 0
    outer loop
      vertex 23.0159 -2.96513 27
      vertex 22.8088 -2.98374 0
      vertex 23.0159 -2.96513 0
    endloop
  endfacet
  facet normal 0.131127 -0.991366 0
    outer loop
      vertex 23.0159 -2.96513 0
      vertex 23.2659 -2.93206 27
      vertex 23.0159 -2.96513 27
    endloop
  endfacet
  facet normal 0.131127 -0.991366 0
    outer loop
      vertex 23.2659 -2.93206 27
      vertex 23.0159 -2.96513 0
      vertex 23.2659 -2.93206 0
    endloop
  endfacet
  facet normal 0.173496 -0.984835 0
    outer loop
      vertex 23.2659 -2.93206 0
      vertex 23.5613 -2.88003 27
      vertex 23.2659 -2.93206 27
    endloop
  endfacet
  facet normal 0.173496 -0.984835 0
    outer loop
      vertex 23.5613 -2.88003 27
      vertex 23.2659 -2.93206 0
      vertex 23.5613 -2.88003 0
    endloop
  endfacet
  facet normal 0.216583 -0.976264 0
    outer loop
      vertex 23.5613 -2.88003 0
      vertex 23.9048 -2.80381 27
      vertex 23.5613 -2.88003 27
    endloop
  endfacet
  facet normal 0.216583 -0.976264 0
    outer loop
      vertex 23.9048 -2.80381 27
      vertex 23.5613 -2.88003 0
      vertex 23.9048 -2.80381 0
    endloop
  endfacet
  facet normal 0.260398 -0.965501 0
    outer loop
      vertex 23.9048 -2.80381 0
      vertex 24.3 -2.69725 27
      vertex 23.9048 -2.80381 27
    endloop
  endfacet
  facet normal 0.260398 -0.965501 0
    outer loop
      vertex 24.3 -2.69725 27
      vertex 23.9048 -2.80381 0
      vertex 24.3 -2.69725 0
    endloop
  endfacet
  facet normal 0.305107 -0.952318 0
    outer loop
      vertex 24.3 -2.69725 0
      vertex 24.7503 -2.55296 27
      vertex 24.3 -2.69725 27
    endloop
  endfacet
  facet normal 0.305107 -0.952318 0
    outer loop
      vertex 24.7503 -2.55296 27
      vertex 24.3 -2.69725 0
      vertex 24.7503 -2.55296 0
    endloop
  endfacet
  facet normal 0.350723 -0.936479 0
    outer loop
      vertex 24.7503 -2.55296 0
      vertex 25.26 -2.36207 27
      vertex 24.7503 -2.55296 27
    endloop
  endfacet
  facet normal 0.350723 -0.936479 0
    outer loop
      vertex 25.26 -2.36207 27
      vertex 24.7503 -2.55296 0
      vertex 25.26 -2.36207 0
    endloop
  endfacet
  facet normal 0.397289 -0.917694 0
    outer loop
      vertex 25.26 -2.36207 0
      vertex 25.8336 -2.11374 27
      vertex 25.26 -2.36207 27
    endloop
  endfacet
  facet normal 0.397289 -0.917694 0
    outer loop
      vertex 25.8336 -2.11374 27
      vertex 25.26 -2.36207 0
      vertex 25.8336 -2.11374 0
    endloop
  endfacet
  facet normal 0.444828 -0.895616 0
    outer loop
      vertex 25.8336 -2.11374 0
      vertex 26.4759 -1.79473 27
      vertex 25.8336 -2.11374 27
    endloop
  endfacet
  facet normal 0.444828 -0.895616 0
    outer loop
      vertex 26.4759 -1.79473 27
      vertex 25.8336 -2.11374 0
      vertex 26.4759 -1.79473 0
    endloop
  endfacet
  facet normal 0.493363 -0.869823 0
    outer loop
      vertex 26.4759 -1.79473 0
      vertex 27.1918 -1.38866 27
      vertex 26.4759 -1.79473 27
    endloop
  endfacet
  facet normal 0.493363 -0.869823 0
    outer loop
      vertex 27.1918 -1.38866 27
      vertex 26.4759 -1.79473 0
      vertex 27.1918 -1.38866 0
    endloop
  endfacet
  facet normal 0.542846 -0.839832 0
    outer loop
      vertex 27.1918 -1.38866 0
      vertex 27.9863 -0.875134 27
      vertex 27.1918 -1.38866 27
    endloop
  endfacet
  facet normal 0.542846 -0.839832 0
    outer loop
      vertex 27.9863 -0.875134 27
      vertex 27.1918 -1.38866 0
      vertex 27.9863 -0.875134 0
    endloop
  endfacet
  facet normal 1 5.44873e-06 0
    outer loop
      vertex 27.9863 -0.875134 27
      vertex 27.9863 0.875135 0
      vertex 27.9863 0.875135 27
    endloop
  endfacet
  facet normal 1 5.44873e-06 0
    outer loop
      vertex 27.9863 0.875135 0
      vertex 27.9863 -0.875134 27
      vertex 27.9863 -0.875134 0
    endloop
  endfacet
  facet normal 0.542828 0.839844 -0
    outer loop
      vertex 27.9863 0.875135 0
      vertex 27.1918 1.38863 27
      vertex 27.9863 0.875135 27
    endloop
  endfacet
  facet normal 0.542828 0.839844 0
    outer loop
      vertex 27.1918 1.38863 27
      vertex 27.9863 0.875135 0
      vertex 27.1918 1.38863 0
    endloop
  endfacet
  facet normal 0.493365 0.869822 -0
    outer loop
      vertex 27.1918 1.38863 0
      vertex 26.4759 1.79471 27
      vertex 27.1918 1.38863 27
    endloop
  endfacet
  facet normal 0.493365 0.869822 0
    outer loop
      vertex 26.4759 1.79471 27
      vertex 27.1918 1.38863 0
      vertex 26.4759 1.79471 0
    endloop
  endfacet
  facet normal 0.444818 0.895621 -0
    outer loop
      vertex 26.4759 1.79471 0
      vertex 25.8336 2.1137 27
      vertex 26.4759 1.79471 27
    endloop
  endfacet
  facet normal 0.444818 0.895621 0
    outer loop
      vertex 25.8336 2.1137 27
      vertex 26.4759 1.79471 0
      vertex 25.8336 2.1137 0
    endloop
  endfacet
  facet normal 0.397297 0.91769 -0
    outer loop
      vertex 25.8336 2.1137 0
      vertex 25.26 2.36203 27
      vertex 25.8336 2.1137 27
    endloop
  endfacet
  facet normal 0.397297 0.91769 0
    outer loop
      vertex 25.26 2.36203 27
      vertex 25.8336 2.1137 0
      vertex 25.26 2.36203 0
    endloop
  endfacet
  facet normal 0.350741 0.936472 -0
    outer loop
      vertex 25.26 2.36203 0
      vertex 24.7503 2.55294 27
      vertex 25.26 2.36203 27
    endloop
  endfacet
  facet normal 0.350741 0.936472 0
    outer loop
      vertex 24.7503 2.55294 27
      vertex 25.26 2.36203 0
      vertex 24.7503 2.55294 0
    endloop
  endfacet
  facet normal 0.305098 0.952321 -0
    outer loop
      vertex 24.7503 2.55294 0
      vertex 24.3 2.69722 27
      vertex 24.7503 2.55294 27
    endloop
  endfacet
  facet normal 0.305098 0.952321 0
    outer loop
      vertex 24.3 2.69722 27
      vertex 24.7503 2.55294 0
      vertex 24.3 2.69722 0
    endloop
  endfacet
  facet normal 0.260399 0.965501 -0
    outer loop
      vertex 24.3 2.69722 0
      vertex 23.9048 2.80379 27
      vertex 24.3 2.69722 27
    endloop
  endfacet
  facet normal 0.260399 0.965501 0
    outer loop
      vertex 23.9048 2.80379 27
      vertex 24.3 2.69722 0
      vertex 23.9048 2.80379 0
    endloop
  endfacet
  facet normal 0.216547 0.976272 -0
    outer loop
      vertex 23.9048 2.80379 0
      vertex 23.5613 2.88 27
      vertex 23.9048 2.80379 27
    endloop
  endfacet
  facet normal 0.216547 0.976272 0
    outer loop
      vertex 23.5613 2.88 27
      vertex 23.9048 2.80379 0
      vertex 23.5613 2.88 0
    endloop
  endfacet
  facet normal 0.173513 0.984832 -0
    outer loop
      vertex 23.5613 2.88 0
      vertex 23.2659 2.93203 27
      vertex 23.5613 2.88 27
    endloop
  endfacet
  facet normal 0.173513 0.984832 0
    outer loop
      vertex 23.2659 2.93203 27
      vertex 23.5613 2.88 0
      vertex 23.2659 2.93203 0
    endloop
  endfacet
  facet normal 0.131127 0.991366 -0
    outer loop
      vertex 23.2659 2.93203 0
      vertex 23.0159 2.9651 27
      vertex 23.2659 2.93203 27
    endloop
  endfacet
  facet normal 0.131127 0.991366 0
    outer loop
      vertex 23.0159 2.9651 27
      vertex 23.2659 2.93203 0
      vertex 23.0159 2.9651 0
    endloop
  endfacet
  facet normal 0.0895078 0.995986 -0
    outer loop
      vertex 23.0159 2.9651 0
      vertex 22.8088 2.98371 27
      vertex 23.0159 2.9651 27
    endloop
  endfacet
  facet normal 0.0895078 0.995986 0
    outer loop
      vertex 22.8088 2.98371 27
      vertex 23.0159 2.9651 0
      vertex 22.8088 2.98371 0
    endloop
  endfacet
  facet normal 0.0485041 0.998823 -0
    outer loop
      vertex 22.8088 2.98371 0
      vertex 22.6424 2.99179 27
      vertex 22.8088 2.98371 27
    endloop
  endfacet
  facet normal 0.0485041 0.998823 0
    outer loop
      vertex 22.6424 2.99179 27
      vertex 22.8088 2.98371 0
      vertex 22.6424 2.99179 0
    endloop
  endfacet
  facet normal 0.00792853 0.999969 -0
    outer loop
      vertex 22.6424 2.99179 0
      vertex 22.515 2.9928 27
      vertex 22.6424 2.99179 27
    endloop
  endfacet
  facet normal 0.00792853 0.999969 0
    outer loop
      vertex 22.515 2.9928 27
      vertex 22.6424 2.99179 0
      vertex 22.515 2.9928 0
    endloop
  endfacet
  facet normal -0.0319214 0.99949 0
    outer loop
      vertex 22.515 2.9928 0
      vertex 22.4253 2.98993 27
      vertex 22.515 2.9928 27
    endloop
  endfacet
  facet normal -0.0319214 0.99949 0
    outer loop
      vertex 22.4253 2.98993 27
      vertex 22.515 2.9928 0
      vertex 22.4253 2.98993 0
    endloop
  endfacet
  facet normal -0.0707348 0.997495 0
    outer loop
      vertex 22.4253 2.98993 0
      vertex 22.3719 2.98615 27
      vertex 22.4253 2.98993 27
    endloop
  endfacet
  facet normal -0.0707348 0.997495 0
    outer loop
      vertex 22.3719 2.98615 27
      vertex 22.4253 2.98993 0
      vertex 22.3719 2.98615 0
    endloop
  endfacet
  facet normal -0.132303 0.991209 0
    outer loop
      vertex 22.3719 2.98615 0
      vertex 19.1612 2.5576 27
      vertex 22.3719 2.98615 27
    endloop
  endfacet
  facet normal -0.132303 0.991209 0
    outer loop
      vertex 19.1612 2.5576 27
      vertex 22.3719 2.98615 0
      vertex 19.1612 2.5576 0
    endloop
  endfacet
  facet normal 0.986938 0.161101 0
    outer loop
      vertex 19.1612 2.5576 27
      vertex 18.9687 3.73733 0
      vertex 18.9687 3.73733 27
    endloop
  endfacet
  facet normal 0.986938 0.161101 0
    outer loop
      vertex 18.9687 3.73733 0
      vertex 19.1612 2.5576 27
      vertex 19.1612 2.5576 0
    endloop
  endfacet
  facet normal 0.974287 0.225312 0
    outer loop
      vertex 18.9687 3.73733 27
      vertex 18.6836 4.96994 0
      vertex 18.6836 4.96994 27
    endloop
  endfacet
  facet normal 0.974287 0.225312 0
    outer loop
      vertex 18.6836 4.96994 0
      vertex 18.9687 3.73733 27
      vertex 18.9687 3.73733 0
    endloop
  endfacet
  facet normal 0.957466 0.288546 0
    outer loop
      vertex 18.6836 4.96994 27
      vertex 18.3186 6.18126 0
      vertex 18.3186 6.18126 27
    endloop
  endfacet
  facet normal 0.957466 0.288546 0
    outer loop
      vertex 18.3186 6.18126 0
      vertex 18.6836 4.96994 27
      vertex 18.6836 4.96994 0
    endloop
  endfacet
  facet normal 0.936542 0.350555 0
    outer loop
      vertex 18.3186 6.18126 27
      vertex 17.8751 7.36612 0
      vertex 17.8751 7.36612 27
    endloop
  endfacet
  facet normal 0.936542 0.350555 0
    outer loop
      vertex 17.8751 7.36612 0
      vertex 18.3186 6.18126 27
      vertex 18.3186 6.18126 0
    endloop
  endfacet
  facet normal 0.381005 -0.924573 0
    outer loop
      vertex 17.8751 7.36612 0
      vertex 20.8515 8.59268 27
      vertex 17.8751 7.36612 27
    endloop
  endfacet
  facet normal 0.381005 -0.924573 0
    outer loop
      vertex 20.8515 8.59268 27
      vertex 17.8751 7.36612 0
      vertex 20.8515 8.59268 0
    endloop
  endfacet
  facet normal 0.429552 -0.903042 0
    outer loop
      vertex 20.8515 8.59268 0
      vertex 20.9158 8.62326 27
      vertex 20.8515 8.59268 27
    endloop
  endfacet
  facet normal 0.429552 -0.903042 0
    outer loop
      vertex 20.9158 8.62326 27
      vertex 20.8515 8.59268 0
      vertex 20.9158 8.62326 0
    endloop
  endfacet
  facet normal 0.472089 -0.881551 0
    outer loop
      vertex 20.9158 8.62326 0
      vertex 20.995 8.66567 27
      vertex 20.9158 8.62326 27
    endloop
  endfacet
  facet normal 0.472089 -0.881551 0
    outer loop
      vertex 20.995 8.66567 27
      vertex 20.9158 8.62326 0
      vertex 20.995 8.66567 0
    endloop
  endfacet
  facet normal 0.506842 -0.862039 0
    outer loop
      vertex 20.995 8.66567 0
      vertex 21.1048 8.73023 27
      vertex 20.995 8.66567 27
    endloop
  endfacet
  facet normal 0.506842 -0.862039 0
    outer loop
      vertex 21.1048 8.73023 27
      vertex 20.995 8.66567 0
      vertex 21.1048 8.73023 0
    endloop
  endfacet
  facet normal 0.541388 -0.840773 0
    outer loop
      vertex 21.1048 8.73023 0
      vertex 21.2449 8.82042 27
      vertex 21.1048 8.73023 27
    endloop
  endfacet
  facet normal 0.541388 -0.840773 0
    outer loop
      vertex 21.2449 8.82042 27
      vertex 21.1048 8.73023 0
      vertex 21.2449 8.82042 0
    endloop
  endfacet
  facet normal 0.575518 -0.817789 0
    outer loop
      vertex 21.2449 8.82042 0
      vertex 21.4149 8.94009 27
      vertex 21.2449 8.82042 27
    endloop
  endfacet
  facet normal 0.575518 -0.817789 0
    outer loop
      vertex 21.4149 8.94009 27
      vertex 21.2449 8.82042 0
      vertex 21.4149 8.94009 0
    endloop
  endfacet
  facet normal 0.609225 -0.792998 0
    outer loop
      vertex 21.4149 8.94009 0
      vertex 21.6149 9.09373 27
      vertex 21.4149 8.94009 27
    endloop
  endfacet
  facet normal 0.609225 -0.792998 0
    outer loop
      vertex 21.6149 9.09373 27
      vertex 21.4149 8.94009 0
      vertex 21.6149 9.09373 0
    endloop
  endfacet
  facet normal 0.642685 -0.76613 0
    outer loop
      vertex 21.6149 9.09373 0
      vertex 21.8446 9.28645 27
      vertex 21.6149 9.09373 27
    endloop
  endfacet
  facet normal 0.642685 -0.76613 0
    outer loop
      vertex 21.8446 9.28645 27
      vertex 21.6149 9.09373 0
      vertex 21.8446 9.28645 0
    endloop
  endfacet
  facet normal 0.675684 -0.737191 0
    outer loop
      vertex 21.8446 9.28645 0
      vertex 22.1041 9.52425 27
      vertex 21.8446 9.28645 27
    endloop
  endfacet
  facet normal 0.675684 -0.737191 0
    outer loop
      vertex 22.1041 9.52425 27
      vertex 21.8446 9.28645 0
      vertex 22.1041 9.52425 0
    endloop
  endfacet
  facet normal 0.708255 -0.705957 0
    outer loop
      vertex 22.1041 9.52425 27
      vertex 22.393 9.8141 0
      vertex 22.393 9.8141 27
    endloop
  endfacet
  facet normal 0.708255 -0.705957 0
    outer loop
      vertex 22.393 9.8141 0
      vertex 22.1041 9.52425 27
      vertex 22.1041 9.52425 0
    endloop
  endfacet
  facet normal 0.740401 -0.672165 0
    outer loop
      vertex 22.393 9.8141 27
      vertex 22.7109 10.1642 0
      vertex 22.7109 10.1642 27
    endloop
  endfacet
  facet normal 0.740401 -0.672165 0
    outer loop
      vertex 22.7109 10.1642 0
      vertex 22.393 9.8141 27
      vertex 22.393 9.8141 0
    endloop
  endfacet
  facet normal 0.771973 -0.635656 0
    outer loop
      vertex 22.7109 10.1642 27
      vertex 23.0568 10.5844 0
      vertex 23.0568 10.5844 27
    endloop
  endfacet
  facet normal 0.771973 -0.635656 0
    outer loop
      vertex 23.0568 10.5844 0
      vertex 22.7109 10.1642 27
      vertex 22.7109 10.1642 0
    endloop
  endfacet
  facet normal 0.80291 -0.5961 0
    outer loop
      vertex 23.0568 10.5844 27
      vertex 23.4294 11.0863 0
      vertex 23.4294 11.0863 27
    endloop
  endfacet
  facet normal 0.80291 -0.5961 0
    outer loop
      vertex 23.4294 11.0863 0
      vertex 23.0568 10.5844 27
      vertex 23.0568 10.5844 0
    endloop
  endfacet
  facet normal 0.833033 -0.553223 0
    outer loop
      vertex 23.4294 11.0863 27
      vertex 23.8262 11.6837 0
      vertex 23.8262 11.6837 27
    endloop
  endfacet
  facet normal 0.833033 -0.553223 0
    outer loop
      vertex 23.8262 11.6837 0
      vertex 23.4294 11.0863 27
      vertex 23.4294 11.0863 0
    endloop
  endfacet
  facet normal 0.862183 -0.506597 0
    outer loop
      vertex 23.8262 11.6837 27
      vertex 24.2431 12.3933 0
      vertex 24.2431 12.3933 27
    endloop
  endfacet
  facet normal 0.862183 -0.506597 0
    outer loop
      vertex 24.2431 12.3933 0
      vertex 23.8262 11.6837 27
      vertex 23.8262 11.6837 0
    endloop
  endfacet
  facet normal 0.890028 -0.455906 0
    outer loop
      vertex 24.2431 12.3933 27
      vertex 24.6744 13.2353 0
      vertex 24.6744 13.2353 27
    endloop
  endfacet
  facet normal 0.890028 -0.455906 0
    outer loop
      vertex 24.6744 13.2353 0
      vertex 24.2431 12.3933 27
      vertex 24.2431 12.3933 0
    endloop
  endfacet
  facet normal 0.866022 0.500005 0
    outer loop
      vertex 24.6744 13.2353 27
      vertex 23.7993 14.751 0
      vertex 23.7993 14.751 27
    endloop
  endfacet
  facet normal 0.866022 0.500005 0
    outer loop
      vertex 23.7993 14.751 0
      vertex 24.6744 13.2353 27
      vertex 24.6744 13.2353 0
    endloop
  endfacet
  facet normal 0.0501884 0.99874 -0
    outer loop
      vertex 23.7993 14.751 0
      vertex 22.8545 14.7985 27
      vertex 23.7993 14.751 27
    endloop
  endfacet
  facet normal 0.0501884 0.99874 0
    outer loop
      vertex 22.8545 14.7985 27
      vertex 23.7993 14.751 0
      vertex 22.8545 14.7985 0
    endloop
  endfacet
  facet normal -0.00763909 0.999971 0
    outer loop
      vertex 22.8545 14.7985 0
      vertex 22.0315 14.7922 27
      vertex 22.8545 14.7985 27
    endloop
  endfacet
  facet normal -0.00763909 0.999971 0
    outer loop
      vertex 22.0315 14.7922 27
      vertex 22.8545 14.7985 0
      vertex 22.0315 14.7922 0
    endloop
  endfacet
  facet normal -0.0625957 0.998039 0
    outer loop
      vertex 22.0315 14.7922 0
      vertex 21.3157 14.7473 27
      vertex 22.0315 14.7922 27
    endloop
  endfacet
  facet normal -0.0625957 0.998039 0
    outer loop
      vertex 21.3157 14.7473 27
      vertex 22.0315 14.7922 0
      vertex 21.3157 14.7473 0
    endloop
  endfacet
  facet normal -0.114781 0.993391 0
    outer loop
      vertex 21.3157 14.7473 0
      vertex 20.6948 14.6756 27
      vertex 21.3157 14.7473 27
    endloop
  endfacet
  facet normal -0.114781 0.993391 0
    outer loop
      vertex 20.6948 14.6756 27
      vertex 21.3157 14.7473 0
      vertex 20.6948 14.6756 0
    endloop
  endfacet
  facet normal -0.164473 0.986382 0
    outer loop
      vertex 20.6948 14.6756 0
      vertex 20.1579 14.5861 27
      vertex 20.6948 14.6756 27
    endloop
  endfacet
  facet normal -0.164473 0.986382 0
    outer loop
      vertex 20.1579 14.5861 27
      vertex 20.6948 14.6756 0
      vertex 20.1579 14.5861 0
    endloop
  endfacet
  facet normal -0.211947 0.977281 0
    outer loop
      vertex 20.1579 14.5861 0
      vertex 19.6958 14.4858 27
      vertex 20.1579 14.5861 27
    endloop
  endfacet
  facet normal -0.211947 0.977281 0
    outer loop
      vertex 19.6958 14.4858 27
      vertex 20.1579 14.5861 0
      vertex 19.6958 14.4858 0
    endloop
  endfacet
  facet normal -0.257246 0.966346 0
    outer loop
      vertex 19.6958 14.4858 0
      vertex 19.3003 14.3806 27
      vertex 19.6958 14.4858 27
    endloop
  endfacet
  facet normal -0.257246 0.966346 0
    outer loop
      vertex 19.3003 14.3806 27
      vertex 19.6958 14.4858 0
      vertex 19.3003 14.3806 0
    endloop
  endfacet
  facet normal -0.300598 0.953751 0
    outer loop
      vertex 19.3003 14.3806 0
      vertex 18.9646 14.2748 27
      vertex 19.3003 14.3806 27
    endloop
  endfacet
  facet normal -0.300598 0.953751 0
    outer loop
      vertex 18.9646 14.2748 27
      vertex 19.3003 14.3806 0
      vertex 18.9646 14.2748 0
    endloop
  endfacet
  facet normal -0.342129 0.939653 0
    outer loop
      vertex 18.9646 14.2748 0
      vertex 18.6828 14.1722 27
      vertex 18.9646 14.2748 27
    endloop
  endfacet
  facet normal -0.342129 0.939653 0
    outer loop
      vertex 18.6828 14.1722 27
      vertex 18.9646 14.2748 0
      vertex 18.6828 14.1722 0
    endloop
  endfacet
  facet normal -0.382134 0.924107 0
    outer loop
      vertex 18.6828 14.1722 0
      vertex 18.4498 14.0758 27
      vertex 18.6828 14.1722 27
    endloop
  endfacet
  facet normal -0.382134 0.924107 0
    outer loop
      vertex 18.4498 14.0758 27
      vertex 18.6828 14.1722 0
      vertex 18.4498 14.0758 0
    endloop
  endfacet
  facet normal -0.42049 0.907297 0
    outer loop
      vertex 18.4498 14.0758 0
      vertex 18.2611 13.9884 27
      vertex 18.4498 14.0758 27
    endloop
  endfacet
  facet normal -0.42049 0.907297 0
    outer loop
      vertex 18.2611 13.9884 27
      vertex 18.4498 14.0758 0
      vertex 18.2611 13.9884 0
    endloop
  endfacet
  facet normal -0.457435 0.889243 0
    outer loop
      vertex 18.2611 13.9884 0
      vertex 18.113 13.9122 27
      vertex 18.2611 13.9884 27
    endloop
  endfacet
  facet normal -0.457435 0.889243 0
    outer loop
      vertex 18.113 13.9122 27
      vertex 18.2611 13.9884 0
      vertex 18.113 13.9122 0
    endloop
  endfacet
  facet normal -0.493076 0.869986 0
    outer loop
      vertex 18.113 13.9122 0
      vertex 18.0022 13.8494 27
      vertex 18.113 13.9122 27
    endloop
  endfacet
  facet normal -0.493076 0.869986 0
    outer loop
      vertex 18.0022 13.8494 27
      vertex 18.113 13.9122 0
      vertex 18.0022 13.8494 0
    endloop
  endfacet
  facet normal -0.527382 0.849628 0
    outer loop
      vertex 18.0022 13.8494 0
      vertex 17.9259 13.802 27
      vertex 18.0022 13.8494 27
    endloop
  endfacet
  facet normal -0.527382 0.849628 0
    outer loop
      vertex 17.9259 13.802 27
      vertex 18.0022 13.8494 0
      vertex 17.9259 13.802 0
    endloop
  endfacet
  facet normal -0.559915 0.82855 0
    outer loop
      vertex 17.9259 13.802 0
      vertex 17.8816 13.772 27
      vertex 17.9259 13.802 27
    endloop
  endfacet
  facet normal -0.559915 0.82855 0
    outer loop
      vertex 17.8816 13.772 27
      vertex 17.9259 13.802 0
      vertex 17.8816 13.772 0
    endloop
  endfacet
  facet normal -0.610183 0.79226 0
    outer loop
      vertex 17.8816 13.772 0
      vertex 15.3153 11.7956 27
      vertex 17.8816 13.772 27
    endloop
  endfacet
  facet normal -0.610183 0.79226 0
    outer loop
      vertex 15.3153 11.7956 27
      vertex 17.8816 13.772 0
      vertex 15.3153 11.7956 0
    endloop
  endfacet
  facet normal 0.774153 0.632998 0
    outer loop
      vertex 15.3153 11.7956 27
      vertex 14.5587 12.721 0
      vertex 14.5587 12.721 27
    endloop
  endfacet
  facet normal 0.774153 0.632998 0
    outer loop
      vertex 14.5587 12.721 0
      vertex 15.3153 11.7956 27
      vertex 15.3153 11.7956 0
    endloop
  endfacet
  facet normal 0.731097 0.682273 0
    outer loop
      vertex 14.5587 12.721 27
      vertex 13.6955 13.6459 0
      vertex 13.6955 13.6459 27
    endloop
  endfacet
  facet normal 0.731097 0.682273 0
    outer loop
      vertex 13.6955 13.6459 0
      vertex 14.5587 12.721 27
      vertex 14.5587 12.721 0
    endloop
  endfacet
  facet normal 0.684919 0.728619 -0
    outer loop
      vertex 13.6955 13.6459 0
      vertex 12.7737 14.5124 27
      vertex 13.6955 13.6459 27
    endloop
  endfacet
  facet normal 0.684919 0.728619 0
    outer loop
      vertex 12.7737 14.5124 27
      vertex 13.6955 13.6459 0
      vertex 12.7737 14.5124 0
    endloop
  endfacet
  facet normal 0.635793 0.771859 -0
    outer loop
      vertex 12.7737 14.5124 0
      vertex 11.7972 15.3168 27
      vertex 12.7737 14.5124 27
    endloop
  endfacet
  facet normal 0.635793 0.771859 0
    outer loop
      vertex 11.7972 15.3168 27
      vertex 12.7737 14.5124 0
      vertex 11.7972 15.3168 0
    endloop
  endfacet
  facet normal 0.792246 -0.610202 0
    outer loop
      vertex 11.7972 15.3168 27
      vertex 13.7616 17.8672 0
      vertex 13.7616 17.8672 27
    endloop
  endfacet
  facet normal 0.792246 -0.610202 0
    outer loop
      vertex 13.7616 17.8672 0
      vertex 11.7972 15.3168 27
      vertex 11.7972 15.3168 0
    endloop
  endfacet
  facet normal 0.82349 -0.56733 0
    outer loop
      vertex 13.7616 17.8672 27
      vertex 13.802 17.9259 0
      vertex 13.802 17.9259 27
    endloop
  endfacet
  facet normal 0.82349 -0.56733 0
    outer loop
      vertex 13.802 17.9259 0
      vertex 13.7616 17.8672 27
      vertex 13.7616 17.8672 0
    endloop
  endfacet
  facet normal 0.849602 -0.527424 0
    outer loop
      vertex 13.802 17.9259 27
      vertex 13.8494 18.0022 0
      vertex 13.8494 18.0022 27
    endloop
  endfacet
  facet normal 0.849602 -0.527424 0
    outer loop
      vertex 13.8494 18.0022 0
      vertex 13.802 17.9259 27
      vertex 13.802 17.9259 0
    endloop
  endfacet
  facet normal 0.869998 -0.493055 0
    outer loop
      vertex 13.8494 18.0022 27
      vertex 13.9122 18.113 0
      vertex 13.9122 18.113 27
    endloop
  endfacet
  facet normal 0.869998 -0.493055 0
    outer loop
      vertex 13.9122 18.113 0
      vertex 13.8494 18.0022 27
      vertex 13.8494 18.0022 0
    endloop
  endfacet
  facet normal 0.88925 -0.457421 0
    outer loop
      vertex 13.9122 18.113 27
      vertex 13.9884 18.2611 0
      vertex 13.9884 18.2611 27
    endloop
  endfacet
  facet normal 0.88925 -0.457421 0
    outer loop
      vertex 13.9884 18.2611 0
      vertex 13.9122 18.113 27
      vertex 13.9122 18.113 0
    endloop
  endfacet
  facet normal 0.907294 -0.420498 0
    outer loop
      vertex 13.9884 18.2611 27
      vertex 14.0758 18.4498 0
      vertex 14.0758 18.4498 27
    endloop
  endfacet
  facet normal 0.907294 -0.420498 0
    outer loop
      vertex 14.0758 18.4498 0
      vertex 13.9884 18.2611 27
      vertex 13.9884 18.2611 0
    endloop
  endfacet
  facet normal 0.924107 -0.382134 0
    outer loop
      vertex 14.0758 18.4498 27
      vertex 14.1722 18.6828 0
      vertex 14.1722 18.6828 27
    endloop
  endfacet
  facet normal 0.924107 -0.382134 0
    outer loop
      vertex 14.1722 18.6828 0
      vertex 14.0758 18.4498 27
      vertex 14.0758 18.4498 0
    endloop
  endfacet
  facet normal 0.939635 -0.342177 0
    outer loop
      vertex 14.1722 18.6828 27
      vertex 14.2748 18.9646 0
      vertex 14.2748 18.9646 27
    endloop
  endfacet
  facet normal 0.939635 -0.342177 0
    outer loop
      vertex 14.2748 18.9646 0
      vertex 14.1722 18.6828 27
      vertex 14.1722 18.6828 0
    endloop
  endfacet
  facet normal 0.953756 -0.300581 0
    outer loop
      vertex 14.2748 18.9646 27
      vertex 14.3806 19.3003 0
      vertex 14.3806 19.3003 27
    endloop
  endfacet
  facet normal 0.953756 -0.300581 0
    outer loop
      vertex 14.3806 19.3003 0
      vertex 14.2748 18.9646 27
      vertex 14.2748 18.9646 0
    endloop
  endfacet
  facet normal 0.966348 -0.257237 0
    outer loop
      vertex 14.3806 19.3003 27
      vertex 14.4858 19.6958 0
      vertex 14.4858 19.6958 27
    endloop
  endfacet
  facet normal 0.966348 -0.257237 0
    outer loop
      vertex 14.4858 19.6958 0
      vertex 14.3806 19.3003 27
      vertex 14.3806 19.3003 0
    endloop
  endfacet
  facet normal 0.977288 -0.211917 0
    outer loop
      vertex 14.4858 19.6958 27
      vertex 14.5861 20.1579 0
      vertex 14.5861 20.1579 27
    endloop
  endfacet
  facet normal 0.977288 -0.211917 0
    outer loop
      vertex 14.5861 20.1579 0
      vertex 14.4858 19.6958 27
      vertex 14.4858 19.6958 0
    endloop
  endfacet
  facet normal 0.986374 -0.164517 0
    outer loop
      vertex 14.5861 20.1579 27
      vertex 14.6756 20.6948 0
      vertex 14.6756 20.6948 27
    endloop
  endfacet
  facet normal 0.986374 -0.164517 0
    outer loop
      vertex 14.6756 20.6948 0
      vertex 14.5861 20.1579 27
      vertex 14.5861 20.1579 0
    endloop
  endfacet
  facet normal 0.993391 -0.114783 0
    outer loop
      vertex 14.6756 20.6948 27
      vertex 14.7474 21.3157 0
      vertex 14.7474 21.3157 27
    endloop
  endfacet
  facet normal 0.993391 -0.114783 0
    outer loop
      vertex 14.7474 21.3157 0
      vertex 14.6756 20.6948 27
      vertex 14.6756 20.6948 0
    endloop
  endfacet
  facet normal 0.99804 -0.062574 0
    outer loop
      vertex 14.7474 21.3157 27
      vertex 14.7922 22.0315 0
      vertex 14.7922 22.0315 27
    endloop
  endfacet
  facet normal 0.99804 -0.062574 0
    outer loop
      vertex 14.7922 22.0315 0
      vertex 14.7474 21.3157 27
      vertex 14.7474 21.3157 0
    endloop
  endfacet
  facet normal 0.999971 -0.00763923 0
    outer loop
      vertex 14.7922 22.0315 27
      vertex 14.7985 22.8545 0
      vertex 14.7985 22.8545 27
    endloop
  endfacet
  facet normal 0.999971 -0.00763923 0
    outer loop
      vertex 14.7985 22.8545 0
      vertex 14.7922 22.0315 27
      vertex 14.7922 22.0315 0
    endloop
  endfacet
  facet normal 0.99874 0.0501832 0
    outer loop
      vertex 14.7985 22.8545 27
      vertex 14.751 23.7993 0
      vertex 14.751 23.7993 27
    endloop
  endfacet
  facet normal 0.99874 0.0501832 0
    outer loop
      vertex 14.751 23.7993 0
      vertex 14.7985 22.8545 27
      vertex 14.7985 22.8545 0
    endloop
  endfacet
  facet normal 0.499995 0.866029 -0
    outer loop
      vertex 14.751 23.7993 0
      vertex 13.2353 24.6744 27
      vertex 14.751 23.7993 27
    endloop
  endfacet
  facet normal 0.499995 0.866029 0
    outer loop
      vertex 13.2353 24.6744 27
      vertex 14.751 23.7993 0
      vertex 13.2353 24.6744 0
    endloop
  endfacet
  facet normal -0.455899 0.890032 0
    outer loop
      vertex 13.2353 24.6744 0
      vertex 12.3933 24.2431 27
      vertex 13.2353 24.6744 27
    endloop
  endfacet
  facet normal -0.455899 0.890032 0
    outer loop
      vertex 12.3933 24.2431 27
      vertex 13.2353 24.6744 0
      vertex 12.3933 24.2431 0
    endloop
  endfacet
  facet normal -0.506609 0.862176 0
    outer loop
      vertex 12.3933 24.2431 0
      vertex 11.6837 23.8262 27
      vertex 12.3933 24.2431 27
    endloop
  endfacet
  facet normal -0.506609 0.862176 0
    outer loop
      vertex 11.6837 23.8262 27
      vertex 12.3933 24.2431 0
      vertex 11.6837 23.8262 0
    endloop
  endfacet
  facet normal -0.553233 0.833027 0
    outer loop
      vertex 11.6837 23.8262 0
      vertex 11.0863 23.4294 27
      vertex 11.6837 23.8262 27
    endloop
  endfacet
  facet normal -0.553233 0.833027 0
    outer loop
      vertex 11.0863 23.4294 27
      vertex 11.6837 23.8262 0
      vertex 11.0863 23.4294 0
    endloop
  endfacet
  facet normal -0.596097 0.802913 0
    outer loop
      vertex 11.0863 23.4294 0
      vertex 10.5844 23.0568 27
      vertex 11.0863 23.4294 27
    endloop
  endfacet
  facet normal -0.596097 0.802913 0
    outer loop
      vertex 10.5844 23.0568 27
      vertex 11.0863 23.4294 0
      vertex 10.5844 23.0568 0
    endloop
  endfacet
  facet normal -0.635619 0.772003 0
    outer loop
      vertex 10.5844 23.0568 0
      vertex 10.1642 22.7109 27
      vertex 10.5844 23.0568 27
    endloop
  endfacet
  facet normal -0.635619 0.772003 0
    outer loop
      vertex 10.1642 22.7109 27
      vertex 10.5844 23.0568 0
      vertex 10.1642 22.7109 0
    endloop
  endfacet
  facet normal -0.672204 0.740366 0
    outer loop
      vertex 10.1642 22.7109 0
      vertex 9.81411 22.393 27
      vertex 10.1642 22.7109 27
    endloop
  endfacet
  facet normal -0.672204 0.740366 0
    outer loop
      vertex 9.81411 22.393 27
      vertex 10.1642 22.7109 0
      vertex 9.81411 22.393 0
    endloop
  endfacet
  facet normal -0.705941 0.708271 0
    outer loop
      vertex 9.81411 22.393 0
      vertex 9.52427 22.1041 27
      vertex 9.81411 22.393 27
    endloop
  endfacet
  facet normal -0.705941 0.708271 0
    outer loop
      vertex 9.52427 22.1041 27
      vertex 9.81411 22.393 0
      vertex 9.52427 22.1041 0
    endloop
  endfacet
  facet normal -0.737207 0.675667 0
    outer loop
      vertex 9.28647 21.8446 0
      vertex 9.52427 22.1041 27
      vertex 9.52427 22.1041 0
    endloop
  endfacet
  facet normal -0.737207 0.675667 0
    outer loop
      vertex 9.52427 22.1041 27
      vertex 9.28647 21.8446 0
      vertex 9.28647 21.8446 27
    endloop
  endfacet
  facet normal -0.766133 0.642682 0
    outer loop
      vertex 9.09373 21.6149 0
      vertex 9.28647 21.8446 27
      vertex 9.28647 21.8446 0
    endloop
  endfacet
  facet normal -0.766133 0.642682 0
    outer loop
      vertex 9.28647 21.8446 27
      vertex 9.09373 21.6149 0
      vertex 9.09373 21.6149 27
    endloop
  endfacet
  facet normal -0.792955 0.609281 0
    outer loop
      vertex 8.9401 21.4149 0
      vertex 9.09373 21.6149 27
      vertex 9.09373 21.6149 0
    endloop
  endfacet
  facet normal -0.792955 0.609281 0
    outer loop
      vertex 9.09373 21.6149 27
      vertex 8.9401 21.4149 0
      vertex 8.9401 21.4149 27
    endloop
  endfacet
  facet normal -0.817833 0.575455 0
    outer loop
      vertex 8.82043 21.2448 0
      vertex 8.9401 21.4149 27
      vertex 8.9401 21.4149 0
    endloop
  endfacet
  facet normal -0.817833 0.575455 0
    outer loop
      vertex 8.9401 21.4149 27
      vertex 8.82043 21.2448 0
      vertex 8.82043 21.2448 27
    endloop
  endfacet
  facet normal -0.840742 0.541436 0
    outer loop
      vertex 8.73024 21.1048 0
      vertex 8.82043 21.2448 27
      vertex 8.82043 21.2448 0
    endloop
  endfacet
  facet normal -0.840742 0.541436 0
    outer loop
      vertex 8.82043 21.2448 27
      vertex 8.73024 21.1048 0
      vertex 8.73024 21.1048 27
    endloop
  endfacet
  facet normal -0.862021 0.506872 0
    outer loop
      vertex 8.66567 20.995 0
      vertex 8.73024 21.1048 27
      vertex 8.73024 21.1048 0
    endloop
  endfacet
  facet normal -0.862021 0.506872 0
    outer loop
      vertex 8.73024 21.1048 27
      vertex 8.66567 20.995 0
      vertex 8.66567 20.995 27
    endloop
  endfacet
  facet normal -0.881587 0.472022 0
    outer loop
      vertex 8.62326 20.9158 0
      vertex 8.66567 20.995 27
      vertex 8.66567 20.995 0
    endloop
  endfacet
  facet normal -0.881587 0.472022 0
    outer loop
      vertex 8.66567 20.995 27
      vertex 8.62326 20.9158 0
      vertex 8.62326 20.9158 27
    endloop
  endfacet
  facet normal -0.899129 0.437683 0
    outer loop
      vertex 8.59987 20.8677 0
      vertex 8.62326 20.9158 27
      vertex 8.62326 20.9158 0
    endloop
  endfacet
  facet normal -0.899129 0.437683 0
    outer loop
      vertex 8.62326 20.9158 27
      vertex 8.59987 20.8677 0
      vertex 8.59987 20.8677 27
    endloop
  endfacet
  facet normal -0.924565 0.381025 0
    outer loop
      vertex 7.36567 17.8729 0
      vertex 8.59987 20.8677 27
      vertex 8.59987 20.8677 0
    endloop
  endfacet
  facet normal -0.924565 0.381025 0
    outer loop
      vertex 8.59987 20.8677 27
      vertex 7.36567 17.8729 0
      vertex 7.36567 17.8729 27
    endloop
  endfacet
  facet normal 0.353937 0.935269 -0
    outer loop
      vertex 7.36567 17.8729 0
      vertex 6.2477 18.296 27
      vertex 7.36567 17.8729 27
    endloop
  endfacet
  facet normal 0.353937 0.935269 0
    outer loop
      vertex 6.2477 18.296 27
      vertex 7.36567 17.8729 0
      vertex 6.2477 18.296 0
    endloop
  endfacet
  facet normal 0.292022 0.956412 -0
    outer loop
      vertex 6.2477 18.296 0
      vertex 5.0377 18.6654 27
      vertex 6.2477 18.296 27
    endloop
  endfacet
  facet normal 0.292022 0.956412 0
    outer loop
      vertex 5.0377 18.6654 27
      vertex 6.2477 18.296 0
      vertex 5.0377 18.6654 0
    endloop
  endfacet
  facet normal 0.228844 0.973463 -0
    outer loop
      vertex 5.0377 18.6654 0
      vertex 3.80613 18.955 27
      vertex 5.0377 18.6654 27
    endloop
  endfacet
  facet normal 0.228844 0.973463 0
    outer loop
      vertex 3.80613 18.955 27
      vertex 5.0377 18.6654 0
      vertex 3.80613 18.955 0
    endloop
  endfacet
  facet normal 0.164688 0.986346 -0
    outer loop
      vertex 3.80613 18.955 0
      vertex 2.55828 19.1633 27
      vertex 3.80613 18.955 27
    endloop
  endfacet
  facet normal 0.164688 0.986346 0
    outer loop
      vertex 2.55828 19.1633 27
      vertex 3.80613 18.955 0
      vertex 2.55828 19.1633 0
    endloop
  endfacet
  facet normal 0.991206 -0.132325 0
    outer loop
      vertex 2.55828 19.1633 27
      vertex 2.98427 22.3543 0
      vertex 2.98427 22.3543 27
    endloop
  endfacet
  facet normal 0.991206 -0.132325 0
    outer loop
      vertex 2.98427 22.3543 0
      vertex 2.55828 19.1633 27
      vertex 2.55828 19.1633 0
    endloop
  endfacet
  facet normal 0.996804 -0.0798831 0
    outer loop
      vertex 2.98427 22.3543 27
      vertex 2.98996 22.4253 0
      vertex 2.98996 22.4253 27
    endloop
  endfacet
  facet normal 0.996804 -0.0798831 0
    outer loop
      vertex 2.98996 22.4253 0
      vertex 2.98427 22.3543 27
      vertex 2.98427 22.3543 0
    endloop
  endfacet
  facet normal 0.999488 -0.031983 0
    outer loop
      vertex 2.98996 22.4253 27
      vertex 2.99283 22.5151 0
      vertex 2.99283 22.5151 27
    endloop
  endfacet
  facet normal 0.999488 -0.031983 0
    outer loop
      vertex 2.99283 22.5151 0
      vertex 2.98996 22.4253 27
      vertex 2.98996 22.4253 0
    endloop
  endfacet
  facet normal 0.999968 0.00802634 0
    outer loop
      vertex 2.99283 22.5151 27
      vertex 2.99181 22.6424 0
      vertex 2.99181 22.6424 27
    endloop
  endfacet
  facet normal 0.999968 0.00802634 0
    outer loop
      vertex 2.99181 22.6424 0
      vertex 2.99283 22.5151 27
      vertex 2.99283 22.5151 0
    endloop
  endfacet
  facet normal 0.998826 0.0484407 0
    outer loop
      vertex 2.99181 22.6424 27
      vertex 2.98374 22.8088 0
      vertex 2.98374 22.8088 27
    endloop
  endfacet
  facet normal 0.998826 0.0484407 0
    outer loop
      vertex 2.98374 22.8088 0
      vertex 2.99181 22.6424 27
      vertex 2.99181 22.6424 0
    endloop
  endfacet
  facet normal 0.995988 0.0894867 0
    outer loop
      vertex 2.98374 22.8088 27
      vertex 2.96513 23.0159 0
      vertex 2.96513 23.0159 27
    endloop
  endfacet
  facet normal 0.995988 0.0894867 0
    outer loop
      vertex 2.96513 23.0159 0
      vertex 2.98374 22.8088 27
      vertex 2.98374 22.8088 0
    endloop
  endfacet
  facet normal 0.991366 0.131127 0
    outer loop
      vertex 2.96513 23.0159 27
      vertex 2.93206 23.2659 0
      vertex 2.93206 23.2659 27
    endloop
  endfacet
  facet normal 0.991366 0.131127 0
    outer loop
      vertex 2.93206 23.2659 0
      vertex 2.96513 23.0159 27
      vertex 2.96513 23.0159 0
    endloop
  endfacet
  facet normal 0.984835 0.173496 0
    outer loop
      vertex 2.93206 23.2659 27
      vertex 2.88003 23.5613 0
      vertex 2.88003 23.5613 27
    endloop
  endfacet
  facet normal 0.984835 0.173496 0
    outer loop
      vertex 2.88003 23.5613 0
      vertex 2.93206 23.2659 27
      vertex 2.93206 23.2659 0
    endloop
  endfacet
  facet normal 0.976264 0.216583 0
    outer loop
      vertex 2.88003 23.5613 27
      vertex 2.80381 23.9048 0
      vertex 2.80381 23.9048 27
    endloop
  endfacet
  facet normal 0.976264 0.216583 0
    outer loop
      vertex 2.80381 23.9048 0
      vertex 2.88003 23.5613 27
      vertex 2.88003 23.5613 0
    endloop
  endfacet
  facet normal 0.965501 0.260398 0
    outer loop
      vertex 2.80381 23.9048 27
      vertex 2.69725 24.3 0
      vertex 2.69725 24.3 27
    endloop
  endfacet
  facet normal 0.965501 0.260398 0
    outer loop
      vertex 2.69725 24.3 0
      vertex 2.80381 23.9048 27
      vertex 2.80381 23.9048 0
    endloop
  endfacet
  facet normal 0.952318 0.305107 0
    outer loop
      vertex 2.69725 24.3 27
      vertex 2.55296 24.7503 0
      vertex 2.55296 24.7503 27
    endloop
  endfacet
  facet normal 0.952318 0.305107 0
    outer loop
      vertex 2.55296 24.7503 0
      vertex 2.69725 24.3 27
      vertex 2.69725 24.3 0
    endloop
  endfacet
  facet normal 0.936479 0.350723 0
    outer loop
      vertex 2.55296 24.7503 27
      vertex 2.36207 25.26 0
      vertex 2.36207 25.26 27
    endloop
  endfacet
  facet normal 0.936479 0.350723 0
    outer loop
      vertex 2.36207 25.26 0
      vertex 2.55296 24.7503 27
      vertex 2.55296 24.7503 0
    endloop
  endfacet
  facet normal 0.917694 0.397289 0
    outer loop
      vertex 2.36207 25.26 27
      vertex 2.11374 25.8336 0
      vertex 2.11374 25.8336 27
    endloop
  endfacet
  facet normal 0.917694 0.397289 0
    outer loop
      vertex 2.11374 25.8336 0
      vertex 2.36207 25.26 27
      vertex 2.36207 25.26 0
    endloop
  endfacet
  facet normal 0.895616 0.444828 0
    outer loop
      vertex 2.11374 25.8336 27
      vertex 1.79473 26.4759 0
      vertex 1.79473 26.4759 27
    endloop
  endfacet
  facet normal 0.895616 0.444828 0
    outer loop
      vertex 1.79473 26.4759 0
      vertex 2.11374 25.8336 27
      vertex 2.11374 25.8336 0
    endloop
  endfacet
  facet normal 0.869823 0.493363 0
    outer loop
      vertex 1.79473 26.4759 27
      vertex 1.38866 27.1918 0
      vertex 1.38866 27.1918 27
    endloop
  endfacet
  facet normal 0.869823 0.493363 0
    outer loop
      vertex 1.38866 27.1918 0
      vertex 1.79473 26.4759 27
      vertex 1.79473 26.4759 0
    endloop
  endfacet
  facet normal 0.839838 0.542837 0
    outer loop
      vertex 1.38866 27.1918 27
      vertex 0.87515 27.9863 0
      vertex 0.87515 27.9863 27
    endloop
  endfacet
  facet normal 0.839838 0.542837 0
    outer loop
      vertex 0.87515 27.9863 0
      vertex 1.38866 27.1918 27
      vertex 1.38866 27.1918 0
    endloop
  endfacet
  facet normal -4.35898e-06 1 0
    outer loop
      vertex 0.87515 27.9863 0
      vertex -0.87512 27.9863 27
      vertex 0.87515 27.9863 27
    endloop
  endfacet
  facet normal -4.35898e-06 1 0
    outer loop
      vertex -0.87512 27.9863 27
      vertex 0.87515 27.9863 0
      vertex -0.87512 27.9863 0
    endloop
  endfacet
  facet normal -0.839843 0.542829 0
    outer loop
      vertex -1.38862 27.1918 0
      vertex -0.87512 27.9863 27
      vertex -0.87512 27.9863 0
    endloop
  endfacet
  facet normal -0.839843 0.542829 0
    outer loop
      vertex -0.87512 27.9863 27
      vertex -1.38862 27.1918 0
      vertex -1.38862 27.1918 27
    endloop
  endfacet
  facet normal -0.869823 0.493364 0
    outer loop
      vertex -1.79469 26.4759 0
      vertex -1.38862 27.1918 27
      vertex -1.38862 27.1918 0
    endloop
  endfacet
  facet normal -0.869823 0.493364 0
    outer loop
      vertex -1.38862 27.1918 27
      vertex -1.79469 26.4759 0
      vertex -1.79469 26.4759 27
    endloop
  endfacet
  facet normal -0.895621 0.444818 0
    outer loop
      vertex -2.11369 25.8336 0
      vertex -1.79469 26.4759 27
      vertex -1.79469 26.4759 0
    endloop
  endfacet
  facet normal -0.895621 0.444818 0
    outer loop
      vertex -1.79469 26.4759 27
      vertex -2.11369 25.8336 0
      vertex -2.11369 25.8336 27
    endloop
  endfacet
  facet normal -0.91769 0.397297 0
    outer loop
      vertex -2.36202 25.26 0
      vertex -2.11369 25.8336 27
      vertex -2.11369 25.8336 0
    endloop
  endfacet
  facet normal -0.91769 0.397297 0
    outer loop
      vertex -2.11369 25.8336 27
      vertex -2.36202 25.26 0
      vertex -2.36202 25.26 27
    endloop
  endfacet
  facet normal -0.936473 0.35074 0
    outer loop
      vertex -2.55292 24.7503 0
      vertex -2.36202 25.26 27
      vertex -2.36202 25.26 0
    endloop
  endfacet
  facet normal -0.936473 0.35074 0
    outer loop
      vertex -2.36202 25.26 27
      vertex -2.55292 24.7503 0
      vertex -2.55292 24.7503 27
    endloop
  endfacet
  facet normal -0.95232 0.3051 0
    outer loop
      vertex -2.69721 24.3 0
      vertex -2.55292 24.7503 27
      vertex -2.55292 24.7503 0
    endloop
  endfacet
  facet normal -0.95232 0.3051 0
    outer loop
      vertex -2.55292 24.7503 27
      vertex -2.69721 24.3 0
      vertex -2.69721 24.3 27
    endloop
  endfacet
  facet normal -0.965501 0.2604 0
    outer loop
      vertex -2.80377 23.9048 0
      vertex -2.69721 24.3 27
      vertex -2.69721 24.3 0
    endloop
  endfacet
  facet normal -0.965501 0.2604 0
    outer loop
      vertex -2.69721 24.3 27
      vertex -2.80377 23.9048 0
      vertex -2.80377 23.9048 27
    endloop
  endfacet
  facet normal -0.976273 0.216545 0
    outer loop
      vertex -2.87998 23.5613 0
      vertex -2.80377 23.9048 27
      vertex -2.80377 23.9048 0
    endloop
  endfacet
  facet normal -0.976273 0.216545 0
    outer loop
      vertex -2.80377 23.9048 27
      vertex -2.87998 23.5613 0
      vertex -2.87998 23.5613 27
    endloop
  endfacet
  facet normal -0.984831 0.173514 0
    outer loop
      vertex -2.93202 23.2659 0
      vertex -2.87998 23.5613 27
      vertex -2.87998 23.5613 0
    endloop
  endfacet
  facet normal -0.984831 0.173514 0
    outer loop
      vertex -2.87998 23.5613 27
      vertex -2.93202 23.2659 0
      vertex -2.93202 23.2659 27
    endloop
  endfacet
  facet normal -0.991366 0.131126 0
    outer loop
      vertex -2.96508 23.0159 0
      vertex -2.93202 23.2659 27
      vertex -2.93202 23.2659 0
    endloop
  endfacet
  facet normal -0.991366 0.131126 0
    outer loop
      vertex -2.93202 23.2659 27
      vertex -2.96508 23.0159 0
      vertex -2.96508 23.0159 27
    endloop
  endfacet
  facet normal -0.995986 0.0895086 0
    outer loop
      vertex -2.9837 22.8088 0
      vertex -2.96508 23.0159 27
      vertex -2.96508 23.0159 0
    endloop
  endfacet
  facet normal -0.995986 0.0895086 0
    outer loop
      vertex -2.96508 23.0159 27
      vertex -2.9837 22.8088 0
      vertex -2.9837 22.8088 27
    endloop
  endfacet
  facet normal -0.998823 0.0485093 0
    outer loop
      vertex -2.99178 22.6424 0
      vertex -2.9837 22.8088 27
      vertex -2.9837 22.8088 0
    endloop
  endfacet
  facet normal -0.998823 0.0485093 0
    outer loop
      vertex -2.9837 22.8088 27
      vertex -2.99178 22.6424 0
      vertex -2.99178 22.6424 27
    endloop
  endfacet
  facet normal -0.999969 0.00792128 0
    outer loop
      vertex -2.99279 22.515 0
      vertex -2.99178 22.6424 27
      vertex -2.99178 22.6424 0
    endloop
  endfacet
  facet normal -0.999969 0.00792128 0
    outer loop
      vertex -2.99178 22.6424 27
      vertex -2.99279 22.515 0
      vertex -2.99279 22.515 27
    endloop
  endfacet
  facet normal -0.99949 -0.0319201 0
    outer loop
      vertex -2.98992 22.4253 0
      vertex -2.99279 22.515 27
      vertex -2.99279 22.515 0
    endloop
  endfacet
  facet normal -0.99949 -0.0319201 0
    outer loop
      vertex -2.99279 22.515 27
      vertex -2.98992 22.4253 0
      vertex -2.98992 22.4253 27
    endloop
  endfacet
  facet normal -0.997496 -0.0707196 0
    outer loop
      vertex -2.98614 22.3719 0
      vertex -2.98992 22.4253 27
      vertex -2.98992 22.4253 0
    endloop
  endfacet
  facet normal -0.997496 -0.0707196 0
    outer loop
      vertex -2.98992 22.4253 27
      vertex -2.98614 22.3719 0
      vertex -2.98614 22.3719 27
    endloop
  endfacet
  facet normal -0.991209 -0.132304 0
    outer loop
      vertex -2.55758 19.1612 0
      vertex -2.98614 22.3719 27
      vertex -2.98614 22.3719 0
    endloop
  endfacet
  facet normal -0.991209 -0.132304 0
    outer loop
      vertex -2.98614 22.3719 27
      vertex -2.55758 19.1612 0
      vertex -2.55758 19.1612 27
    endloop
  endfacet
  facet normal -0.161108 0.986937 0
    outer loop
      vertex -2.55758 19.1612 0
      vertex -3.73733 18.9687 27
      vertex -2.55758 19.1612 27
    endloop
  endfacet
  facet normal -0.161108 0.986937 0
    outer loop
      vertex -3.73733 18.9687 27
      vertex -2.55758 19.1612 0
      vertex -3.73733 18.9687 0
    endloop
  endfacet
  facet normal -0.225312 0.974287 0
    outer loop
      vertex -3.73733 18.9687 0
      vertex -4.96994 18.6836 27
      vertex -3.73733 18.9687 27
    endloop
  endfacet
  facet normal -0.225312 0.974287 0
    outer loop
      vertex -4.96994 18.6836 27
      vertex -3.73733 18.9687 0
      vertex -4.96994 18.6836 0
    endloop
  endfacet
  facet normal -0.288546 0.957466 0
    outer loop
      vertex -4.96994 18.6836 0
      vertex -6.18126 18.3186 27
      vertex -4.96994 18.6836 27
    endloop
  endfacet
  facet normal -0.288546 0.957466 0
    outer loop
      vertex -6.18126 18.3186 27
      vertex -4.96994 18.6836 0
      vertex -6.18126 18.3186 0
    endloop
  endfacet
  facet normal -0.350555 0.936542 0
    outer loop
      vertex -6.18126 18.3186 0
      vertex -7.36612 17.8751 27
      vertex -6.18126 18.3186 27
    endloop
  endfacet
  facet normal -0.350555 0.936542 0
    outer loop
      vertex -7.36612 17.8751 27
      vertex -6.18126 18.3186 0
      vertex -7.36612 17.8751 0
    endloop
  endfacet
  facet normal 0.924573 0.381005 0
    outer loop
      vertex -7.36612 17.8751 27
      vertex -8.59268 20.8515 0
      vertex -8.59268 20.8515 27
    endloop
  endfacet
  facet normal 0.924573 0.381005 0
    outer loop
      vertex -8.59268 20.8515 0
      vertex -7.36612 17.8751 27
      vertex -7.36612 17.8751 0
    endloop
  endfacet
  facet normal 0.903042 0.429552 0
    outer loop
      vertex -8.59268 20.8515 27
      vertex -8.62326 20.9158 0
      vertex -8.62326 20.9158 27
    endloop
  endfacet
  facet normal 0.903042 0.429552 0
    outer loop
      vertex -8.62326 20.9158 0
      vertex -8.59268 20.8515 27
      vertex -8.59268 20.8515 0
    endloop
  endfacet
  facet normal 0.881551 0.472089 0
    outer loop
      vertex -8.62326 20.9158 27
      vertex -8.66567 20.995 0
      vertex -8.66567 20.995 27
    endloop
  endfacet
  facet normal 0.881551 0.472089 0
    outer loop
      vertex -8.66567 20.995 0
      vertex -8.62326 20.9158 27
      vertex -8.62326 20.9158 0
    endloop
  endfacet
  facet normal 0.862039 0.506842 0
    outer loop
      vertex -8.66567 20.995 27
      vertex -8.73023 21.1048 0
      vertex -8.73023 21.1048 27
    endloop
  endfacet
  facet normal 0.862039 0.506842 0
    outer loop
      vertex -8.73023 21.1048 0
      vertex -8.66567 20.995 27
      vertex -8.66567 20.995 0
    endloop
  endfacet
  facet normal 0.840773 0.541388 0
    outer loop
      vertex -8.73023 21.1048 27
      vertex -8.82042 21.2449 0
      vertex -8.82042 21.2449 27
    endloop
  endfacet
  facet normal 0.840773 0.541388 0
    outer loop
      vertex -8.82042 21.2449 0
      vertex -8.73023 21.1048 27
      vertex -8.73023 21.1048 0
    endloop
  endfacet
  facet normal 0.817789 0.575518 0
    outer loop
      vertex -8.82042 21.2449 27
      vertex -8.94009 21.4149 0
      vertex -8.94009 21.4149 27
    endloop
  endfacet
  facet normal 0.817789 0.575518 0
    outer loop
      vertex -8.94009 21.4149 0
      vertex -8.82042 21.2449 27
      vertex -8.82042 21.2449 0
    endloop
  endfacet
  facet normal 0.792998 0.609225 0
    outer loop
      vertex -8.94009 21.4149 27
      vertex -9.09373 21.6149 0
      vertex -9.09373 21.6149 27
    endloop
  endfacet
  facet normal 0.792998 0.609225 0
    outer loop
      vertex -9.09373 21.6149 0
      vertex -8.94009 21.4149 27
      vertex -8.94009 21.4149 0
    endloop
  endfacet
  facet normal 0.76613 0.642685 0
    outer loop
      vertex -9.09373 21.6149 27
      vertex -9.28645 21.8446 0
      vertex -9.28645 21.8446 27
    endloop
  endfacet
  facet normal 0.76613 0.642685 0
    outer loop
      vertex -9.28645 21.8446 0
      vertex -9.09373 21.6149 27
      vertex -9.09373 21.6149 0
    endloop
  endfacet
  facet normal 0.737191 0.675684 0
    outer loop
      vertex -9.28645 21.8446 27
      vertex -9.52425 22.1041 0
      vertex -9.52425 22.1041 27
    endloop
  endfacet
  facet normal 0.737191 0.675684 0
    outer loop
      vertex -9.52425 22.1041 0
      vertex -9.28645 21.8446 27
      vertex -9.28645 21.8446 0
    endloop
  endfacet
  facet normal 0.705957 0.708255 -0
    outer loop
      vertex -9.52425 22.1041 0
      vertex -9.8141 22.393 27
      vertex -9.52425 22.1041 27
    endloop
  endfacet
  facet normal 0.705957 0.708255 0
    outer loop
      vertex -9.8141 22.393 27
      vertex -9.52425 22.1041 0
      vertex -9.8141 22.393 0
    endloop
  endfacet
  facet normal 0.672165 0.740401 -0
    outer loop
      vertex -9.8141 22.393 0
      vertex -10.1642 22.7109 27
      vertex -9.8141 22.393 27
    endloop
  endfacet
  facet normal 0.672165 0.740401 0
    outer loop
      vertex -10.1642 22.7109 27
      vertex -9.8141 22.393 0
      vertex -10.1642 22.7109 0
    endloop
  endfacet
  facet normal 0.635656 0.771973 -0
    outer loop
      vertex -10.1642 22.7109 0
      vertex -10.5844 23.0568 27
      vertex -10.1642 22.7109 27
    endloop
  endfacet
  facet normal 0.635656 0.771973 0
    outer loop
      vertex -10.5844 23.0568 27
      vertex -10.1642 22.7109 0
      vertex -10.5844 23.0568 0
    endloop
  endfacet
  facet normal 0.5961 0.80291 -0
    outer loop
      vertex -10.5844 23.0568 0
      vertex -11.0863 23.4294 27
      vertex -10.5844 23.0568 27
    endloop
  endfacet
  facet normal 0.5961 0.80291 0
    outer loop
      vertex -11.0863 23.4294 27
      vertex -10.5844 23.0568 0
      vertex -11.0863 23.4294 0
    endloop
  endfacet
  facet normal 0.553223 0.833033 -0
    outer loop
      vertex -11.0863 23.4294 0
      vertex -11.6837 23.8262 27
      vertex -11.0863 23.4294 27
    endloop
  endfacet
  facet normal 0.553223 0.833033 0
    outer loop
      vertex -11.6837 23.8262 27
      vertex -11.0863 23.4294 0
      vertex -11.6837 23.8262 0
    endloop
  endfacet
  facet normal 0.506597 0.862183 -0
    outer loop
      vertex -11.6837 23.8262 0
      vertex -12.3933 24.2431 27
      vertex -11.6837 23.8262 27
    endloop
  endfacet
  facet normal 0.506597 0.862183 0
    outer loop
      vertex -12.3933 24.2431 27
      vertex -11.6837 23.8262 0
      vertex -12.3933 24.2431 0
    endloop
  endfacet
  facet normal 0.455906 0.890028 -0
    outer loop
      vertex -12.3933 24.2431 0
      vertex -13.2353 24.6744 27
      vertex -12.3933 24.2431 27
    endloop
  endfacet
  facet normal 0.455906 0.890028 0
    outer loop
      vertex -13.2353 24.6744 27
      vertex -12.3933 24.2431 0
      vertex -13.2353 24.6744 0
    endloop
  endfacet
  facet normal -0.500005 0.866022 0
    outer loop
      vertex -13.2353 24.6744 0
      vertex -14.751 23.7993 27
      vertex -13.2353 24.6744 27
    endloop
  endfacet
  facet normal -0.500005 0.866022 0
    outer loop
      vertex -14.751 23.7993 27
      vertex -13.2353 24.6744 0
      vertex -14.751 23.7993 0
    endloop
  endfacet
  facet normal -0.99874 0.0501884 0
    outer loop
      vertex -14.7985 22.8545 0
      vertex -14.751 23.7993 27
      vertex -14.751 23.7993 0
    endloop
  endfacet
  facet normal -0.99874 0.0501884 0
    outer loop
      vertex -14.751 23.7993 27
      vertex -14.7985 22.8545 0
      vertex -14.7985 22.8545 27
    endloop
  endfacet
  facet normal -0.999971 -0.00763909 0
    outer loop
      vertex -14.7922 22.0315 0
      vertex -14.7985 22.8545 27
      vertex -14.7985 22.8545 0
    endloop
  endfacet
  facet normal -0.999971 -0.00763909 0
    outer loop
      vertex -14.7985 22.8545 27
      vertex -14.7922 22.0315 0
      vertex -14.7922 22.0315 27
    endloop
  endfacet
  facet normal -0.998039 -0.0625957 0
    outer loop
      vertex -14.7473 21.3157 0
      vertex -14.7922 22.0315 27
      vertex -14.7922 22.0315 0
    endloop
  endfacet
  facet normal -0.998039 -0.0625957 0
    outer loop
      vertex -14.7922 22.0315 27
      vertex -14.7473 21.3157 0
      vertex -14.7473 21.3157 27
    endloop
  endfacet
  facet normal -0.993391 -0.114781 0
    outer loop
      vertex -14.6756 20.6948 0
      vertex -14.7473 21.3157 27
      vertex -14.7473 21.3157 0
    endloop
  endfacet
  facet normal -0.993391 -0.114781 0
    outer loop
      vertex -14.7473 21.3157 27
      vertex -14.6756 20.6948 0
      vertex -14.6756 20.6948 27
    endloop
  endfacet
  facet normal -0.986382 -0.164473 0
    outer loop
      vertex -14.5861 20.1579 0
      vertex -14.6756 20.6948 27
      vertex -14.6756 20.6948 0
    endloop
  endfacet
  facet normal -0.986382 -0.164473 0
    outer loop
      vertex -14.6756 20.6948 27
      vertex -14.5861 20.1579 0
      vertex -14.5861 20.1579 27
    endloop
  endfacet
  facet normal -0.977281 -0.211947 0
    outer loop
      vertex -14.4858 19.6958 0
      vertex -14.5861 20.1579 27
      vertex -14.5861 20.1579 0
    endloop
  endfacet
  facet normal -0.977281 -0.211947 0
    outer loop
      vertex -14.5861 20.1579 27
      vertex -14.4858 19.6958 0
      vertex -14.4858 19.6958 27
    endloop
  endfacet
  facet normal -0.966346 -0.257246 0
    outer loop
      vertex -14.3806 19.3003 0
      vertex -14.4858 19.6958 27
      vertex -14.4858 19.6958 0
    endloop
  endfacet
  facet normal -0.966346 -0.257246 0
    outer loop
      vertex -14.4858 19.6958 27
      vertex -14.3806 19.3003 0
      vertex -14.3806 19.3003 27
    endloop
  endfacet
  facet normal -0.953751 -0.300598 0
    outer loop
      vertex -14.2748 18.9646 0
      vertex -14.3806 19.3003 27
      vertex -14.3806 19.3003 0
    endloop
  endfacet
  facet normal -0.953751 -0.300598 0
    outer loop
      vertex -14.3806 19.3003 27
      vertex -14.2748 18.9646 0
      vertex -14.2748 18.9646 27
    endloop
  endfacet
  facet normal -0.939653 -0.342129 0
    outer loop
      vertex -14.1722 18.6828 0
      vertex -14.2748 18.9646 27
      vertex -14.2748 18.9646 0
    endloop
  endfacet
  facet normal -0.939653 -0.342129 0
    outer loop
      vertex -14.2748 18.9646 27
      vertex -14.1722 18.6828 0
      vertex -14.1722 18.6828 27
    endloop
  endfacet
  facet normal -0.924107 -0.382134 0
    outer loop
      vertex -14.0758 18.4498 0
      vertex -14.1722 18.6828 27
      vertex -14.1722 18.6828 0
    endloop
  endfacet
  facet normal -0.924107 -0.382134 0
    outer loop
      vertex -14.1722 18.6828 27
      vertex -14.0758 18.4498 0
      vertex -14.0758 18.4498 27
    endloop
  endfacet
  facet normal -0.907297 -0.42049 0
    outer loop
      vertex -13.9884 18.2611 0
      vertex -14.0758 18.4498 27
      vertex -14.0758 18.4498 0
    endloop
  endfacet
  facet normal -0.907297 -0.42049 0
    outer loop
      vertex -14.0758 18.4498 27
      vertex -13.9884 18.2611 0
      vertex -13.9884 18.2611 27
    endloop
  endfacet
  facet normal -0.889243 -0.457435 0
    outer loop
      vertex -13.9122 18.113 0
      vertex -13.9884 18.2611 27
      vertex -13.9884 18.2611 0
    endloop
  endfacet
  facet normal -0.889243 -0.457435 0
    outer loop
      vertex -13.9884 18.2611 27
      vertex -13.9122 18.113 0
      vertex -13.9122 18.113 27
    endloop
  endfacet
  facet normal -0.869986 -0.493076 0
    outer loop
      vertex -13.8494 18.0022 0
      vertex -13.9122 18.113 27
      vertex -13.9122 18.113 0
    endloop
  endfacet
  facet normal -0.869986 -0.493076 0
    outer loop
      vertex -13.9122 18.113 27
      vertex -13.8494 18.0022 0
      vertex -13.8494 18.0022 27
    endloop
  endfacet
  facet normal -0.849628 -0.527382 0
    outer loop
      vertex -13.802 17.9259 0
      vertex -13.8494 18.0022 27
      vertex -13.8494 18.0022 0
    endloop
  endfacet
  facet normal -0.849628 -0.527382 0
    outer loop
      vertex -13.8494 18.0022 27
      vertex -13.802 17.9259 0
      vertex -13.802 17.9259 27
    endloop
  endfacet
  facet normal -0.82855 -0.559915 0
    outer loop
      vertex -13.772 17.8816 0
      vertex -13.802 17.9259 27
      vertex -13.802 17.9259 0
    endloop
  endfacet
  facet normal -0.82855 -0.559915 0
    outer loop
      vertex -13.802 17.9259 27
      vertex -13.772 17.8816 0
      vertex -13.772 17.8816 27
    endloop
  endfacet
  facet normal -0.79226 -0.610183 0
    outer loop
      vertex -11.7956 15.3153 0
      vertex -13.772 17.8816 27
      vertex -13.772 17.8816 0
    endloop
  endfacet
  facet normal -0.79226 -0.610183 0
    outer loop
      vertex -13.772 17.8816 27
      vertex -11.7956 15.3153 0
      vertex -11.7956 15.3153 27
    endloop
  endfacet
  facet normal -0.632998 0.774153 0
    outer loop
      vertex -11.7956 15.3153 0
      vertex -12.721 14.5587 27
      vertex -11.7956 15.3153 27
    endloop
  endfacet
  facet normal -0.632998 0.774153 0
    outer loop
      vertex -12.721 14.5587 27
      vertex -11.7956 15.3153 0
      vertex -12.721 14.5587 0
    endloop
  endfacet
  facet normal -0.682273 0.731097 0
    outer loop
      vertex -12.721 14.5587 0
      vertex -13.6459 13.6955 27
      vertex -12.721 14.5587 27
    endloop
  endfacet
  facet normal -0.682273 0.731097 0
    outer loop
      vertex -13.6459 13.6955 27
      vertex -12.721 14.5587 0
      vertex -13.6459 13.6955 0
    endloop
  endfacet
  facet normal -0.728619 0.684919 0
    outer loop
      vertex -14.5124 12.7737 0
      vertex -13.6459 13.6955 27
      vertex -13.6459 13.6955 0
    endloop
  endfacet
  facet normal -0.728619 0.684919 0
    outer loop
      vertex -13.6459 13.6955 27
      vertex -14.5124 12.7737 0
      vertex -14.5124 12.7737 27
    endloop
  endfacet
  facet normal -0.771859 0.635793 0
    outer loop
      vertex -15.3168 11.7972 0
      vertex -14.5124 12.7737 27
      vertex -14.5124 12.7737 0
    endloop
  endfacet
  facet normal -0.771859 0.635793 0
    outer loop
      vertex -14.5124 12.7737 27
      vertex -15.3168 11.7972 0
      vertex -15.3168 11.7972 27
    endloop
  endfacet
  facet normal 0.610199 0.792248 -0
    outer loop
      vertex -15.3168 11.7972 0
      vertex -17.8672 13.7616 27
      vertex -15.3168 11.7972 27
    endloop
  endfacet
  facet normal 0.610199 0.792248 0
    outer loop
      vertex -17.8672 13.7616 27
      vertex -15.3168 11.7972 0
      vertex -17.8672 13.7616 0
    endloop
  endfacet
  facet normal 0.567488 0.823382 -0
    outer loop
      vertex -17.8672 13.7616 0
      vertex -17.9259 13.802 27
      vertex -17.8672 13.7616 27
    endloop
  endfacet
  facet normal 0.567488 0.823382 0
    outer loop
      vertex -17.9259 13.802 27
      vertex -17.8672 13.7616 0
      vertex -17.9259 13.802 0
    endloop
  endfacet
  facet normal 0.527424 0.849602 -0
    outer loop
      vertex -17.9259 13.802 0
      vertex -18.0022 13.8494 27
      vertex -17.9259 13.802 27
    endloop
  endfacet
  facet normal 0.527424 0.849602 0
    outer loop
      vertex -18.0022 13.8494 27
      vertex -17.9259 13.802 0
      vertex -18.0022 13.8494 0
    endloop
  endfacet
  facet normal 0.493055 0.869998 -0
    outer loop
      vertex -18.0022 13.8494 0
      vertex -18.113 13.9122 27
      vertex -18.0022 13.8494 27
    endloop
  endfacet
  facet normal 0.493055 0.869998 0
    outer loop
      vertex -18.113 13.9122 27
      vertex -18.0022 13.8494 0
      vertex -18.113 13.9122 0
    endloop
  endfacet
  facet normal 0.457421 0.88925 -0
    outer loop
      vertex -18.113 13.9122 0
      vertex -18.2611 13.9884 27
      vertex -18.113 13.9122 27
    endloop
  endfacet
  facet normal 0.457421 0.88925 0
    outer loop
      vertex -18.2611 13.9884 27
      vertex -18.113 13.9122 0
      vertex -18.2611 13.9884 0
    endloop
  endfacet
  facet normal 0.420498 0.907294 -0
    outer loop
      vertex -18.2611 13.9884 0
      vertex -18.4498 14.0758 27
      vertex -18.2611 13.9884 27
    endloop
  endfacet
  facet normal 0.420498 0.907294 0
    outer loop
      vertex -18.4498 14.0758 27
      vertex -18.2611 13.9884 0
      vertex -18.4498 14.0758 0
    endloop
  endfacet
  facet normal 0.382134 0.924107 -0
    outer loop
      vertex -18.4498 14.0758 0
      vertex -18.6828 14.1722 27
      vertex -18.4498 14.0758 27
    endloop
  endfacet
  facet normal 0.382134 0.924107 0
    outer loop
      vertex -18.6828 14.1722 27
      vertex -18.4498 14.0758 0
      vertex -18.6828 14.1722 0
    endloop
  endfacet
  facet normal 0.342177 0.939635 -0
    outer loop
      vertex -18.6828 14.1722 0
      vertex -18.9646 14.2748 27
      vertex -18.6828 14.1722 27
    endloop
  endfacet
  facet normal 0.342177 0.939635 0
    outer loop
      vertex -18.9646 14.2748 27
      vertex -18.6828 14.1722 0
      vertex -18.9646 14.2748 0
    endloop
  endfacet
  facet normal 0.300581 0.953756 -0
    outer loop
      vertex -18.9646 14.2748 0
      vertex -19.3003 14.3806 27
      vertex -18.9646 14.2748 27
    endloop
  endfacet
  facet normal 0.300581 0.953756 0
    outer loop
      vertex -19.3003 14.3806 27
      vertex -18.9646 14.2748 0
      vertex -19.3003 14.3806 0
    endloop
  endfacet
  facet normal 0.257237 0.966348 -0
    outer loop
      vertex -19.3003 14.3806 0
      vertex -19.6958 14.4858 27
      vertex -19.3003 14.3806 27
    endloop
  endfacet
  facet normal 0.257237 0.966348 0
    outer loop
      vertex -19.6958 14.4858 27
      vertex -19.3003 14.3806 0
      vertex -19.6958 14.4858 0
    endloop
  endfacet
  facet normal 0.211917 0.977288 -0
    outer loop
      vertex -19.6958 14.4858 0
      vertex -20.1579 14.5861 27
      vertex -19.6958 14.4858 27
    endloop
  endfacet
  facet normal 0.211917 0.977288 0
    outer loop
      vertex -20.1579 14.5861 27
      vertex -19.6958 14.4858 0
      vertex -20.1579 14.5861 0
    endloop
  endfacet
  facet normal 0.164517 0.986374 -0
    outer loop
      vertex -20.1579 14.5861 0
      vertex -20.6948 14.6756 27
      vertex -20.1579 14.5861 27
    endloop
  endfacet
  facet normal 0.164517 0.986374 0
    outer loop
      vertex -20.6948 14.6756 27
      vertex -20.1579 14.5861 0
      vertex -20.6948 14.6756 0
    endloop
  endfacet
  facet normal 0.114783 0.993391 -0
    outer loop
      vertex -20.6948 14.6756 0
      vertex -21.3157 14.7474 27
      vertex -20.6948 14.6756 27
    endloop
  endfacet
  facet normal 0.114783 0.993391 0
    outer loop
      vertex -21.3157 14.7474 27
      vertex -20.6948 14.6756 0
      vertex -21.3157 14.7474 0
    endloop
  endfacet
  facet normal 0.062574 0.99804 -0
    outer loop
      vertex -21.3157 14.7474 0
      vertex -22.0315 14.7922 27
      vertex -21.3157 14.7474 27
    endloop
  endfacet
  facet normal 0.062574 0.99804 0
    outer loop
      vertex -22.0315 14.7922 27
      vertex -21.3157 14.7474 0
      vertex -22.0315 14.7922 0
    endloop
  endfacet
  facet normal 0.00763923 0.999971 -0
    outer loop
      vertex -22.0315 14.7922 0
      vertex -22.8545 14.7985 27
      vertex -22.0315 14.7922 27
    endloop
  endfacet
  facet normal 0.00763923 0.999971 0
    outer loop
      vertex -22.8545 14.7985 27
      vertex -22.0315 14.7922 0
      vertex -22.8545 14.7985 0
    endloop
  endfacet
  facet normal -0.0501832 0.99874 0
    outer loop
      vertex -22.8545 14.7985 0
      vertex -23.7993 14.751 27
      vertex -22.8545 14.7985 27
    endloop
  endfacet
  facet normal -0.0501832 0.99874 0
    outer loop
      vertex -23.7993 14.751 27
      vertex -22.8545 14.7985 0
      vertex -23.7993 14.751 0
    endloop
  endfacet
  facet normal -0.866029 0.499995 0
    outer loop
      vertex -24.6744 13.2353 0
      vertex -23.7993 14.751 27
      vertex -23.7993 14.751 0
    endloop
  endfacet
  facet normal -0.866029 0.499995 0
    outer loop
      vertex -23.7993 14.751 27
      vertex -24.6744 13.2353 0
      vertex -24.6744 13.2353 27
    endloop
  endfacet
  facet normal -0.890032 -0.455899 0
    outer loop
      vertex -24.2431 12.3933 0
      vertex -24.6744 13.2353 27
      vertex -24.6744 13.2353 0
    endloop
  endfacet
  facet normal -0.890032 -0.455899 0
    outer loop
      vertex -24.6744 13.2353 27
      vertex -24.2431 12.3933 0
      vertex -24.2431 12.3933 27
    endloop
  endfacet
  facet normal -0.862176 -0.506609 0
    outer loop
      vertex -23.8262 11.6837 0
      vertex -24.2431 12.3933 27
      vertex -24.2431 12.3933 0
    endloop
  endfacet
  facet normal -0.862176 -0.506609 0
    outer loop
      vertex -24.2431 12.3933 27
      vertex -23.8262 11.6837 0
      vertex -23.8262 11.6837 27
    endloop
  endfacet
  facet normal -0.833027 -0.553233 0
    outer loop
      vertex -23.4294 11.0863 0
      vertex -23.8262 11.6837 27
      vertex -23.8262 11.6837 0
    endloop
  endfacet
  facet normal -0.833027 -0.553233 0
    outer loop
      vertex -23.8262 11.6837 27
      vertex -23.4294 11.0863 0
      vertex -23.4294 11.0863 27
    endloop
  endfacet
  facet normal -0.802913 -0.596097 0
    outer loop
      vertex -23.0568 10.5844 0
      vertex -23.4294 11.0863 27
      vertex -23.4294 11.0863 0
    endloop
  endfacet
  facet normal -0.802913 -0.596097 0
    outer loop
      vertex -23.4294 11.0863 27
      vertex -23.0568 10.5844 0
      vertex -23.0568 10.5844 27
    endloop
  endfacet
  facet normal -0.772003 -0.635619 0
    outer loop
      vertex -22.7109 10.1642 0
      vertex -23.0568 10.5844 27
      vertex -23.0568 10.5844 0
    endloop
  endfacet
  facet normal -0.772003 -0.635619 0
    outer loop
      vertex -23.0568 10.5844 27
      vertex -22.7109 10.1642 0
      vertex -22.7109 10.1642 27
    endloop
  endfacet
  facet normal -0.740366 -0.672204 0
    outer loop
      vertex -22.393 9.81411 0
      vertex -22.7109 10.1642 27
      vertex -22.7109 10.1642 0
    endloop
  endfacet
  facet normal -0.740366 -0.672204 0
    outer loop
      vertex -22.7109 10.1642 27
      vertex -22.393 9.81411 0
      vertex -22.393 9.81411 27
    endloop
  endfacet
  facet normal -0.708271 -0.705941 0
    outer loop
      vertex -22.1041 9.52427 0
      vertex -22.393 9.81411 27
      vertex -22.393 9.81411 0
    endloop
  endfacet
  facet normal -0.708271 -0.705941 0
    outer loop
      vertex -22.393 9.81411 27
      vertex -22.1041 9.52427 0
      vertex -22.1041 9.52427 27
    endloop
  endfacet
  facet normal -0.675667 -0.737207 0
    outer loop
      vertex -22.1041 9.52427 0
      vertex -21.8446 9.28647 27
      vertex -22.1041 9.52427 27
    endloop
  endfacet
  facet normal -0.675667 -0.737207 -0
    outer loop
      vertex -21.8446 9.28647 27
      vertex -22.1041 9.52427 0
      vertex -21.8446 9.28647 0
    endloop
  endfacet
  facet normal -0.642682 -0.766133 0
    outer loop
      vertex -21.8446 9.28647 0
      vertex -21.6149 9.09373 27
      vertex -21.8446 9.28647 27
    endloop
  endfacet
  facet normal -0.642682 -0.766133 -0
    outer loop
      vertex -21.6149 9.09373 27
      vertex -21.8446 9.28647 0
      vertex -21.6149 9.09373 0
    endloop
  endfacet
  facet normal -0.609281 -0.792955 0
    outer loop
      vertex -21.6149 9.09373 0
      vertex -21.4149 8.9401 27
      vertex -21.6149 9.09373 27
    endloop
  endfacet
  facet normal -0.609281 -0.792955 -0
    outer loop
      vertex -21.4149 8.9401 27
      vertex -21.6149 9.09373 0
      vertex -21.4149 8.9401 0
    endloop
  endfacet
  facet normal -0.575455 -0.817833 0
    outer loop
      vertex -21.4149 8.9401 0
      vertex -21.2448 8.82043 27
      vertex -21.4149 8.9401 27
    endloop
  endfacet
  facet normal -0.575455 -0.817833 -0
    outer loop
      vertex -21.2448 8.82043 27
      vertex -21.4149 8.9401 0
      vertex -21.2448 8.82043 0
    endloop
  endfacet
  facet normal -0.541436 -0.840742 0
    outer loop
      vertex -21.2448 8.82043 0
      vertex -21.1048 8.73024 27
      vertex -21.2448 8.82043 27
    endloop
  endfacet
  facet normal -0.541436 -0.840742 -0
    outer loop
      vertex -21.1048 8.73024 27
      vertex -21.2448 8.82043 0
      vertex -21.1048 8.73024 0
    endloop
  endfacet
  facet normal -0.506872 -0.862021 0
    outer loop
      vertex -21.1048 8.73024 0
      vertex -20.995 8.66567 27
      vertex -21.1048 8.73024 27
    endloop
  endfacet
  facet normal -0.506872 -0.862021 -0
    outer loop
      vertex -20.995 8.66567 27
      vertex -21.1048 8.73024 0
      vertex -20.995 8.66567 0
    endloop
  endfacet
  facet normal -0.472022 -0.881587 0
    outer loop
      vertex -20.995 8.66567 0
      vertex -20.9158 8.62326 27
      vertex -20.995 8.66567 27
    endloop
  endfacet
  facet normal -0.472022 -0.881587 -0
    outer loop
      vertex -20.9158 8.62326 27
      vertex -20.995 8.66567 0
      vertex -20.9158 8.62326 0
    endloop
  endfacet
  facet normal -0.437683 -0.899129 0
    outer loop
      vertex -20.9158 8.62326 0
      vertex -20.8677 8.59987 27
      vertex -20.9158 8.62326 27
    endloop
  endfacet
  facet normal -0.437683 -0.899129 -0
    outer loop
      vertex -20.8677 8.59987 27
      vertex -20.9158 8.62326 0
      vertex -20.8677 8.59987 0
    endloop
  endfacet
  facet normal -0.381025 -0.924565 0
    outer loop
      vertex -20.8677 8.59987 0
      vertex -17.8729 7.36567 27
      vertex -20.8677 8.59987 27
    endloop
  endfacet
  facet normal -0.381025 -0.924565 -0
    outer loop
      vertex -17.8729 7.36567 27
      vertex -20.8677 8.59987 0
      vertex -17.8729 7.36567 0
    endloop
  endfacet
  facet normal -0.935269 0.353937 0
    outer loop
      vertex -18.296 6.2477 0
      vertex -17.8729 7.36567 27
      vertex -17.8729 7.36567 0
    endloop
  endfacet
  facet normal -0.935269 0.353937 0
    outer loop
      vertex -17.8729 7.36567 27
      vertex -18.296 6.2477 0
      vertex -18.296 6.2477 27
    endloop
  endfacet
  facet normal -0.956412 0.292022 0
    outer loop
      vertex -18.6654 5.0377 0
      vertex -18.296 6.2477 27
      vertex -18.296 6.2477 0
    endloop
  endfacet
  facet normal -0.956412 0.292022 0
    outer loop
      vertex -18.296 6.2477 27
      vertex -18.6654 5.0377 0
      vertex -18.6654 5.0377 27
    endloop
  endfacet
  facet normal -0.973463 0.228844 0
    outer loop
      vertex -18.955 3.80613 0
      vertex -18.6654 5.0377 27
      vertex -18.6654 5.0377 0
    endloop
  endfacet
  facet normal -0.973463 0.228844 0
    outer loop
      vertex -18.6654 5.0377 27
      vertex -18.955 3.80613 0
      vertex -18.955 3.80613 27
    endloop
  endfacet
  facet normal -0.986346 0.164688 0
    outer loop
      vertex -19.1633 2.55828 0
      vertex -18.955 3.80613 27
      vertex -18.955 3.80613 0
    endloop
  endfacet
  facet normal -0.986346 0.164688 0
    outer loop
      vertex -18.955 3.80613 27
      vertex -19.1633 2.55828 0
      vertex -19.1633 2.55828 27
    endloop
  endfacet
  facet normal 0.132325 0.991206 -0
    outer loop
      vertex -19.1633 2.55828 0
      vertex -22.3543 2.98427 27
      vertex -19.1633 2.55828 27
    endloop
  endfacet
  facet normal 0.132325 0.991206 0
    outer loop
      vertex -22.3543 2.98427 27
      vertex -19.1633 2.55828 0
      vertex -22.3543 2.98427 0
    endloop
  endfacet
  facet normal 0.0798831 0.996804 -0
    outer loop
      vertex -22.3543 2.98427 0
      vertex -22.4253 2.98996 27
      vertex -22.3543 2.98427 27
    endloop
  endfacet
  facet normal 0.0798831 0.996804 0
    outer loop
      vertex -22.4253 2.98996 27
      vertex -22.3543 2.98427 0
      vertex -22.4253 2.98996 0
    endloop
  endfacet
  facet normal 0.031983 0.999488 -0
    outer loop
      vertex -22.4253 2.98996 0
      vertex -22.5151 2.99283 27
      vertex -22.4253 2.98996 27
    endloop
  endfacet
  facet normal 0.031983 0.999488 0
    outer loop
      vertex -22.5151 2.99283 27
      vertex -22.4253 2.98996 0
      vertex -22.5151 2.99283 0
    endloop
  endfacet
  facet normal -0.00802634 0.999968 0
    outer loop
      vertex -22.5151 2.99283 0
      vertex -22.6424 2.99181 27
      vertex -22.5151 2.99283 27
    endloop
  endfacet
  facet normal -0.00802634 0.999968 0
    outer loop
      vertex -22.6424 2.99181 27
      vertex -22.5151 2.99283 0
      vertex -22.6424 2.99181 0
    endloop
  endfacet
  facet normal -0.0484407 0.998826 0
    outer loop
      vertex -22.6424 2.99181 0
      vertex -22.8088 2.98374 27
      vertex -22.6424 2.99181 27
    endloop
  endfacet
  facet normal -0.0484407 0.998826 0
    outer loop
      vertex -22.8088 2.98374 27
      vertex -22.6424 2.99181 0
      vertex -22.8088 2.98374 0
    endloop
  endfacet
  facet normal -0.0894867 0.995988 0
    outer loop
      vertex -22.8088 2.98374 0
      vertex -23.0159 2.96513 27
      vertex -22.8088 2.98374 27
    endloop
  endfacet
  facet normal -0.0894867 0.995988 0
    outer loop
      vertex -23.0159 2.96513 27
      vertex -22.8088 2.98374 0
      vertex -23.0159 2.96513 0
    endloop
  endfacet
  facet normal -0.131127 0.991366 0
    outer loop
      vertex -23.0159 2.96513 0
      vertex -23.2659 2.93206 27
      vertex -23.0159 2.96513 27
    endloop
  endfacet
  facet normal -0.131127 0.991366 0
    outer loop
      vertex -23.2659 2.93206 27
      vertex -23.0159 2.96513 0
      vertex -23.2659 2.93206 0
    endloop
  endfacet
  facet normal -0.173496 0.984835 0
    outer loop
      vertex -23.2659 2.93206 0
      vertex -23.5613 2.88003 27
      vertex -23.2659 2.93206 27
    endloop
  endfacet
  facet normal -0.173496 0.984835 0
    outer loop
      vertex -23.5613 2.88003 27
      vertex -23.2659 2.93206 0
      vertex -23.5613 2.88003 0
    endloop
  endfacet
  facet normal -0.216583 0.976264 0
    outer loop
      vertex -23.5613 2.88003 0
      vertex -23.9048 2.80381 27
      vertex -23.5613 2.88003 27
    endloop
  endfacet
  facet normal -0.216583 0.976264 0
    outer loop
      vertex -23.9048 2.80381 27
      vertex -23.5613 2.88003 0
      vertex -23.9048 2.80381 0
    endloop
  endfacet
  facet normal -0.260398 0.965501 0
    outer loop
      vertex -23.9048 2.80381 0
      vertex -24.3 2.69725 27
      vertex -23.9048 2.80381 27
    endloop
  endfacet
  facet normal -0.260398 0.965501 0
    outer loop
      vertex -24.3 2.69725 27
      vertex -23.9048 2.80381 0
      vertex -24.3 2.69725 0
    endloop
  endfacet
  facet normal -0.305107 0.952318 0
    outer loop
      vertex -24.3 2.69725 0
      vertex -24.7503 2.55296 27
      vertex -24.3 2.69725 27
    endloop
  endfacet
  facet normal -0.305107 0.952318 0
    outer loop
      vertex -24.7503 2.55296 27
      vertex -24.3 2.69725 0
      vertex -24.7503 2.55296 0
    endloop
  endfacet
  facet normal -0.350723 0.936479 0
    outer loop
      vertex -24.7503 2.55296 0
      vertex -25.26 2.36207 27
      vertex -24.7503 2.55296 27
    endloop
  endfacet
  facet normal -0.350723 0.936479 0
    outer loop
      vertex -25.26 2.36207 27
      vertex -24.7503 2.55296 0
      vertex -25.26 2.36207 0
    endloop
  endfacet
  facet normal -0.397289 0.917694 0
    outer loop
      vertex -25.26 2.36207 0
      vertex -25.8336 2.11374 27
      vertex -25.26 2.36207 27
    endloop
  endfacet
  facet normal -0.397289 0.917694 0
    outer loop
      vertex -25.8336 2.11374 27
      vertex -25.26 2.36207 0
      vertex -25.8336 2.11374 0
    endloop
  endfacet
  facet normal -0.444828 0.895616 0
    outer loop
      vertex -25.8336 2.11374 0
      vertex -26.4759 1.79473 27
      vertex -25.8336 2.11374 27
    endloop
  endfacet
  facet normal -0.444828 0.895616 0
    outer loop
      vertex -26.4759 1.79473 27
      vertex -25.8336 2.11374 0
      vertex -26.4759 1.79473 0
    endloop
  endfacet
  facet normal -0.493363 0.869823 0
    outer loop
      vertex -26.4759 1.79473 0
      vertex -27.1918 1.38866 27
      vertex -26.4759 1.79473 27
    endloop
  endfacet
  facet normal -0.493363 0.869823 0
    outer loop
      vertex -27.1918 1.38866 27
      vertex -26.4759 1.79473 0
      vertex -27.1918 1.38866 0
    endloop
  endfacet
  facet normal -0.542837 0.839838 0
    outer loop
      vertex -27.1918 1.38866 0
      vertex -27.9863 0.87515 27
      vertex -27.1918 1.38866 27
    endloop
  endfacet
  facet normal -0.542837 0.839838 0
    outer loop
      vertex -27.9863 0.87515 27
      vertex -27.1918 1.38866 0
      vertex -27.9863 0.87515 0
    endloop
  endfacet
  facet normal -1 -4.35898e-06 0
    outer loop
      vertex -27.9863 -0.87512 0
      vertex -27.9863 0.87515 27
      vertex -27.9863 0.87515 0
    endloop
  endfacet
  facet normal -1 -4.35898e-06 0
    outer loop
      vertex -27.9863 0.87515 27
      vertex -27.9863 -0.87512 0
      vertex -27.9863 -0.87512 27
    endloop
  endfacet
  facet normal -0.542829 -0.839843 0
    outer loop
      vertex -27.9863 -0.87512 0
      vertex -27.1918 -1.38862 27
      vertex -27.9863 -0.87512 27
    endloop
  endfacet
  facet normal -0.542829 -0.839843 -0
    outer loop
      vertex -27.1918 -1.38862 27
      vertex -27.9863 -0.87512 0
      vertex -27.1918 -1.38862 0
    endloop
  endfacet
  facet normal -0.493364 -0.869823 0
    outer loop
      vertex -27.1918 -1.38862 0
      vertex -26.4759 -1.79469 27
      vertex -27.1918 -1.38862 27
    endloop
  endfacet
  facet normal -0.493364 -0.869823 -0
    outer loop
      vertex -26.4759 -1.79469 27
      vertex -27.1918 -1.38862 0
      vertex -26.4759 -1.79469 0
    endloop
  endfacet
  facet normal -0.444818 -0.895621 0
    outer loop
      vertex -26.4759 -1.79469 0
      vertex -25.8336 -2.11369 27
      vertex -26.4759 -1.79469 27
    endloop
  endfacet
  facet normal -0.444818 -0.895621 -0
    outer loop
      vertex -25.8336 -2.11369 27
      vertex -26.4759 -1.79469 0
      vertex -25.8336 -2.11369 0
    endloop
  endfacet
  facet normal -0.397297 -0.91769 0
    outer loop
      vertex -25.8336 -2.11369 0
      vertex -25.26 -2.36202 27
      vertex -25.8336 -2.11369 27
    endloop
  endfacet
  facet normal -0.397297 -0.91769 -0
    outer loop
      vertex -25.26 -2.36202 27
      vertex -25.8336 -2.11369 0
      vertex -25.26 -2.36202 0
    endloop
  endfacet
  facet normal -0.35074 -0.936473 0
    outer loop
      vertex -25.26 -2.36202 0
      vertex -24.7503 -2.55292 27
      vertex -25.26 -2.36202 27
    endloop
  endfacet
  facet normal -0.35074 -0.936473 -0
    outer loop
      vertex -24.7503 -2.55292 27
      vertex -25.26 -2.36202 0
      vertex -24.7503 -2.55292 0
    endloop
  endfacet
  facet normal -0.3051 -0.95232 0
    outer loop
      vertex -24.7503 -2.55292 0
      vertex -24.3 -2.69721 27
      vertex -24.7503 -2.55292 27
    endloop
  endfacet
  facet normal -0.3051 -0.95232 -0
    outer loop
      vertex -24.3 -2.69721 27
      vertex -24.7503 -2.55292 0
      vertex -24.3 -2.69721 0
    endloop
  endfacet
  facet normal -0.2604 -0.965501 0
    outer loop
      vertex -24.3 -2.69721 0
      vertex -23.9048 -2.80377 27
      vertex -24.3 -2.69721 27
    endloop
  endfacet
  facet normal -0.2604 -0.965501 -0
    outer loop
      vertex -23.9048 -2.80377 27
      vertex -24.3 -2.69721 0
      vertex -23.9048 -2.80377 0
    endloop
  endfacet
  facet normal -0.216545 -0.976273 0
    outer loop
      vertex -23.9048 -2.80377 0
      vertex -23.5613 -2.87998 27
      vertex -23.9048 -2.80377 27
    endloop
  endfacet
  facet normal -0.216545 -0.976273 -0
    outer loop
      vertex -23.5613 -2.87998 27
      vertex -23.9048 -2.80377 0
      vertex -23.5613 -2.87998 0
    endloop
  endfacet
  facet normal -0.173514 -0.984831 0
    outer loop
      vertex -23.5613 -2.87998 0
      vertex -23.2659 -2.93202 27
      vertex -23.5613 -2.87998 27
    endloop
  endfacet
  facet normal -0.173514 -0.984831 -0
    outer loop
      vertex -23.2659 -2.93202 27
      vertex -23.5613 -2.87998 0
      vertex -23.2659 -2.93202 0
    endloop
  endfacet
  facet normal -0.131126 -0.991366 0
    outer loop
      vertex -23.2659 -2.93202 0
      vertex -23.0159 -2.96508 27
      vertex -23.2659 -2.93202 27
    endloop
  endfacet
  facet normal -0.131126 -0.991366 -0
    outer loop
      vertex -23.0159 -2.96508 27
      vertex -23.2659 -2.93202 0
      vertex -23.0159 -2.96508 0
    endloop
  endfacet
  facet normal -0.0895086 -0.995986 0
    outer loop
      vertex -23.0159 -2.96508 0
      vertex -22.8088 -2.9837 27
      vertex -23.0159 -2.96508 27
    endloop
  endfacet
  facet normal -0.0895086 -0.995986 -0
    outer loop
      vertex -22.8088 -2.9837 27
      vertex -23.0159 -2.96508 0
      vertex -22.8088 -2.9837 0
    endloop
  endfacet
  facet normal -0.0485093 -0.998823 0
    outer loop
      vertex -22.8088 -2.9837 0
      vertex -22.6424 -2.99178 27
      vertex -22.8088 -2.9837 27
    endloop
  endfacet
  facet normal -0.0485093 -0.998823 -0
    outer loop
      vertex -22.6424 -2.99178 27
      vertex -22.8088 -2.9837 0
      vertex -22.6424 -2.99178 0
    endloop
  endfacet
  facet normal -0.00792128 -0.999969 0
    outer loop
      vertex -22.6424 -2.99178 0
      vertex -22.515 -2.99279 27
      vertex -22.6424 -2.99178 27
    endloop
  endfacet
  facet normal -0.00792128 -0.999969 -0
    outer loop
      vertex -22.515 -2.99279 27
      vertex -22.6424 -2.99178 0
      vertex -22.515 -2.99279 0
    endloop
  endfacet
  facet normal 0.0319201 -0.99949 0
    outer loop
      vertex -22.515 -2.99279 0
      vertex -22.4253 -2.98992 27
      vertex -22.515 -2.99279 27
    endloop
  endfacet
  facet normal 0.0319201 -0.99949 0
    outer loop
      vertex -22.4253 -2.98992 27
      vertex -22.515 -2.99279 0
      vertex -22.4253 -2.98992 0
    endloop
  endfacet
  facet normal 0.0707196 -0.997496 0
    outer loop
      vertex -22.4253 -2.98992 0
      vertex -22.3719 -2.98614 27
      vertex -22.4253 -2.98992 27
    endloop
  endfacet
  facet normal 0.0707196 -0.997496 0
    outer loop
      vertex -22.3719 -2.98614 27
      vertex -22.4253 -2.98992 0
      vertex -22.3719 -2.98614 0
    endloop
  endfacet
  facet normal 0.132304 -0.991209 0
    outer loop
      vertex -22.3719 -2.98614 0
      vertex -19.1612 -2.55758 27
      vertex -22.3719 -2.98614 27
    endloop
  endfacet
  facet normal 0.132304 -0.991209 0
    outer loop
      vertex -19.1612 -2.55758 27
      vertex -22.3719 -2.98614 0
      vertex -19.1612 -2.55758 0
    endloop
  endfacet
  facet normal -0.986937 -0.161108 0
    outer loop
      vertex -18.9687 -3.73733 0
      vertex -19.1612 -2.55758 27
      vertex -19.1612 -2.55758 0
    endloop
  endfacet
  facet normal -0.986937 -0.161108 0
    outer loop
      vertex -19.1612 -2.55758 27
      vertex -18.9687 -3.73733 0
      vertex -18.9687 -3.73733 27
    endloop
  endfacet
  facet normal -0.974287 -0.225312 0
    outer loop
      vertex -18.6836 -4.96994 0
      vertex -18.9687 -3.73733 27
      vertex -18.9687 -3.73733 0
    endloop
  endfacet
  facet normal -0.974287 -0.225312 0
    outer loop
      vertex -18.9687 -3.73733 27
      vertex -18.6836 -4.96994 0
      vertex -18.6836 -4.96994 27
    endloop
  endfacet
  facet normal -0.957466 -0.288546 0
    outer loop
      vertex -18.3186 -6.18126 0
      vertex -18.6836 -4.96994 27
      vertex -18.6836 -4.96994 0
    endloop
  endfacet
  facet normal -0.957466 -0.288546 0
    outer loop
      vertex -18.6836 -4.96994 27
      vertex -18.3186 -6.18126 0
      vertex -18.3186 -6.18126 27
    endloop
  endfacet
  facet normal -0.936542 -0.350555 0
    outer loop
      vertex -17.8751 -7.36612 0
      vertex -18.3186 -6.18126 27
      vertex -18.3186 -6.18126 0
    endloop
  endfacet
  facet normal -0.936542 -0.350555 0
    outer loop
      vertex -18.3186 -6.18126 27
      vertex -17.8751 -7.36612 0
      vertex -17.8751 -7.36612 27
    endloop
  endfacet
  facet normal -0.381009 0.924571 0
    outer loop
      vertex -17.8751 -7.36612 0
      vertex -20.8515 -8.59269 27
      vertex -17.8751 -7.36612 27
    endloop
  endfacet
  facet normal -0.381009 0.924571 0
    outer loop
      vertex -20.8515 -8.59269 27
      vertex -17.8751 -7.36612 0
      vertex -20.8515 -8.59269 0
    endloop
  endfacet
  facet normal -0.429377 0.903125 0
    outer loop
      vertex -20.8515 -8.59269 0
      vertex -20.9158 -8.62326 27
      vertex -20.8515 -8.59269 27
    endloop
  endfacet
  facet normal -0.429377 0.903125 0
    outer loop
      vertex -20.9158 -8.62326 27
      vertex -20.8515 -8.59269 0
      vertex -20.9158 -8.62326 0
    endloop
  endfacet
  facet normal -0.472089 0.881551 0
    outer loop
      vertex -20.9158 -8.62326 0
      vertex -20.995 -8.66567 27
      vertex -20.9158 -8.62326 27
    endloop
  endfacet
  facet normal -0.472089 0.881551 0
    outer loop
      vertex -20.995 -8.66567 27
      vertex -20.9158 -8.62326 0
      vertex -20.995 -8.66567 0
    endloop
  endfacet
  facet normal -0.506842 0.862039 0
    outer loop
      vertex -20.995 -8.66567 0
      vertex -21.1048 -8.73023 27
      vertex -20.995 -8.66567 27
    endloop
  endfacet
  facet normal -0.506842 0.862039 0
    outer loop
      vertex -21.1048 -8.73023 27
      vertex -20.995 -8.66567 0
      vertex -21.1048 -8.73023 0
    endloop
  endfacet
  facet normal -0.541388 0.840773 0
    outer loop
      vertex -21.1048 -8.73023 0
      vertex -21.2449 -8.82042 27
      vertex -21.1048 -8.73023 27
    endloop
  endfacet
  facet normal -0.541388 0.840773 0
    outer loop
      vertex -21.2449 -8.82042 27
      vertex -21.1048 -8.73023 0
      vertex -21.2449 -8.82042 0
    endloop
  endfacet
  facet normal -0.575518 0.817789 0
    outer loop
      vertex -21.2449 -8.82042 0
      vertex -21.4149 -8.94009 27
      vertex -21.2449 -8.82042 27
    endloop
  endfacet
  facet normal -0.575518 0.817789 0
    outer loop
      vertex -21.4149 -8.94009 27
      vertex -21.2449 -8.82042 0
      vertex -21.4149 -8.94009 0
    endloop
  endfacet
  facet normal -0.609225 0.792998 0
    outer loop
      vertex -21.4149 -8.94009 0
      vertex -21.6149 -9.09373 27
      vertex -21.4149 -8.94009 27
    endloop
  endfacet
  facet normal -0.609225 0.792998 0
    outer loop
      vertex -21.6149 -9.09373 27
      vertex -21.4149 -8.94009 0
      vertex -21.6149 -9.09373 0
    endloop
  endfacet
  facet normal -0.642685 0.76613 0
    outer loop
      vertex -21.6149 -9.09373 0
      vertex -21.8446 -9.28645 27
      vertex -21.6149 -9.09373 27
    endloop
  endfacet
  facet normal -0.642685 0.76613 0
    outer loop
      vertex -21.8446 -9.28645 27
      vertex -21.6149 -9.09373 0
      vertex -21.8446 -9.28645 0
    endloop
  endfacet
  facet normal -0.675684 0.737191 0
    outer loop
      vertex -21.8446 -9.28645 0
      vertex -22.1041 -9.52425 27
      vertex -21.8446 -9.28645 27
    endloop
  endfacet
  facet normal -0.675684 0.737191 0
    outer loop
      vertex -22.1041 -9.52425 27
      vertex -21.8446 -9.28645 0
      vertex -22.1041 -9.52425 0
    endloop
  endfacet
  facet normal -0.708255 0.705957 0
    outer loop
      vertex -22.393 -9.8141 0
      vertex -22.1041 -9.52425 27
      vertex -22.1041 -9.52425 0
    endloop
  endfacet
  facet normal -0.708255 0.705957 0
    outer loop
      vertex -22.1041 -9.52425 27
      vertex -22.393 -9.8141 0
      vertex -22.393 -9.8141 27
    endloop
  endfacet
  facet normal -0.740401 0.672165 0
    outer loop
      vertex -22.7109 -10.1642 0
      vertex -22.393 -9.8141 27
      vertex -22.393 -9.8141 0
    endloop
  endfacet
  facet normal -0.740401 0.672165 0
    outer loop
      vertex -22.393 -9.8141 27
      vertex -22.7109 -10.1642 0
      vertex -22.7109 -10.1642 27
    endloop
  endfacet
  facet normal -0.771973 0.635656 0
    outer loop
      vertex -23.0568 -10.5844 0
      vertex -22.7109 -10.1642 27
      vertex -22.7109 -10.1642 0
    endloop
  endfacet
  facet normal -0.771973 0.635656 0
    outer loop
      vertex -22.7109 -10.1642 27
      vertex -23.0568 -10.5844 0
      vertex -23.0568 -10.5844 27
    endloop
  endfacet
  facet normal -0.80291 0.5961 0
    outer loop
      vertex -23.4294 -11.0863 0
      vertex -23.0568 -10.5844 27
      vertex -23.0568 -10.5844 0
    endloop
  endfacet
  facet normal -0.80291 0.5961 0
    outer loop
      vertex -23.0568 -10.5844 27
      vertex -23.4294 -11.0863 0
      vertex -23.4294 -11.0863 27
    endloop
  endfacet
  facet normal -0.833033 0.553223 0
    outer loop
      vertex -23.8262 -11.6837 0
      vertex -23.4294 -11.0863 27
      vertex -23.4294 -11.0863 0
    endloop
  endfacet
  facet normal -0.833033 0.553223 0
    outer loop
      vertex -23.4294 -11.0863 27
      vertex -23.8262 -11.6837 0
      vertex -23.8262 -11.6837 27
    endloop
  endfacet
  facet normal -0.862183 0.506597 0
    outer loop
      vertex -24.2431 -12.3933 0
      vertex -23.8262 -11.6837 27
      vertex -23.8262 -11.6837 0
    endloop
  endfacet
  facet normal -0.862183 0.506597 0
    outer loop
      vertex -23.8262 -11.6837 27
      vertex -24.2431 -12.3933 0
      vertex -24.2431 -12.3933 27
    endloop
  endfacet
  facet normal -0.890028 0.455906 0
    outer loop
      vertex -24.6744 -13.2353 0
      vertex -24.2431 -12.3933 27
      vertex -24.2431 -12.3933 0
    endloop
  endfacet
  facet normal -0.890028 0.455906 0
    outer loop
      vertex -24.2431 -12.3933 27
      vertex -24.6744 -13.2353 0
      vertex -24.6744 -13.2353 27
    endloop
  endfacet
  facet normal -0.866022 -0.500005 0
    outer loop
      vertex -23.7993 -14.751 0
      vertex -24.6744 -13.2353 27
      vertex -24.6744 -13.2353 0
    endloop
  endfacet
  facet normal -0.866022 -0.500005 0
    outer loop
      vertex -24.6744 -13.2353 27
      vertex -23.7993 -14.751 0
      vertex -23.7993 -14.751 27
    endloop
  endfacet
  facet normal -0.0501884 -0.99874 0
    outer loop
      vertex -23.7993 -14.751 0
      vertex -22.8545 -14.7985 27
      vertex -23.7993 -14.751 27
    endloop
  endfacet
  facet normal -0.0501884 -0.99874 -0
    outer loop
      vertex -22.8545 -14.7985 27
      vertex -23.7993 -14.751 0
      vertex -22.8545 -14.7985 0
    endloop
  endfacet
  facet normal 0.00763909 -0.999971 0
    outer loop
      vertex -22.8545 -14.7985 0
      vertex -22.0315 -14.7922 27
      vertex -22.8545 -14.7985 27
    endloop
  endfacet
  facet normal 0.00763909 -0.999971 0
    outer loop
      vertex -22.0315 -14.7922 27
      vertex -22.8545 -14.7985 0
      vertex -22.0315 -14.7922 0
    endloop
  endfacet
  facet normal 0.0625957 -0.998039 0
    outer loop
      vertex -22.0315 -14.7922 0
      vertex -21.3157 -14.7473 27
      vertex -22.0315 -14.7922 27
    endloop
  endfacet
  facet normal 0.0625957 -0.998039 0
    outer loop
      vertex -21.3157 -14.7473 27
      vertex -22.0315 -14.7922 0
      vertex -21.3157 -14.7473 0
    endloop
  endfacet
  facet normal 0.114781 -0.993391 0
    outer loop
      vertex -21.3157 -14.7473 0
      vertex -20.6948 -14.6756 27
      vertex -21.3157 -14.7473 27
    endloop
  endfacet
  facet normal 0.114781 -0.993391 0
    outer loop
      vertex -20.6948 -14.6756 27
      vertex -21.3157 -14.7473 0
      vertex -20.6948 -14.6756 0
    endloop
  endfacet
  facet normal 0.164473 -0.986382 0
    outer loop
      vertex -20.6948 -14.6756 0
      vertex -20.1579 -14.5861 27
      vertex -20.6948 -14.6756 27
    endloop
  endfacet
  facet normal 0.164473 -0.986382 0
    outer loop
      vertex -20.1579 -14.5861 27
      vertex -20.6948 -14.6756 0
      vertex -20.1579 -14.5861 0
    endloop
  endfacet
  facet normal 0.211947 -0.977281 0
    outer loop
      vertex -20.1579 -14.5861 0
      vertex -19.6958 -14.4858 27
      vertex -20.1579 -14.5861 27
    endloop
  endfacet
  facet normal 0.211947 -0.977281 0
    outer loop
      vertex -19.6958 -14.4858 27
      vertex -20.1579 -14.5861 0
      vertex -19.6958 -14.4858 0
    endloop
  endfacet
  facet normal 0.257246 -0.966346 0
    outer loop
      vertex -19.6958 -14.4858 0
      vertex -19.3003 -14.3806 27
      vertex -19.6958 -14.4858 27
    endloop
  endfacet
  facet normal 0.257246 -0.966346 0
    outer loop
      vertex -19.3003 -14.3806 27
      vertex -19.6958 -14.4858 0
      vertex -19.3003 -14.3806 0
    endloop
  endfacet
  facet normal 0.300598 -0.953751 0
    outer loop
      vertex -19.3003 -14.3806 0
      vertex -18.9646 -14.2748 27
      vertex -19.3003 -14.3806 27
    endloop
  endfacet
  facet normal 0.300598 -0.953751 0
    outer loop
      vertex -18.9646 -14.2748 27
      vertex -19.3003 -14.3806 0
      vertex -18.9646 -14.2748 0
    endloop
  endfacet
  facet normal 0.342129 -0.939653 0
    outer loop
      vertex -18.9646 -14.2748 0
      vertex -18.6828 -14.1722 27
      vertex -18.9646 -14.2748 27
    endloop
  endfacet
  facet normal 0.342129 -0.939653 0
    outer loop
      vertex -18.6828 -14.1722 27
      vertex -18.9646 -14.2748 0
      vertex -18.6828 -14.1722 0
    endloop
  endfacet
  facet normal 0.382134 -0.924107 0
    outer loop
      vertex -18.6828 -14.1722 0
      vertex -18.4498 -14.0758 27
      vertex -18.6828 -14.1722 27
    endloop
  endfacet
  facet normal 0.382134 -0.924107 0
    outer loop
      vertex -18.4498 -14.0758 27
      vertex -18.6828 -14.1722 0
      vertex -18.4498 -14.0758 0
    endloop
  endfacet
  facet normal 0.42049 -0.907297 0
    outer loop
      vertex -18.4498 -14.0758 0
      vertex -18.2611 -13.9884 27
      vertex -18.4498 -14.0758 27
    endloop
  endfacet
  facet normal 0.42049 -0.907297 0
    outer loop
      vertex -18.2611 -13.9884 27
      vertex -18.4498 -14.0758 0
      vertex -18.2611 -13.9884 0
    endloop
  endfacet
  facet normal 0.457435 -0.889243 0
    outer loop
      vertex -18.2611 -13.9884 0
      vertex -18.113 -13.9122 27
      vertex -18.2611 -13.9884 27
    endloop
  endfacet
  facet normal 0.457435 -0.889243 0
    outer loop
      vertex -18.113 -13.9122 27
      vertex -18.2611 -13.9884 0
      vertex -18.113 -13.9122 0
    endloop
  endfacet
  facet normal 0.493076 -0.869986 0
    outer loop
      vertex -18.113 -13.9122 0
      vertex -18.0022 -13.8494 27
      vertex -18.113 -13.9122 27
    endloop
  endfacet
  facet normal 0.493076 -0.869986 0
    outer loop
      vertex -18.0022 -13.8494 27
      vertex -18.113 -13.9122 0
      vertex -18.0022 -13.8494 0
    endloop
  endfacet
  facet normal 0.527382 -0.849628 0
    outer loop
      vertex -18.0022 -13.8494 0
      vertex -17.9259 -13.802 27
      vertex -18.0022 -13.8494 27
    endloop
  endfacet
  facet normal 0.527382 -0.849628 0
    outer loop
      vertex -17.9259 -13.802 27
      vertex -18.0022 -13.8494 0
      vertex -17.9259 -13.802 0
    endloop
  endfacet
  facet normal 0.559915 -0.82855 0
    outer loop
      vertex -17.9259 -13.802 0
      vertex -17.8816 -13.772 27
      vertex -17.9259 -13.802 27
    endloop
  endfacet
  facet normal 0.559915 -0.82855 0
    outer loop
      vertex -17.8816 -13.772 27
      vertex -17.9259 -13.802 0
      vertex -17.8816 -13.772 0
    endloop
  endfacet
  facet normal 0.610183 -0.79226 0
    outer loop
      vertex -17.8816 -13.772 0
      vertex -15.3153 -11.7956 27
      vertex -17.8816 -13.772 27
    endloop
  endfacet
  facet normal 0.610183 -0.79226 0
    outer loop
      vertex -15.3153 -11.7956 27
      vertex -17.8816 -13.772 0
      vertex -15.3153 -11.7956 0
    endloop
  endfacet
  facet normal -0.774153 -0.632998 0
    outer loop
      vertex -14.5587 -12.721 0
      vertex -15.3153 -11.7956 27
      vertex -15.3153 -11.7956 0
    endloop
  endfacet
  facet normal -0.774153 -0.632998 0
    outer loop
      vertex -15.3153 -11.7956 27
      vertex -14.5587 -12.721 0
      vertex -14.5587 -12.721 27
    endloop
  endfacet
  facet normal -0.731097 -0.682273 0
    outer loop
      vertex -13.6955 -13.6459 0
      vertex -14.5587 -12.721 27
      vertex -14.5587 -12.721 0
    endloop
  endfacet
  facet normal -0.731097 -0.682273 0
    outer loop
      vertex -14.5587 -12.721 27
      vertex -13.6955 -13.6459 0
      vertex -13.6955 -13.6459 27
    endloop
  endfacet
  facet normal -0.684919 -0.728619 0
    outer loop
      vertex -13.6955 -13.6459 0
      vertex -12.7737 -14.5124 27
      vertex -13.6955 -13.6459 27
    endloop
  endfacet
  facet normal -0.684919 -0.728619 -0
    outer loop
      vertex -12.7737 -14.5124 27
      vertex -13.6955 -13.6459 0
      vertex -12.7737 -14.5124 0
    endloop
  endfacet
  facet normal -0.635793 -0.771859 0
    outer loop
      vertex -12.7737 -14.5124 0
      vertex -11.7972 -15.3168 27
      vertex -12.7737 -14.5124 27
    endloop
  endfacet
  facet normal -0.635793 -0.771859 -0
    outer loop
      vertex -11.7972 -15.3168 27
      vertex -12.7737 -14.5124 0
      vertex -11.7972 -15.3168 0
    endloop
  endfacet
  facet normal -0.792246 0.610202 0
    outer loop
      vertex -13.7616 -17.8672 0
      vertex -11.7972 -15.3168 27
      vertex -11.7972 -15.3168 0
    endloop
  endfacet
  facet normal -0.792246 0.610202 0
    outer loop
      vertex -11.7972 -15.3168 27
      vertex -13.7616 -17.8672 0
      vertex -13.7616 -17.8672 27
    endloop
  endfacet
  facet normal -0.82349 0.56733 0
    outer loop
      vertex -13.802 -17.9259 0
      vertex -13.7616 -17.8672 27
      vertex -13.7616 -17.8672 0
    endloop
  endfacet
  facet normal -0.82349 0.56733 0
    outer loop
      vertex -13.7616 -17.8672 27
      vertex -13.802 -17.9259 0
      vertex -13.802 -17.9259 27
    endloop
  endfacet
  facet normal -0.849602 0.527424 0
    outer loop
      vertex -13.8494 -18.0022 0
      vertex -13.802 -17.9259 27
      vertex -13.802 -17.9259 0
    endloop
  endfacet
  facet normal -0.849602 0.527424 0
    outer loop
      vertex -13.802 -17.9259 27
      vertex -13.8494 -18.0022 0
      vertex -13.8494 -18.0022 27
    endloop
  endfacet
  facet normal -0.869998 0.493055 0
    outer loop
      vertex -13.9122 -18.113 0
      vertex -13.8494 -18.0022 27
      vertex -13.8494 -18.0022 0
    endloop
  endfacet
  facet normal -0.869998 0.493055 0
    outer loop
      vertex -13.8494 -18.0022 27
      vertex -13.9122 -18.113 0
      vertex -13.9122 -18.113 27
    endloop
  endfacet
  facet normal -0.88925 0.457421 0
    outer loop
      vertex -13.9884 -18.2611 0
      vertex -13.9122 -18.113 27
      vertex -13.9122 -18.113 0
    endloop
  endfacet
  facet normal -0.88925 0.457421 0
    outer loop
      vertex -13.9122 -18.113 27
      vertex -13.9884 -18.2611 0
      vertex -13.9884 -18.2611 27
    endloop
  endfacet
  facet normal -0.907294 0.420498 0
    outer loop
      vertex -14.0758 -18.4498 0
      vertex -13.9884 -18.2611 27
      vertex -13.9884 -18.2611 0
    endloop
  endfacet
  facet normal -0.907294 0.420498 0
    outer loop
      vertex -13.9884 -18.2611 27
      vertex -14.0758 -18.4498 0
      vertex -14.0758 -18.4498 27
    endloop
  endfacet
  facet normal -0.924107 0.382134 0
    outer loop
      vertex -14.1722 -18.6828 0
      vertex -14.0758 -18.4498 27
      vertex -14.0758 -18.4498 0
    endloop
  endfacet
  facet normal -0.924107 0.382134 0
    outer loop
      vertex -14.0758 -18.4498 27
      vertex -14.1722 -18.6828 0
      vertex -14.1722 -18.6828 27
    endloop
  endfacet
  facet normal -0.939635 0.342177 0
    outer loop
      vertex -14.2748 -18.9646 0
      vertex -14.1722 -18.6828 27
      vertex -14.1722 -18.6828 0
    endloop
  endfacet
  facet normal -0.939635 0.342177 0
    outer loop
      vertex -14.1722 -18.6828 27
      vertex -14.2748 -18.9646 0
      vertex -14.2748 -18.9646 27
    endloop
  endfacet
  facet normal -0.953756 0.300581 0
    outer loop
      vertex -14.3806 -19.3003 0
      vertex -14.2748 -18.9646 27
      vertex -14.2748 -18.9646 0
    endloop
  endfacet
  facet normal -0.953756 0.300581 0
    outer loop
      vertex -14.2748 -18.9646 27
      vertex -14.3806 -19.3003 0
      vertex -14.3806 -19.3003 27
    endloop
  endfacet
  facet normal -0.966348 0.257237 0
    outer loop
      vertex -14.4858 -19.6958 0
      vertex -14.3806 -19.3003 27
      vertex -14.3806 -19.3003 0
    endloop
  endfacet
  facet normal -0.966348 0.257237 0
    outer loop
      vertex -14.3806 -19.3003 27
      vertex -14.4858 -19.6958 0
      vertex -14.4858 -19.6958 27
    endloop
  endfacet
  facet normal -0.977288 0.211917 0
    outer loop
      vertex -14.5861 -20.1579 0
      vertex -14.4858 -19.6958 27
      vertex -14.4858 -19.6958 0
    endloop
  endfacet
  facet normal -0.977288 0.211917 0
    outer loop
      vertex -14.4858 -19.6958 27
      vertex -14.5861 -20.1579 0
      vertex -14.5861 -20.1579 27
    endloop
  endfacet
  facet normal -0.986374 0.164517 0
    outer loop
      vertex -14.6756 -20.6948 0
      vertex -14.5861 -20.1579 27
      vertex -14.5861 -20.1579 0
    endloop
  endfacet
  facet normal -0.986374 0.164517 0
    outer loop
      vertex -14.5861 -20.1579 27
      vertex -14.6756 -20.6948 0
      vertex -14.6756 -20.6948 27
    endloop
  endfacet
  facet normal -0.993391 0.114783 0
    outer loop
      vertex -14.7474 -21.3157 0
      vertex -14.6756 -20.6948 27
      vertex -14.6756 -20.6948 0
    endloop
  endfacet
  facet normal -0.993391 0.114783 0
    outer loop
      vertex -14.6756 -20.6948 27
      vertex -14.7474 -21.3157 0
      vertex -14.7474 -21.3157 27
    endloop
  endfacet
  facet normal -0.99804 0.062574 0
    outer loop
      vertex -14.7922 -22.0315 0
      vertex -14.7474 -21.3157 27
      vertex -14.7474 -21.3157 0
    endloop
  endfacet
  facet normal -0.99804 0.062574 0
    outer loop
      vertex -14.7474 -21.3157 27
      vertex -14.7922 -22.0315 0
      vertex -14.7922 -22.0315 27
    endloop
  endfacet
  facet normal -0.999971 0.00763923 0
    outer loop
      vertex -14.7985 -22.8545 0
      vertex -14.7922 -22.0315 27
      vertex -14.7922 -22.0315 0
    endloop
  endfacet
  facet normal -0.999971 0.00763923 0
    outer loop
      vertex -14.7922 -22.0315 27
      vertex -14.7985 -22.8545 0
      vertex -14.7985 -22.8545 27
    endloop
  endfacet
  facet normal -0.99874 -0.0501832 0
    outer loop
      vertex -14.751 -23.7993 0
      vertex -14.7985 -22.8545 27
      vertex -14.7985 -22.8545 0
    endloop
  endfacet
  facet normal -0.99874 -0.0501832 0
    outer loop
      vertex -14.7985 -22.8545 27
      vertex -14.751 -23.7993 0
      vertex -14.751 -23.7993 27
    endloop
  endfacet
  facet normal -0.499995 -0.866029 0
    outer loop
      vertex -14.751 -23.7993 0
      vertex -13.2353 -24.6744 27
      vertex -14.751 -23.7993 27
    endloop
  endfacet
  facet normal -0.499995 -0.866029 -0
    outer loop
      vertex -13.2353 -24.6744 27
      vertex -14.751 -23.7993 0
      vertex -13.2353 -24.6744 0
    endloop
  endfacet
  facet normal 0.455899 -0.890032 0
    outer loop
      vertex -13.2353 -24.6744 0
      vertex -12.3933 -24.2431 27
      vertex -13.2353 -24.6744 27
    endloop
  endfacet
  facet normal 0.455899 -0.890032 0
    outer loop
      vertex -12.3933 -24.2431 27
      vertex -13.2353 -24.6744 0
      vertex -12.3933 -24.2431 0
    endloop
  endfacet
  facet normal 0.506609 -0.862176 0
    outer loop
      vertex -12.3933 -24.2431 0
      vertex -11.6837 -23.8262 27
      vertex -12.3933 -24.2431 27
    endloop
  endfacet
  facet normal 0.506609 -0.862176 0
    outer loop
      vertex -11.6837 -23.8262 27
      vertex -12.3933 -24.2431 0
      vertex -11.6837 -23.8262 0
    endloop
  endfacet
  facet normal 0.553233 -0.833027 0
    outer loop
      vertex -11.6837 -23.8262 0
      vertex -11.0863 -23.4294 27
      vertex -11.6837 -23.8262 27
    endloop
  endfacet
  facet normal 0.553233 -0.833027 0
    outer loop
      vertex -11.0863 -23.4294 27
      vertex -11.6837 -23.8262 0
      vertex -11.0863 -23.4294 0
    endloop
  endfacet
  facet normal 0.596097 -0.802913 0
    outer loop
      vertex -11.0863 -23.4294 0
      vertex -10.5844 -23.0568 27
      vertex -11.0863 -23.4294 27
    endloop
  endfacet
  facet normal 0.596097 -0.802913 0
    outer loop
      vertex -10.5844 -23.0568 27
      vertex -11.0863 -23.4294 0
      vertex -10.5844 -23.0568 0
    endloop
  endfacet
  facet normal 0.635619 -0.772003 0
    outer loop
      vertex -10.5844 -23.0568 0
      vertex -10.1642 -22.7109 27
      vertex -10.5844 -23.0568 27
    endloop
  endfacet
  facet normal 0.635619 -0.772003 0
    outer loop
      vertex -10.1642 -22.7109 27
      vertex -10.5844 -23.0568 0
      vertex -10.1642 -22.7109 0
    endloop
  endfacet
  facet normal 0.672204 -0.740366 0
    outer loop
      vertex -10.1642 -22.7109 0
      vertex -9.81411 -22.393 27
      vertex -10.1642 -22.7109 27
    endloop
  endfacet
  facet normal 0.672204 -0.740366 0
    outer loop
      vertex -9.81411 -22.393 27
      vertex -10.1642 -22.7109 0
      vertex -9.81411 -22.393 0
    endloop
  endfacet
  facet normal 0.705941 -0.708271 0
    outer loop
      vertex -9.81411 -22.393 0
      vertex -9.52427 -22.1041 27
      vertex -9.81411 -22.393 27
    endloop
  endfacet
  facet normal 0.705941 -0.708271 0
    outer loop
      vertex -9.52427 -22.1041 27
      vertex -9.81411 -22.393 0
      vertex -9.52427 -22.1041 0
    endloop
  endfacet
  facet normal 0.737207 -0.675667 0
    outer loop
      vertex -9.52427 -22.1041 27
      vertex -9.28647 -21.8446 0
      vertex -9.28647 -21.8446 27
    endloop
  endfacet
  facet normal 0.737207 -0.675667 0
    outer loop
      vertex -9.28647 -21.8446 0
      vertex -9.52427 -22.1041 27
      vertex -9.52427 -22.1041 0
    endloop
  endfacet
  facet normal 0.766133 -0.642682 0
    outer loop
      vertex -9.28647 -21.8446 27
      vertex -9.09373 -21.6149 0
      vertex -9.09373 -21.6149 27
    endloop
  endfacet
  facet normal 0.766133 -0.642682 0
    outer loop
      vertex -9.09373 -21.6149 0
      vertex -9.28647 -21.8446 27
      vertex -9.28647 -21.8446 0
    endloop
  endfacet
  facet normal 0.792955 -0.609281 0
    outer loop
      vertex -9.09373 -21.6149 27
      vertex -8.9401 -21.4149 0
      vertex -8.9401 -21.4149 27
    endloop
  endfacet
  facet normal 0.792955 -0.609281 0
    outer loop
      vertex -8.9401 -21.4149 0
      vertex -9.09373 -21.6149 27
      vertex -9.09373 -21.6149 0
    endloop
  endfacet
  facet normal 0.817833 -0.575455 0
    outer loop
      vertex -8.9401 -21.4149 27
      vertex -8.82043 -21.2448 0
      vertex -8.82043 -21.2448 27
    endloop
  endfacet
  facet normal 0.817833 -0.575455 0
    outer loop
      vertex -8.82043 -21.2448 0
      vertex -8.9401 -21.4149 27
      vertex -8.9401 -21.4149 0
    endloop
  endfacet
  facet normal 0.840742 -0.541436 0
    outer loop
      vertex -8.82043 -21.2448 27
      vertex -8.73024 -21.1048 0
      vertex -8.73024 -21.1048 27
    endloop
  endfacet
  facet normal 0.840742 -0.541436 0
    outer loop
      vertex -8.73024 -21.1048 0
      vertex -8.82043 -21.2448 27
      vertex -8.82043 -21.2448 0
    endloop
  endfacet
  facet normal 0.862021 -0.506872 0
    outer loop
      vertex -8.73024 -21.1048 27
      vertex -8.66567 -20.995 0
      vertex -8.66567 -20.995 27
    endloop
  endfacet
  facet normal 0.862021 -0.506872 0
    outer loop
      vertex -8.66567 -20.995 0
      vertex -8.73024 -21.1048 27
      vertex -8.73024 -21.1048 0
    endloop
  endfacet
  facet normal 0.881587 -0.472022 0
    outer loop
      vertex -8.66567 -20.995 27
      vertex -8.62326 -20.9158 0
      vertex -8.62326 -20.9158 27
    endloop
  endfacet
  facet normal 0.881587 -0.472022 0
    outer loop
      vertex -8.62326 -20.9158 0
      vertex -8.66567 -20.995 27
      vertex -8.66567 -20.995 0
    endloop
  endfacet
  facet normal 0.899129 -0.437683 0
    outer loop
      vertex -8.62326 -20.9158 27
      vertex -8.59987 -20.8677 0
      vertex -8.59987 -20.8677 27
    endloop
  endfacet
  facet normal 0.899129 -0.437683 0
    outer loop
      vertex -8.59987 -20.8677 0
      vertex -8.62326 -20.9158 27
      vertex -8.62326 -20.9158 0
    endloop
  endfacet
  facet normal 0.924565 -0.381025 0
    outer loop
      vertex -8.59987 -20.8677 27
      vertex -7.36567 -17.8729 0
      vertex -7.36567 -17.8729 27
    endloop
  endfacet
  facet normal 0.924565 -0.381025 0
    outer loop
      vertex -7.36567 -17.8729 0
      vertex -8.59987 -20.8677 27
      vertex -8.59987 -20.8677 0
    endloop
  endfacet
  facet normal -0.353937 -0.935269 0
    outer loop
      vertex -7.36567 -17.8729 0
      vertex -6.2477 -18.296 27
      vertex -7.36567 -17.8729 27
    endloop
  endfacet
  facet normal -0.353937 -0.935269 -0
    outer loop
      vertex -6.2477 -18.296 27
      vertex -7.36567 -17.8729 0
      vertex -6.2477 -18.296 0
    endloop
  endfacet
  facet normal -0.292022 -0.956412 0
    outer loop
      vertex -6.2477 -18.296 0
      vertex -5.0377 -18.6654 27
      vertex -6.2477 -18.296 27
    endloop
  endfacet
  facet normal -0.292022 -0.956412 -0
    outer loop
      vertex -5.0377 -18.6654 27
      vertex -6.2477 -18.296 0
      vertex -5.0377 -18.6654 0
    endloop
  endfacet
  facet normal -0.228844 -0.973463 0
    outer loop
      vertex -5.0377 -18.6654 0
      vertex -3.80613 -18.955 27
      vertex -5.0377 -18.6654 27
    endloop
  endfacet
  facet normal -0.228844 -0.973463 -0
    outer loop
      vertex -3.80613 -18.955 27
      vertex -5.0377 -18.6654 0
      vertex -3.80613 -18.955 0
    endloop
  endfacet
  facet normal -0.164688 -0.986346 0
    outer loop
      vertex -3.80613 -18.955 0
      vertex -2.55828 -19.1633 27
      vertex -3.80613 -18.955 27
    endloop
  endfacet
  facet normal -0.164688 -0.986346 -0
    outer loop
      vertex -2.55828 -19.1633 27
      vertex -3.80613 -18.955 0
      vertex -2.55828 -19.1633 0
    endloop
  endfacet
  facet normal -0.991206 0.132325 0
    outer loop
      vertex -2.98427 -22.3543 0
      vertex -2.55828 -19.1633 27
      vertex -2.55828 -19.1633 0
    endloop
  endfacet
  facet normal -0.991206 0.132325 0
    outer loop
      vertex -2.55828 -19.1633 27
      vertex -2.98427 -22.3543 0
      vertex -2.98427 -22.3543 27
    endloop
  endfacet
  facet normal -0.996804 0.0798831 0
    outer loop
      vertex -2.98996 -22.4253 0
      vertex -2.98427 -22.3543 27
      vertex -2.98427 -22.3543 0
    endloop
  endfacet
  facet normal -0.996804 0.0798831 0
    outer loop
      vertex -2.98427 -22.3543 27
      vertex -2.98996 -22.4253 0
      vertex -2.98996 -22.4253 27
    endloop
  endfacet
  facet normal -0.999488 0.031983 0
    outer loop
      vertex -2.99283 -22.5151 0
      vertex -2.98996 -22.4253 27
      vertex -2.98996 -22.4253 0
    endloop
  endfacet
  facet normal -0.999488 0.031983 0
    outer loop
      vertex -2.98996 -22.4253 27
      vertex -2.99283 -22.5151 0
      vertex -2.99283 -22.5151 27
    endloop
  endfacet
  facet normal -0.999968 -0.00802634 0
    outer loop
      vertex -2.99181 -22.6424 0
      vertex -2.99283 -22.5151 27
      vertex -2.99283 -22.5151 0
    endloop
  endfacet
  facet normal -0.999968 -0.00802634 0
    outer loop
      vertex -2.99283 -22.5151 27
      vertex -2.99181 -22.6424 0
      vertex -2.99181 -22.6424 27
    endloop
  endfacet
  facet normal -0.998826 -0.0484407 0
    outer loop
      vertex -2.98374 -22.8088 0
      vertex -2.99181 -22.6424 27
      vertex -2.99181 -22.6424 0
    endloop
  endfacet
  facet normal -0.998826 -0.0484407 0
    outer loop
      vertex -2.99181 -22.6424 27
      vertex -2.98374 -22.8088 0
      vertex -2.98374 -22.8088 27
    endloop
  endfacet
  facet normal -0.995988 -0.0894867 0
    outer loop
      vertex -2.96513 -23.0159 0
      vertex -2.98374 -22.8088 27
      vertex -2.98374 -22.8088 0
    endloop
  endfacet
  facet normal -0.995988 -0.0894867 0
    outer loop
      vertex -2.98374 -22.8088 27
      vertex -2.96513 -23.0159 0
      vertex -2.96513 -23.0159 27
    endloop
  endfacet
  facet normal -0.991366 -0.131127 0
    outer loop
      vertex -2.93206 -23.2659 0
      vertex -2.96513 -23.0159 27
      vertex -2.96513 -23.0159 0
    endloop
  endfacet
  facet normal -0.991366 -0.131127 0
    outer loop
      vertex -2.96513 -23.0159 27
      vertex -2.93206 -23.2659 0
      vertex -2.93206 -23.2659 27
    endloop
  endfacet
  facet normal -0.984835 -0.173496 0
    outer loop
      vertex -2.88003 -23.5613 0
      vertex -2.93206 -23.2659 27
      vertex -2.93206 -23.2659 0
    endloop
  endfacet
  facet normal -0.984835 -0.173496 0
    outer loop
      vertex -2.93206 -23.2659 27
      vertex -2.88003 -23.5613 0
      vertex -2.88003 -23.5613 27
    endloop
  endfacet
  facet normal -0.976264 -0.216583 0
    outer loop
      vertex -2.80381 -23.9048 0
      vertex -2.88003 -23.5613 27
      vertex -2.88003 -23.5613 0
    endloop
  endfacet
  facet normal -0.976264 -0.216583 0
    outer loop
      vertex -2.88003 -23.5613 27
      vertex -2.80381 -23.9048 0
      vertex -2.80381 -23.9048 27
    endloop
  endfacet
  facet normal -0.965501 -0.260398 0
    outer loop
      vertex -2.69725 -24.3 0
      vertex -2.80381 -23.9048 27
      vertex -2.80381 -23.9048 0
    endloop
  endfacet
  facet normal -0.965501 -0.260398 0
    outer loop
      vertex -2.80381 -23.9048 27
      vertex -2.69725 -24.3 0
      vertex -2.69725 -24.3 27
    endloop
  endfacet
  facet normal -0.952318 -0.305107 0
    outer loop
      vertex -2.55296 -24.7503 0
      vertex -2.69725 -24.3 27
      vertex -2.69725 -24.3 0
    endloop
  endfacet
  facet normal -0.952318 -0.305107 0
    outer loop
      vertex -2.69725 -24.3 27
      vertex -2.55296 -24.7503 0
      vertex -2.55296 -24.7503 27
    endloop
  endfacet
  facet normal -0.936479 -0.350723 0
    outer loop
      vertex -2.36207 -25.26 0
      vertex -2.55296 -24.7503 27
      vertex -2.55296 -24.7503 0
    endloop
  endfacet
  facet normal -0.936479 -0.350723 0
    outer loop
      vertex -2.55296 -24.7503 27
      vertex -2.36207 -25.26 0
      vertex -2.36207 -25.26 27
    endloop
  endfacet
  facet normal -0.917694 -0.397289 0
    outer loop
      vertex -2.11374 -25.8336 0
      vertex -2.36207 -25.26 27
      vertex -2.36207 -25.26 0
    endloop
  endfacet
  facet normal -0.917694 -0.397289 0
    outer loop
      vertex -2.36207 -25.26 27
      vertex -2.11374 -25.8336 0
      vertex -2.11374 -25.8336 27
    endloop
  endfacet
  facet normal -0.895616 -0.444828 0
    outer loop
      vertex -1.79473 -26.4759 0
      vertex -2.11374 -25.8336 27
      vertex -2.11374 -25.8336 0
    endloop
  endfacet
  facet normal -0.895616 -0.444828 0
    outer loop
      vertex -2.11374 -25.8336 27
      vertex -1.79473 -26.4759 0
      vertex -1.79473 -26.4759 27
    endloop
  endfacet
  facet normal -0.869823 -0.493363 0
    outer loop
      vertex -1.38866 -27.1918 0
      vertex -1.79473 -26.4759 27
      vertex -1.79473 -26.4759 0
    endloop
  endfacet
  facet normal -0.869823 -0.493363 0
    outer loop
      vertex -1.79473 -26.4759 27
      vertex -1.38866 -27.1918 0
      vertex -1.38866 -27.1918 27
    endloop
  endfacet
  facet normal -0.839838 -0.542837 0
    outer loop
      vertex -0.87515 -27.9863 0
      vertex -1.38866 -27.1918 27
      vertex -1.38866 -27.1918 0
    endloop
  endfacet
  facet normal -0.839838 -0.542837 0
    outer loop
      vertex -1.38866 -27.1918 27
      vertex -0.87515 -27.9863 0
      vertex -0.87515 -27.9863 27
    endloop
  endfacet
  facet normal 4.35898e-06 -1 0
    outer loop
      vertex -0.87515 -27.9863 0
      vertex 0.87512 -27.9863 27
      vertex -0.87515 -27.9863 27
    endloop
  endfacet
  facet normal 4.35898e-06 -1 0
    outer loop
      vertex 0.87512 -27.9863 27
      vertex -0.87515 -27.9863 0
      vertex 0.87512 -27.9863 0
    endloop
  endfacet
  facet normal 0.0980221 0.995184 -0
    outer loop
      vertex -0.533035 -8.13254 6.5
      vertex -1.06378 -8.08026 27
      vertex -0.533035 -8.13254 27
    endloop
  endfacet
  facet normal 0.0980221 0.995184 0
    outer loop
      vertex -1.06378 -8.08026 27
      vertex -0.533035 -8.13254 6.5
      vertex -1.06378 -8.08026 6.5
    endloop
  endfacet
  facet normal 0.162882 0.986646 -0
    outer loop
      vertex -1.06378 -8.08026 6.5
      vertex -1.58998 -7.99339 27
      vertex -1.06378 -8.08026 27
    endloop
  endfacet
  facet normal 0.162882 0.986646 0
    outer loop
      vertex -1.58998 -7.99339 27
      vertex -1.06378 -8.08026 6.5
      vertex -1.58998 -7.99339 6.5
    endloop
  endfacet
  facet normal 0.227082 0.973876 -0
    outer loop
      vertex -1.58998 -7.99339 6.5
      vertex -2.10938 -7.87228 27
      vertex -1.58998 -7.99339 27
    endloop
  endfacet
  facet normal 0.227082 0.973876 0
    outer loop
      vertex -2.10938 -7.87228 27
      vertex -1.58998 -7.99339 6.5
      vertex -2.10938 -7.87228 6.5
    endloop
  endfacet
  facet normal 0.290292 0.956938 -0
    outer loop
      vertex -2.10938 -7.87228 6.5
      vertex -2.61972 -7.71747 27
      vertex -2.10938 -7.87228 27
    endloop
  endfacet
  facet normal 0.290292 0.956938 0
    outer loop
      vertex -2.61972 -7.71747 27
      vertex -2.10938 -7.87228 6.5
      vertex -2.61972 -7.71747 6.5
    endloop
  endfacet
  facet normal 0.352227 0.935915 -0
    outer loop
      vertex -2.61972 -7.71747 6.5
      vertex -3.11887 -7.52962 27
      vertex -2.61972 -7.71747 27
    endloop
  endfacet
  facet normal 0.352227 0.935915 0
    outer loop
      vertex -3.11887 -7.52962 27
      vertex -2.61972 -7.71747 6.5
      vertex -3.11887 -7.52962 6.5
    endloop
  endfacet
  facet normal 0.412714 0.910861 -0
    outer loop
      vertex -3.11887 -7.52962 6.5
      vertex -3.60464 -7.30951 27
      vertex -3.11887 -7.52962 27
    endloop
  endfacet
  facet normal 0.412714 0.910861 0
    outer loop
      vertex -3.60464 -7.30951 27
      vertex -3.11887 -7.52962 6.5
      vertex -3.60464 -7.30951 6.5
    endloop
  endfacet
  facet normal 0.47139 0.881925 -0
    outer loop
      vertex -3.60464 -7.30951 6.5
      vertex -4.075 -7.05811 27
      vertex -3.60464 -7.30951 27
    endloop
  endfacet
  facet normal 0.47139 0.881925 0
    outer loop
      vertex -4.075 -7.05811 27
      vertex -3.60464 -7.30951 6.5
      vertex -4.075 -7.05811 6.5
    endloop
  endfacet
  facet normal 0.528071 0.8492 -0
    outer loop
      vertex -4.075 -7.05811 6.5
      vertex -4.52789 -6.77647 27
      vertex -4.075 -7.05811 27
    endloop
  endfacet
  facet normal 0.528071 0.8492 0
    outer loop
      vertex -4.52789 -6.77647 27
      vertex -4.075 -7.05811 6.5
      vertex -4.52789 -6.77647 6.5
    endloop
  endfacet
  facet normal 0.582491 0.812837 -0
    outer loop
      vertex -4.52789 -6.77647 6.5
      vertex -4.9614 -6.46582 27
      vertex -4.52789 -6.77647 27
    endloop
  endfacet
  facet normal 0.582491 0.812837 0
    outer loop
      vertex -4.9614 -6.46582 27
      vertex -4.52789 -6.77647 6.5
      vertex -4.9614 -6.46582 6.5
    endloop
  endfacet
  facet normal 0.634392 0.773012 -0
    outer loop
      vertex -4.9614 -6.46582 6.5
      vertex -5.37366 -6.12749 27
      vertex -4.9614 -6.46582 27
    endloop
  endfacet
  facet normal 0.634392 0.773012 0
    outer loop
      vertex -5.37366 -6.12749 27
      vertex -4.9614 -6.46582 6.5
      vertex -5.37366 -6.12749 6.5
    endloop
  endfacet
  facet normal 0.683597 0.72986 -0
    outer loop
      vertex -5.37366 -6.12749 6.5
      vertex -5.76291 -5.76291 27
      vertex -5.37366 -6.12749 27
    endloop
  endfacet
  facet normal 0.683597 0.72986 0
    outer loop
      vertex -5.76291 -5.76291 27
      vertex -5.37366 -6.12749 6.5
      vertex -5.76291 -5.76291 6.5
    endloop
  endfacet
  facet normal 0.72986 0.683597 0
    outer loop
      vertex -5.76291 -5.76291 27
      vertex -6.12749 -5.37366 6.5
      vertex -6.12749 -5.37366 27
    endloop
  endfacet
  facet normal 0.72986 0.683597 0
    outer loop
      vertex -6.12749 -5.37366 6.5
      vertex -5.76291 -5.76291 27
      vertex -5.76291 -5.76291 6.5
    endloop
  endfacet
  facet normal 0.773012 0.634392 0
    outer loop
      vertex -6.12749 -5.37366 27
      vertex -6.46582 -4.9614 6.5
      vertex -6.46582 -4.9614 27
    endloop
  endfacet
  facet normal 0.773012 0.634392 0
    outer loop
      vertex -6.46582 -4.9614 6.5
      vertex -6.12749 -5.37366 27
      vertex -6.12749 -5.37366 6.5
    endloop
  endfacet
  facet normal 0.812837 0.582491 0
    outer loop
      vertex -6.46582 -4.9614 27
      vertex -6.77647 -4.52789 6.5
      vertex -6.77647 -4.52789 27
    endloop
  endfacet
  facet normal 0.812837 0.582491 0
    outer loop
      vertex -6.77647 -4.52789 6.5
      vertex -6.46582 -4.9614 27
      vertex -6.46582 -4.9614 6.5
    endloop
  endfacet
  facet normal 0.8492 0.528071 0
    outer loop
      vertex -6.77647 -4.52789 27
      vertex -7.05811 -4.075 6.5
      vertex -7.05811 -4.075 27
    endloop
  endfacet
  facet normal 0.8492 0.528071 0
    outer loop
      vertex -7.05811 -4.075 6.5
      vertex -6.77647 -4.52789 27
      vertex -6.77647 -4.52789 6.5
    endloop
  endfacet
  facet normal 0.881925 0.47139 0
    outer loop
      vertex -7.05811 -4.075 27
      vertex -7.30951 -3.60464 6.5
      vertex -7.30951 -3.60464 27
    endloop
  endfacet
  facet normal 0.881925 0.47139 0
    outer loop
      vertex -7.30951 -3.60464 6.5
      vertex -7.05811 -4.075 27
      vertex -7.05811 -4.075 6.5
    endloop
  endfacet
  facet normal 0.910861 0.412714 0
    outer loop
      vertex -7.30951 -3.60464 27
      vertex -7.52962 -3.11887 6.5
      vertex -7.52962 -3.11887 27
    endloop
  endfacet
  facet normal 0.910861 0.412714 0
    outer loop
      vertex -7.52962 -3.11887 6.5
      vertex -7.30951 -3.60464 27
      vertex -7.30951 -3.60464 6.5
    endloop
  endfacet
  facet normal 0.935915 0.352227 0
    outer loop
      vertex -7.52962 -3.11887 27
      vertex -7.71747 -2.61972 6.5
      vertex -7.71747 -2.61972 27
    endloop
  endfacet
  facet normal 0.935915 0.352227 0
    outer loop
      vertex -7.71747 -2.61972 6.5
      vertex -7.52962 -3.11887 27
      vertex -7.52962 -3.11887 6.5
    endloop
  endfacet
  facet normal 0.956938 0.290292 0
    outer loop
      vertex -7.71747 -2.61972 27
      vertex -7.87228 -2.10938 6.5
      vertex -7.87228 -2.10938 27
    endloop
  endfacet
  facet normal 0.956938 0.290292 0
    outer loop
      vertex -7.87228 -2.10938 6.5
      vertex -7.71747 -2.61972 27
      vertex -7.71747 -2.61972 6.5
    endloop
  endfacet
  facet normal 0.973876 0.227082 0
    outer loop
      vertex -7.87228 -2.10938 27
      vertex -7.99339 -1.58998 6.5
      vertex -7.99339 -1.58998 27
    endloop
  endfacet
  facet normal 0.973876 0.227082 0
    outer loop
      vertex -7.99339 -1.58998 6.5
      vertex -7.87228 -2.10938 27
      vertex -7.87228 -2.10938 6.5
    endloop
  endfacet
  facet normal 0.986646 0.162882 0
    outer loop
      vertex -7.99339 -1.58998 27
      vertex -8.08026 -1.06378 6.5
      vertex -8.08026 -1.06378 27
    endloop
  endfacet
  facet normal 0.986646 0.162882 0
    outer loop
      vertex -8.08026 -1.06378 6.5
      vertex -7.99339 -1.58998 27
      vertex -7.99339 -1.58998 6.5
    endloop
  endfacet
  facet normal 0.995184 0.0980221 0
    outer loop
      vertex -8.08026 -1.06378 27
      vertex -8.13254 -0.533035 6.5
      vertex -8.13254 -0.533035 27
    endloop
  endfacet
  facet normal 0.995184 0.0980221 0
    outer loop
      vertex -8.13254 -0.533035 6.5
      vertex -8.08026 -1.06378 27
      vertex -8.08026 -1.06378 6.5
    endloop
  endfacet
  facet normal 0.999464 0.0327309 0
    outer loop
      vertex -8.13254 -0.533035 27
      vertex -8.14999 0 6.5
      vertex -8.14999 0 27
    endloop
  endfacet
  facet normal 0.999464 0.0327309 0
    outer loop
      vertex -8.14999 0 6.5
      vertex -8.13254 -0.533035 27
      vertex -8.13254 -0.533035 6.5
    endloop
  endfacet
  facet normal 0.999464 -0.0327309 0
    outer loop
      vertex -8.14999 0 27
      vertex -8.13254 0.533035 6.5
      vertex -8.13254 0.533035 27
    endloop
  endfacet
  facet normal 0.999464 -0.0327309 0
    outer loop
      vertex -8.13254 0.533035 6.5
      vertex -8.14999 0 27
      vertex -8.14999 0 6.5
    endloop
  endfacet
  facet normal 0.995184 -0.0980221 0
    outer loop
      vertex -8.13254 0.533035 27
      vertex -8.08026 1.06378 6.5
      vertex -8.08026 1.06378 27
    endloop
  endfacet
  facet normal 0.995184 -0.0980221 0
    outer loop
      vertex -8.08026 1.06378 6.5
      vertex -8.13254 0.533035 27
      vertex -8.13254 0.533035 6.5
    endloop
  endfacet
  facet normal 0.986646 -0.162882 0
    outer loop
      vertex -8.08026 1.06378 27
      vertex -7.99339 1.58998 6.5
      vertex -7.99339 1.58998 27
    endloop
  endfacet
  facet normal 0.986646 -0.162882 0
    outer loop
      vertex -7.99339 1.58998 6.5
      vertex -8.08026 1.06378 27
      vertex -8.08026 1.06378 6.5
    endloop
  endfacet
  facet normal 0.973876 -0.227082 0
    outer loop
      vertex -7.99339 1.58998 27
      vertex -7.87228 2.10938 6.5
      vertex -7.87228 2.10938 27
    endloop
  endfacet
  facet normal 0.973876 -0.227082 0
    outer loop
      vertex -7.87228 2.10938 6.5
      vertex -7.99339 1.58998 27
      vertex -7.99339 1.58998 6.5
    endloop
  endfacet
  facet normal 0.956938 -0.290292 0
    outer loop
      vertex -7.87228 2.10938 27
      vertex -7.71747 2.61972 6.5
      vertex -7.71747 2.61972 27
    endloop
  endfacet
  facet normal 0.956938 -0.290292 0
    outer loop
      vertex -7.71747 2.61972 6.5
      vertex -7.87228 2.10938 27
      vertex -7.87228 2.10938 6.5
    endloop
  endfacet
  facet normal 0.935915 -0.352227 0
    outer loop
      vertex -7.71747 2.61972 27
      vertex -7.52962 3.11887 6.5
      vertex -7.52962 3.11887 27
    endloop
  endfacet
  facet normal 0.935915 -0.352227 0
    outer loop
      vertex -7.52962 3.11887 6.5
      vertex -7.71747 2.61972 27
      vertex -7.71747 2.61972 6.5
    endloop
  endfacet
  facet normal 0.910861 -0.412714 0
    outer loop
      vertex -7.52962 3.11887 27
      vertex -7.30951 3.60464 6.5
      vertex -7.30951 3.60464 27
    endloop
  endfacet
  facet normal 0.910861 -0.412714 0
    outer loop
      vertex -7.30951 3.60464 6.5
      vertex -7.52962 3.11887 27
      vertex -7.52962 3.11887 6.5
    endloop
  endfacet
  facet normal 0.881925 -0.47139 0
    outer loop
      vertex -7.30951 3.60464 27
      vertex -7.05811 4.075 6.5
      vertex -7.05811 4.075 27
    endloop
  endfacet
  facet normal 0.881925 -0.47139 0
    outer loop
      vertex -7.05811 4.075 6.5
      vertex -7.30951 3.60464 27
      vertex -7.30951 3.60464 6.5
    endloop
  endfacet
  facet normal 0.8492 -0.528071 0
    outer loop
      vertex -7.05811 4.075 27
      vertex -6.77647 4.52789 6.5
      vertex -6.77647 4.52789 27
    endloop
  endfacet
  facet normal 0.8492 -0.528071 0
    outer loop
      vertex -6.77647 4.52789 6.5
      vertex -7.05811 4.075 27
      vertex -7.05811 4.075 6.5
    endloop
  endfacet
  facet normal 0.812837 -0.582491 0
    outer loop
      vertex -6.77647 4.52789 27
      vertex -6.46582 4.9614 6.5
      vertex -6.46582 4.9614 27
    endloop
  endfacet
  facet normal 0.812837 -0.582491 0
    outer loop
      vertex -6.46582 4.9614 6.5
      vertex -6.77647 4.52789 27
      vertex -6.77647 4.52789 6.5
    endloop
  endfacet
  facet normal 0.773012 -0.634392 0
    outer loop
      vertex -6.46582 4.9614 27
      vertex -6.12749 5.37366 6.5
      vertex -6.12749 5.37366 27
    endloop
  endfacet
  facet normal 0.773012 -0.634392 0
    outer loop
      vertex -6.12749 5.37366 6.5
      vertex -6.46582 4.9614 27
      vertex -6.46582 4.9614 6.5
    endloop
  endfacet
  facet normal 0.72986 -0.683597 0
    outer loop
      vertex -6.12749 5.37366 27
      vertex -5.76291 5.76291 6.5
      vertex -5.76291 5.76291 27
    endloop
  endfacet
  facet normal 0.72986 -0.683597 0
    outer loop
      vertex -5.76291 5.76291 6.5
      vertex -6.12749 5.37366 27
      vertex -6.12749 5.37366 6.5
    endloop
  endfacet
  facet normal 0.683597 -0.72986 0
    outer loop
      vertex -5.76291 5.76291 6.5
      vertex -5.37366 6.12749 27
      vertex -5.76291 5.76291 27
    endloop
  endfacet
  facet normal 0.683597 -0.72986 0
    outer loop
      vertex -5.37366 6.12749 27
      vertex -5.76291 5.76291 6.5
      vertex -5.37366 6.12749 6.5
    endloop
  endfacet
  facet normal 0.634392 -0.773012 0
    outer loop
      vertex -5.37366 6.12749 6.5
      vertex -4.9614 6.46582 27
      vertex -5.37366 6.12749 27
    endloop
  endfacet
  facet normal 0.634392 -0.773012 0
    outer loop
      vertex -4.9614 6.46582 27
      vertex -5.37366 6.12749 6.5
      vertex -4.9614 6.46582 6.5
    endloop
  endfacet
  facet normal 0.582491 -0.812837 0
    outer loop
      vertex -4.9614 6.46582 6.5
      vertex -4.52789 6.77647 27
      vertex -4.9614 6.46582 27
    endloop
  endfacet
  facet normal 0.582491 -0.812837 0
    outer loop
      vertex -4.52789 6.77647 27
      vertex -4.9614 6.46582 6.5
      vertex -4.52789 6.77647 6.5
    endloop
  endfacet
  facet normal 0.528071 -0.8492 0
    outer loop
      vertex -4.52789 6.77647 6.5
      vertex -4.075 7.05811 27
      vertex -4.52789 6.77647 27
    endloop
  endfacet
  facet normal 0.528071 -0.8492 0
    outer loop
      vertex -4.075 7.05811 27
      vertex -4.52789 6.77647 6.5
      vertex -4.075 7.05811 6.5
    endloop
  endfacet
  facet normal 0.47139 -0.881925 0
    outer loop
      vertex -4.075 7.05811 6.5
      vertex -3.60464 7.30951 27
      vertex -4.075 7.05811 27
    endloop
  endfacet
  facet normal 0.47139 -0.881925 0
    outer loop
      vertex -3.60464 7.30951 27
      vertex -4.075 7.05811 6.5
      vertex -3.60464 7.30951 6.5
    endloop
  endfacet
  facet normal 0.412714 -0.910861 0
    outer loop
      vertex -3.60464 7.30951 6.5
      vertex -3.11887 7.52962 27
      vertex -3.60464 7.30951 27
    endloop
  endfacet
  facet normal 0.412714 -0.910861 0
    outer loop
      vertex -3.11887 7.52962 27
      vertex -3.60464 7.30951 6.5
      vertex -3.11887 7.52962 6.5
    endloop
  endfacet
  facet normal 0.352227 -0.935915 0
    outer loop
      vertex -3.11887 7.52962 6.5
      vertex -2.61972 7.71747 27
      vertex -3.11887 7.52962 27
    endloop
  endfacet
  facet normal 0.352227 -0.935915 0
    outer loop
      vertex -2.61972 7.71747 27
      vertex -3.11887 7.52962 6.5
      vertex -2.61972 7.71747 6.5
    endloop
  endfacet
  facet normal 0.29029 -0.956939 0
    outer loop
      vertex -2.61972 7.71747 6.5
      vertex -2.55 7.73862 27
      vertex -2.61972 7.71747 27
    endloop
  endfacet
  facet normal 0.29029 -0.956939 0
    outer loop
      vertex -2.55 7.73862 27
      vertex -2.61972 7.71747 6.5
      vertex -2.55 7.73862 6.5
    endloop
  endfacet
  facet normal -0.29029 -0.956939 0
    outer loop
      vertex 2.55 7.73862 6.5
      vertex 2.61972 7.71747 27
      vertex 2.55 7.73862 27
    endloop
  endfacet
  facet normal -0.29029 -0.956939 -0
    outer loop
      vertex 2.61972 7.71747 27
      vertex 2.55 7.73862 6.5
      vertex 2.61972 7.71747 6.5
    endloop
  endfacet
  facet normal -0.352227 -0.935915 0
    outer loop
      vertex 2.61972 7.71747 6.5
      vertex 3.11887 7.52962 27
      vertex 2.61972 7.71747 27
    endloop
  endfacet
  facet normal -0.352227 -0.935915 -0
    outer loop
      vertex 3.11887 7.52962 27
      vertex 2.61972 7.71747 6.5
      vertex 3.11887 7.52962 6.5
    endloop
  endfacet
  facet normal -0.412714 -0.910861 0
    outer loop
      vertex 3.11887 7.52962 6.5
      vertex 3.60464 7.30951 27
      vertex 3.11887 7.52962 27
    endloop
  endfacet
  facet normal -0.412714 -0.910861 -0
    outer loop
      vertex 3.60464 7.30951 27
      vertex 3.11887 7.52962 6.5
      vertex 3.60464 7.30951 6.5
    endloop
  endfacet
  facet normal -0.47139 -0.881925 0
    outer loop
      vertex 3.60464 7.30951 6.5
      vertex 4.075 7.05811 27
      vertex 3.60464 7.30951 27
    endloop
  endfacet
  facet normal -0.47139 -0.881925 -0
    outer loop
      vertex 4.075 7.05811 27
      vertex 3.60464 7.30951 6.5
      vertex 4.075 7.05811 6.5
    endloop
  endfacet
  facet normal -0.528071 -0.8492 0
    outer loop
      vertex 4.075 7.05811 6.5
      vertex 4.52789 6.77647 27
      vertex 4.075 7.05811 27
    endloop
  endfacet
  facet normal -0.528071 -0.8492 -0
    outer loop
      vertex 4.52789 6.77647 27
      vertex 4.075 7.05811 6.5
      vertex 4.52789 6.77647 6.5
    endloop
  endfacet
  facet normal -0.582491 -0.812837 0
    outer loop
      vertex 4.52789 6.77647 6.5
      vertex 4.9614 6.46582 27
      vertex 4.52789 6.77647 27
    endloop
  endfacet
  facet normal -0.582491 -0.812837 -0
    outer loop
      vertex 4.9614 6.46582 27
      vertex 4.52789 6.77647 6.5
      vertex 4.9614 6.46582 6.5
    endloop
  endfacet
  facet normal -0.634392 -0.773012 0
    outer loop
      vertex 4.9614 6.46582 6.5
      vertex 5.37366 6.12749 27
      vertex 4.9614 6.46582 27
    endloop
  endfacet
  facet normal -0.634392 -0.773012 -0
    outer loop
      vertex 5.37366 6.12749 27
      vertex 4.9614 6.46582 6.5
      vertex 5.37366 6.12749 6.5
    endloop
  endfacet
  facet normal -0.683597 -0.72986 0
    outer loop
      vertex 5.37366 6.12749 6.5
      vertex 5.76291 5.76291 27
      vertex 5.37366 6.12749 27
    endloop
  endfacet
  facet normal -0.683597 -0.72986 -0
    outer loop
      vertex 5.76291 5.76291 27
      vertex 5.37366 6.12749 6.5
      vertex 5.76291 5.76291 6.5
    endloop
  endfacet
  facet normal -0.72986 -0.683597 0
    outer loop
      vertex 6.12749 5.37366 6.5
      vertex 5.76291 5.76291 27
      vertex 5.76291 5.76291 6.5
    endloop
  endfacet
  facet normal -0.72986 -0.683597 0
    outer loop
      vertex 5.76291 5.76291 27
      vertex 6.12749 5.37366 6.5
      vertex 6.12749 5.37366 27
    endloop
  endfacet
  facet normal -0.773012 -0.634392 0
    outer loop
      vertex 6.46582 4.9614 6.5
      vertex 6.12749 5.37366 27
      vertex 6.12749 5.37366 6.5
    endloop
  endfacet
  facet normal -0.773012 -0.634392 0
    outer loop
      vertex 6.12749 5.37366 27
      vertex 6.46582 4.9614 6.5
      vertex 6.46582 4.9614 27
    endloop
  endfacet
  facet normal -0.812837 -0.582491 0
    outer loop
      vertex 6.77647 4.52789 6.5
      vertex 6.46582 4.9614 27
      vertex 6.46582 4.9614 6.5
    endloop
  endfacet
  facet normal -0.812837 -0.582491 0
    outer loop
      vertex 6.46582 4.9614 27
      vertex 6.77647 4.52789 6.5
      vertex 6.77647 4.52789 27
    endloop
  endfacet
  facet normal -0.8492 -0.528071 0
    outer loop
      vertex 7.05811 4.075 6.5
      vertex 6.77647 4.52789 27
      vertex 6.77647 4.52789 6.5
    endloop
  endfacet
  facet normal -0.8492 -0.528071 0
    outer loop
      vertex 6.77647 4.52789 27
      vertex 7.05811 4.075 6.5
      vertex 7.05811 4.075 27
    endloop
  endfacet
  facet normal -0.881925 -0.47139 0
    outer loop
      vertex 7.30951 3.60464 6.5
      vertex 7.05811 4.075 27
      vertex 7.05811 4.075 6.5
    endloop
  endfacet
  facet normal -0.881925 -0.47139 0
    outer loop
      vertex 7.05811 4.075 27
      vertex 7.30951 3.60464 6.5
      vertex 7.30951 3.60464 27
    endloop
  endfacet
  facet normal -0.910861 -0.412714 0
    outer loop
      vertex 7.52962 3.11887 6.5
      vertex 7.30951 3.60464 27
      vertex 7.30951 3.60464 6.5
    endloop
  endfacet
  facet normal -0.910861 -0.412714 0
    outer loop
      vertex 7.30951 3.60464 27
      vertex 7.52962 3.11887 6.5
      vertex 7.52962 3.11887 27
    endloop
  endfacet
  facet normal -0.935915 -0.352227 0
    outer loop
      vertex 7.71747 2.61972 6.5
      vertex 7.52962 3.11887 27
      vertex 7.52962 3.11887 6.5
    endloop
  endfacet
  facet normal -0.935915 -0.352227 0
    outer loop
      vertex 7.52962 3.11887 27
      vertex 7.71747 2.61972 6.5
      vertex 7.71747 2.61972 27
    endloop
  endfacet
  facet normal -0.956938 -0.290292 0
    outer loop
      vertex 7.87228 2.10938 6.5
      vertex 7.71747 2.61972 27
      vertex 7.71747 2.61972 6.5
    endloop
  endfacet
  facet normal -0.956938 -0.290292 0
    outer loop
      vertex 7.71747 2.61972 27
      vertex 7.87228 2.10938 6.5
      vertex 7.87228 2.10938 27
    endloop
  endfacet
  facet normal -0.973876 -0.227082 0
    outer loop
      vertex 7.99339 1.58998 6.5
      vertex 7.87228 2.10938 27
      vertex 7.87228 2.10938 6.5
    endloop
  endfacet
  facet normal -0.973876 -0.227082 0
    outer loop
      vertex 7.87228 2.10938 27
      vertex 7.99339 1.58998 6.5
      vertex 7.99339 1.58998 27
    endloop
  endfacet
  facet normal -0.986646 -0.162882 0
    outer loop
      vertex 8.08026 1.06378 6.5
      vertex 7.99339 1.58998 27
      vertex 7.99339 1.58998 6.5
    endloop
  endfacet
  facet normal -0.986646 -0.162882 0
    outer loop
      vertex 7.99339 1.58998 27
      vertex 8.08026 1.06378 6.5
      vertex 8.08026 1.06378 27
    endloop
  endfacet
  facet normal -0.995184 -0.0980221 0
    outer loop
      vertex 8.13254 0.533035 6.5
      vertex 8.08026 1.06378 27
      vertex 8.08026 1.06378 6.5
    endloop
  endfacet
  facet normal -0.995184 -0.0980221 0
    outer loop
      vertex 8.08026 1.06378 27
      vertex 8.13254 0.533035 6.5
      vertex 8.13254 0.533035 27
    endloop
  endfacet
  facet normal -0.999464 -0.0327309 0
    outer loop
      vertex 8.14999 0 6.5
      vertex 8.13254 0.533035 27
      vertex 8.13254 0.533035 6.5
    endloop
  endfacet
  facet normal -0.999464 -0.0327309 0
    outer loop
      vertex 8.13254 0.533035 27
      vertex 8.14999 0 6.5
      vertex 8.14999 0 27
    endloop
  endfacet
  facet normal -0.999464 0.0327309 0
    outer loop
      vertex 8.13254 -0.533035 6.5
      vertex 8.14999 0 27
      vertex 8.14999 0 6.5
    endloop
  endfacet
  facet normal -0.999464 0.0327309 0
    outer loop
      vertex 8.14999 0 27
      vertex 8.13254 -0.533035 6.5
      vertex 8.13254 -0.533035 27
    endloop
  endfacet
  facet normal -0.995184 0.0980221 0
    outer loop
      vertex 8.08026 -1.06378 6.5
      vertex 8.13254 -0.533035 27
      vertex 8.13254 -0.533035 6.5
    endloop
  endfacet
  facet normal -0.995184 0.0980221 0
    outer loop
      vertex 8.13254 -0.533035 27
      vertex 8.08026 -1.06378 6.5
      vertex 8.08026 -1.06378 27
    endloop
  endfacet
  facet normal -0.986646 0.162882 0
    outer loop
      vertex 7.99339 -1.58998 6.5
      vertex 8.08026 -1.06378 27
      vertex 8.08026 -1.06378 6.5
    endloop
  endfacet
  facet normal -0.986646 0.162882 0
    outer loop
      vertex 8.08026 -1.06378 27
      vertex 7.99339 -1.58998 6.5
      vertex 7.99339 -1.58998 27
    endloop
  endfacet
  facet normal -0.973876 0.227082 0
    outer loop
      vertex 7.87228 -2.10938 6.5
      vertex 7.99339 -1.58998 27
      vertex 7.99339 -1.58998 6.5
    endloop
  endfacet
  facet normal -0.973876 0.227082 0
    outer loop
      vertex 7.99339 -1.58998 27
      vertex 7.87228 -2.10938 6.5
      vertex 7.87228 -2.10938 27
    endloop
  endfacet
  facet normal -0.956938 0.290292 0
    outer loop
      vertex 7.71747 -2.61972 6.5
      vertex 7.87228 -2.10938 27
      vertex 7.87228 -2.10938 6.5
    endloop
  endfacet
  facet normal -0.956938 0.290292 0
    outer loop
      vertex 7.87228 -2.10938 27
      vertex 7.71747 -2.61972 6.5
      vertex 7.71747 -2.61972 27
    endloop
  endfacet
  facet normal -0.935915 0.352227 0
    outer loop
      vertex 7.52962 -3.11887 6.5
      vertex 7.71747 -2.61972 27
      vertex 7.71747 -2.61972 6.5
    endloop
  endfacet
  facet normal -0.935915 0.352227 0
    outer loop
      vertex 7.71747 -2.61972 27
      vertex 7.52962 -3.11887 6.5
      vertex 7.52962 -3.11887 27
    endloop
  endfacet
  facet normal -0.910861 0.412714 0
    outer loop
      vertex 7.30951 -3.60464 6.5
      vertex 7.52962 -3.11887 27
      vertex 7.52962 -3.11887 6.5
    endloop
  endfacet
  facet normal -0.910861 0.412714 0
    outer loop
      vertex 7.52962 -3.11887 27
      vertex 7.30951 -3.60464 6.5
      vertex 7.30951 -3.60464 27
    endloop
  endfacet
  facet normal -0.881925 0.47139 0
    outer loop
      vertex 7.05811 -4.075 6.5
      vertex 7.30951 -3.60464 27
      vertex 7.30951 -3.60464 6.5
    endloop
  endfacet
  facet normal -0.881925 0.47139 0
    outer loop
      vertex 7.30951 -3.60464 27
      vertex 7.05811 -4.075 6.5
      vertex 7.05811 -4.075 27
    endloop
  endfacet
  facet normal -0.8492 0.528071 0
    outer loop
      vertex 6.77647 -4.52789 6.5
      vertex 7.05811 -4.075 27
      vertex 7.05811 -4.075 6.5
    endloop
  endfacet
  facet normal -0.8492 0.528071 0
    outer loop
      vertex 7.05811 -4.075 27
      vertex 6.77647 -4.52789 6.5
      vertex 6.77647 -4.52789 27
    endloop
  endfacet
  facet normal -0.812837 0.582491 0
    outer loop
      vertex 6.46582 -4.9614 6.5
      vertex 6.77647 -4.52789 27
      vertex 6.77647 -4.52789 6.5
    endloop
  endfacet
  facet normal -0.812837 0.582491 0
    outer loop
      vertex 6.77647 -4.52789 27
      vertex 6.46582 -4.9614 6.5
      vertex 6.46582 -4.9614 27
    endloop
  endfacet
  facet normal -0.773012 0.634392 0
    outer loop
      vertex 6.12749 -5.37366 6.5
      vertex 6.46582 -4.9614 27
      vertex 6.46582 -4.9614 6.5
    endloop
  endfacet
  facet normal -0.773012 0.634392 0
    outer loop
      vertex 6.46582 -4.9614 27
      vertex 6.12749 -5.37366 6.5
      vertex 6.12749 -5.37366 27
    endloop
  endfacet
  facet normal -0.72986 0.683597 0
    outer loop
      vertex 5.76291 -5.76291 6.5
      vertex 6.12749 -5.37366 27
      vertex 6.12749 -5.37366 6.5
    endloop
  endfacet
  facet normal -0.72986 0.683597 0
    outer loop
      vertex 6.12749 -5.37366 27
      vertex 5.76291 -5.76291 6.5
      vertex 5.76291 -5.76291 27
    endloop
  endfacet
  facet normal -0.683597 0.72986 0
    outer loop
      vertex 5.76291 -5.76291 6.5
      vertex 5.37366 -6.12749 27
      vertex 5.76291 -5.76291 27
    endloop
  endfacet
  facet normal -0.683597 0.72986 0
    outer loop
      vertex 5.37366 -6.12749 27
      vertex 5.76291 -5.76291 6.5
      vertex 5.37366 -6.12749 6.5
    endloop
  endfacet
  facet normal -0.634392 0.773012 0
    outer loop
      vertex 5.37366 -6.12749 6.5
      vertex 4.9614 -6.46582 27
      vertex 5.37366 -6.12749 27
    endloop
  endfacet
  facet normal -0.634392 0.773012 0
    outer loop
      vertex 4.9614 -6.46582 27
      vertex 5.37366 -6.12749 6.5
      vertex 4.9614 -6.46582 6.5
    endloop
  endfacet
  facet normal -0.582491 0.812837 0
    outer loop
      vertex 4.9614 -6.46582 6.5
      vertex 4.52789 -6.77647 27
      vertex 4.9614 -6.46582 27
    endloop
  endfacet
  facet normal -0.582491 0.812837 0
    outer loop
      vertex 4.52789 -6.77647 27
      vertex 4.9614 -6.46582 6.5
      vertex 4.52789 -6.77647 6.5
    endloop
  endfacet
  facet normal -0.528071 0.8492 0
    outer loop
      vertex 4.52789 -6.77647 6.5
      vertex 4.075 -7.05811 27
      vertex 4.52789 -6.77647 27
    endloop
  endfacet
  facet normal -0.528071 0.8492 0
    outer loop
      vertex 4.075 -7.05811 27
      vertex 4.52789 -6.77647 6.5
      vertex 4.075 -7.05811 6.5
    endloop
  endfacet
  facet normal -0.47139 0.881925 0
    outer loop
      vertex 4.075 -7.05811 6.5
      vertex 3.60464 -7.30951 27
      vertex 4.075 -7.05811 27
    endloop
  endfacet
  facet normal -0.47139 0.881925 0
    outer loop
      vertex 3.60464 -7.30951 27
      vertex 4.075 -7.05811 6.5
      vertex 3.60464 -7.30951 6.5
    endloop
  endfacet
  facet normal -0.412714 0.910861 0
    outer loop
      vertex 3.60464 -7.30951 6.5
      vertex 3.11887 -7.52962 27
      vertex 3.60464 -7.30951 27
    endloop
  endfacet
  facet normal -0.412714 0.910861 0
    outer loop
      vertex 3.11887 -7.52962 27
      vertex 3.60464 -7.30951 6.5
      vertex 3.11887 -7.52962 6.5
    endloop
  endfacet
  facet normal -0.352227 0.935915 0
    outer loop
      vertex 3.11887 -7.52962 6.5
      vertex 2.61972 -7.71747 27
      vertex 3.11887 -7.52962 27
    endloop
  endfacet
  facet normal -0.352227 0.935915 0
    outer loop
      vertex 2.61972 -7.71747 27
      vertex 3.11887 -7.52962 6.5
      vertex 2.61972 -7.71747 6.5
    endloop
  endfacet
  facet normal -0.290292 0.956938 0
    outer loop
      vertex 2.61972 -7.71747 6.5
      vertex 2.10938 -7.87228 27
      vertex 2.61972 -7.71747 27
    endloop
  endfacet
  facet normal -0.290292 0.956938 0
    outer loop
      vertex 2.10938 -7.87228 27
      vertex 2.61972 -7.71747 6.5
      vertex 2.10938 -7.87228 6.5
    endloop
  endfacet
  facet normal -0.227082 0.973876 0
    outer loop
      vertex 2.10938 -7.87228 6.5
      vertex 1.58998 -7.99339 27
      vertex 2.10938 -7.87228 27
    endloop
  endfacet
  facet normal -0.227082 0.973876 0
    outer loop
      vertex 1.58998 -7.99339 27
      vertex 2.10938 -7.87228 6.5
      vertex 1.58998 -7.99339 6.5
    endloop
  endfacet
  facet normal -0.162882 0.986646 0
    outer loop
      vertex 1.58998 -7.99339 6.5
      vertex 1.06378 -8.08026 27
      vertex 1.58998 -7.99339 27
    endloop
  endfacet
  facet normal -0.162882 0.986646 0
    outer loop
      vertex 1.06378 -8.08026 27
      vertex 1.58998 -7.99339 6.5
      vertex 1.06378 -8.08026 6.5
    endloop
  endfacet
  facet normal -0.0980221 0.995184 0
    outer loop
      vertex 1.06378 -8.08026 6.5
      vertex 0.533035 -8.13254 27
      vertex 1.06378 -8.08026 27
    endloop
  endfacet
  facet normal -0.0980221 0.995184 0
    outer loop
      vertex 0.533035 -8.13254 27
      vertex 1.06378 -8.08026 6.5
      vertex 0.533035 -8.13254 6.5
    endloop
  endfacet
  facet normal -0.0327309 0.999464 0
    outer loop
      vertex 0.533035 -8.13254 6.5
      vertex 0 -8.14999 27
      vertex 0.533035 -8.13254 27
    endloop
  endfacet
  facet normal -0.0327309 0.999464 0
    outer loop
      vertex 0 -8.14999 27
      vertex 0.533035 -8.13254 6.5
      vertex 0 -8.14999 6.5
    endloop
  endfacet
  facet normal 0.0327309 0.999464 -0
    outer loop
      vertex 0 -8.14999 6.5
      vertex -0.533035 -8.13254 27
      vertex 0 -8.14999 27
    endloop
  endfacet
  facet normal 0.0327309 0.999464 0
    outer loop
      vertex -0.533035 -8.13254 27
      vertex 0 -8.14999 6.5
      vertex -0.533035 -8.13254 6.5
    endloop
  endfacet
  facet normal 1 0 0
    outer loop
      vertex -2.55 7.73863 27
      vertex -2.55 11.15 35.5
      vertex -2.55 7.73863 35.5
    endloop
  endfacet
  facet normal 1 0 0
    outer loop
      vertex -2.55 11.15 35.5
      vertex -2.55 7.73863 27
      vertex -2.55 11.15 6.5
    endloop
  endfacet
  facet normal 1 0 0
    outer loop
      vertex -2.55 7.73862 6.5
      vertex -2.55 7.73863 27
      vertex -2.55 7.73862 27
    endloop
  endfacet
  facet normal 1 0 0
    outer loop
      vertex -2.55 7.73863 27
      vertex -2.55 7.73862 6.5
      vertex -2.55 11.15 6.5
    endloop
  endfacet
  facet normal -1 0 0
    outer loop
      vertex 2.55 11.15 6.5
      vertex 2.55 7.73863 27
      vertex 2.55 11.15 35.5
    endloop
  endfacet
  facet normal -1 0 0
    outer loop
      vertex 2.55 7.73862 6.5
      vertex 2.55 7.73863 27
      vertex 2.55 11.15 6.5
    endloop
  endfacet
  facet normal -1 -0 0
    outer loop
      vertex 2.55 7.73863 27
      vertex 2.55 7.73862 6.5
      vertex 2.55 7.73862 27
    endloop
  endfacet
  facet normal -1 -0 0
    outer loop
      vertex 2.55 11.15 35.5
      vertex 2.55 7.73863 27
      vertex 2.55 7.73863 35.5
    endloop
  endfacet
  facet normal 0 -1 0
    outer loop
      vertex -2.55 11.15 6.5
      vertex 2.55 11.15 35.5
      vertex -2.55 11.15 35.5
    endloop
  endfacet
  facet normal 0 -1 -0
    outer loop
      vertex 2.55 11.15 35.5
      vertex -2.55 11.15 6.5
      vertex 2.55 11.15 6.5
    endloop
  endfacet
  facet normal -0.634393 -0.77301 0
    outer loop
      vertex 7.9139 10.3136 0
      vertex 8.5715 9.77392 6.5
      vertex 7.9139 10.3136 6.5
    endloop
  endfacet
  facet normal -0.634393 -0.77301 -0
    outer loop
      vertex 8.5715 9.77392 6.5
      vertex 7.9139 10.3136 0
      vertex 8.5715 9.77392 0
    endloop
  endfacet
  facet normal 0.35225 0.935906 -0
    outer loop
      vertex -4.17871 -12.3101 0
      vertex -4.97488 -12.0104 6.5
      vertex -4.17871 -12.3101 6.5
    endloop
  endfacet
  facet normal 0.35225 0.935906 0
    outer loop
      vertex -4.97488 -12.0104 6.5
      vertex -4.17871 -12.3101 0
      vertex -4.97488 -12.0104 0
    endloop
  endfacet
  facet normal 0.910864 -0.412706 0
    outer loop
      vertex -12.0104 4.97488 6.5
      vertex -11.6593 5.74975 0
      vertex -11.6593 5.74975 6.5
    endloop
  endfacet
  facet normal 0.910864 -0.412706 0
    outer loop
      vertex -11.6593 5.74975 0
      vertex -12.0104 4.97488 6.5
      vertex -12.0104 4.97488 0
    endloop
  endfacet
  facet normal 0.910864 0.412706 0
    outer loop
      vertex -11.6593 -5.74975 6.5
      vertex -12.0104 -4.97488 0
      vertex -12.0104 -4.97488 6.5
    endloop
  endfacet
  facet normal 0.910864 0.412706 0
    outer loop
      vertex -12.0104 -4.97488 0
      vertex -11.6593 -5.74975 6.5
      vertex -11.6593 -5.74975 0
    endloop
  endfacet
  facet normal -0.986643 -0.162896 0
    outer loop
      vertex 12.8888 1.69684 0
      vertex 12.7502 2.53617 6.5
      vertex 12.7502 2.53617 0
    endloop
  endfacet
  facet normal -0.986643 -0.162896 0
    outer loop
      vertex 12.7502 2.53617 6.5
      vertex 12.8888 1.69684 0
      vertex 12.8888 1.69684 6.5
    endloop
  endfacet
  facet normal -0.95694 -0.290285 0
    outer loop
      vertex 12.557 3.36465 0
      vertex 12.3101 4.17871 6.5
      vertex 12.3101 4.17871 0
    endloop
  endfacet
  facet normal -0.95694 -0.290285 0
    outer loop
      vertex 12.3101 4.17871 6.5
      vertex 12.557 3.36465 0
      vertex 12.557 3.36465 6.5
    endloop
  endfacet
  facet normal -0.77301 -0.634393 0
    outer loop
      vertex 10.3136 7.9139 0
      vertex 9.77392 8.5715 6.5
      vertex 9.77392 8.5715 0
    endloop
  endfacet
  facet normal -0.77301 -0.634393 0
    outer loop
      vertex 9.77392 8.5715 6.5
      vertex 10.3136 7.9139 0
      vertex 10.3136 7.9139 6.5
    endloop
  endfacet
  facet normal -0.471397 -0.881921 0
    outer loop
      vertex 5.74975 11.6593 0
      vertex 6.5 11.2583 6.5
      vertex 5.74975 11.6593 6.5
    endloop
  endfacet
  facet normal -0.471397 -0.881921 -0
    outer loop
      vertex 6.5 11.2583 6.5
      vertex 5.74975 11.6593 0
      vertex 6.5 11.2583 0
    endloop
  endfacet
  facet normal 0.582478 -0.812847 0
    outer loop
      vertex -7.9139 10.3136 0
      vertex -7.22241 10.8091 6.5
      vertex -7.9139 10.3136 6.5
    endloop
  endfacet
  facet normal 0.582478 -0.812847 0
    outer loop
      vertex -7.22241 10.8091 6.5
      vertex -7.9139 10.3136 0
      vertex -7.22241 10.8091 0
    endloop
  endfacet
  facet normal -0.999465 0.0327202 0
    outer loop
      vertex 12.9722 -0.85024 0
      vertex 13 0 6.5
      vertex 13 0 0
    endloop
  endfacet
  facet normal -0.999465 0.0327202 0
    outer loop
      vertex 13 0 6.5
      vertex 12.9722 -0.85024 0
      vertex 12.9722 -0.85024 6.5
    endloop
  endfacet
  facet normal -0.935906 0.35225 0
    outer loop
      vertex 12.0104 -4.97488 0
      vertex 12.3101 -4.17871 6.5
      vertex 12.3101 -4.17871 0
    endloop
  endfacet
  facet normal -0.935906 0.35225 0
    outer loop
      vertex 12.3101 -4.17871 6.5
      vertex 12.0104 -4.97488 0
      vertex 12.0104 -4.97488 6.5
    endloop
  endfacet
  facet normal -0.290285 0.95694 0
    outer loop
      vertex 4.17871 -12.3101 0
      vertex 3.36465 -12.557 6.5
      vertex 4.17871 -12.3101 6.5
    endloop
  endfacet
  facet normal -0.290285 0.95694 0
    outer loop
      vertex 3.36465 -12.557 6.5
      vertex 4.17871 -12.3101 0
      vertex 3.36465 -12.557 0
    endloop
  endfacet
  facet normal -0.729864 0.683592 0
    outer loop
      vertex 9.19239 -9.19239 0
      vertex 9.77392 -8.5715 6.5
      vertex 9.77392 -8.5715 0
    endloop
  endfacet
  facet normal -0.729864 0.683592 0
    outer loop
      vertex 9.77392 -8.5715 6.5
      vertex 9.19239 -9.19239 0
      vertex 9.19239 -9.19239 6.5
    endloop
  endfacet
  facet normal 0.973877 0.227076 0
    outer loop
      vertex -12.557 -3.36465 6.5
      vertex -12.7502 -2.53617 0
      vertex -12.7502 -2.53617 6.5
    endloop
  endfacet
  facet normal 0.973877 0.227076 0
    outer loop
      vertex -12.7502 -2.53617 0
      vertex -12.557 -3.36465 6.5
      vertex -12.557 -3.36465 0
    endloop
  endfacet
  facet normal -0.995185 -0.0980168 0
    outer loop
      vertex 12.9722 0.85024 0
      vertex 12.8888 1.69684 6.5
      vertex 12.8888 1.69684 0
    endloop
  endfacet
  facet normal -0.995185 -0.0980168 0
    outer loop
      vertex 12.8888 1.69684 6.5
      vertex 12.9722 0.85024 0
      vertex 12.9722 0.85024 6.5
    endloop
  endfacet
  facet normal -0.812847 -0.582478 0
    outer loop
      vertex 10.8091 7.22241 0
      vertex 10.3136 7.9139 6.5
      vertex 10.3136 7.9139 0
    endloop
  endfacet
  facet normal -0.812847 -0.582478 0
    outer loop
      vertex 10.3136 7.9139 6.5
      vertex 10.8091 7.22241 0
      vertex 10.8091 7.22241 6.5
    endloop
  endfacet
  facet normal -0.290285 -0.95694 0
    outer loop
      vertex 3.36465 12.557 0
      vertex 4.17871 12.3101 6.5
      vertex 3.36465 12.557 6.5
    endloop
  endfacet
  facet normal -0.290285 -0.95694 -0
    outer loop
      vertex 4.17871 12.3101 6.5
      vertex 3.36465 12.557 0
      vertex 4.17871 12.3101 0
    endloop
  endfacet
  facet normal -0.227076 -0.973877 0
    outer loop
      vertex 2.53617 12.7502 0
      vertex 3.36465 12.557 6.5
      vertex 2.53617 12.7502 6.5
    endloop
  endfacet
  facet normal -0.227076 -0.973877 -0
    outer loop
      vertex 3.36465 12.557 6.5
      vertex 2.53617 12.7502 0
      vertex 3.36465 12.557 0
    endloop
  endfacet
  facet normal -0.162896 -0.986643 0
    outer loop
      vertex 1.69684 12.8888 0
      vertex 2.53617 12.7502 6.5
      vertex 1.69684 12.8888 6.5
    endloop
  endfacet
  facet normal -0.162896 -0.986643 -0
    outer loop
      vertex 2.53617 12.7502 6.5
      vertex 1.69684 12.8888 0
      vertex 2.53617 12.7502 0
    endloop
  endfacet
  facet normal 0.95694 -0.290285 0
    outer loop
      vertex -12.557 3.36465 6.5
      vertex -12.3101 4.17871 0
      vertex -12.3101 4.17871 6.5
    endloop
  endfacet
  facet normal 0.95694 -0.290285 0
    outer loop
      vertex -12.3101 4.17871 0
      vertex -12.557 3.36465 6.5
      vertex -12.557 3.36465 0
    endloop
  endfacet
  facet normal 0.973877 -0.227076 0
    outer loop
      vertex -12.7502 2.53617 6.5
      vertex -12.557 3.36465 0
      vertex -12.557 3.36465 6.5
    endloop
  endfacet
  facet normal 0.973877 -0.227076 0
    outer loop
      vertex -12.557 3.36465 0
      vertex -12.7502 2.53617 6.5
      vertex -12.7502 2.53617 0
    endloop
  endfacet
  facet normal 0.986643 -0.162896 0
    outer loop
      vertex -12.8888 1.69684 6.5
      vertex -12.7502 2.53617 0
      vertex -12.7502 2.53617 6.5
    endloop
  endfacet
  facet normal 0.986643 -0.162896 0
    outer loop
      vertex -12.7502 2.53617 0
      vertex -12.8888 1.69684 6.5
      vertex -12.8888 1.69684 0
    endloop
  endfacet
  facet normal 0.812847 -0.582478 0
    outer loop
      vertex -10.8091 7.22241 6.5
      vertex -10.3136 7.9139 0
      vertex -10.3136 7.9139 6.5
    endloop
  endfacet
  facet normal 0.812847 -0.582478 0
    outer loop
      vertex -10.3136 7.9139 0
      vertex -10.8091 7.22241 6.5
      vertex -10.8091 7.22241 0
    endloop
  endfacet
  facet normal 0.227076 -0.973877 0
    outer loop
      vertex -3.36465 12.557 0
      vertex -2.53617 12.7502 6.5
      vertex -3.36465 12.557 6.5
    endloop
  endfacet
  facet normal 0.227076 -0.973877 0
    outer loop
      vertex -2.53617 12.7502 6.5
      vertex -3.36465 12.557 0
      vertex -2.53617 12.7502 0
    endloop
  endfacet
  facet normal 0.162896 -0.986643 0
    outer loop
      vertex -2.53617 12.7502 0
      vertex -1.69684 12.8888 6.5
      vertex -2.53617 12.7502 6.5
    endloop
  endfacet
  facet normal 0.162896 -0.986643 0
    outer loop
      vertex -1.69684 12.8888 6.5
      vertex -2.53617 12.7502 0
      vertex -1.69684 12.8888 0
    endloop
  endfacet
  facet normal 0.412706 -0.910864 0
    outer loop
      vertex -5.74975 11.6593 0
      vertex -4.97488 12.0104 6.5
      vertex -5.74975 11.6593 6.5
    endloop
  endfacet
  facet normal 0.412706 -0.910864 0
    outer loop
      vertex -4.97488 12.0104 6.5
      vertex -5.74975 11.6593 0
      vertex -4.97488 12.0104 0
    endloop
  endfacet
  facet normal 0.471398 -0.881921 0
    outer loop
      vertex -6.5 11.2583 0
      vertex -5.74975 11.6593 6.5
      vertex -6.5 11.2583 6.5
    endloop
  endfacet
  facet normal 0.471398 -0.881921 0
    outer loop
      vertex -5.74975 11.6593 6.5
      vertex -6.5 11.2583 0
      vertex -5.74975 11.6593 0
    endloop
  endfacet
  facet normal -0.999465 -0.0327202 0
    outer loop
      vertex 13 0 0
      vertex 12.9722 0.85024 6.5
      vertex 12.9722 0.85024 0
    endloop
  endfacet
  facet normal -0.999465 -0.0327202 0
    outer loop
      vertex 12.9722 0.85024 6.5
      vertex 13 0 0
      vertex 13 0 6.5
    endloop
  endfacet
  facet normal -0.162896 0.986643 0
    outer loop
      vertex 2.53617 -12.7502 0
      vertex 1.69684 -12.8888 6.5
      vertex 2.53617 -12.7502 6.5
    endloop
  endfacet
  facet normal -0.162896 0.986643 0
    outer loop
      vertex 1.69684 -12.8888 6.5
      vertex 2.53617 -12.7502 0
      vertex 1.69684 -12.8888 0
    endloop
  endfacet
  facet normal -0.95694 0.290285 0
    outer loop
      vertex 12.3101 -4.17871 0
      vertex 12.557 -3.36465 6.5
      vertex 12.557 -3.36465 0
    endloop
  endfacet
  facet normal -0.95694 0.290285 0
    outer loop
      vertex 12.557 -3.36465 6.5
      vertex 12.3101 -4.17871 0
      vertex 12.3101 -4.17871 6.5
    endloop
  endfacet
  facet normal -0.412706 0.910864 0
    outer loop
      vertex 5.74975 -11.6593 0
      vertex 4.97488 -12.0104 6.5
      vertex 5.74975 -11.6593 6.5
    endloop
  endfacet
  facet normal -0.412706 0.910864 0
    outer loop
      vertex 4.97488 -12.0104 6.5
      vertex 5.74975 -11.6593 0
      vertex 4.97488 -12.0104 0
    endloop
  endfacet
  facet normal -0.634393 0.77301 0
    outer loop
      vertex 8.5715 -9.77392 0
      vertex 7.9139 -10.3136 6.5
      vertex 8.5715 -9.77392 6.5
    endloop
  endfacet
  facet normal -0.634393 0.77301 0
    outer loop
      vertex 7.9139 -10.3136 6.5
      vertex 8.5715 -9.77392 0
      vertex 7.9139 -10.3136 0
    endloop
  endfacet
  facet normal -0.77301 0.634393 0
    outer loop
      vertex 9.77392 -8.5715 0
      vertex 10.3136 -7.9139 6.5
      vertex 10.3136 -7.9139 0
    endloop
  endfacet
  facet normal -0.77301 0.634393 0
    outer loop
      vertex 10.3136 -7.9139 6.5
      vertex 9.77392 -8.5715 0
      vertex 9.77392 -8.5715 6.5
    endloop
  endfacet
  facet normal -0.881921 0.471397 0
    outer loop
      vertex 11.2583 -6.5 0
      vertex 11.6593 -5.74975 6.5
      vertex 11.6593 -5.74975 0
    endloop
  endfacet
  facet normal -0.881921 0.471397 0
    outer loop
      vertex 11.6593 -5.74975 6.5
      vertex 11.2583 -6.5 0
      vertex 11.2583 -6.5 6.5
    endloop
  endfacet
  facet normal -0.812847 0.582478 0
    outer loop
      vertex 10.3136 -7.9139 0
      vertex 10.8091 -7.22241 6.5
      vertex 10.8091 -7.22241 0
    endloop
  endfacet
  facet normal -0.812847 0.582478 0
    outer loop
      vertex 10.8091 -7.22241 6.5
      vertex 10.3136 -7.9139 0
      vertex 10.3136 -7.9139 6.5
    endloop
  endfacet
  facet normal 0.162896 0.986643 -0
    outer loop
      vertex -1.69684 -12.8888 0
      vertex -2.53617 -12.7502 6.5
      vertex -1.69684 -12.8888 6.5
    endloop
  endfacet
  facet normal 0.162896 0.986643 0
    outer loop
      vertex -2.53617 -12.7502 6.5
      vertex -1.69684 -12.8888 0
      vertex -2.53617 -12.7502 0
    endloop
  endfacet
  facet normal 0.0327202 0.999465 -0
    outer loop
      vertex 0 -13 0
      vertex -0.85024 -12.9722 6.5
      vertex 0 -13 6.5
    endloop
  endfacet
  facet normal 0.0327202 0.999465 0
    outer loop
      vertex -0.85024 -12.9722 6.5
      vertex 0 -13 0
      vertex -0.85024 -12.9722 0
    endloop
  endfacet
  facet normal 0.812847 0.582478 0
    outer loop
      vertex -10.3136 -7.9139 6.5
      vertex -10.8091 -7.22241 0
      vertex -10.8091 -7.22241 6.5
    endloop
  endfacet
  facet normal 0.812847 0.582478 0
    outer loop
      vertex -10.8091 -7.22241 0
      vertex -10.3136 -7.9139 6.5
      vertex -10.3136 -7.9139 0
    endloop
  endfacet
  facet normal 0.729864 0.683592 0
    outer loop
      vertex -9.19239 -9.19239 6.5
      vertex -9.77392 -8.5715 0
      vertex -9.77392 -8.5715 6.5
    endloop
  endfacet
  facet normal 0.729864 0.683592 0
    outer loop
      vertex -9.77392 -8.5715 0
      vertex -9.19239 -9.19239 6.5
      vertex -9.19239 -9.19239 0
    endloop
  endfacet
  facet normal 0.849203 0.528067 0
    outer loop
      vertex -10.8091 -7.22241 6.5
      vertex -11.2583 -6.5 0
      vertex -11.2583 -6.5 6.5
    endloop
  endfacet
  facet normal 0.849203 0.528067 0
    outer loop
      vertex -11.2583 -6.5 0
      vertex -10.8091 -7.22241 6.5
      vertex -10.8091 -7.22241 0
    endloop
  endfacet
  facet normal -0.910864 -0.412706 0
    outer loop
      vertex 12.0104 4.97488 0
      vertex 11.6593 5.74975 6.5
      vertex 11.6593 5.74975 0
    endloop
  endfacet
  facet normal -0.910864 -0.412706 0
    outer loop
      vertex 11.6593 5.74975 6.5
      vertex 12.0104 4.97488 0
      vertex 12.0104 4.97488 6.5
    endloop
  endfacet
  facet normal -0.881921 -0.471398 0
    outer loop
      vertex 11.6593 5.74975 0
      vertex 11.2583 6.5 6.5
      vertex 11.2583 6.5 0
    endloop
  endfacet
  facet normal -0.881921 -0.471398 0
    outer loop
      vertex 11.2583 6.5 6.5
      vertex 11.6593 5.74975 0
      vertex 11.6593 5.74975 6.5
    endloop
  endfacet
  facet normal -0.849203 -0.528067 0
    outer loop
      vertex 11.2583 6.5 0
      vertex 10.8091 7.22241 6.5
      vertex 10.8091 7.22241 0
    endloop
  endfacet
  facet normal -0.849203 -0.528067 0
    outer loop
      vertex 10.8091 7.22241 6.5
      vertex 11.2583 6.5 0
      vertex 11.2583 6.5 6.5
    endloop
  endfacet
  facet normal -0.683592 -0.729864 0
    outer loop
      vertex 8.5715 9.77392 0
      vertex 9.19239 9.19239 6.5
      vertex 8.5715 9.77392 6.5
    endloop
  endfacet
  facet normal -0.683592 -0.729864 -0
    outer loop
      vertex 9.19239 9.19239 6.5
      vertex 8.5715 9.77392 0
      vertex 9.19239 9.19239 0
    endloop
  endfacet
  facet normal -0.729864 -0.683592 0
    outer loop
      vertex 9.77392 8.5715 0
      vertex 9.19239 9.19239 6.5
      vertex 9.19239 9.19239 0
    endloop
  endfacet
  facet normal -0.729864 -0.683592 0
    outer loop
      vertex 9.19239 9.19239 6.5
      vertex 9.77392 8.5715 0
      vertex 9.77392 8.5715 6.5
    endloop
  endfacet
  facet normal -0.0327202 -0.999465 0
    outer loop
      vertex 0 13 0
      vertex 0.85024 12.9722 6.5
      vertex 0 13 6.5
    endloop
  endfacet
  facet normal -0.0327202 -0.999465 -0
    outer loop
      vertex 0.85024 12.9722 6.5
      vertex 0 13 0
      vertex 0.85024 12.9722 0
    endloop
  endfacet
  facet normal -0.528068 -0.849202 0
    outer loop
      vertex 6.5 11.2583 0
      vertex 7.22241 10.8091 6.5
      vertex 6.5 11.2583 6.5
    endloop
  endfacet
  facet normal -0.528068 -0.849202 -0
    outer loop
      vertex 7.22241 10.8091 6.5
      vertex 6.5 11.2583 0
      vertex 7.22241 10.8091 0
    endloop
  endfacet
  facet normal -0.35225 -0.935906 0
    outer loop
      vertex 4.17871 12.3101 0
      vertex 4.97488 12.0104 6.5
      vertex 4.17871 12.3101 6.5
    endloop
  endfacet
  facet normal -0.35225 -0.935906 -0
    outer loop
      vertex 4.97488 12.0104 6.5
      vertex 4.17871 12.3101 0
      vertex 4.97488 12.0104 0
    endloop
  endfacet
  facet normal -0.412706 -0.910864 0
    outer loop
      vertex 4.97488 12.0104 0
      vertex 5.74975 11.6593 6.5
      vertex 4.97488 12.0104 6.5
    endloop
  endfacet
  facet normal -0.412706 -0.910864 -0
    outer loop
      vertex 5.74975 11.6593 6.5
      vertex 4.97488 12.0104 0
      vertex 5.74975 11.6593 0
    endloop
  endfacet
  facet normal 0.999465 -0.0327202 0
    outer loop
      vertex -13 0 6.5
      vertex -12.9722 0.85024 0
      vertex -12.9722 0.85024 6.5
    endloop
  endfacet
  facet normal 0.999465 -0.0327202 0
    outer loop
      vertex -12.9722 0.85024 0
      vertex -13 0 6.5
      vertex -13 0 0
    endloop
  endfacet
  facet normal 0.849203 -0.528067 0
    outer loop
      vertex -11.2583 6.5 6.5
      vertex -10.8091 7.22241 0
      vertex -10.8091 7.22241 6.5
    endloop
  endfacet
  facet normal 0.849203 -0.528067 0
    outer loop
      vertex -10.8091 7.22241 0
      vertex -11.2583 6.5 6.5
      vertex -11.2583 6.5 0
    endloop
  endfacet
  facet normal 0.881921 -0.471398 0
    outer loop
      vertex -11.6593 5.74975 6.5
      vertex -11.2583 6.5 0
      vertex -11.2583 6.5 6.5
    endloop
  endfacet
  facet normal 0.881921 -0.471398 0
    outer loop
      vertex -11.2583 6.5 0
      vertex -11.6593 5.74975 6.5
      vertex -11.6593 5.74975 0
    endloop
  endfacet
  facet normal 0.729864 -0.683592 0
    outer loop
      vertex -9.77392 8.5715 6.5
      vertex -9.19239 9.19239 0
      vertex -9.19239 9.19239 6.5
    endloop
  endfacet
  facet normal 0.729864 -0.683592 0
    outer loop
      vertex -9.19239 9.19239 0
      vertex -9.77392 8.5715 6.5
      vertex -9.77392 8.5715 0
    endloop
  endfacet
  facet normal 0.77301 -0.634393 0
    outer loop
      vertex -10.3136 7.9139 6.5
      vertex -9.77392 8.5715 0
      vertex -9.77392 8.5715 6.5
    endloop
  endfacet
  facet normal 0.77301 -0.634393 0
    outer loop
      vertex -9.77392 8.5715 0
      vertex -10.3136 7.9139 6.5
      vertex -10.3136 7.9139 0
    endloop
  endfacet
  facet normal 0.35225 -0.935906 0
    outer loop
      vertex -4.97488 12.0104 0
      vertex -4.17871 12.3101 6.5
      vertex -4.97488 12.0104 6.5
    endloop
  endfacet
  facet normal 0.35225 -0.935906 0
    outer loop
      vertex -4.17871 12.3101 6.5
      vertex -4.97488 12.0104 0
      vertex -4.17871 12.3101 0
    endloop
  endfacet
  facet normal 0.290285 -0.95694 0
    outer loop
      vertex -4.17871 12.3101 0
      vertex -3.36465 12.557 6.5
      vertex -4.17871 12.3101 6.5
    endloop
  endfacet
  facet normal 0.290285 -0.95694 0
    outer loop
      vertex -3.36465 12.557 6.5
      vertex -4.17871 12.3101 0
      vertex -3.36465 12.557 0
    endloop
  endfacet
  facet normal 0.0327202 -0.999465 0
    outer loop
      vertex -0.85024 12.9722 0
      vertex 0 13 6.5
      vertex -0.85024 12.9722 6.5
    endloop
  endfacet
  facet normal 0.0327202 -0.999465 0
    outer loop
      vertex 0 13 6.5
      vertex -0.85024 12.9722 0
      vertex 0 13 0
    endloop
  endfacet
  facet normal 0.0980168 -0.995185 0
    outer loop
      vertex -1.69684 12.8888 0
      vertex -0.85024 12.9722 6.5
      vertex -1.69684 12.8888 6.5
    endloop
  endfacet
  facet normal 0.0980168 -0.995185 0
    outer loop
      vertex -0.85024 12.9722 6.5
      vertex -1.69684 12.8888 0
      vertex -0.85024 12.9722 0
    endloop
  endfacet
  facet normal 0.528067 -0.849203 0
    outer loop
      vertex -7.22241 10.8091 0
      vertex -6.5 11.2583 6.5
      vertex -7.22241 10.8091 6.5
    endloop
  endfacet
  facet normal 0.528067 -0.849203 0
    outer loop
      vertex -6.5 11.2583 6.5
      vertex -7.22241 10.8091 0
      vertex -6.5 11.2583 0
    endloop
  endfacet
  facet normal 0.683592 -0.729864 0
    outer loop
      vertex -9.19239 9.19239 0
      vertex -8.5715 9.77392 6.5
      vertex -9.19239 9.19239 6.5
    endloop
  endfacet
  facet normal 0.683592 -0.729864 0
    outer loop
      vertex -8.5715 9.77392 6.5
      vertex -9.19239 9.19239 0
      vertex -8.5715 9.77392 0
    endloop
  endfacet
  facet normal -0.0327202 0.999465 0
    outer loop
      vertex 0.85024 -12.9722 0
      vertex 0 -13 6.5
      vertex 0.85024 -12.9722 6.5
    endloop
  endfacet
  facet normal -0.0327202 0.999465 0
    outer loop
      vertex 0 -13 6.5
      vertex 0.85024 -12.9722 0
      vertex 0 -13 0
    endloop
  endfacet
  facet normal -0.995185 0.0980168 0
    outer loop
      vertex 12.8888 -1.69684 0
      vertex 12.9722 -0.85024 6.5
      vertex 12.9722 -0.85024 0
    endloop
  endfacet
  facet normal -0.995185 0.0980168 0
    outer loop
      vertex 12.9722 -0.85024 6.5
      vertex 12.8888 -1.69684 0
      vertex 12.8888 -1.69684 6.5
    endloop
  endfacet
  facet normal -0.35225 0.935906 0
    outer loop
      vertex 4.97488 -12.0104 0
      vertex 4.17871 -12.3101 6.5
      vertex 4.97488 -12.0104 6.5
    endloop
  endfacet
  facet normal -0.35225 0.935906 0
    outer loop
      vertex 4.17871 -12.3101 6.5
      vertex 4.97488 -12.0104 0
      vertex 4.17871 -12.3101 0
    endloop
  endfacet
  facet normal -0.683592 0.729864 0
    outer loop
      vertex 9.19239 -9.19239 0
      vertex 8.5715 -9.77392 6.5
      vertex 9.19239 -9.19239 6.5
    endloop
  endfacet
  facet normal -0.683592 0.729864 0
    outer loop
      vertex 8.5715 -9.77392 6.5
      vertex 9.19239 -9.19239 0
      vertex 8.5715 -9.77392 0
    endloop
  endfacet
  facet normal -0.471397 0.881921 0
    outer loop
      vertex 6.5 -11.2583 0
      vertex 5.74975 -11.6593 6.5
      vertex 6.5 -11.2583 6.5
    endloop
  endfacet
  facet normal -0.471397 0.881921 0
    outer loop
      vertex 5.74975 -11.6593 6.5
      vertex 6.5 -11.2583 0
      vertex 5.74975 -11.6593 0
    endloop
  endfacet
  facet normal -0.582478 0.812847 0
    outer loop
      vertex 7.9139 -10.3136 0
      vertex 7.22241 -10.8091 6.5
      vertex 7.9139 -10.3136 6.5
    endloop
  endfacet
  facet normal -0.582478 0.812847 0
    outer loop
      vertex 7.22241 -10.8091 6.5
      vertex 7.9139 -10.3136 0
      vertex 7.22241 -10.8091 0
    endloop
  endfacet
  facet normal -0.528068 0.849202 0
    outer loop
      vertex 7.22241 -10.8091 0
      vertex 6.5 -11.2583 6.5
      vertex 7.22241 -10.8091 6.5
    endloop
  endfacet
  facet normal -0.528068 0.849202 0
    outer loop
      vertex 6.5 -11.2583 6.5
      vertex 7.22241 -10.8091 0
      vertex 6.5 -11.2583 0
    endloop
  endfacet
  facet normal -0.910864 0.412706 0
    outer loop
      vertex 11.6593 -5.74975 0
      vertex 12.0104 -4.97488 6.5
      vertex 12.0104 -4.97488 0
    endloop
  endfacet
  facet normal -0.910864 0.412706 0
    outer loop
      vertex 12.0104 -4.97488 6.5
      vertex 11.6593 -5.74975 0
      vertex 11.6593 -5.74975 6.5
    endloop
  endfacet
  facet normal 0.227076 0.973877 -0
    outer loop
      vertex -2.53617 -12.7502 0
      vertex -3.36465 -12.557 6.5
      vertex -2.53617 -12.7502 6.5
    endloop
  endfacet
  facet normal 0.227076 0.973877 0
    outer loop
      vertex -3.36465 -12.557 6.5
      vertex -2.53617 -12.7502 0
      vertex -3.36465 -12.557 0
    endloop
  endfacet
  facet normal 0.290285 0.95694 -0
    outer loop
      vertex -3.36465 -12.557 0
      vertex -4.17871 -12.3101 6.5
      vertex -3.36465 -12.557 6.5
    endloop
  endfacet
  facet normal 0.290285 0.95694 0
    outer loop
      vertex -4.17871 -12.3101 6.5
      vertex -3.36465 -12.557 0
      vertex -4.17871 -12.3101 0
    endloop
  endfacet
  facet normal 0.0980168 0.995185 -0
    outer loop
      vertex -0.85024 -12.9722 0
      vertex -1.69684 -12.8888 6.5
      vertex -0.85024 -12.9722 6.5
    endloop
  endfacet
  facet normal 0.0980168 0.995185 0
    outer loop
      vertex -1.69684 -12.8888 6.5
      vertex -0.85024 -12.9722 0
      vertex -1.69684 -12.8888 0
    endloop
  endfacet
  facet normal 0.683592 0.729864 -0
    outer loop
      vertex -8.5715 -9.77392 0
      vertex -9.19239 -9.19239 6.5
      vertex -8.5715 -9.77392 6.5
    endloop
  endfacet
  facet normal 0.683592 0.729864 0
    outer loop
      vertex -9.19239 -9.19239 6.5
      vertex -8.5715 -9.77392 0
      vertex -9.19239 -9.19239 0
    endloop
  endfacet
  facet normal 0.582478 0.812847 -0
    outer loop
      vertex -7.22241 -10.8091 0
      vertex -7.9139 -10.3136 6.5
      vertex -7.22241 -10.8091 6.5
    endloop
  endfacet
  facet normal 0.582478 0.812847 0
    outer loop
      vertex -7.9139 -10.3136 6.5
      vertex -7.22241 -10.8091 0
      vertex -7.9139 -10.3136 0
    endloop
  endfacet
  facet normal 0.528068 0.849202 -0
    outer loop
      vertex -6.5 -11.2583 0
      vertex -7.22241 -10.8091 6.5
      vertex -6.5 -11.2583 6.5
    endloop
  endfacet
  facet normal 0.528068 0.849202 0
    outer loop
      vertex -7.22241 -10.8091 6.5
      vertex -6.5 -11.2583 0
      vertex -7.22241 -10.8091 0
    endloop
  endfacet
  facet normal 0.412706 0.910864 -0
    outer loop
      vertex -4.97488 -12.0104 0
      vertex -5.74975 -11.6593 6.5
      vertex -4.97488 -12.0104 6.5
    endloop
  endfacet
  facet normal 0.412706 0.910864 0
    outer loop
      vertex -5.74975 -11.6593 6.5
      vertex -4.97488 -12.0104 0
      vertex -5.74975 -11.6593 0
    endloop
  endfacet
  facet normal 0.471397 0.881921 -0
    outer loop
      vertex -5.74975 -11.6593 0
      vertex -6.5 -11.2583 6.5
      vertex -5.74975 -11.6593 6.5
    endloop
  endfacet
  facet normal 0.471397 0.881921 0
    outer loop
      vertex -6.5 -11.2583 6.5
      vertex -5.74975 -11.6593 0
      vertex -6.5 -11.2583 0
    endloop
  endfacet
  facet normal 0.986643 0.162896 0
    outer loop
      vertex -12.7502 -2.53617 6.5
      vertex -12.8888 -1.69684 0
      vertex -12.8888 -1.69684 6.5
    endloop
  endfacet
  facet normal 0.986643 0.162896 0
    outer loop
      vertex -12.8888 -1.69684 0
      vertex -12.7502 -2.53617 6.5
      vertex -12.7502 -2.53617 0
    endloop
  endfacet
  facet normal 0.999465 0.0327202 0
    outer loop
      vertex -12.9722 -0.85024 6.5
      vertex -13 0 0
      vertex -13 0 6.5
    endloop
  endfacet
  facet normal 0.999465 0.0327202 0
    outer loop
      vertex -13 0 0
      vertex -12.9722 -0.85024 6.5
      vertex -12.9722 -0.85024 0
    endloop
  endfacet
  facet normal 0.95694 0.290285 0
    outer loop
      vertex -12.3101 -4.17871 6.5
      vertex -12.557 -3.36465 0
      vertex -12.557 -3.36465 6.5
    endloop
  endfacet
  facet normal 0.95694 0.290285 0
    outer loop
      vertex -12.557 -3.36465 0
      vertex -12.3101 -4.17871 6.5
      vertex -12.3101 -4.17871 0
    endloop
  endfacet
  facet normal 0.77301 0.634393 0
    outer loop
      vertex -9.77392 -8.5715 6.5
      vertex -10.3136 -7.9139 0
      vertex -10.3136 -7.9139 6.5
    endloop
  endfacet
  facet normal 0.77301 0.634393 0
    outer loop
      vertex -10.3136 -7.9139 0
      vertex -9.77392 -8.5715 6.5
      vertex -9.77392 -8.5715 0
    endloop
  endfacet
  facet normal 0.881921 0.471398 0
    outer loop
      vertex -11.2583 -6.5 6.5
      vertex -11.6593 -5.74975 0
      vertex -11.6593 -5.74975 6.5
    endloop
  endfacet
  facet normal 0.881921 0.471398 0
    outer loop
      vertex -11.6593 -5.74975 0
      vertex -11.2583 -6.5 6.5
      vertex -11.2583 -6.5 0
    endloop
  endfacet
  facet normal -0.973877 -0.227076 0
    outer loop
      vertex 12.7502 2.53617 0
      vertex 12.557 3.36465 6.5
      vertex 12.557 3.36465 0
    endloop
  endfacet
  facet normal -0.973877 -0.227076 0
    outer loop
      vertex 12.557 3.36465 6.5
      vertex 12.7502 2.53617 0
      vertex 12.7502 2.53617 6.5
    endloop
  endfacet
  facet normal -0.935906 -0.35225 0
    outer loop
      vertex 12.3101 4.17871 0
      vertex 12.0104 4.97488 6.5
      vertex 12.0104 4.97488 0
    endloop
  endfacet
  facet normal -0.935906 -0.35225 0
    outer loop
      vertex 12.0104 4.97488 6.5
      vertex 12.3101 4.17871 0
      vertex 12.3101 4.17871 6.5
    endloop
  endfacet
  facet normal -0.582478 -0.812847 0
    outer loop
      vertex 7.22241 10.8091 0
      vertex 7.9139 10.3136 6.5
      vertex 7.22241 10.8091 6.5
    endloop
  endfacet
  facet normal -0.582478 -0.812847 -0
    outer loop
      vertex 7.9139 10.3136 6.5
      vertex 7.22241 10.8091 0
      vertex 7.9139 10.3136 0
    endloop
  endfacet
  facet normal -0.0980168 -0.995185 0
    outer loop
      vertex 0.85024 12.9722 0
      vertex 1.69684 12.8888 6.5
      vertex 0.85024 12.9722 6.5
    endloop
  endfacet
  facet normal -0.0980168 -0.995185 -0
    outer loop
      vertex 1.69684 12.8888 6.5
      vertex 0.85024 12.9722 0
      vertex 1.69684 12.8888 0
    endloop
  endfacet
  facet normal -0 0 -1
    outer loop
      vertex -2.55 7.73862 6.5
      vertex -2.61972 7.71747 6.5
      vertex -2.55 11.15 6.5
    endloop
  endfacet
  facet normal 0 0 -1
    outer loop
      vertex 8.14999 0 6.5
      vertex 13 0 6.5
      vertex 12.9722 -0.85024 6.5
    endloop
  endfacet
  facet normal 0 0 -1
    outer loop
      vertex 8.13254 -0.533035 6.5
      vertex 12.9722 -0.85024 6.5
      vertex 12.8888 -1.69684 6.5
    endloop
  endfacet
  facet normal 0 0 -1
    outer loop
      vertex 13 0 6.5
      vertex 8.14999 0 6.5
      vertex 12.9722 0.85024 6.5
    endloop
  endfacet
  facet normal 0 0 -1
    outer loop
      vertex 8.08026 -1.06378 6.5
      vertex 12.8888 -1.69684 6.5
      vertex 12.7502 -2.53617 6.5
    endloop
  endfacet
  facet normal 0 0 -1
    outer loop
      vertex 8.13254 0.533035 6.5
      vertex 12.9722 0.85024 6.5
      vertex 8.14999 0 6.5
    endloop
  endfacet
  facet normal 0 0 -1
    outer loop
      vertex 7.99339 -1.58998 6.5
      vertex 12.7502 -2.53617 6.5
      vertex 12.557 -3.36465 6.5
    endloop
  endfacet
  facet normal -0 0 -1
    outer loop
      vertex 12.9722 0.85024 6.5
      vertex 8.13254 0.533035 6.5
      vertex 12.8888 1.69684 6.5
    endloop
  endfacet
  facet normal 0 0 -1
    outer loop
      vertex 7.87228 -2.10938 6.5
      vertex 12.557 -3.36465 6.5
      vertex 12.3101 -4.17871 6.5
    endloop
  endfacet
  facet normal 0 0 -1
    outer loop
      vertex 8.08026 1.06378 6.5
      vertex 12.8888 1.69684 6.5
      vertex 8.13254 0.533035 6.5
    endloop
  endfacet
  facet normal 0 0 -1
    outer loop
      vertex 7.71747 -2.61972 6.5
      vertex 12.3101 -4.17871 6.5
      vertex 12.0104 -4.97488 6.5
    endloop
  endfacet
  facet normal -0 0 -1
    outer loop
      vertex 12.8888 1.69684 6.5
      vertex 8.08026 1.06378 6.5
      vertex 12.7502 2.53617 6.5
    endloop
  endfacet
  facet normal 0 0 -1
    outer loop
      vertex 7.52962 -3.11887 6.5
      vertex 12.0104 -4.97488 6.5
      vertex 11.6593 -5.74975 6.5
    endloop
  endfacet
  facet normal 0 0 -1
    outer loop
      vertex 7.99339 1.58998 6.5
      vertex 12.7502 2.53617 6.5
      vertex 8.08026 1.06378 6.5
    endloop
  endfacet
  facet normal 0 0 -1
    outer loop
      vertex 7.30951 -3.60464 6.5
      vertex 11.6593 -5.74975 6.5
      vertex 11.2583 -6.5 6.5
    endloop
  endfacet
  facet normal -0 0 -1
    outer loop
      vertex 12.7502 2.53617 6.5
      vertex 7.99339 1.58998 6.5
      vertex 12.557 3.36465 6.5
    endloop
  endfacet
  facet normal 0 0 -1
    outer loop
      vertex 7.05811 -4.075 6.5
      vertex 11.2583 -6.5 6.5
      vertex 10.8091 -7.22241 6.5
    endloop
  endfacet
  facet normal 0 0 -1
    outer loop
      vertex 7.87228 2.10938 6.5
      vertex 12.557 3.36465 6.5
      vertex 7.99339 1.58998 6.5
    endloop
  endfacet
  facet normal 0 0 -1
    outer loop
      vertex 6.77647 -4.52789 6.5
      vertex 10.8091 -7.22241 6.5
      vertex 10.3136 -7.9139 6.5
    endloop
  endfacet
  facet normal -0 0 -1
    outer loop
      vertex 12.557 3.36465 6.5
      vertex 7.87228 2.10938 6.5
      vertex 12.3101 4.17871 6.5
    endloop
  endfacet
  facet normal 0 0 -1
    outer loop
      vertex 6.46582 -4.9614 6.5
      vertex 10.3136 -7.9139 6.5
      vertex 9.77392 -8.5715 6.5
    endloop
  endfacet
  facet normal 0 0 -1
    outer loop
      vertex 7.71747 2.61972 6.5
      vertex 12.3101 4.17871 6.5
      vertex 7.87228 2.10938 6.5
    endloop
  endfacet
  facet normal 0 0 -1
    outer loop
      vertex 6.12749 -5.37366 6.5
      vertex 9.77392 -8.5715 6.5
      vertex 9.19239 -9.19239 6.5
    endloop
  endfacet
  facet normal -0 0 -1
    outer loop
      vertex 12.3101 4.17871 6.5
      vertex 7.71747 2.61972 6.5
      vertex 12.0104 4.97488 6.5
    endloop
  endfacet
  facet normal 0 0 -1
    outer loop
      vertex 5.76291 -5.76291 6.5
      vertex 9.19239 -9.19239 6.5
      vertex 8.5715 -9.77392 6.5
    endloop
  endfacet
  facet normal 0 0 -1
    outer loop
      vertex 7.52962 3.11887 6.5
      vertex 12.0104 4.97488 6.5
      vertex 7.71747 2.61972 6.5
    endloop
  endfacet
  facet normal -0 0 -1
    outer loop
      vertex 12.0104 4.97488 6.5
      vertex 7.52962 3.11887 6.5
      vertex 11.6593 5.74975 6.5
    endloop
  endfacet
  facet normal 0 0 -1
    outer loop
      vertex 12.9722 -0.85024 6.5
      vertex 8.13254 -0.533035 6.5
      vertex 8.14999 0 6.5
    endloop
  endfacet
  facet normal 0 0 -1
    outer loop
      vertex 12.8888 -1.69684 6.5
      vertex 8.08026 -1.06378 6.5
      vertex 8.13254 -0.533035 6.5
    endloop
  endfacet
  facet normal 0 0 -1
    outer loop
      vertex 12.7502 -2.53617 6.5
      vertex 7.99339 -1.58998 6.5
      vertex 8.08026 -1.06378 6.5
    endloop
  endfacet
  facet normal 0 0 -1
    outer loop
      vertex 5.37366 -6.12749 6.5
      vertex 8.5715 -9.77392 6.5
      vertex 7.9139 -10.3136 6.5
    endloop
  endfacet
  facet normal 0 0 -1
    outer loop
      vertex 12.557 -3.36465 6.5
      vertex 7.87228 -2.10938 6.5
      vertex 7.99339 -1.58998 6.5
    endloop
  endfacet
  facet normal 0 0 -1
    outer loop
      vertex 12.3101 -4.17871 6.5
      vertex 7.71747 -2.61972 6.5
      vertex 7.87228 -2.10938 6.5
    endloop
  endfacet
  facet normal 0 0 -1
    outer loop
      vertex 12.0104 -4.97488 6.5
      vertex 7.52962 -3.11887 6.5
      vertex 7.71747 -2.61972 6.5
    endloop
  endfacet
  facet normal 0 0 -1
    outer loop
      vertex 11.6593 -5.74975 6.5
      vertex 7.30951 -3.60464 6.5
      vertex 7.52962 -3.11887 6.5
    endloop
  endfacet
  facet normal 0 0 -1
    outer loop
      vertex 4.9614 -6.46582 6.5
      vertex 7.9139 -10.3136 6.5
      vertex 7.22241 -10.8091 6.5
    endloop
  endfacet
  facet normal 0 0 -1
    outer loop
      vertex 11.2583 -6.5 6.5
      vertex 7.05811 -4.075 6.5
      vertex 7.30951 -3.60464 6.5
    endloop
  endfacet
  facet normal 0 0 -1
    outer loop
      vertex 10.8091 -7.22241 6.5
      vertex 6.77647 -4.52789 6.5
      vertex 7.05811 -4.075 6.5
    endloop
  endfacet
  facet normal 0 0 -1
    outer loop
      vertex 4.52789 -6.77647 6.5
      vertex 7.22241 -10.8091 6.5
      vertex 6.5 -11.2583 6.5
    endloop
  endfacet
  facet normal 0 0 -1
    outer loop
      vertex 10.3136 -7.9139 6.5
      vertex 6.46582 -4.9614 6.5
      vertex 6.77647 -4.52789 6.5
    endloop
  endfacet
  facet normal 0 0 -1
    outer loop
      vertex 9.77392 -8.5715 6.5
      vertex 6.12749 -5.37366 6.5
      vertex 6.46582 -4.9614 6.5
    endloop
  endfacet
  facet normal 0 0 -1
    outer loop
      vertex 9.19239 -9.19239 6.5
      vertex 5.76291 -5.76291 6.5
      vertex 6.12749 -5.37366 6.5
    endloop
  endfacet
  facet normal 0 0 -1
    outer loop
      vertex 4.075 -7.05811 6.5
      vertex 6.5 -11.2583 6.5
      vertex 5.74975 -11.6593 6.5
    endloop
  endfacet
  facet normal 0 0 -1
    outer loop
      vertex 8.5715 -9.77392 6.5
      vertex 5.37366 -6.12749 6.5
      vertex 5.76291 -5.76291 6.5
    endloop
  endfacet
  facet normal 0 0 -1
    outer loop
      vertex 3.60464 -7.30951 6.5
      vertex 5.74975 -11.6593 6.5
      vertex 4.97488 -12.0104 6.5
    endloop
  endfacet
  facet normal 0 0 -1
    outer loop
      vertex 7.9139 -10.3136 6.5
      vertex 4.9614 -6.46582 6.5
      vertex 5.37366 -6.12749 6.5
    endloop
  endfacet
  facet normal 0 0 -1
    outer loop
      vertex 7.22241 -10.8091 6.5
      vertex 4.52789 -6.77647 6.5
      vertex 4.9614 -6.46582 6.5
    endloop
  endfacet
  facet normal 0 0 -1
    outer loop
      vertex 3.11887 -7.52962 6.5
      vertex 4.97488 -12.0104 6.5
      vertex 4.17871 -12.3101 6.5
    endloop
  endfacet
  facet normal 0 0 -1
    outer loop
      vertex 6.5 -11.2583 6.5
      vertex 4.075 -7.05811 6.5
      vertex 4.52789 -6.77647 6.5
    endloop
  endfacet
  facet normal 0 0 -1
    outer loop
      vertex 5.74975 -11.6593 6.5
      vertex 3.60464 -7.30951 6.5
      vertex 4.075 -7.05811 6.5
    endloop
  endfacet
  facet normal 0 0 -1
    outer loop
      vertex 2.61972 -7.71747 6.5
      vertex 4.17871 -12.3101 6.5
      vertex 3.36465 -12.557 6.5
    endloop
  endfacet
  facet normal 0 0 -1
    outer loop
      vertex 4.97488 -12.0104 6.5
      vertex 3.11887 -7.52962 6.5
      vertex 3.60464 -7.30951 6.5
    endloop
  endfacet
  facet normal 0 0 -1
    outer loop
      vertex 4.17871 -12.3101 6.5
      vertex 2.61972 -7.71747 6.5
      vertex 3.11887 -7.52962 6.5
    endloop
  endfacet
  facet normal 0 0 -1
    outer loop
      vertex 2.10938 -7.87228 6.5
      vertex 3.36465 -12.557 6.5
      vertex 2.53617 -12.7502 6.5
    endloop
  endfacet
  facet normal 0 0 -1
    outer loop
      vertex 3.36465 -12.557 6.5
      vertex 2.10938 -7.87228 6.5
      vertex 2.61972 -7.71747 6.5
    endloop
  endfacet
  facet normal 0 0 -1
    outer loop
      vertex 1.58998 -7.99339 6.5
      vertex 2.53617 -12.7502 6.5
      vertex 1.69684 -12.8888 6.5
    endloop
  endfacet
  facet normal 0 0 -1
    outer loop
      vertex 2.53617 -12.7502 6.5
      vertex 1.58998 -7.99339 6.5
      vertex 2.10938 -7.87228 6.5
    endloop
  endfacet
  facet normal 0 0 -1
    outer loop
      vertex 1.69684 -12.8888 6.5
      vertex 1.06378 -8.08026 6.5
      vertex 1.58998 -7.99339 6.5
    endloop
  endfacet
  facet normal 0 0 -1
    outer loop
      vertex 0.85024 -12.9722 6.5
      vertex 1.06378 -8.08026 6.5
      vertex 1.69684 -12.8888 6.5
    endloop
  endfacet
  facet normal 0 0 -1
    outer loop
      vertex 0.85024 -12.9722 6.5
      vertex 0.533035 -8.13254 6.5
      vertex 1.06378 -8.08026 6.5
    endloop
  endfacet
  facet normal 0 0 -1
    outer loop
      vertex 0 -13 6.5
      vertex 0.533035 -8.13254 6.5
      vertex 0.85024 -12.9722 6.5
    endloop
  endfacet
  facet normal 0 0 -1
    outer loop
      vertex 0 -13 6.5
      vertex 0 -8.14999 6.5
      vertex 0.533035 -8.13254 6.5
    endloop
  endfacet
  facet normal 0 0 -1
    outer loop
      vertex 0 -13 6.5
      vertex -0.533035 -8.13254 6.5
      vertex 0 -8.14999 6.5
    endloop
  endfacet
  facet normal 0 0 -1
    outer loop
      vertex -0.85024 -12.9722 6.5
      vertex -0.533035 -8.13254 6.5
      vertex 0 -13 6.5
    endloop
  endfacet
  facet normal 0 0 -1
    outer loop
      vertex -0.85024 -12.9722 6.5
      vertex -1.06378 -8.08026 6.5
      vertex -0.533035 -8.13254 6.5
    endloop
  endfacet
  facet normal 0 0 -1
    outer loop
      vertex -1.69684 -12.8888 6.5
      vertex -1.06378 -8.08026 6.5
      vertex -0.85024 -12.9722 6.5
    endloop
  endfacet
  facet normal -0 0 -1
    outer loop
      vertex -1.06378 -8.08026 6.5
      vertex -1.69684 -12.8888 6.5
      vertex -1.58998 -7.99339 6.5
    endloop
  endfacet
  facet normal 0 0 -1
    outer loop
      vertex -2.53617 -12.7502 6.5
      vertex -1.58998 -7.99339 6.5
      vertex -1.69684 -12.8888 6.5
    endloop
  endfacet
  facet normal -0 0 -1
    outer loop
      vertex -1.58998 -7.99339 6.5
      vertex -2.53617 -12.7502 6.5
      vertex -2.10938 -7.87228 6.5
    endloop
  endfacet
  facet normal 0 0 -1
    outer loop
      vertex -3.36465 -12.557 6.5
      vertex -2.10938 -7.87228 6.5
      vertex -2.53617 -12.7502 6.5
    endloop
  endfacet
  facet normal -0 0 -1
    outer loop
      vertex -2.10938 -7.87228 6.5
      vertex -3.36465 -12.557 6.5
      vertex -2.61972 -7.71747 6.5
    endloop
  endfacet
  facet normal 0 0 -1
    outer loop
      vertex -4.17871 -12.3101 6.5
      vertex -2.61972 -7.71747 6.5
      vertex -3.36465 -12.557 6.5
    endloop
  endfacet
  facet normal -0 0 -1
    outer loop
      vertex -2.61972 -7.71747 6.5
      vertex -4.17871 -12.3101 6.5
      vertex -3.11887 -7.52962 6.5
    endloop
  endfacet
  facet normal 0 0 -1
    outer loop
      vertex -4.97488 -12.0104 6.5
      vertex -3.11887 -7.52962 6.5
      vertex -4.17871 -12.3101 6.5
    endloop
  endfacet
  facet normal -0 0 -1
    outer loop
      vertex -3.11887 -7.52962 6.5
      vertex -4.97488 -12.0104 6.5
      vertex -3.60464 -7.30951 6.5
    endloop
  endfacet
  facet normal 0 0 -1
    outer loop
      vertex -5.74975 -11.6593 6.5
      vertex -3.60464 -7.30951 6.5
      vertex -4.97488 -12.0104 6.5
    endloop
  endfacet
  facet normal -0 0 -1
    outer loop
      vertex -3.60464 -7.30951 6.5
      vertex -5.74975 -11.6593 6.5
      vertex -4.075 -7.05811 6.5
    endloop
  endfacet
  facet normal 0 0 -1
    outer loop
      vertex -6.5 -11.2583 6.5
      vertex -4.075 -7.05811 6.5
      vertex -5.74975 -11.6593 6.5
    endloop
  endfacet
  facet normal -0 0 -1
    outer loop
      vertex -4.075 -7.05811 6.5
      vertex -6.5 -11.2583 6.5
      vertex -4.52789 -6.77647 6.5
    endloop
  endfacet
  facet normal 0 0 -1
    outer loop
      vertex -7.22241 -10.8091 6.5
      vertex -4.52789 -6.77647 6.5
      vertex -6.5 -11.2583 6.5
    endloop
  endfacet
  facet normal -0 0 -1
    outer loop
      vertex -4.52789 -6.77647 6.5
      vertex -7.22241 -10.8091 6.5
      vertex -4.9614 -6.46582 6.5
    endloop
  endfacet
  facet normal 0 0 -1
    outer loop
      vertex -7.9139 -10.3136 6.5
      vertex -4.9614 -6.46582 6.5
      vertex -7.22241 -10.8091 6.5
    endloop
  endfacet
  facet normal -0 0 -1
    outer loop
      vertex -4.9614 -6.46582 6.5
      vertex -7.9139 -10.3136 6.5
      vertex -5.37366 -6.12749 6.5
    endloop
  endfacet
  facet normal 0 0 -1
    outer loop
      vertex -8.5715 -9.77392 6.5
      vertex -5.37366 -6.12749 6.5
      vertex -7.9139 -10.3136 6.5
    endloop
  endfacet
  facet normal -0 0 -1
    outer loop
      vertex -5.37366 -6.12749 6.5
      vertex -8.5715 -9.77392 6.5
      vertex -5.76291 -5.76291 6.5
    endloop
  endfacet
  facet normal 0 0 -1
    outer loop
      vertex -9.19239 -9.19239 6.5
      vertex -5.76291 -5.76291 6.5
      vertex -8.5715 -9.77392 6.5
    endloop
  endfacet
  facet normal -0 0 -1
    outer loop
      vertex -5.76291 -5.76291 6.5
      vertex -9.19239 -9.19239 6.5
      vertex -6.12749 -5.37366 6.5
    endloop
  endfacet
  facet normal 0 0 -1
    outer loop
      vertex -9.77392 -8.5715 6.5
      vertex -6.12749 -5.37366 6.5
      vertex -9.19239 -9.19239 6.5
    endloop
  endfacet
  facet normal -0 0 -1
    outer loop
      vertex -6.12749 -5.37366 6.5
      vertex -9.77392 -8.5715 6.5
      vertex -6.46582 -4.9614 6.5
    endloop
  endfacet
  facet normal 0 0 -1
    outer loop
      vertex -10.3136 -7.9139 6.5
      vertex -6.46582 -4.9614 6.5
      vertex -9.77392 -8.5715 6.5
    endloop
  endfacet
  facet normal -0 0 -1
    outer loop
      vertex -6.46582 -4.9614 6.5
      vertex -10.3136 -7.9139 6.5
      vertex -6.77647 -4.52789 6.5
    endloop
  endfacet
  facet normal 0 0 -1
    outer loop
      vertex -10.8091 -7.22241 6.5
      vertex -6.77647 -4.52789 6.5
      vertex -10.3136 -7.9139 6.5
    endloop
  endfacet
  facet normal -0 0 -1
    outer loop
      vertex -6.77647 -4.52789 6.5
      vertex -10.8091 -7.22241 6.5
      vertex -7.05811 -4.075 6.5
    endloop
  endfacet
  facet normal 0 0 -1
    outer loop
      vertex -11.2583 -6.5 6.5
      vertex -7.05811 -4.075 6.5
      vertex -10.8091 -7.22241 6.5
    endloop
  endfacet
  facet normal -0 0 -1
    outer loop
      vertex -7.05811 -4.075 6.5
      vertex -11.2583 -6.5 6.5
      vertex -7.30951 -3.60464 6.5
    endloop
  endfacet
  facet normal 0 0 -1
    outer loop
      vertex -11.6593 -5.74975 6.5
      vertex -7.30951 -3.60464 6.5
      vertex -11.2583 -6.5 6.5
    endloop
  endfacet
  facet normal -0 0 -1
    outer loop
      vertex -7.30951 -3.60464 6.5
      vertex -11.6593 -5.74975 6.5
      vertex -7.52962 -3.11887 6.5
    endloop
  endfacet
  facet normal 0 0 -1
    outer loop
      vertex 7.30951 3.60464 6.5
      vertex 11.6593 5.74975 6.5
      vertex 7.52962 3.11887 6.5
    endloop
  endfacet
  facet normal -0 0 -1
    outer loop
      vertex 11.6593 5.74975 6.5
      vertex 7.30951 3.60464 6.5
      vertex 11.2583 6.5 6.5
    endloop
  endfacet
  facet normal 0 0 -1
    outer loop
      vertex 7.05811 4.075 6.5
      vertex 11.2583 6.5 6.5
      vertex 7.30951 3.60464 6.5
    endloop
  endfacet
  facet normal -0 0 -1
    outer loop
      vertex 11.2583 6.5 6.5
      vertex 7.05811 4.075 6.5
      vertex 10.8091 7.22241 6.5
    endloop
  endfacet
  facet normal 0 0 -1
    outer loop
      vertex 6.77647 4.52789 6.5
      vertex 10.8091 7.22241 6.5
      vertex 7.05811 4.075 6.5
    endloop
  endfacet
  facet normal -0 0 -1
    outer loop
      vertex 10.8091 7.22241 6.5
      vertex 6.77647 4.52789 6.5
      vertex 10.3136 7.9139 6.5
    endloop
  endfacet
  facet normal 0 0 -1
    outer loop
      vertex 6.46582 4.9614 6.5
      vertex 10.3136 7.9139 6.5
      vertex 6.77647 4.52789 6.5
    endloop
  endfacet
  facet normal -0 0 -1
    outer loop
      vertex 10.3136 7.9139 6.5
      vertex 6.46582 4.9614 6.5
      vertex 9.77392 8.5715 6.5
    endloop
  endfacet
  facet normal 0 0 -1
    outer loop
      vertex 6.12749 5.37366 6.5
      vertex 9.77392 8.5715 6.5
      vertex 6.46582 4.9614 6.5
    endloop
  endfacet
  facet normal -0 0 -1
    outer loop
      vertex 9.77392 8.5715 6.5
      vertex 6.12749 5.37366 6.5
      vertex 9.19239 9.19239 6.5
    endloop
  endfacet
  facet normal 0 0 -1
    outer loop
      vertex 5.76291 5.76291 6.5
      vertex 9.19239 9.19239 6.5
      vertex 6.12749 5.37366 6.5
    endloop
  endfacet
  facet normal -0 0 -1
    outer loop
      vertex 9.19239 9.19239 6.5
      vertex 5.76291 5.76291 6.5
      vertex 8.5715 9.77392 6.5
    endloop
  endfacet
  facet normal 0 0 -1
    outer loop
      vertex 5.37366 6.12749 6.5
      vertex 8.5715 9.77392 6.5
      vertex 5.76291 5.76291 6.5
    endloop
  endfacet
  facet normal -0 0 -1
    outer loop
      vertex 8.5715 9.77392 6.5
      vertex 5.37366 6.12749 6.5
      vertex 7.9139 10.3136 6.5
    endloop
  endfacet
  facet normal 0 0 -1
    outer loop
      vertex 4.9614 6.46582 6.5
      vertex 7.9139 10.3136 6.5
      vertex 5.37366 6.12749 6.5
    endloop
  endfacet
  facet normal -0 0 -1
    outer loop
      vertex 7.9139 10.3136 6.5
      vertex 4.9614 6.46582 6.5
      vertex 7.22241 10.8091 6.5
    endloop
  endfacet
  facet normal 0 0 -1
    outer loop
      vertex 4.52789 6.77647 6.5
      vertex 7.22241 10.8091 6.5
      vertex 4.9614 6.46582 6.5
    endloop
  endfacet
  facet normal -0 0 -1
    outer loop
      vertex 7.22241 10.8091 6.5
      vertex 4.52789 6.77647 6.5
      vertex 6.5 11.2583 6.5
    endloop
  endfacet
  facet normal 0 0 -1
    outer loop
      vertex 4.075 7.05811 6.5
      vertex 6.5 11.2583 6.5
      vertex 4.52789 6.77647 6.5
    endloop
  endfacet
  facet normal -0 0 -1
    outer loop
      vertex 6.5 11.2583 6.5
      vertex 4.075 7.05811 6.5
      vertex 5.74975 11.6593 6.5
    endloop
  endfacet
  facet normal 0 0 -1
    outer loop
      vertex 3.60464 7.30951 6.5
      vertex 5.74975 11.6593 6.5
      vertex 4.075 7.05811 6.5
    endloop
  endfacet
  facet normal 0 0 -1
    outer loop
      vertex 2.55 11.15 6.5
      vertex 5.74975 11.6593 6.5
      vertex 3.60464 7.30951 6.5
    endloop
  endfacet
  facet normal -0 0 -1
    outer loop
      vertex 5.74975 11.6593 6.5
      vertex 2.55 11.15 6.5
      vertex 4.97488 12.0104 6.5
    endloop
  endfacet
  facet normal -0 0 -1
    outer loop
      vertex 4.97488 12.0104 6.5
      vertex 2.55 11.15 6.5
      vertex 4.17871 12.3101 6.5
    endloop
  endfacet
  facet normal 0 0 -1
    outer loop
      vertex 2.55 11.15 6.5
      vertex 3.60464 7.30951 6.5
      vertex 3.11887 7.52962 6.5
    endloop
  endfacet
  facet normal 0 0 -1
    outer loop
      vertex 2.55 11.15 6.5
      vertex 3.11887 7.52962 6.5
      vertex 2.61972 7.71747 6.5
    endloop
  endfacet
  facet normal 0 0 -1
    outer loop
      vertex 2.55 11.15 6.5
      vertex 2.61972 7.71747 6.5
      vertex 2.55 7.73862 6.5
    endloop
  endfacet
  facet normal -0 0 -1
    outer loop
      vertex 4.17871 12.3101 6.5
      vertex 2.55 11.15 6.5
      vertex 3.36465 12.557 6.5
    endloop
  endfacet
  facet normal 0 0 -1
    outer loop
      vertex 2.55 11.15 6.5
      vertex 2.53617 12.7502 6.5
      vertex 3.36465 12.557 6.5
    endloop
  endfacet
  facet normal 0 0 -1
    outer loop
      vertex 2.55 11.15 6.5
      vertex 1.69684 12.8888 6.5
      vertex 2.53617 12.7502 6.5
    endloop
  endfacet
  facet normal 0 0 -1
    outer loop
      vertex 2.55 11.15 6.5
      vertex 0.85024 12.9722 6.5
      vertex 1.69684 12.8888 6.5
    endloop
  endfacet
  facet normal 0 0 -1
    outer loop
      vertex 2.55 11.15 6.5
      vertex 0 13 6.5
      vertex 0.85024 12.9722 6.5
    endloop
  endfacet
  facet normal 0 0 -1
    outer loop
      vertex -2.55 11.15 6.5
      vertex 0 13 6.5
      vertex 2.55 11.15 6.5
    endloop
  endfacet
  facet normal 0 0 -1
    outer loop
      vertex 0 13 6.5
      vertex -2.55 11.15 6.5
      vertex -0.85024 12.9722 6.5
    endloop
  endfacet
  facet normal 0 0 -1
    outer loop
      vertex -0.85024 12.9722 6.5
      vertex -2.55 11.15 6.5
      vertex -1.69684 12.8888 6.5
    endloop
  endfacet
  facet normal 0 0 -1
    outer loop
      vertex -1.69684 12.8888 6.5
      vertex -2.55 11.15 6.5
      vertex -2.53617 12.7502 6.5
    endloop
  endfacet
  facet normal 0 0 -1
    outer loop
      vertex -3.11887 7.52962 6.5
      vertex -2.55 11.15 6.5
      vertex -2.61972 7.71747 6.5
    endloop
  endfacet
  facet normal 0 0 -1
    outer loop
      vertex -3.60464 7.30951 6.5
      vertex -2.55 11.15 6.5
      vertex -3.11887 7.52962 6.5
    endloop
  endfacet
  facet normal 0 0 -1
    outer loop
      vertex -2.55 11.15 6.5
      vertex -3.36465 12.557 6.5
      vertex -2.53617 12.7502 6.5
    endloop
  endfacet
  facet normal 0 0 -1
    outer loop
      vertex -5.74975 11.6593 6.5
      vertex -2.55 11.15 6.5
      vertex -3.60464 7.30951 6.5
    endloop
  endfacet
  facet normal 0 0 -1
    outer loop
      vertex -5.74975 11.6593 6.5
      vertex -3.60464 7.30951 6.5
      vertex -4.075 7.05811 6.5
    endloop
  endfacet
  facet normal 0 0 -1
    outer loop
      vertex -2.55 11.15 6.5
      vertex -4.17871 12.3101 6.5
      vertex -3.36465 12.557 6.5
    endloop
  endfacet
  facet normal 0 0 -1
    outer loop
      vertex -6.5 11.2583 6.5
      vertex -4.075 7.05811 6.5
      vertex -4.52789 6.77647 6.5
    endloop
  endfacet
  facet normal 0 0 -1
    outer loop
      vertex -7.22241 10.8091 6.5
      vertex -4.52789 6.77647 6.5
      vertex -4.9614 6.46582 6.5
    endloop
  endfacet
  facet normal 0 0 -1
    outer loop
      vertex -2.55 11.15 6.5
      vertex -4.97488 12.0104 6.5
      vertex -4.17871 12.3101 6.5
    endloop
  endfacet
  facet normal 0 0 -1
    outer loop
      vertex -7.9139 10.3136 6.5
      vertex -4.9614 6.46582 6.5
      vertex -5.37366 6.12749 6.5
    endloop
  endfacet
  facet normal 0 0 -1
    outer loop
      vertex -2.55 11.15 6.5
      vertex -5.74975 11.6593 6.5
      vertex -4.97488 12.0104 6.5
    endloop
  endfacet
  facet normal 0 0 -1
    outer loop
      vertex -8.5715 9.77392 6.5
      vertex -5.37366 6.12749 6.5
      vertex -5.76291 5.76291 6.5
    endloop
  endfacet
  facet normal 0 0 -1
    outer loop
      vertex -9.19239 9.19239 6.5
      vertex -5.76291 5.76291 6.5
      vertex -6.12749 5.37366 6.5
    endloop
  endfacet
  facet normal 0 0 -1
    outer loop
      vertex -9.77392 8.5715 6.5
      vertex -6.12749 5.37366 6.5
      vertex -6.46582 4.9614 6.5
    endloop
  endfacet
  facet normal 0 0 -1
    outer loop
      vertex -4.075 7.05811 6.5
      vertex -6.5 11.2583 6.5
      vertex -5.74975 11.6593 6.5
    endloop
  endfacet
  facet normal 0 0 -1
    outer loop
      vertex -10.3136 7.9139 6.5
      vertex -6.46582 4.9614 6.5
      vertex -6.77647 4.52789 6.5
    endloop
  endfacet
  facet normal 0 0 -1
    outer loop
      vertex -10.8091 7.22241 6.5
      vertex -6.77647 4.52789 6.5
      vertex -7.05811 4.075 6.5
    endloop
  endfacet
  facet normal 0 0 -1
    outer loop
      vertex -4.52789 6.77647 6.5
      vertex -7.22241 10.8091 6.5
      vertex -6.5 11.2583 6.5
    endloop
  endfacet
  facet normal 0 0 -1
    outer loop
      vertex -11.2583 6.5 6.5
      vertex -7.05811 4.075 6.5
      vertex -7.30951 3.60464 6.5
    endloop
  endfacet
  facet normal 0 0 -1
    outer loop
      vertex -11.6593 5.74975 6.5
      vertex -7.30951 3.60464 6.5
      vertex -7.52962 3.11887 6.5
    endloop
  endfacet
  facet normal 0 0 -1
    outer loop
      vertex -12.0104 4.97488 6.5
      vertex -7.52962 3.11887 6.5
      vertex -7.71747 2.61972 6.5
    endloop
  endfacet
  facet normal 0 0 -1
    outer loop
      vertex -12.3101 4.17871 6.5
      vertex -7.71747 2.61972 6.5
      vertex -7.87228 2.10938 6.5
    endloop
  endfacet
  facet normal 0 0 -1
    outer loop
      vertex -4.9614 6.46582 6.5
      vertex -7.9139 10.3136 6.5
      vertex -7.22241 10.8091 6.5
    endloop
  endfacet
  facet normal 0 0 -1
    outer loop
      vertex -12.557 3.36465 6.5
      vertex -7.87228 2.10938 6.5
      vertex -7.99339 1.58998 6.5
    endloop
  endfacet
  facet normal 0 0 -1
    outer loop
      vertex -12.7502 2.53617 6.5
      vertex -7.99339 1.58998 6.5
      vertex -8.08026 1.06378 6.5
    endloop
  endfacet
  facet normal 0 0 -1
    outer loop
      vertex -12.8888 1.69684 6.5
      vertex -8.08026 1.06378 6.5
      vertex -8.13254 0.533035 6.5
    endloop
  endfacet
  facet normal 0 0 -1
    outer loop
      vertex -12.9722 0.85024 6.5
      vertex -8.13254 0.533035 6.5
      vertex -8.14999 0 6.5
    endloop
  endfacet
  facet normal 0 0 -1
    outer loop
      vertex -12.0104 -4.97488 6.5
      vertex -7.52962 -3.11887 6.5
      vertex -11.6593 -5.74975 6.5
    endloop
  endfacet
  facet normal 0 0 -1
    outer loop
      vertex -5.37366 6.12749 6.5
      vertex -8.5715 9.77392 6.5
      vertex -7.9139 10.3136 6.5
    endloop
  endfacet
  facet normal -0 0 -1
    outer loop
      vertex -7.52962 -3.11887 6.5
      vertex -12.0104 -4.97488 6.5
      vertex -7.71747 -2.61972 6.5
    endloop
  endfacet
  facet normal 0 0 -1
    outer loop
      vertex -5.76291 5.76291 6.5
      vertex -9.19239 9.19239 6.5
      vertex -8.5715 9.77392 6.5
    endloop
  endfacet
  facet normal 0 0 -1
    outer loop
      vertex -12.3101 -4.17871 6.5
      vertex -7.71747 -2.61972 6.5
      vertex -12.0104 -4.97488 6.5
    endloop
  endfacet
  facet normal 0 0 -1
    outer loop
      vertex -6.12749 5.37366 6.5
      vertex -9.77392 8.5715 6.5
      vertex -9.19239 9.19239 6.5
    endloop
  endfacet
  facet normal -0 0 -1
    outer loop
      vertex -7.71747 -2.61972 6.5
      vertex -12.3101 -4.17871 6.5
      vertex -7.87228 -2.10938 6.5
    endloop
  endfacet
  facet normal 0 0 -1
    outer loop
      vertex -6.46582 4.9614 6.5
      vertex -10.3136 7.9139 6.5
      vertex -9.77392 8.5715 6.5
    endloop
  endfacet
  facet normal 0 0 -1
    outer loop
      vertex -12.557 -3.36465 6.5
      vertex -7.87228 -2.10938 6.5
      vertex -12.3101 -4.17871 6.5
    endloop
  endfacet
  facet normal 0 0 -1
    outer loop
      vertex -6.77647 4.52789 6.5
      vertex -10.8091 7.22241 6.5
      vertex -10.3136 7.9139 6.5
    endloop
  endfacet
  facet normal -0 0 -1
    outer loop
      vertex -7.87228 -2.10938 6.5
      vertex -12.557 -3.36465 6.5
      vertex -7.99339 -1.58998 6.5
    endloop
  endfacet
  facet normal 0 0 -1
    outer loop
      vertex -7.05811 4.075 6.5
      vertex -11.2583 6.5 6.5
      vertex -10.8091 7.22241 6.5
    endloop
  endfacet
  facet normal 0 0 -1
    outer loop
      vertex -12.7502 -2.53617 6.5
      vertex -7.99339 -1.58998 6.5
      vertex -12.557 -3.36465 6.5
    endloop
  endfacet
  facet normal 0 0 -1
    outer loop
      vertex -7.30951 3.60464 6.5
      vertex -11.6593 5.74975 6.5
      vertex -11.2583 6.5 6.5
    endloop
  endfacet
  facet normal -0 0 -1
    outer loop
      vertex -7.99339 -1.58998 6.5
      vertex -12.7502 -2.53617 6.5
      vertex -8.08026 -1.06378 6.5
    endloop
  endfacet
  facet normal 0 0 -1
    outer loop
      vertex -7.52962 3.11887 6.5
      vertex -12.0104 4.97488 6.5
      vertex -11.6593 5.74975 6.5
    endloop
  endfacet
  facet normal 0 0 -1
    outer loop
      vertex -12.8888 -1.69684 6.5
      vertex -8.08026 -1.06378 6.5
      vertex -12.7502 -2.53617 6.5
    endloop
  endfacet
  facet normal 0 0 -1
    outer loop
      vertex -7.71747 2.61972 6.5
      vertex -12.3101 4.17871 6.5
      vertex -12.0104 4.97488 6.5
    endloop
  endfacet
  facet normal -0 0 -1
    outer loop
      vertex -8.08026 -1.06378 6.5
      vertex -12.8888 -1.69684 6.5
      vertex -8.13254 -0.533035 6.5
    endloop
  endfacet
  facet normal 0 0 -1
    outer loop
      vertex -7.87228 2.10938 6.5
      vertex -12.557 3.36465 6.5
      vertex -12.3101 4.17871 6.5
    endloop
  endfacet
  facet normal 0 0 -1
    outer loop
      vertex -12.9722 -0.85024 6.5
      vertex -8.13254 -0.533035 6.5
      vertex -12.8888 -1.69684 6.5
    endloop
  endfacet
  facet normal 0 0 -1
    outer loop
      vertex -7.99339 1.58998 6.5
      vertex -12.7502 2.53617 6.5
      vertex -12.557 3.36465 6.5
    endloop
  endfacet
  facet normal -0 0 -1
    outer loop
      vertex -8.13254 -0.533035 6.5
      vertex -12.9722 -0.85024 6.5
      vertex -8.14999 0 6.5
    endloop
  endfacet
  facet normal 0 0 -1
    outer loop
      vertex -8.08026 1.06378 6.5
      vertex -12.8888 1.69684 6.5
      vertex -12.7502 2.53617 6.5
    endloop
  endfacet
  facet normal 0 0 -1
    outer loop
      vertex -13 0 6.5
      vertex -8.14999 0 6.5
      vertex -12.9722 -0.85024 6.5
    endloop
  endfacet
  facet normal 0 0 -1
    outer loop
      vertex -8.13254 0.533035 6.5
      vertex -12.9722 0.85024 6.5
      vertex -12.8888 1.69684 6.5
    endloop
  endfacet
  facet normal 0 0 -1
    outer loop
      vertex -8.14999 0 6.5
      vertex -13 0 6.5
      vertex -12.9722 0.85024 6.5
    endloop
  endfacet
  facet normal 0.995185 -0.0980168 0
    outer loop
      vertex -12.9722 0.85024 6.5
      vertex -12.8888 1.69684 0
      vertex -12.8888 1.69684 6.5
    endloop
  endfacet
  facet normal 0.995185 -0.0980168 0
    outer loop
      vertex -12.8888 1.69684 0
      vertex -12.9722 0.85024 6.5
      vertex -12.9722 0.85024 0
    endloop
  endfacet
  facet normal 0.935906 -0.35225 0
    outer loop
      vertex -12.3101 4.17871 6.5
      vertex -12.0104 4.97488 0
      vertex -12.0104 4.97488 6.5
    endloop
  endfacet
  facet normal 0.935906 -0.35225 0
    outer loop
      vertex -12.0104 4.97488 0
      vertex -12.3101 4.17871 6.5
      vertex -12.3101 4.17871 0
    endloop
  endfacet
  facet normal 0.634393 -0.77301 0
    outer loop
      vertex -8.5715 9.77392 0
      vertex -7.9139 10.3136 6.5
      vertex -8.5715 9.77392 6.5
    endloop
  endfacet
  facet normal 0.634393 -0.77301 0
    outer loop
      vertex -7.9139 10.3136 6.5
      vertex -8.5715 9.77392 0
      vertex -7.9139 10.3136 0
    endloop
  endfacet
  facet normal -0.986643 0.162896 0
    outer loop
      vertex 12.7502 -2.53617 0
      vertex 12.8888 -1.69684 6.5
      vertex 12.8888 -1.69684 0
    endloop
  endfacet
  facet normal -0.986643 0.162896 0
    outer loop
      vertex 12.8888 -1.69684 6.5
      vertex 12.7502 -2.53617 0
      vertex 12.7502 -2.53617 6.5
    endloop
  endfacet
  facet normal -0.973877 0.227076 0
    outer loop
      vertex 12.557 -3.36465 0
      vertex 12.7502 -2.53617 6.5
      vertex 12.7502 -2.53617 0
    endloop
  endfacet
  facet normal -0.973877 0.227076 0
    outer loop
      vertex 12.7502 -2.53617 6.5
      vertex 12.557 -3.36465 0
      vertex 12.557 -3.36465 6.5
    endloop
  endfacet
  facet normal -0.227076 0.973877 0
    outer loop
      vertex 3.36465 -12.557 0
      vertex 2.53617 -12.7502 6.5
      vertex 3.36465 -12.557 6.5
    endloop
  endfacet
  facet normal -0.227076 0.973877 0
    outer loop
      vertex 2.53617 -12.7502 6.5
      vertex 3.36465 -12.557 0
      vertex 2.53617 -12.7502 0
    endloop
  endfacet
  facet normal -0.849202 0.528068 0
    outer loop
      vertex 10.8091 -7.22241 0
      vertex 11.2583 -6.5 6.5
      vertex 11.2583 -6.5 0
    endloop
  endfacet
  facet normal -0.849202 0.528068 0
    outer loop
      vertex 11.2583 -6.5 6.5
      vertex 10.8091 -7.22241 0
      vertex 10.8091 -7.22241 6.5
    endloop
  endfacet
  facet normal 0.634393 0.77301 -0
    outer loop
      vertex -7.9139 -10.3136 0
      vertex -8.5715 -9.77392 6.5
      vertex -7.9139 -10.3136 6.5
    endloop
  endfacet
  facet normal 0.634393 0.77301 0
    outer loop
      vertex -8.5715 -9.77392 6.5
      vertex -7.9139 -10.3136 0
      vertex -8.5715 -9.77392 0
    endloop
  endfacet
  facet normal 0.995185 0.0980168 0
    outer loop
      vertex -12.8888 -1.69684 6.5
      vertex -12.9722 -0.85024 0
      vertex -12.9722 -0.85024 6.5
    endloop
  endfacet
  facet normal 0.995185 0.0980168 0
    outer loop
      vertex -12.9722 -0.85024 0
      vertex -12.8888 -1.69684 6.5
      vertex -12.8888 -1.69684 0
    endloop
  endfacet
  facet normal 0.935906 0.35225 0
    outer loop
      vertex -12.0104 -4.97488 6.5
      vertex -12.3101 -4.17871 0
      vertex -12.3101 -4.17871 6.5
    endloop
  endfacet
  facet normal 0.935906 0.35225 0
    outer loop
      vertex -12.3101 -4.17871 0
      vertex -12.0104 -4.97488 6.5
      vertex -12.0104 -4.97488 0
    endloop
  endfacet
  facet normal -0.0980168 0.995185 0
    outer loop
      vertex 1.69684 -12.8888 0
      vertex 0.85024 -12.9722 6.5
      vertex 1.69684 -12.8888 6.5
    endloop
  endfacet
  facet normal -0.0980168 0.995185 0
    outer loop
      vertex 0.85024 -12.9722 6.5
      vertex 1.69684 -12.8888 0
      vertex 0.85024 -12.9722 0
    endloop
  endfacet
  facet normal 0.582478 0.812847 -0
    outer loop
      vertex 9.13142 11.9003 27
      vertex 8.33355 12.472 35.5
      vertex 9.13142 11.9003 35.5
    endloop
  endfacet
  facet normal 0.582478 0.812847 0
    outer loop
      vertex 8.33355 12.472 35.5
      vertex 9.13142 11.9003 27
      vertex 8.33355 12.472 27
    endloop
  endfacet
  facet normal -0.352251 0.935906 0
    outer loop
      vertex -4.82159 14.204 27
      vertex -5.74025 13.8582 35.5
      vertex -4.82159 14.204 35.5
    endloop
  endfacet
  facet normal -0.352251 0.935906 0
    outer loop
      vertex -5.74025 13.8582 35.5
      vertex -4.82159 14.204 27
      vertex -5.74025 13.8582 27
    endloop
  endfacet
  facet normal -0.910864 0.412707 0
    outer loop
      vertex -13.8582 5.74025 27
      vertex -13.4531 6.63433 35.5
      vertex -13.4531 6.63433 27
    endloop
  endfacet
  facet normal -0.910864 0.412707 0
    outer loop
      vertex -13.4531 6.63433 35.5
      vertex -13.8582 5.74025 27
      vertex -13.8582 5.74025 35.5
    endloop
  endfacet
  facet normal -0.910864 -0.412707 0
    outer loop
      vertex -13.4531 -6.63433 27
      vertex -13.8582 -5.74025 35.5
      vertex -13.8582 -5.74025 27
    endloop
  endfacet
  facet normal -0.910864 -0.412707 0
    outer loop
      vertex -13.8582 -5.74025 35.5
      vertex -13.4531 -6.63433 27
      vertex -13.4531 -6.63433 35.5
    endloop
  endfacet
  facet normal 0.95694 0.290284 0
    outer loop
      vertex 14.4889 3.88229 35.5
      vertex 14.204 4.82159 27
      vertex 14.204 4.82159 35.5
    endloop
  endfacet
  facet normal 0.95694 0.290284 0
    outer loop
      vertex 14.204 4.82159 27
      vertex 14.4889 3.88229 35.5
      vertex 14.4889 3.88229 27
    endloop
  endfacet
  facet normal 0.812847 0.582478 0
    outer loop
      vertex 12.472 8.33355 35.5
      vertex 11.9003 9.13142 27
      vertex 11.9003 9.13142 35.5
    endloop
  endfacet
  facet normal 0.812847 0.582478 0
    outer loop
      vertex 11.9003 9.13142 27
      vertex 12.472 8.33355 35.5
      vertex 12.472 8.33355 27
    endloop
  endfacet
  facet normal 0.528068 0.849202 -0
    outer loop
      vertex 8.33355 12.472 27
      vertex 7.5 12.9904 35.5
      vertex 8.33355 12.472 35.5
    endloop
  endfacet
  facet normal 0.528068 0.849202 0
    outer loop
      vertex 7.5 12.9904 35.5
      vertex 8.33355 12.472 27
      vertex 7.5 12.9904 27
    endloop
  endfacet
  facet normal 0.0980167 0.995185 -0
    outer loop
      vertex 1.95789 14.8717 27
      vertex 0.981047 14.9679 35.5
      vertex 1.95789 14.8717 35.5
    endloop
  endfacet
  facet normal 0.0980167 0.995185 0
    outer loop
      vertex 0.981047 14.9679 35.5
      vertex 1.95789 14.8717 27
      vertex 0.981047 14.9679 27
    endloop
  endfacet
  facet normal -0.582478 0.812847 0
    outer loop
      vertex -8.33355 12.472 27
      vertex -9.13142 11.9003 35.5
      vertex -8.33355 12.472 35.5
    endloop
  endfacet
  facet normal -0.582478 0.812847 0
    outer loop
      vertex -9.13142 11.9003 35.5
      vertex -8.33355 12.472 27
      vertex -9.13142 11.9003 27
    endloop
  endfacet
  facet normal 0.227076 -0.973877 0
    outer loop
      vertex 2.92635 -14.7118 27
      vertex 3.88229 -14.4889 35.5
      vertex 2.92635 -14.7118 35.5
    endloop
  endfacet
  facet normal 0.227076 -0.973877 0
    outer loop
      vertex 3.88229 -14.4889 35.5
      vertex 2.92635 -14.7118 27
      vertex 3.88229 -14.4889 27
    endloop
  endfacet
  facet normal 0.634394 -0.77301 0
    outer loop
      vertex 9.13142 -11.9003 27
      vertex 9.89019 -11.2776 35.5
      vertex 9.13142 -11.9003 35.5
    endloop
  endfacet
  facet normal 0.634394 -0.77301 0
    outer loop
      vertex 9.89019 -11.2776 35.5
      vertex 9.13142 -11.9003 27
      vertex 9.89019 -11.2776 27
    endloop
  endfacet
  facet normal -0.0980167 -0.995185 0
    outer loop
      vertex -1.95789 -14.8717 27
      vertex -0.981047 -14.9679 35.5
      vertex -1.95789 -14.8717 35.5
    endloop
  endfacet
  facet normal -0.0980167 -0.995185 -0
    outer loop
      vertex -0.981047 -14.9679 35.5
      vertex -1.95789 -14.8717 27
      vertex -0.981047 -14.9679 27
    endloop
  endfacet
  facet normal 0.995185 0.0980167 0
    outer loop
      vertex 14.9679 0.981047 35.5
      vertex 14.8717 1.95789 27
      vertex 14.8717 1.95789 35.5
    endloop
  endfacet
  facet normal 0.995185 0.0980167 0
    outer loop
      vertex 14.8717 1.95789 27
      vertex 14.9679 0.981047 35.5
      vertex 14.9679 0.981047 27
    endloop
  endfacet
  facet normal 0.881921 0.471397 0
    outer loop
      vertex 13.4531 6.63433 35.5
      vertex 12.9904 7.5 27
      vertex 12.9904 7.5 35.5
    endloop
  endfacet
  facet normal 0.881921 0.471397 0
    outer loop
      vertex 12.9904 7.5 27
      vertex 13.4531 6.63433 35.5
      vertex 13.4531 6.63433 27
    endloop
  endfacet
  facet normal 0.849203 0.528067 0
    outer loop
      vertex 12.9904 7.5 35.5
      vertex 12.472 8.33355 27
      vertex 12.472 8.33355 35.5
    endloop
  endfacet
  facet normal 0.849203 0.528067 0
    outer loop
      vertex 12.472 8.33355 27
      vertex 12.9904 7.5 35.5
      vertex 12.9904 7.5 27
    endloop
  endfacet
  facet normal 0.227076 0.973877 -0
    outer loop
      vertex 3.88229 14.4889 27
      vertex 2.92635 14.7118 35.5
      vertex 3.88229 14.4889 35.5
    endloop
  endfacet
  facet normal 0.227076 0.973877 0
    outer loop
      vertex 2.92635 14.7118 35.5
      vertex 3.88229 14.4889 27
      vertex 2.92635 14.7118 27
    endloop
  endfacet
  facet normal 0.412707 0.910864 -0
    outer loop
      vertex 6.63433 13.4531 27
      vertex 5.74025 13.8582 35.5
      vertex 6.63433 13.4531 35.5
    endloop
  endfacet
  facet normal 0.412707 0.910864 0
    outer loop
      vertex 5.74025 13.8582 35.5
      vertex 6.63433 13.4531 27
      vertex 5.74025 13.8582 27
    endloop
  endfacet
  facet normal 0.352251 0.935906 -0
    outer loop
      vertex 5.74025 13.8582 27
      vertex 4.82159 14.204 35.5
      vertex 5.74025 13.8582 35.5
    endloop
  endfacet
  facet normal 0.352251 0.935906 0
    outer loop
      vertex 4.82159 14.204 35.5
      vertex 5.74025 13.8582 27
      vertex 4.82159 14.204 27
    endloop
  endfacet
  facet normal 0.162896 0.986643 -0
    outer loop
      vertex 2.92635 14.7118 27
      vertex 1.95789 14.8717 35.5
      vertex 2.92635 14.7118 35.5
    endloop
  endfacet
  facet normal 0.162896 0.986643 0
    outer loop
      vertex 1.95789 14.8717 35.5
      vertex 2.92635 14.7118 27
      vertex 1.95789 14.8717 27
    endloop
  endfacet
  facet normal -0.973877 0.227076 0
    outer loop
      vertex -14.7118 2.92635 27
      vertex -14.4889 3.88229 35.5
      vertex -14.4889 3.88229 27
    endloop
  endfacet
  facet normal -0.973877 0.227076 0
    outer loop
      vertex -14.4889 3.88229 35.5
      vertex -14.7118 2.92635 27
      vertex -14.7118 2.92635 35.5
    endloop
  endfacet
  facet normal -0.935906 0.352251 0
    outer loop
      vertex -14.204 4.82159 27
      vertex -13.8582 5.74025 35.5
      vertex -13.8582 5.74025 27
    endloop
  endfacet
  facet normal -0.935906 0.352251 0
    outer loop
      vertex -13.8582 5.74025 35.5
      vertex -14.204 4.82159 27
      vertex -14.204 4.82159 35.5
    endloop
  endfacet
  facet normal -0.77301 0.634394 0
    outer loop
      vertex -11.9003 9.13142 27
      vertex -11.2776 9.89019 35.5
      vertex -11.2776 9.89019 27
    endloop
  endfacet
  facet normal -0.77301 0.634394 0
    outer loop
      vertex -11.2776 9.89019 35.5
      vertex -11.9003 9.13142 27
      vertex -11.9003 9.13142 35.5
    endloop
  endfacet
  facet normal -0.881921 0.471397 0
    outer loop
      vertex -13.4531 6.63433 27
      vertex -12.9904 7.5 35.5
      vertex -12.9904 7.5 27
    endloop
  endfacet
  facet normal -0.881921 0.471397 0
    outer loop
      vertex -12.9904 7.5 35.5
      vertex -13.4531 6.63433 27
      vertex -13.4531 6.63433 35.5
    endloop
  endfacet
  facet normal -0.812847 0.582478 0
    outer loop
      vertex -12.472 8.33355 27
      vertex -11.9003 9.13142 35.5
      vertex -11.9003 9.13142 27
    endloop
  endfacet
  facet normal -0.812847 0.582478 0
    outer loop
      vertex -11.9003 9.13142 35.5
      vertex -12.472 8.33355 27
      vertex -12.472 8.33355 35.5
    endloop
  endfacet
  facet normal -0.0980167 0.995185 0
    outer loop
      vertex -0.981047 14.9679 27
      vertex -1.95789 14.8717 35.5
      vertex -0.981047 14.9679 35.5
    endloop
  endfacet
  facet normal -0.0980167 0.995185 0
    outer loop
      vertex -1.95789 14.8717 35.5
      vertex -0.981047 14.9679 27
      vertex -1.95789 14.8717 27
    endloop
  endfacet
  facet normal -0.290284 0.95694 0
    outer loop
      vertex -3.88229 14.4889 27
      vertex -4.82159 14.204 35.5
      vertex -3.88229 14.4889 35.5
    endloop
  endfacet
  facet normal -0.290284 0.95694 0
    outer loop
      vertex -4.82159 14.204 35.5
      vertex -3.88229 14.4889 27
      vertex -4.82159 14.204 27
    endloop
  endfacet
  facet normal -0.162896 0.986643 0
    outer loop
      vertex -1.95789 14.8717 27
      vertex -2.92635 14.7118 35.5
      vertex -1.95789 14.8717 35.5
    endloop
  endfacet
  facet normal -0.162896 0.986643 0
    outer loop
      vertex -2.92635 14.7118 35.5
      vertex -1.95789 14.8717 27
      vertex -2.92635 14.7118 27
    endloop
  endfacet
  facet normal -0.412707 0.910864 0
    outer loop
      vertex -5.74025 13.8582 27
      vertex -6.63433 13.4531 35.5
      vertex -5.74025 13.8582 35.5
    endloop
  endfacet
  facet normal -0.412707 0.910864 0
    outer loop
      vertex -6.63433 13.4531 35.5
      vertex -5.74025 13.8582 27
      vertex -6.63433 13.4531 27
    endloop
  endfacet
  facet normal 0.999465 0.0327198 0
    outer loop
      vertex 15 0 35.5
      vertex 14.9679 0.981047 27
      vertex 14.9679 0.981047 35.5
    endloop
  endfacet
  facet normal 0.999465 0.0327198 0
    outer loop
      vertex 14.9679 0.981047 27
      vertex 15 0 35.5
      vertex 15 0 27
    endloop
  endfacet
  facet normal 0.162896 -0.986643 0
    outer loop
      vertex 1.95789 -14.8717 27
      vertex 2.92635 -14.7118 35.5
      vertex 1.95789 -14.8717 35.5
    endloop
  endfacet
  facet normal 0.162896 -0.986643 0
    outer loop
      vertex 2.92635 -14.7118 35.5
      vertex 1.95789 -14.8717 27
      vertex 2.92635 -14.7118 27
    endloop
  endfacet
  facet normal 0.412707 -0.910864 0
    outer loop
      vertex 5.74025 -13.8582 27
      vertex 6.63433 -13.4531 35.5
      vertex 5.74025 -13.8582 35.5
    endloop
  endfacet
  facet normal 0.412707 -0.910864 0
    outer loop
      vertex 6.63433 -13.4531 35.5
      vertex 5.74025 -13.8582 27
      vertex 6.63433 -13.4531 27
    endloop
  endfacet
  facet normal 0.582478 -0.812847 0
    outer loop
      vertex 8.33355 -12.472 27
      vertex 9.13142 -11.9003 35.5
      vertex 8.33355 -12.472 35.5
    endloop
  endfacet
  facet normal 0.582478 -0.812847 0
    outer loop
      vertex 9.13142 -11.9003 35.5
      vertex 8.33355 -12.472 27
      vertex 9.13142 -11.9003 27
    endloop
  endfacet
  facet normal -0.227076 -0.973877 0
    outer loop
      vertex -3.88229 -14.4889 27
      vertex -2.92635 -14.7118 35.5
      vertex -3.88229 -14.4889 35.5
    endloop
  endfacet
  facet normal -0.227076 -0.973877 -0
    outer loop
      vertex -2.92635 -14.7118 35.5
      vertex -3.88229 -14.4889 27
      vertex -2.92635 -14.7118 27
    endloop
  endfacet
  facet normal -0.352251 -0.935906 0
    outer loop
      vertex -5.74025 -13.8582 27
      vertex -4.82159 -14.204 35.5
      vertex -5.74025 -13.8582 35.5
    endloop
  endfacet
  facet normal -0.352251 -0.935906 -0
    outer loop
      vertex -4.82159 -14.204 35.5
      vertex -5.74025 -13.8582 27
      vertex -4.82159 -14.204 27
    endloop
  endfacet
  facet normal -0.162896 -0.986643 0
    outer loop
      vertex -2.92635 -14.7118 27
      vertex -1.95789 -14.8717 35.5
      vertex -2.92635 -14.7118 35.5
    endloop
  endfacet
  facet normal -0.162896 -0.986643 -0
    outer loop
      vertex -1.95789 -14.8717 35.5
      vertex -2.92635 -14.7118 27
      vertex -1.95789 -14.8717 27
    endloop
  endfacet
  facet normal -0.412707 -0.910864 0
    outer loop
      vertex -6.63433 -13.4531 27
      vertex -5.74025 -13.8582 35.5
      vertex -6.63433 -13.4531 35.5
    endloop
  endfacet
  facet normal -0.412707 -0.910864 -0
    outer loop
      vertex -5.74025 -13.8582 35.5
      vertex -6.63433 -13.4531 27
      vertex -5.74025 -13.8582 27
    endloop
  endfacet
  facet normal -0.995185 -0.0980167 0
    outer loop
      vertex -14.8717 -1.95789 27
      vertex -14.9679 -0.981047 35.5
      vertex -14.9679 -0.981047 27
    endloop
  endfacet
  facet normal -0.995185 -0.0980167 0
    outer loop
      vertex -14.9679 -0.981047 35.5
      vertex -14.8717 -1.95789 27
      vertex -14.8717 -1.95789 35.5
    endloop
  endfacet
  facet normal -0.849203 -0.528067 0
    outer loop
      vertex -12.472 -8.33355 27
      vertex -12.9904 -7.5 35.5
      vertex -12.9904 -7.5 27
    endloop
  endfacet
  facet normal -0.849203 -0.528067 0
    outer loop
      vertex -12.9904 -7.5 35.5
      vertex -12.472 -8.33355 27
      vertex -12.472 -8.33355 35.5
    endloop
  endfacet
  facet normal -0.812847 -0.582478 0
    outer loop
      vertex -11.9003 -9.13142 27
      vertex -12.472 -8.33355 35.5
      vertex -12.472 -8.33355 27
    endloop
  endfacet
  facet normal -0.812847 -0.582478 0
    outer loop
      vertex -12.472 -8.33355 35.5
      vertex -11.9003 -9.13142 27
      vertex -11.9003 -9.13142 35.5
    endloop
  endfacet
  facet normal 0.910864 0.412707 0
    outer loop
      vertex 13.8582 5.74025 35.5
      vertex 13.4531 6.63433 27
      vertex 13.4531 6.63433 35.5
    endloop
  endfacet
  facet normal 0.910864 0.412707 0
    outer loop
      vertex 13.4531 6.63433 27
      vertex 13.8582 5.74025 35.5
      vertex 13.8582 5.74025 27
    endloop
  endfacet
  facet normal 0.935906 0.352251 0
    outer loop
      vertex 14.204 4.82159 35.5
      vertex 13.8582 5.74025 27
      vertex 13.8582 5.74025 35.5
    endloop
  endfacet
  facet normal 0.935906 0.352251 0
    outer loop
      vertex 13.8582 5.74025 27
      vertex 14.204 4.82159 35.5
      vertex 14.204 4.82159 27
    endloop
  endfacet
  facet normal 0.729865 0.683591 0
    outer loop
      vertex 11.2776 9.89019 35.5
      vertex 10.6066 10.6066 27
      vertex 10.6066 10.6066 35.5
    endloop
  endfacet
  facet normal 0.729865 0.683591 0
    outer loop
      vertex 10.6066 10.6066 27
      vertex 11.2776 9.89019 35.5
      vertex 11.2776 9.89019 27
    endloop
  endfacet
  facet normal 0.77301 0.634394 0
    outer loop
      vertex 11.9003 9.13142 35.5
      vertex 11.2776 9.89019 27
      vertex 11.2776 9.89019 35.5
    endloop
  endfacet
  facet normal 0.77301 0.634394 0
    outer loop
      vertex 11.2776 9.89019 27
      vertex 11.9003 9.13142 35.5
      vertex 11.9003 9.13142 27
    endloop
  endfacet
  facet normal 0.683591 0.729865 -0
    outer loop
      vertex 10.6066 10.6066 27
      vertex 9.89019 11.2776 35.5
      vertex 10.6066 10.6066 35.5
    endloop
  endfacet
  facet normal 0.683591 0.729865 0
    outer loop
      vertex 9.89019 11.2776 35.5
      vertex 10.6066 10.6066 27
      vertex 9.89019 11.2776 27
    endloop
  endfacet
  facet normal 0.0327198 0.999465 -0
    outer loop
      vertex 0.981047 14.9679 27
      vertex 0 15 35.5
      vertex 0.981047 14.9679 35.5
    endloop
  endfacet
  facet normal 0.0327198 0.999465 0
    outer loop
      vertex 0 15 35.5
      vertex 0.981047 14.9679 27
      vertex 0 15 27
    endloop
  endfacet
  facet normal 0.634394 0.77301 -0
    outer loop
      vertex 9.89019 11.2776 27
      vertex 9.13142 11.9003 35.5
      vertex 9.89019 11.2776 35.5
    endloop
  endfacet
  facet normal 0.634394 0.77301 0
    outer loop
      vertex 9.13142 11.9003 35.5
      vertex 9.89019 11.2776 27
      vertex 9.13142 11.9003 27
    endloop
  endfacet
  facet normal 0.471397 0.881921 -0
    outer loop
      vertex 7.5 12.9904 27
      vertex 6.63433 13.4531 35.5
      vertex 7.5 12.9904 35.5
    endloop
  endfacet
  facet normal 0.471397 0.881921 0
    outer loop
      vertex 6.63433 13.4531 35.5
      vertex 7.5 12.9904 27
      vertex 6.63433 13.4531 27
    endloop
  endfacet
  facet normal 0.290284 0.95694 -0
    outer loop
      vertex 4.82159 14.204 27
      vertex 3.88229 14.4889 35.5
      vertex 4.82159 14.204 35.5
    endloop
  endfacet
  facet normal 0.290284 0.95694 0
    outer loop
      vertex 3.88229 14.4889 35.5
      vertex 4.82159 14.204 27
      vertex 3.88229 14.4889 27
    endloop
  endfacet
  facet normal -0.999465 0.0327198 0
    outer loop
      vertex -15 0 27
      vertex -14.9679 0.981047 35.5
      vertex -14.9679 0.981047 27
    endloop
  endfacet
  facet normal -0.999465 0.0327198 0
    outer loop
      vertex -14.9679 0.981047 35.5
      vertex -15 0 27
      vertex -15 0 35.5
    endloop
  endfacet
  facet normal -0.986643 0.162896 0
    outer loop
      vertex -14.8717 1.95789 27
      vertex -14.7118 2.92635 35.5
      vertex -14.7118 2.92635 27
    endloop
  endfacet
  facet normal -0.986643 0.162896 0
    outer loop
      vertex -14.7118 2.92635 35.5
      vertex -14.8717 1.95789 27
      vertex -14.8717 1.95789 35.5
    endloop
  endfacet
  facet normal -0.95694 0.290284 0
    outer loop
      vertex -14.4889 3.88229 27
      vertex -14.204 4.82159 35.5
      vertex -14.204 4.82159 27
    endloop
  endfacet
  facet normal -0.95694 0.290284 0
    outer loop
      vertex -14.204 4.82159 35.5
      vertex -14.4889 3.88229 27
      vertex -14.4889 3.88229 35.5
    endloop
  endfacet
  facet normal -0.849203 0.528067 0
    outer loop
      vertex -12.9904 7.5 27
      vertex -12.472 8.33355 35.5
      vertex -12.472 8.33355 27
    endloop
  endfacet
  facet normal -0.849203 0.528067 0
    outer loop
      vertex -12.472 8.33355 35.5
      vertex -12.9904 7.5 27
      vertex -12.9904 7.5 35.5
    endloop
  endfacet
  facet normal -0.729865 0.683591 0
    outer loop
      vertex -11.2776 9.89019 27
      vertex -10.6066 10.6066 35.5
      vertex -10.6066 10.6066 27
    endloop
  endfacet
  facet normal -0.729865 0.683591 0
    outer loop
      vertex -10.6066 10.6066 35.5
      vertex -11.2776 9.89019 27
      vertex -11.2776 9.89019 35.5
    endloop
  endfacet
  facet normal -0.227076 0.973877 0
    outer loop
      vertex -2.92635 14.7118 27
      vertex -3.88229 14.4889 35.5
      vertex -2.92635 14.7118 35.5
    endloop
  endfacet
  facet normal -0.227076 0.973877 0
    outer loop
      vertex -3.88229 14.4889 35.5
      vertex -2.92635 14.7118 27
      vertex -3.88229 14.4889 27
    endloop
  endfacet
  facet normal -0.0327198 0.999465 0
    outer loop
      vertex 0 15 27
      vertex -0.981047 14.9679 35.5
      vertex 0 15 35.5
    endloop
  endfacet
  facet normal -0.0327198 0.999465 0
    outer loop
      vertex -0.981047 14.9679 35.5
      vertex 0 15 27
      vertex -0.981047 14.9679 27
    endloop
  endfacet
  facet normal -0.471397 0.881921 0
    outer loop
      vertex -6.63433 13.4531 27
      vertex -7.5 12.9904 35.5
      vertex -6.63433 13.4531 35.5
    endloop
  endfacet
  facet normal -0.471397 0.881921 0
    outer loop
      vertex -7.5 12.9904 35.5
      vertex -6.63433 13.4531 27
      vertex -7.5 12.9904 27
    endloop
  endfacet
  facet normal -0.528067 0.849203 0
    outer loop
      vertex -7.5 12.9904 27
      vertex -8.33355 12.472 35.5
      vertex -7.5 12.9904 35.5
    endloop
  endfacet
  facet normal -0.528067 0.849203 0
    outer loop
      vertex -8.33355 12.472 35.5
      vertex -7.5 12.9904 27
      vertex -8.33355 12.472 27
    endloop
  endfacet
  facet normal -0.683591 0.729865 0
    outer loop
      vertex -9.89019 11.2776 27
      vertex -10.6066 10.6066 35.5
      vertex -9.89019 11.2776 35.5
    endloop
  endfacet
  facet normal -0.683591 0.729865 0
    outer loop
      vertex -10.6066 10.6066 35.5
      vertex -9.89019 11.2776 27
      vertex -10.6066 10.6066 27
    endloop
  endfacet
  facet normal -0.634394 0.77301 0
    outer loop
      vertex -9.13142 11.9003 27
      vertex -9.89019 11.2776 35.5
      vertex -9.13142 11.9003 35.5
    endloop
  endfacet
  facet normal -0.634394 0.77301 0
    outer loop
      vertex -9.89019 11.2776 35.5
      vertex -9.13142 11.9003 27
      vertex -9.89019 11.2776 27
    endloop
  endfacet
  facet normal 0.995185 -0.0980167 0
    outer loop
      vertex 14.8717 -1.95789 35.5
      vertex 14.9679 -0.981047 27
      vertex 14.9679 -0.981047 35.5
    endloop
  endfacet
  facet normal 0.995185 -0.0980167 0
    outer loop
      vertex 14.9679 -0.981047 27
      vertex 14.8717 -1.95789 35.5
      vertex 14.8717 -1.95789 27
    endloop
  endfacet
  facet normal 0.0327198 -0.999465 0
    outer loop
      vertex 0 -15 27
      vertex 0.981047 -14.9679 35.5
      vertex 0 -15 35.5
    endloop
  endfacet
  facet normal 0.0327198 -0.999465 0
    outer loop
      vertex 0.981047 -14.9679 35.5
      vertex 0 -15 27
      vertex 0.981047 -14.9679 27
    endloop
  endfacet
  facet normal 0.986643 -0.162896 0
    outer loop
      vertex 14.7118 -2.92635 35.5
      vertex 14.8717 -1.95789 27
      vertex 14.8717 -1.95789 35.5
    endloop
  endfacet
  facet normal 0.986643 -0.162896 0
    outer loop
      vertex 14.8717 -1.95789 27
      vertex 14.7118 -2.92635 35.5
      vertex 14.7118 -2.92635 27
    endloop
  endfacet
  facet normal 0.999465 -0.0327198 0
    outer loop
      vertex 14.9679 -0.981047 35.5
      vertex 15 0 27
      vertex 15 0 35.5
    endloop
  endfacet
  facet normal 0.999465 -0.0327198 0
    outer loop
      vertex 15 0 27
      vertex 14.9679 -0.981047 35.5
      vertex 14.9679 -0.981047 27
    endloop
  endfacet
  facet normal 0.95694 -0.290284 0
    outer loop
      vertex 14.204 -4.82159 35.5
      vertex 14.4889 -3.88229 27
      vertex 14.4889 -3.88229 35.5
    endloop
  endfacet
  facet normal 0.95694 -0.290284 0
    outer loop
      vertex 14.4889 -3.88229 27
      vertex 14.204 -4.82159 35.5
      vertex 14.204 -4.82159 27
    endloop
  endfacet
  facet normal 0.935906 -0.352251 0
    outer loop
      vertex 13.8582 -5.74025 35.5
      vertex 14.204 -4.82159 27
      vertex 14.204 -4.82159 35.5
    endloop
  endfacet
  facet normal 0.935906 -0.352251 0
    outer loop
      vertex 14.204 -4.82159 27
      vertex 13.8582 -5.74025 35.5
      vertex 13.8582 -5.74025 27
    endloop
  endfacet
  facet normal 0.0980167 -0.995185 0
    outer loop
      vertex 0.981047 -14.9679 27
      vertex 1.95789 -14.8717 35.5
      vertex 0.981047 -14.9679 35.5
    endloop
  endfacet
  facet normal 0.0980167 -0.995185 0
    outer loop
      vertex 1.95789 -14.8717 35.5
      vertex 0.981047 -14.9679 27
      vertex 1.95789 -14.8717 27
    endloop
  endfacet
  facet normal 0.352251 -0.935906 0
    outer loop
      vertex 4.82159 -14.204 27
      vertex 5.74025 -13.8582 35.5
      vertex 4.82159 -14.204 35.5
    endloop
  endfacet
  facet normal 0.352251 -0.935906 0
    outer loop
      vertex 5.74025 -13.8582 35.5
      vertex 4.82159 -14.204 27
      vertex 5.74025 -13.8582 27
    endloop
  endfacet
  facet normal 0.683591 -0.729865 0
    outer loop
      vertex 9.89019 -11.2776 27
      vertex 10.6066 -10.6066 35.5
      vertex 9.89019 -11.2776 35.5
    endloop
  endfacet
  facet normal 0.683591 -0.729865 0
    outer loop
      vertex 10.6066 -10.6066 35.5
      vertex 9.89019 -11.2776 27
      vertex 10.6066 -10.6066 27
    endloop
  endfacet
  facet normal 0.471397 -0.881921 0
    outer loop
      vertex 6.63433 -13.4531 27
      vertex 7.5 -12.9904 35.5
      vertex 6.63433 -13.4531 35.5
    endloop
  endfacet
  facet normal 0.471397 -0.881921 0
    outer loop
      vertex 7.5 -12.9904 35.5
      vertex 6.63433 -13.4531 27
      vertex 7.5 -12.9904 27
    endloop
  endfacet
  facet normal -0.0327198 -0.999465 0
    outer loop
      vertex -0.981047 -14.9679 27
      vertex 0 -15 35.5
      vertex -0.981047 -14.9679 35.5
    endloop
  endfacet
  facet normal -0.0327198 -0.999465 -0
    outer loop
      vertex 0 -15 35.5
      vertex -0.981047 -14.9679 27
      vertex 0 -15 27
    endloop
  endfacet
  facet normal -0.290284 -0.95694 0
    outer loop
      vertex -4.82159 -14.204 27
      vertex -3.88229 -14.4889 35.5
      vertex -4.82159 -14.204 35.5
    endloop
  endfacet
  facet normal -0.290284 -0.95694 -0
    outer loop
      vertex -3.88229 -14.4889 35.5
      vertex -4.82159 -14.204 27
      vertex -3.88229 -14.4889 27
    endloop
  endfacet
  facet normal -0.528068 -0.849202 0
    outer loop
      vertex -8.33355 -12.472 27
      vertex -7.5 -12.9904 35.5
      vertex -8.33355 -12.472 35.5
    endloop
  endfacet
  facet normal -0.528068 -0.849202 -0
    outer loop
      vertex -7.5 -12.9904 35.5
      vertex -8.33355 -12.472 27
      vertex -7.5 -12.9904 27
    endloop
  endfacet
  facet normal -0.582478 -0.812847 0
    outer loop
      vertex -9.13142 -11.9003 27
      vertex -8.33355 -12.472 35.5
      vertex -9.13142 -11.9003 35.5
    endloop
  endfacet
  facet normal -0.582478 -0.812847 -0
    outer loop
      vertex -8.33355 -12.472 35.5
      vertex -9.13142 -11.9003 27
      vertex -8.33355 -12.472 27
    endloop
  endfacet
  facet normal -0.683591 -0.729865 0
    outer loop
      vertex -10.6066 -10.6066 27
      vertex -9.89019 -11.2776 35.5
      vertex -10.6066 -10.6066 35.5
    endloop
  endfacet
  facet normal -0.683591 -0.729865 -0
    outer loop
      vertex -9.89019 -11.2776 35.5
      vertex -10.6066 -10.6066 27
      vertex -9.89019 -11.2776 27
    endloop
  endfacet
  facet normal -0.986643 -0.162896 0
    outer loop
      vertex -14.7118 -2.92635 27
      vertex -14.8717 -1.95789 35.5
      vertex -14.8717 -1.95789 27
    endloop
  endfacet
  facet normal -0.986643 -0.162896 0
    outer loop
      vertex -14.8717 -1.95789 35.5
      vertex -14.7118 -2.92635 27
      vertex -14.7118 -2.92635 35.5
    endloop
  endfacet
  facet normal -0.999465 -0.0327198 0
    outer loop
      vertex -14.9679 -0.981047 27
      vertex -15 0 35.5
      vertex -15 0 27
    endloop
  endfacet
  facet normal -0.999465 -0.0327198 0
    outer loop
      vertex -15 0 35.5
      vertex -14.9679 -0.981047 27
      vertex -14.9679 -0.981047 35.5
    endloop
  endfacet
  facet normal -0.935906 -0.352251 0
    outer loop
      vertex -13.8582 -5.74025 27
      vertex -14.204 -4.82159 35.5
      vertex -14.204 -4.82159 27
    endloop
  endfacet
  facet normal -0.935906 -0.352251 0
    outer loop
      vertex -14.204 -4.82159 35.5
      vertex -13.8582 -5.74025 27
      vertex -13.8582 -5.74025 35.5
    endloop
  endfacet
  facet normal -0.973877 -0.227076 0
    outer loop
      vertex -14.4889 -3.88229 27
      vertex -14.7118 -2.92635 35.5
      vertex -14.7118 -2.92635 27
    endloop
  endfacet
  facet normal -0.973877 -0.227076 0
    outer loop
      vertex -14.7118 -2.92635 35.5
      vertex -14.4889 -3.88229 27
      vertex -14.4889 -3.88229 35.5
    endloop
  endfacet
  facet normal -0.881921 -0.471397 0
    outer loop
      vertex -12.9904 -7.5 27
      vertex -13.4531 -6.63433 35.5
      vertex -13.4531 -6.63433 27
    endloop
  endfacet
  facet normal -0.881921 -0.471397 0
    outer loop
      vertex -13.4531 -6.63433 35.5
      vertex -12.9904 -7.5 27
      vertex -12.9904 -7.5 35.5
    endloop
  endfacet
  facet normal -0.77301 -0.634394 0
    outer loop
      vertex -11.2776 -9.89019 27
      vertex -11.9003 -9.13142 35.5
      vertex -11.9003 -9.13142 27
    endloop
  endfacet
  facet normal -0.77301 -0.634394 0
    outer loop
      vertex -11.9003 -9.13142 35.5
      vertex -11.2776 -9.89019 27
      vertex -11.2776 -9.89019 35.5
    endloop
  endfacet
  facet normal 0.973877 0.227076 0
    outer loop
      vertex 14.7118 2.92635 35.5
      vertex 14.4889 3.88229 27
      vertex 14.4889 3.88229 35.5
    endloop
  endfacet
  facet normal 0.973877 0.227076 0
    outer loop
      vertex 14.4889 3.88229 27
      vertex 14.7118 2.92635 35.5
      vertex 14.7118 2.92635 27
    endloop
  endfacet
  facet normal 0.986643 0.162896 0
    outer loop
      vertex 14.8717 1.95789 35.5
      vertex 14.7118 2.92635 27
      vertex 14.7118 2.92635 35.5
    endloop
  endfacet
  facet normal 0.986643 0.162896 0
    outer loop
      vertex 14.7118 2.92635 27
      vertex 14.8717 1.95789 35.5
      vertex 14.8717 1.95789 27
    endloop
  endfacet
  facet normal 0 0 1
    outer loop
      vertex 8.15 0 35.5
      vertex 15 0 35.5
      vertex 14.9679 0.981047 35.5
    endloop
  endfacet
  facet normal 0 0 1
    outer loop
      vertex 8.13255 0.533035 35.5
      vertex 14.9679 0.981047 35.5
      vertex 14.8717 1.95789 35.5
    endloop
  endfacet
  facet normal 0 0 1
    outer loop
      vertex 15 0 35.5
      vertex 8.15 0 35.5
      vertex 14.9679 -0.981047 35.5
    endloop
  endfacet
  facet normal 0 0 1
    outer loop
      vertex 8.08028 1.06379 35.5
      vertex 14.8717 1.95789 35.5
      vertex 14.7118 2.92635 35.5
    endloop
  endfacet
  facet normal -0 0 1
    outer loop
      vertex 8.13255 -0.533035 35.5
      vertex 14.9679 -0.981047 35.5
      vertex 8.15 0 35.5
    endloop
  endfacet
  facet normal 0 0 1
    outer loop
      vertex 7.9934 1.58999 35.5
      vertex 14.7118 2.92635 35.5
      vertex 14.4889 3.88229 35.5
    endloop
  endfacet
  facet normal 0 0 1
    outer loop
      vertex 14.9679 -0.981047 35.5
      vertex 8.13255 -0.533035 35.5
      vertex 14.8717 -1.95789 35.5
    endloop
  endfacet
  facet normal 0 0 1
    outer loop
      vertex 7.8723 2.10938 35.5
      vertex 14.4889 3.88229 35.5
      vertex 14.204 4.82159 35.5
    endloop
  endfacet
  facet normal -0 0 1
    outer loop
      vertex 8.08028 -1.06379 35.5
      vertex 14.8717 -1.95789 35.5
      vertex 8.13255 -0.533035 35.5
    endloop
  endfacet
  facet normal 0 0 1
    outer loop
      vertex 7.71748 2.61973 35.5
      vertex 14.204 4.82159 35.5
      vertex 13.8582 5.74025 35.5
    endloop
  endfacet
  facet normal 0 0 1
    outer loop
      vertex 14.8717 -1.95789 35.5
      vertex 8.08028 -1.06379 35.5
      vertex 14.7118 -2.92635 35.5
    endloop
  endfacet
  facet normal 0 0 1
    outer loop
      vertex 7.52962 3.11887 35.5
      vertex 13.8582 5.74025 35.5
      vertex 13.4531 6.63433 35.5
    endloop
  endfacet
  facet normal -0 0 1
    outer loop
      vertex 7.9934 -1.58999 35.5
      vertex 14.7118 -2.92635 35.5
      vertex 8.08028 -1.06379 35.5
    endloop
  endfacet
  facet normal 0 0 1
    outer loop
      vertex 7.30951 3.60465 35.5
      vertex 13.4531 6.63433 35.5
      vertex 12.9904 7.5 35.5
    endloop
  endfacet
  facet normal 0 0 1
    outer loop
      vertex 14.7118 -2.92635 35.5
      vertex 7.9934 -1.58999 35.5
      vertex 14.4889 -3.88229 35.5
    endloop
  endfacet
  facet normal 0 0 1
    outer loop
      vertex 7.05811 4.075 35.5
      vertex 12.9904 7.5 35.5
      vertex 12.472 8.33355 35.5
    endloop
  endfacet
  facet normal -0 0 1
    outer loop
      vertex 7.8723 -2.10938 35.5
      vertex 14.4889 -3.88229 35.5
      vertex 7.9934 -1.58999 35.5
    endloop
  endfacet
  facet normal 0 0 1
    outer loop
      vertex 6.77648 4.5279 35.5
      vertex 12.472 8.33355 35.5
      vertex 11.9003 9.13142 35.5
    endloop
  endfacet
  facet normal 0 0 1
    outer loop
      vertex 14.4889 -3.88229 35.5
      vertex 7.8723 -2.10938 35.5
      vertex 14.204 -4.82159 35.5
    endloop
  endfacet
  facet normal 0 0 1
    outer loop
      vertex 6.46583 4.9614 35.5
      vertex 11.9003 9.13142 35.5
      vertex 11.2776 9.89019 35.5
    endloop
  endfacet
  facet normal -0 0 1
    outer loop
      vertex 7.71748 -2.61973 35.5
      vertex 14.204 -4.82159 35.5
      vertex 7.8723 -2.10938 35.5
    endloop
  endfacet
  facet normal 0 0 1
    outer loop
      vertex 6.12749 5.37367 35.5
      vertex 11.2776 9.89019 35.5
      vertex 10.6066 10.6066 35.5
    endloop
  endfacet
  facet normal 0 0 1
    outer loop
      vertex 14.204 -4.82159 35.5
      vertex 7.71748 -2.61973 35.5
      vertex 13.8582 -5.74025 35.5
    endloop
  endfacet
  facet normal 0 0 1
    outer loop
      vertex 5.76292 5.76292 35.5
      vertex 10.6066 10.6066 35.5
      vertex 9.89019 11.2776 35.5
    endloop
  endfacet
  facet normal -0 0 1
    outer loop
      vertex 7.52962 -3.11887 35.5
      vertex 13.8582 -5.74025 35.5
      vertex 7.71748 -2.61973 35.5
    endloop
  endfacet
  facet normal 0 0 1
    outer loop
      vertex 5.37367 6.12749 35.5
      vertex 9.89019 11.2776 35.5
      vertex 9.13142 11.9003 35.5
    endloop
  endfacet
  facet normal 0 0 1
    outer loop
      vertex 13.8582 -5.74025 35.5
      vertex 7.52962 -3.11887 35.5
      vertex 13.4531 -6.63433 35.5
    endloop
  endfacet
  facet normal 0 0 1
    outer loop
      vertex 4.9614 6.46583 35.5
      vertex 9.13142 11.9003 35.5
      vertex 8.33355 12.472 35.5
    endloop
  endfacet
  facet normal -0 0 1
    outer loop
      vertex 7.30951 -3.60465 35.5
      vertex 13.4531 -6.63433 35.5
      vertex 7.52962 -3.11887 35.5
    endloop
  endfacet
  facet normal 0 0 1
    outer loop
      vertex 13.4531 -6.63433 35.5
      vertex 7.30951 -3.60465 35.5
      vertex 12.9904 -7.5 35.5
    endloop
  endfacet
  facet normal 0 0 1
    outer loop
      vertex 14.9679 0.981047 35.5
      vertex 8.13255 0.533035 35.5
      vertex 8.15 0 35.5
    endloop
  endfacet
  facet normal 0 0 1
    outer loop
      vertex 14.8717 1.95789 35.5
      vertex 8.08028 1.06379 35.5
      vertex 8.13255 0.533035 35.5
    endloop
  endfacet
  facet normal 0 0 1
    outer loop
      vertex 14.7118 2.92635 35.5
      vertex 7.9934 1.58999 35.5
      vertex 8.08028 1.06379 35.5
    endloop
  endfacet
  facet normal 0 0 1
    outer loop
      vertex 14.4889 3.88229 35.5
      vertex 7.8723 2.10938 35.5
      vertex 7.9934 1.58999 35.5
    endloop
  endfacet
  facet normal 0 0 1
    outer loop
      vertex 14.204 4.82159 35.5
      vertex 7.71748 2.61973 35.5
      vertex 7.8723 2.10938 35.5
    endloop
  endfacet
  facet normal 0 0 1
    outer loop
      vertex 13.8582 5.74025 35.5
      vertex 7.52962 3.11887 35.5
      vertex 7.71748 2.61973 35.5
    endloop
  endfacet
  facet normal 0 0 1
    outer loop
      vertex 4.5279 6.77648 35.5
      vertex 8.33355 12.472 35.5
      vertex 7.5 12.9904 35.5
    endloop
  endfacet
  facet normal 0 0 1
    outer loop
      vertex 13.4531 6.63433 35.5
      vertex 7.30951 3.60465 35.5
      vertex 7.52962 3.11887 35.5
    endloop
  endfacet
  facet normal 0 0 1
    outer loop
      vertex 12.9904 7.5 35.5
      vertex 7.05811 4.075 35.5
      vertex 7.30951 3.60465 35.5
    endloop
  endfacet
  facet normal 0 0 1
    outer loop
      vertex 12.472 8.33355 35.5
      vertex 6.77648 4.5279 35.5
      vertex 7.05811 4.075 35.5
    endloop
  endfacet
  facet normal 0 0 1
    outer loop
      vertex 2.55 11.15 35.5
      vertex 7.5 12.9904 35.5
      vertex 6.63433 13.4531 35.5
    endloop
  endfacet
  facet normal 0 0 1
    outer loop
      vertex 11.9003 9.13142 35.5
      vertex 6.46583 4.9614 35.5
      vertex 6.77648 4.5279 35.5
    endloop
  endfacet
  facet normal 0 0 1
    outer loop
      vertex 11.2776 9.89019 35.5
      vertex 6.12749 5.37367 35.5
      vertex 6.46583 4.9614 35.5
    endloop
  endfacet
  facet normal 0 0 1
    outer loop
      vertex 10.6066 10.6066 35.5
      vertex 5.76292 5.76292 35.5
      vertex 6.12749 5.37367 35.5
    endloop
  endfacet
  facet normal 0 0 1
    outer loop
      vertex 2.55 11.15 35.5
      vertex 6.63433 13.4531 35.5
      vertex 5.74025 13.8582 35.5
    endloop
  endfacet
  facet normal 0 0 1
    outer loop
      vertex 9.89019 11.2776 35.5
      vertex 5.37367 6.12749 35.5
      vertex 5.76292 5.76292 35.5
    endloop
  endfacet
  facet normal 0 0 1
    outer loop
      vertex 9.13142 11.9003 35.5
      vertex 4.9614 6.46583 35.5
      vertex 5.37367 6.12749 35.5
    endloop
  endfacet
  facet normal 0 0 1
    outer loop
      vertex 2.55 11.15 35.5
      vertex 5.74025 13.8582 35.5
      vertex 4.82159 14.204 35.5
    endloop
  endfacet
  facet normal 0 0 1
    outer loop
      vertex 8.33355 12.472 35.5
      vertex 4.5279 6.77648 35.5
      vertex 4.9614 6.46583 35.5
    endloop
  endfacet
  facet normal 0 0 1
    outer loop
      vertex 7.5 12.9904 35.5
      vertex 2.55 11.15 35.5
      vertex 4.075 7.05811 35.5
    endloop
  endfacet
  facet normal 0 0 1
    outer loop
      vertex 2.55 11.15 35.5
      vertex 4.82159 14.204 35.5
      vertex 3.88229 14.4889 35.5
    endloop
  endfacet
  facet normal 0 0 1
    outer loop
      vertex 7.5 12.9904 35.5
      vertex 4.075 7.05811 35.5
      vertex 4.5279 6.77648 35.5
    endloop
  endfacet
  facet normal 0 0 1
    outer loop
      vertex 4.075 7.05811 35.5
      vertex 2.55 11.15 35.5
      vertex 3.60465 7.30951 35.5
    endloop
  endfacet
  facet normal 0 0 1
    outer loop
      vertex 2.55 11.15 35.5
      vertex 3.88229 14.4889 35.5
      vertex 2.92635 14.7118 35.5
    endloop
  endfacet
  facet normal 0 0 1
    outer loop
      vertex 3.60465 7.30951 35.5
      vertex 2.55 11.15 35.5
      vertex 3.11887 7.52962 35.5
    endloop
  endfacet
  facet normal 0 0 1
    outer loop
      vertex 3.11887 7.52962 35.5
      vertex 2.55 11.15 35.5
      vertex 2.61973 7.71748 35.5
    endloop
  endfacet
  facet normal 0 0 1
    outer loop
      vertex 1.95789 14.8717 35.5
      vertex 2.55 11.15 35.5
      vertex 2.92635 14.7118 35.5
    endloop
  endfacet
  facet normal 0 0 1
    outer loop
      vertex 0.981047 14.9679 35.5
      vertex 2.55 11.15 35.5
      vertex 1.95789 14.8717 35.5
    endloop
  endfacet
  facet normal 0 0 1
    outer loop
      vertex 0 15 35.5
      vertex 2.55 11.15 35.5
      vertex 0.981047 14.9679 35.5
    endloop
  endfacet
  facet normal 0 0 1
    outer loop
      vertex -2.55 11.15 35.5
      vertex 0 15 35.5
      vertex -0.981047 14.9679 35.5
    endloop
  endfacet
  facet normal 0 0 1
    outer loop
      vertex -2.55 11.15 35.5
      vertex -0.981047 14.9679 35.5
      vertex -1.95789 14.8717 35.5
    endloop
  endfacet
  facet normal 0 0 1
    outer loop
      vertex 0 15 35.5
      vertex -2.55 11.15 35.5
      vertex 2.55 11.15 35.5
    endloop
  endfacet
  facet normal 0 0 1
    outer loop
      vertex -2.55 11.15 35.5
      vertex -2.61973 7.71748 35.5
      vertex -2.55 7.73863 35.5
    endloop
  endfacet
  facet normal -0 0 1
    outer loop
      vertex -2.92635 14.7118 35.5
      vertex -2.55 11.15 35.5
      vertex -1.95789 14.8717 35.5
    endloop
  endfacet
  facet normal -0 0 1
    outer loop
      vertex -3.88229 14.4889 35.5
      vertex -2.55 11.15 35.5
      vertex -2.92635 14.7118 35.5
    endloop
  endfacet
  facet normal -0 0 1
    outer loop
      vertex -4.82159 14.204 35.5
      vertex -2.55 11.15 35.5
      vertex -3.88229 14.4889 35.5
    endloop
  endfacet
  facet normal -0 0 1
    outer loop
      vertex -5.74025 13.8582 35.5
      vertex -2.55 11.15 35.5
      vertex -4.82159 14.204 35.5
    endloop
  endfacet
  facet normal 0 0 1
    outer loop
      vertex -2.55 11.15 35.5
      vertex -3.11887 7.52962 35.5
      vertex -2.61973 7.71748 35.5
    endloop
  endfacet
  facet normal -0 0 1
    outer loop
      vertex -6.63433 13.4531 35.5
      vertex -2.55 11.15 35.5
      vertex -5.74025 13.8582 35.5
    endloop
  endfacet
  facet normal 0 0 1
    outer loop
      vertex -2.55 11.15 35.5
      vertex -3.60465 7.30951 35.5
      vertex -3.11887 7.52962 35.5
    endloop
  endfacet
  facet normal -0 0 1
    outer loop
      vertex -7.5 12.9904 35.5
      vertex -2.55 11.15 35.5
      vertex -6.63433 13.4531 35.5
    endloop
  endfacet
  facet normal 0 0 1
    outer loop
      vertex -2.55 11.15 35.5
      vertex -4.075 7.05811 35.5
      vertex -3.60465 7.30951 35.5
    endloop
  endfacet
  facet normal 0 0 1
    outer loop
      vertex -2.55 11.15 35.5
      vertex -7.5 12.9904 35.5
      vertex -4.075 7.05811 35.5
    endloop
  endfacet
  facet normal 0 0 1
    outer loop
      vertex -4.075 7.05811 35.5
      vertex -7.5 12.9904 35.5
      vertex -4.5279 6.77648 35.5
    endloop
  endfacet
  facet normal -0 0 1
    outer loop
      vertex -8.33355 12.472 35.5
      vertex -4.5279 6.77648 35.5
      vertex -7.5 12.9904 35.5
    endloop
  endfacet
  facet normal 0 0 1
    outer loop
      vertex -4.5279 6.77648 35.5
      vertex -8.33355 12.472 35.5
      vertex -4.9614 6.46583 35.5
    endloop
  endfacet
  facet normal -0 0 1
    outer loop
      vertex -9.13142 11.9003 35.5
      vertex -4.9614 6.46583 35.5
      vertex -8.33355 12.472 35.5
    endloop
  endfacet
  facet normal 0 0 1
    outer loop
      vertex -4.9614 6.46583 35.5
      vertex -9.13142 11.9003 35.5
      vertex -5.37367 6.12749 35.5
    endloop
  endfacet
  facet normal -0 0 1
    outer loop
      vertex -9.89019 11.2776 35.5
      vertex -5.37367 6.12749 35.5
      vertex -9.13142 11.9003 35.5
    endloop
  endfacet
  facet normal 0 0 1
    outer loop
      vertex -5.37367 6.12749 35.5
      vertex -9.89019 11.2776 35.5
      vertex -5.76292 5.76292 35.5
    endloop
  endfacet
  facet normal -0 0 1
    outer loop
      vertex -10.6066 10.6066 35.5
      vertex -5.76292 5.76292 35.5
      vertex -9.89019 11.2776 35.5
    endloop
  endfacet
  facet normal 0 0 1
    outer loop
      vertex -5.76292 5.76292 35.5
      vertex -10.6066 10.6066 35.5
      vertex -6.12749 5.37367 35.5
    endloop
  endfacet
  facet normal -0 0 1
    outer loop
      vertex -11.2776 9.89019 35.5
      vertex -6.12749 5.37367 35.5
      vertex -10.6066 10.6066 35.5
    endloop
  endfacet
  facet normal 0 0 1
    outer loop
      vertex -6.12749 5.37367 35.5
      vertex -11.2776 9.89019 35.5
      vertex -6.46583 4.9614 35.5
    endloop
  endfacet
  facet normal -0 0 1
    outer loop
      vertex -11.9003 9.13142 35.5
      vertex -6.46583 4.9614 35.5
      vertex -11.2776 9.89019 35.5
    endloop
  endfacet
  facet normal 0 0 1
    outer loop
      vertex -6.46583 4.9614 35.5
      vertex -11.9003 9.13142 35.5
      vertex -6.77648 4.5279 35.5
    endloop
  endfacet
  facet normal -0 0 1
    outer loop
      vertex -12.472 8.33355 35.5
      vertex -6.77648 4.5279 35.5
      vertex -11.9003 9.13142 35.5
    endloop
  endfacet
  facet normal 0 0 1
    outer loop
      vertex -6.77648 4.5279 35.5
      vertex -12.472 8.33355 35.5
      vertex -7.05811 4.075 35.5
    endloop
  endfacet
  facet normal 0 0 1
    outer loop
      vertex -7.05811 4.075 35.5
      vertex -12.9904 7.5 35.5
      vertex -7.30951 3.60465 35.5
    endloop
  endfacet
  facet normal -0 0 1
    outer loop
      vertex -12.9904 7.5 35.5
      vertex -7.05811 4.075 35.5
      vertex -12.472 8.33355 35.5
    endloop
  endfacet
  facet normal -0 0 1
    outer loop
      vertex 7.05811 -4.075 35.5
      vertex 12.9904 -7.5 35.5
      vertex 7.30951 -3.60465 35.5
    endloop
  endfacet
  facet normal 0 0 1
    outer loop
      vertex 12.9904 -7.5 35.5
      vertex 7.05811 -4.075 35.5
      vertex 12.472 -8.33355 35.5
    endloop
  endfacet
  facet normal -0 0 1
    outer loop
      vertex 6.77648 -4.5279 35.5
      vertex 12.472 -8.33355 35.5
      vertex 7.05811 -4.075 35.5
    endloop
  endfacet
  facet normal 0 0 1
    outer loop
      vertex 12.472 -8.33355 35.5
      vertex 6.77648 -4.5279 35.5
      vertex 11.9003 -9.13142 35.5
    endloop
  endfacet
  facet normal -0 0 1
    outer loop
      vertex 6.46583 -4.9614 35.5
      vertex 11.9003 -9.13142 35.5
      vertex 6.77648 -4.5279 35.5
    endloop
  endfacet
  facet normal 0 0 1
    outer loop
      vertex 11.9003 -9.13142 35.5
      vertex 6.46583 -4.9614 35.5
      vertex 11.2776 -9.89019 35.5
    endloop
  endfacet
  facet normal -0 0 1
    outer loop
      vertex 6.12749 -5.37367 35.5
      vertex 11.2776 -9.89019 35.5
      vertex 6.46583 -4.9614 35.5
    endloop
  endfacet
  facet normal 0 0 1
    outer loop
      vertex 11.2776 -9.89019 35.5
      vertex 6.12749 -5.37367 35.5
      vertex 10.6066 -10.6066 35.5
    endloop
  endfacet
  facet normal -0 0 1
    outer loop
      vertex 5.76292 -5.76292 35.5
      vertex 10.6066 -10.6066 35.5
      vertex 6.12749 -5.37367 35.5
    endloop
  endfacet
  facet normal 0 0 1
    outer loop
      vertex 10.6066 -10.6066 35.5
      vertex 5.76292 -5.76292 35.5
      vertex 9.89019 -11.2776 35.5
    endloop
  endfacet
  facet normal -0 0 1
    outer loop
      vertex 5.37367 -6.12749 35.5
      vertex 9.89019 -11.2776 35.5
      vertex 5.76292 -5.76292 35.5
    endloop
  endfacet
  facet normal 0 0 1
    outer loop
      vertex 9.89019 -11.2776 35.5
      vertex 5.37367 -6.12749 35.5
      vertex 9.13142 -11.9003 35.5
    endloop
  endfacet
  facet normal -0 0 1
    outer loop
      vertex 4.9614 -6.46583 35.5
      vertex 9.13142 -11.9003 35.5
      vertex 5.37367 -6.12749 35.5
    endloop
  endfacet
  facet normal 0 0 1
    outer loop
      vertex 9.13142 -11.9003 35.5
      vertex 4.9614 -6.46583 35.5
      vertex 8.33355 -12.472 35.5
    endloop
  endfacet
  facet normal -0 0 1
    outer loop
      vertex 4.5279 -6.77648 35.5
      vertex 8.33355 -12.472 35.5
      vertex 4.9614 -6.46583 35.5
    endloop
  endfacet
  facet normal 0 0 1
    outer loop
      vertex 8.33355 -12.472 35.5
      vertex 4.5279 -6.77648 35.5
      vertex 7.5 -12.9904 35.5
    endloop
  endfacet
  facet normal -0 0 1
    outer loop
      vertex 4.075 -7.05811 35.5
      vertex 7.5 -12.9904 35.5
      vertex 4.5279 -6.77648 35.5
    endloop
  endfacet
  facet normal 0 0 1
    outer loop
      vertex 7.5 -12.9904 35.5
      vertex 4.075 -7.05811 35.5
      vertex 6.63433 -13.4531 35.5
    endloop
  endfacet
  facet normal -0 0 1
    outer loop
      vertex 3.60465 -7.30951 35.5
      vertex 6.63433 -13.4531 35.5
      vertex 4.075 -7.05811 35.5
    endloop
  endfacet
  facet normal 0 0 1
    outer loop
      vertex 6.63433 -13.4531 35.5
      vertex 3.60465 -7.30951 35.5
      vertex 5.74025 -13.8582 35.5
    endloop
  endfacet
  facet normal -0 0 1
    outer loop
      vertex 3.11887 -7.52962 35.5
      vertex 5.74025 -13.8582 35.5
      vertex 3.60465 -7.30951 35.5
    endloop
  endfacet
  facet normal 0 0 1
    outer loop
      vertex 5.74025 -13.8582 35.5
      vertex 3.11887 -7.52962 35.5
      vertex 4.82159 -14.204 35.5
    endloop
  endfacet
  facet normal -0 0 1
    outer loop
      vertex 2.61973 -7.71748 35.5
      vertex 4.82159 -14.204 35.5
      vertex 3.11887 -7.52962 35.5
    endloop
  endfacet
  facet normal 0 0 1
    outer loop
      vertex 4.82159 -14.204 35.5
      vertex 2.61973 -7.71748 35.5
      vertex 3.88229 -14.4889 35.5
    endloop
  endfacet
  facet normal -0 0 1
    outer loop
      vertex 2.10938 -7.8723 35.5
      vertex 3.88229 -14.4889 35.5
      vertex 2.61973 -7.71748 35.5
    endloop
  endfacet
  facet normal 0 0 1
    outer loop
      vertex 3.88229 -14.4889 35.5
      vertex 2.10938 -7.8723 35.5
      vertex 2.92635 -14.7118 35.5
    endloop
  endfacet
  facet normal -0 0 1
    outer loop
      vertex 1.58999 -7.9934 35.5
      vertex 2.92635 -14.7118 35.5
      vertex 2.10938 -7.8723 35.5
    endloop
  endfacet
  facet normal 0 0 1
    outer loop
      vertex 2.92635 -14.7118 35.5
      vertex 1.58999 -7.9934 35.5
      vertex 1.95789 -14.8717 35.5
    endloop
  endfacet
  facet normal -0 0 1
    outer loop
      vertex 1.06379 -8.08028 35.5
      vertex 1.95789 -14.8717 35.5
      vertex 1.58999 -7.9934 35.5
    endloop
  endfacet
  facet normal 0 0 1
    outer loop
      vertex 1.06379 -8.08028 35.5
      vertex 0.981047 -14.9679 35.5
      vertex 1.95789 -14.8717 35.5
    endloop
  endfacet
  facet normal -0 0 1
    outer loop
      vertex 0.533035 -8.13255 35.5
      vertex 0.981047 -14.9679 35.5
      vertex 1.06379 -8.08028 35.5
    endloop
  endfacet
  facet normal -0 0 1
    outer loop
      vertex 0 -8.15 35.5
      vertex 0.981047 -14.9679 35.5
      vertex 0.533035 -8.13255 35.5
    endloop
  endfacet
  facet normal 0 0 1
    outer loop
      vertex 0 -8.15 35.5
      vertex 0 -15 35.5
      vertex 0.981047 -14.9679 35.5
    endloop
  endfacet
  facet normal 0 0 1
    outer loop
      vertex -0.533035 -8.13255 35.5
      vertex 0 -15 35.5
      vertex 0 -8.15 35.5
    endloop
  endfacet
  facet normal 0 0 1
    outer loop
      vertex -0.533035 -8.13255 35.5
      vertex -0.981047 -14.9679 35.5
      vertex 0 -15 35.5
    endloop
  endfacet
  facet normal 0 0 1
    outer loop
      vertex -1.06379 -8.08028 35.5
      vertex -0.981047 -14.9679 35.5
      vertex -0.533035 -8.13255 35.5
    endloop
  endfacet
  facet normal 0 0 1
    outer loop
      vertex -1.95789 -14.8717 35.5
      vertex -1.06379 -8.08028 35.5
      vertex -1.58999 -7.9934 35.5
    endloop
  endfacet
  facet normal 0 0 1
    outer loop
      vertex -1.06379 -8.08028 35.5
      vertex -1.95789 -14.8717 35.5
      vertex -0.981047 -14.9679 35.5
    endloop
  endfacet
  facet normal 0 0 1
    outer loop
      vertex -2.92635 -14.7118 35.5
      vertex -1.58999 -7.9934 35.5
      vertex -2.10938 -7.8723 35.5
    endloop
  endfacet
  facet normal 0 0 1
    outer loop
      vertex -3.88229 -14.4889 35.5
      vertex -2.10938 -7.8723 35.5
      vertex -2.61973 -7.71748 35.5
    endloop
  endfacet
  facet normal 0 0 1
    outer loop
      vertex -1.58999 -7.9934 35.5
      vertex -2.92635 -14.7118 35.5
      vertex -1.95789 -14.8717 35.5
    endloop
  endfacet
  facet normal 0 0 1
    outer loop
      vertex -4.82159 -14.204 35.5
      vertex -2.61973 -7.71748 35.5
      vertex -3.11887 -7.52962 35.5
    endloop
  endfacet
  facet normal 0 0 1
    outer loop
      vertex -5.74025 -13.8582 35.5
      vertex -3.11887 -7.52962 35.5
      vertex -3.60465 -7.30951 35.5
    endloop
  endfacet
  facet normal 0 0 1
    outer loop
      vertex -2.10938 -7.8723 35.5
      vertex -3.88229 -14.4889 35.5
      vertex -2.92635 -14.7118 35.5
    endloop
  endfacet
  facet normal 0 0 1
    outer loop
      vertex -6.63433 -13.4531 35.5
      vertex -3.60465 -7.30951 35.5
      vertex -4.075 -7.05811 35.5
    endloop
  endfacet
  facet normal 0 0 1
    outer loop
      vertex -7.5 -12.9904 35.5
      vertex -4.075 -7.05811 35.5
      vertex -4.5279 -6.77648 35.5
    endloop
  endfacet
  facet normal 0 0 1
    outer loop
      vertex -2.61973 -7.71748 35.5
      vertex -4.82159 -14.204 35.5
      vertex -3.88229 -14.4889 35.5
    endloop
  endfacet
  facet normal 0 0 1
    outer loop
      vertex -8.33355 -12.472 35.5
      vertex -4.5279 -6.77648 35.5
      vertex -4.9614 -6.46583 35.5
    endloop
  endfacet
  facet normal 0 0 1
    outer loop
      vertex -9.13142 -11.9003 35.5
      vertex -4.9614 -6.46583 35.5
      vertex -5.37367 -6.12749 35.5
    endloop
  endfacet
  facet normal 0 0 1
    outer loop
      vertex -3.11887 -7.52962 35.5
      vertex -5.74025 -13.8582 35.5
      vertex -4.82159 -14.204 35.5
    endloop
  endfacet
  facet normal 0 0 1
    outer loop
      vertex -9.89019 -11.2776 35.5
      vertex -5.37367 -6.12749 35.5
      vertex -5.76292 -5.76292 35.5
    endloop
  endfacet
  facet normal 0 0 1
    outer loop
      vertex -10.6066 -10.6066 35.5
      vertex -5.76292 -5.76292 35.5
      vertex -6.12749 -5.37367 35.5
    endloop
  endfacet
  facet normal 0 0 1
    outer loop
      vertex -11.2776 -9.89019 35.5
      vertex -6.12749 -5.37367 35.5
      vertex -6.46583 -4.9614 35.5
    endloop
  endfacet
  facet normal 0 0 1
    outer loop
      vertex -3.60465 -7.30951 35.5
      vertex -6.63433 -13.4531 35.5
      vertex -5.74025 -13.8582 35.5
    endloop
  endfacet
  facet normal 0 0 1
    outer loop
      vertex -11.9003 -9.13142 35.5
      vertex -6.46583 -4.9614 35.5
      vertex -6.77648 -4.5279 35.5
    endloop
  endfacet
  facet normal 0 0 1
    outer loop
      vertex -12.472 -8.33355 35.5
      vertex -6.77648 -4.5279 35.5
      vertex -7.05811 -4.075 35.5
    endloop
  endfacet
  facet normal 0 0 1
    outer loop
      vertex -12.9904 -7.5 35.5
      vertex -7.05811 -4.075 35.5
      vertex -7.30951 -3.60465 35.5
    endloop
  endfacet
  facet normal 0 0 1
    outer loop
      vertex -4.075 -7.05811 35.5
      vertex -7.5 -12.9904 35.5
      vertex -6.63433 -13.4531 35.5
    endloop
  endfacet
  facet normal 0 0 1
    outer loop
      vertex -13.4531 -6.63433 35.5
      vertex -7.30951 -3.60465 35.5
      vertex -7.52962 -3.11887 35.5
    endloop
  endfacet
  facet normal 0 0 1
    outer loop
      vertex -13.8582 -5.74025 35.5
      vertex -7.52962 -3.11887 35.5
      vertex -7.71748 -2.61973 35.5
    endloop
  endfacet
  facet normal 0 0 1
    outer loop
      vertex -14.204 -4.82159 35.5
      vertex -7.71748 -2.61973 35.5
      vertex -7.8723 -2.10938 35.5
    endloop
  endfacet
  facet normal 0 0 1
    outer loop
      vertex -14.4889 -3.88229 35.5
      vertex -7.8723 -2.10938 35.5
      vertex -7.9934 -1.58999 35.5
    endloop
  endfacet
  facet normal 0 0 1
    outer loop
      vertex -14.7118 -2.92635 35.5
      vertex -7.9934 -1.58999 35.5
      vertex -8.08028 -1.06379 35.5
    endloop
  endfacet
  facet normal 0 0 1
    outer loop
      vertex -14.8717 -1.95789 35.5
      vertex -8.08028 -1.06379 35.5
      vertex -8.13255 -0.533035 35.5
    endloop
  endfacet
  facet normal 0 0 1
    outer loop
      vertex -4.5279 -6.77648 35.5
      vertex -8.33355 -12.472 35.5
      vertex -7.5 -12.9904 35.5
    endloop
  endfacet
  facet normal 0 0 1
    outer loop
      vertex -14.9679 -0.981047 35.5
      vertex -8.13255 -0.533035 35.5
      vertex -8.15 0 35.5
    endloop
  endfacet
  facet normal -0 0 1
    outer loop
      vertex -13.4531 6.63433 35.5
      vertex -7.30951 3.60465 35.5
      vertex -12.9904 7.5 35.5
    endloop
  endfacet
  facet normal 0 0 1
    outer loop
      vertex -7.30951 3.60465 35.5
      vertex -13.4531 6.63433 35.5
      vertex -7.52962 3.11887 35.5
    endloop
  endfacet
  facet normal 0 0 1
    outer loop
      vertex -4.9614 -6.46583 35.5
      vertex -9.13142 -11.9003 35.5
      vertex -8.33355 -12.472 35.5
    endloop
  endfacet
  facet normal -0 0 1
    outer loop
      vertex -13.8582 5.74025 35.5
      vertex -7.52962 3.11887 35.5
      vertex -13.4531 6.63433 35.5
    endloop
  endfacet
  facet normal 0 0 1
    outer loop
      vertex -5.37367 -6.12749 35.5
      vertex -9.89019 -11.2776 35.5
      vertex -9.13142 -11.9003 35.5
    endloop
  endfacet
  facet normal 0 0 1
    outer loop
      vertex -7.52962 3.11887 35.5
      vertex -13.8582 5.74025 35.5
      vertex -7.71748 2.61973 35.5
    endloop
  endfacet
  facet normal 0 0 1
    outer loop
      vertex -5.76292 -5.76292 35.5
      vertex -10.6066 -10.6066 35.5
      vertex -9.89019 -11.2776 35.5
    endloop
  endfacet
  facet normal -0 0 1
    outer loop
      vertex -14.204 4.82159 35.5
      vertex -7.71748 2.61973 35.5
      vertex -13.8582 5.74025 35.5
    endloop
  endfacet
  facet normal 0 0 1
    outer loop
      vertex -6.12749 -5.37367 35.5
      vertex -11.2776 -9.89019 35.5
      vertex -10.6066 -10.6066 35.5
    endloop
  endfacet
  facet normal 0 0 1
    outer loop
      vertex -7.71748 2.61973 35.5
      vertex -14.204 4.82159 35.5
      vertex -7.8723 2.10938 35.5
    endloop
  endfacet
  facet normal 0 0 1
    outer loop
      vertex -6.46583 -4.9614 35.5
      vertex -11.9003 -9.13142 35.5
      vertex -11.2776 -9.89019 35.5
    endloop
  endfacet
  facet normal -0 0 1
    outer loop
      vertex -14.4889 3.88229 35.5
      vertex -7.8723 2.10938 35.5
      vertex -14.204 4.82159 35.5
    endloop
  endfacet
  facet normal 0 0 1
    outer loop
      vertex -6.77648 -4.5279 35.5
      vertex -12.472 -8.33355 35.5
      vertex -11.9003 -9.13142 35.5
    endloop
  endfacet
  facet normal 0 0 1
    outer loop
      vertex -7.8723 2.10938 35.5
      vertex -14.4889 3.88229 35.5
      vertex -7.9934 1.58999 35.5
    endloop
  endfacet
  facet normal 0 0 1
    outer loop
      vertex -7.05811 -4.075 35.5
      vertex -12.9904 -7.5 35.5
      vertex -12.472 -8.33355 35.5
    endloop
  endfacet
  facet normal -0 0 1
    outer loop
      vertex -14.7118 2.92635 35.5
      vertex -7.9934 1.58999 35.5
      vertex -14.4889 3.88229 35.5
    endloop
  endfacet
  facet normal 0 0 1
    outer loop
      vertex -7.30951 -3.60465 35.5
      vertex -13.4531 -6.63433 35.5
      vertex -12.9904 -7.5 35.5
    endloop
  endfacet
  facet normal 0 0 1
    outer loop
      vertex -7.9934 1.58999 35.5
      vertex -14.7118 2.92635 35.5
      vertex -8.08028 1.06379 35.5
    endloop
  endfacet
  facet normal 0 0 1
    outer loop
      vertex -7.52962 -3.11887 35.5
      vertex -13.8582 -5.74025 35.5
      vertex -13.4531 -6.63433 35.5
    endloop
  endfacet
  facet normal -0 0 1
    outer loop
      vertex -14.8717 1.95789 35.5
      vertex -8.08028 1.06379 35.5
      vertex -14.7118 2.92635 35.5
    endloop
  endfacet
  facet normal 0 0 1
    outer loop
      vertex -7.71748 -2.61973 35.5
      vertex -14.204 -4.82159 35.5
      vertex -13.8582 -5.74025 35.5
    endloop
  endfacet
  facet normal 0 0 1
    outer loop
      vertex -8.08028 1.06379 35.5
      vertex -14.8717 1.95789 35.5
      vertex -8.13255 0.533035 35.5
    endloop
  endfacet
  facet normal 0 0 1
    outer loop
      vertex -7.8723 -2.10938 35.5
      vertex -14.4889 -3.88229 35.5
      vertex -14.204 -4.82159 35.5
    endloop
  endfacet
  facet normal -0 0 1
    outer loop
      vertex -14.9679 0.981047 35.5
      vertex -8.13255 0.533035 35.5
      vertex -14.8717 1.95789 35.5
    endloop
  endfacet
  facet normal 0 0 1
    outer loop
      vertex -7.9934 -1.58999 35.5
      vertex -14.7118 -2.92635 35.5
      vertex -14.4889 -3.88229 35.5
    endloop
  endfacet
  facet normal 0 0 1
    outer loop
      vertex -8.13255 0.533035 35.5
      vertex -14.9679 0.981047 35.5
      vertex -8.15 0 35.5
    endloop
  endfacet
  facet normal 0 0 1
    outer loop
      vertex -8.08028 -1.06379 35.5
      vertex -14.8717 -1.95789 35.5
      vertex -14.7118 -2.92635 35.5
    endloop
  endfacet
  facet normal 0 0 1
    outer loop
      vertex -15 0 35.5
      vertex -8.15 0 35.5
      vertex -14.9679 0.981047 35.5
    endloop
  endfacet
  facet normal 0 0 1
    outer loop
      vertex -8.13255 -0.533035 35.5
      vertex -14.9679 -0.981047 35.5
      vertex -14.8717 -1.95789 35.5
    endloop
  endfacet
  facet normal 0 0 1
    outer loop
      vertex -8.15 0 35.5
      vertex -15 0 35.5
      vertex -14.9679 -0.981047 35.5
    endloop
  endfacet
  facet normal 0 0 1
    outer loop
      vertex 2.61973 7.71748 35.5
      vertex 2.55 11.15 35.5
      vertex 2.55 7.73863 35.5
    endloop
  endfacet
  facet normal -0.995185 0.0980167 0
    outer loop
      vertex -14.9679 0.981047 27
      vertex -14.8717 1.95789 35.5
      vertex -14.8717 1.95789 27
    endloop
  endfacet
  facet normal -0.995185 0.0980167 0
    outer loop
      vertex -14.8717 1.95789 35.5
      vertex -14.9679 0.981047 27
      vertex -14.9679 0.981047 35.5
    endloop
  endfacet
  facet normal 0.973877 -0.227076 0
    outer loop
      vertex 14.4889 -3.88229 35.5
      vertex 14.7118 -2.92635 27
      vertex 14.7118 -2.92635 35.5
    endloop
  endfacet
  facet normal 0.973877 -0.227076 0
    outer loop
      vertex 14.7118 -2.92635 27
      vertex 14.4889 -3.88229 35.5
      vertex 14.4889 -3.88229 27
    endloop
  endfacet
  facet normal 0.849202 -0.528068 0
    outer loop
      vertex 12.472 -8.33355 35.5
      vertex 12.9904 -7.5 27
      vertex 12.9904 -7.5 35.5
    endloop
  endfacet
  facet normal 0.849202 -0.528068 0
    outer loop
      vertex 12.9904 -7.5 27
      vertex 12.472 -8.33355 35.5
      vertex 12.472 -8.33355 27
    endloop
  endfacet
  facet normal 0.910864 -0.412707 0
    outer loop
      vertex 13.4531 -6.63433 35.5
      vertex 13.8582 -5.74025 27
      vertex 13.8582 -5.74025 35.5
    endloop
  endfacet
  facet normal 0.910864 -0.412707 0
    outer loop
      vertex 13.8582 -5.74025 27
      vertex 13.4531 -6.63433 35.5
      vertex 13.4531 -6.63433 27
    endloop
  endfacet
  facet normal 0.290284 -0.95694 0
    outer loop
      vertex 3.88229 -14.4889 27
      vertex 4.82159 -14.204 35.5
      vertex 3.88229 -14.4889 35.5
    endloop
  endfacet
  facet normal 0.290284 -0.95694 0
    outer loop
      vertex 4.82159 -14.204 35.5
      vertex 3.88229 -14.4889 27
      vertex 4.82159 -14.204 27
    endloop
  endfacet
  facet normal 0.528068 -0.849202 0
    outer loop
      vertex 7.5 -12.9904 27
      vertex 8.33355 -12.472 35.5
      vertex 7.5 -12.9904 35.5
    endloop
  endfacet
  facet normal 0.528068 -0.849202 0
    outer loop
      vertex 8.33355 -12.472 35.5
      vertex 7.5 -12.9904 27
      vertex 8.33355 -12.472 27
    endloop
  endfacet
  facet normal -0.471397 -0.881921 0
    outer loop
      vertex -7.5 -12.9904 27
      vertex -6.63433 -13.4531 35.5
      vertex -7.5 -12.9904 35.5
    endloop
  endfacet
  facet normal -0.471397 -0.881921 -0
    outer loop
      vertex -6.63433 -13.4531 35.5
      vertex -7.5 -12.9904 27
      vertex -6.63433 -13.4531 27
    endloop
  endfacet
  facet normal -0.634394 -0.77301 0
    outer loop
      vertex -9.89019 -11.2776 27
      vertex -9.13142 -11.9003 35.5
      vertex -9.89019 -11.2776 35.5
    endloop
  endfacet
  facet normal -0.634394 -0.77301 -0
    outer loop
      vertex -9.13142 -11.9003 35.5
      vertex -9.89019 -11.2776 27
      vertex -9.13142 -11.9003 27
    endloop
  endfacet
  facet normal -0.95694 -0.290284 0
    outer loop
      vertex -14.204 -4.82159 27
      vertex -14.4889 -3.88229 35.5
      vertex -14.4889 -3.88229 27
    endloop
  endfacet
  facet normal -0.95694 -0.290284 0
    outer loop
      vertex -14.4889 -3.88229 35.5
      vertex -14.204 -4.82159 27
      vertex -14.204 -4.82159 35.5
    endloop
  endfacet
  facet normal -0.729865 -0.683591 0
    outer loop
      vertex -10.6066 -10.6066 27
      vertex -11.2776 -9.89019 35.5
      vertex -11.2776 -9.89019 27
    endloop
  endfacet
  facet normal -0.729865 -0.683591 0
    outer loop
      vertex -11.2776 -9.89019 35.5
      vertex -10.6066 -10.6066 27
      vertex -10.6066 -10.6066 35.5
    endloop
  endfacet
  facet normal 0.812847 -0.582478 0
    outer loop
      vertex 11.9003 -9.13142 35.5
      vertex 12.472 -8.33355 27
      vertex 12.472 -8.33355 35.5
    endloop
  endfacet
  facet normal 0.812847 -0.582478 0
    outer loop
      vertex 12.472 -8.33355 27
      vertex 11.9003 -9.13142 35.5
      vertex 11.9003 -9.13142 27
    endloop
  endfacet
  facet normal 0.77301 -0.634394 0
    outer loop
      vertex 11.2776 -9.89019 35.5
      vertex 11.9003 -9.13142 27
      vertex 11.9003 -9.13142 35.5
    endloop
  endfacet
  facet normal 0.77301 -0.634394 0
    outer loop
      vertex 11.9003 -9.13142 27
      vertex 11.2776 -9.89019 35.5
      vertex 11.2776 -9.89019 27
    endloop
  endfacet
  facet normal 0.729865 -0.683591 0
    outer loop
      vertex 10.6066 -10.6066 35.5
      vertex 11.2776 -9.89019 27
      vertex 11.2776 -9.89019 35.5
    endloop
  endfacet
  facet normal 0.729865 -0.683591 0
    outer loop
      vertex 11.2776 -9.89019 27
      vertex 10.6066 -10.6066 35.5
      vertex 10.6066 -10.6066 27
    endloop
  endfacet
  facet normal 0.881921 -0.471397 0
    outer loop
      vertex 12.9904 -7.5 35.5
      vertex 13.4531 -6.63433 27
      vertex 13.4531 -6.63433 35.5
    endloop
  endfacet
  facet normal 0.881921 -0.471397 0
    outer loop
      vertex 13.4531 -6.63433 27
      vertex 12.9904 -7.5 35.5
      vertex 12.9904 -7.5 27
    endloop
  endfacet
  facet normal -0.528068 -0.849202 0
    outer loop
      vertex 4.075 7.05811 27
      vertex 4.5279 6.77648 35.5
      vertex 4.075 7.05811 35.5
    endloop
  endfacet
  facet normal -0.528068 -0.849202 -0
    outer loop
      vertex 4.5279 6.77648 35.5
      vertex 4.075 7.05811 27
      vertex 4.5279 6.77648 27
    endloop
  endfacet
  facet normal 0.910864 0.412707 0
    outer loop
      vertex -7.30951 -3.60465 35.5
      vertex -7.52962 -3.11887 27
      vertex -7.52962 -3.11887 35.5
    endloop
  endfacet
  facet normal 0.910864 0.412707 0
    outer loop
      vertex -7.52962 -3.11887 27
      vertex -7.30951 -3.60465 35.5
      vertex -7.30951 -3.60465 27
    endloop
  endfacet
  facet normal -0.95694 -0.290286 0
    outer loop
      vertex 7.8723 2.10938 27
      vertex 7.71748 2.61973 35.5
      vertex 7.71748 2.61973 27
    endloop
  endfacet
  facet normal -0.95694 -0.290286 0
    outer loop
      vertex 7.71748 2.61973 35.5
      vertex 7.8723 2.10938 27
      vertex 7.8723 2.10938 35.5
    endloop
  endfacet
  facet normal -0.773011 -0.634393 0
    outer loop
      vertex 6.46583 4.9614 27
      vertex 6.12749 5.37367 35.5
      vertex 6.12749 5.37367 27
    endloop
  endfacet
  facet normal -0.773011 -0.634393 0
    outer loop
      vertex 6.12749 5.37367 35.5
      vertex 6.46583 4.9614 27
      vertex 6.46583 4.9614 35.5
    endloop
  endfacet
  facet normal -0.471396 -0.881921 0
    outer loop
      vertex 3.60465 7.30951 27
      vertex 4.075 7.05811 35.5
      vertex 3.60465 7.30951 35.5
    endloop
  endfacet
  facet normal -0.471396 -0.881921 -0
    outer loop
      vertex 4.075 7.05811 35.5
      vertex 3.60465 7.30951 27
      vertex 4.075 7.05811 27
    endloop
  endfacet
  facet normal 0.881921 -0.471396 0
    outer loop
      vertex -7.30951 3.60465 35.5
      vertex -7.05811 4.075 27
      vertex -7.05811 4.075 35.5
    endloop
  endfacet
  facet normal 0.881921 -0.471396 0
    outer loop
      vertex -7.05811 4.075 27
      vertex -7.30951 3.60465 35.5
      vertex -7.30951 3.60465 27
    endloop
  endfacet
  facet normal 0.290286 -0.95694 0
    outer loop
      vertex -2.61973 7.71748 27
      vertex -2.55 7.73863 35.5
      vertex -2.61973 7.71748 35.5
    endloop
  endfacet
  facet normal 0.290286 -0.95694 0
    outer loop
      vertex -2.55 7.73863 35.5
      vertex -2.61973 7.71748 27
      vertex -2.55 7.73863 27
    endloop
  endfacet
  facet normal 0.582478 -0.812846 0
    outer loop
      vertex -4.9614 6.46583 27
      vertex -4.5279 6.77648 35.5
      vertex -4.9614 6.46583 35.5
    endloop
  endfacet
  facet normal 0.582478 -0.812846 0
    outer loop
      vertex -4.5279 6.77648 35.5
      vertex -4.9614 6.46583 27
      vertex -4.5279 6.77648 27
    endloop
  endfacet
  facet normal -0.773011 0.634393 0
    outer loop
      vertex 6.12749 -5.37367 27
      vertex 6.46583 -4.9614 35.5
      vertex 6.46583 -4.9614 27
    endloop
  endfacet
  facet normal -0.773011 0.634393 0
    outer loop
      vertex 6.46583 -4.9614 35.5
      vertex 6.12749 -5.37367 27
      vertex 6.12749 -5.37367 35.5
    endloop
  endfacet
  facet normal -0.290286 0.95694 0
    outer loop
      vertex 2.61973 -7.71748 27
      vertex 2.10938 -7.8723 35.5
      vertex 2.61973 -7.71748 35.5
    endloop
  endfacet
  facet normal -0.290286 0.95694 0
    outer loop
      vertex 2.10938 -7.8723 35.5
      vertex 2.61973 -7.71748 27
      vertex 2.10938 -7.8723 27
    endloop
  endfacet
  facet normal -0.683593 0.729864 0
    outer loop
      vertex 5.76292 -5.76292 27
      vertex 5.37367 -6.12749 35.5
      vertex 5.76292 -5.76292 35.5
    endloop
  endfacet
  facet normal -0.683593 0.729864 0
    outer loop
      vertex 5.37367 -6.12749 35.5
      vertex 5.76292 -5.76292 27
      vertex 5.37367 -6.12749 27
    endloop
  endfacet
  facet normal 0.0980155 0.995185 -0
    outer loop
      vertex -0.533035 -8.13255 27
      vertex -1.06379 -8.08028 35.5
      vertex -0.533035 -8.13255 35.5
    endloop
  endfacet
  facet normal 0.0980155 0.995185 0
    outer loop
      vertex -1.06379 -8.08028 35.5
      vertex -0.533035 -8.13255 27
      vertex -1.06379 -8.08028 27
    endloop
  endfacet
  facet normal 0.528068 0.849202 -0
    outer loop
      vertex -4.075 -7.05811 27
      vertex -4.5279 -6.77648 35.5
      vertex -4.075 -7.05811 35.5
    endloop
  endfacet
  facet normal 0.528068 0.849202 0
    outer loop
      vertex -4.5279 -6.77648 35.5
      vertex -4.075 -7.05811 27
      vertex -4.5279 -6.77648 27
    endloop
  endfacet
  facet normal -0.910864 -0.412707 0
    outer loop
      vertex 7.52962 3.11887 27
      vertex 7.30951 3.60465 35.5
      vertex 7.30951 3.60465 27
    endloop
  endfacet
  facet normal -0.910864 -0.412707 0
    outer loop
      vertex 7.30951 3.60465 35.5
      vertex 7.52962 3.11887 27
      vertex 7.52962 3.11887 35.5
    endloop
  endfacet
  facet normal -0.849202 -0.528068 0
    outer loop
      vertex 7.05811 4.075 27
      vertex 6.77648 4.5279 35.5
      vertex 6.77648 4.5279 27
    endloop
  endfacet
  facet normal -0.849202 -0.528068 0
    outer loop
      vertex 6.77648 4.5279 35.5
      vertex 7.05811 4.075 27
      vertex 7.05811 4.075 35.5
    endloop
  endfacet
  facet normal -0.812846 -0.582478 0
    outer loop
      vertex 6.77648 4.5279 27
      vertex 6.46583 4.9614 35.5
      vertex 6.46583 4.9614 27
    endloop
  endfacet
  facet normal -0.812846 -0.582478 0
    outer loop
      vertex 6.46583 4.9614 35.5
      vertex 6.77648 4.5279 27
      vertex 6.77648 4.5279 35.5
    endloop
  endfacet
  facet normal -0.412707 -0.910864 0
    outer loop
      vertex 3.11887 7.52962 27
      vertex 3.60465 7.30951 35.5
      vertex 3.11887 7.52962 35.5
    endloop
  endfacet
  facet normal -0.412707 -0.910864 -0
    outer loop
      vertex 3.60465 7.30951 35.5
      vertex 3.11887 7.52962 27
      vertex 3.60465 7.30951 27
    endloop
  endfacet
  facet normal 0.973877 -0.227076 0
    outer loop
      vertex -7.9934 1.58999 35.5
      vertex -7.8723 2.10938 27
      vertex -7.8723 2.10938 35.5
    endloop
  endfacet
  facet normal 0.973877 -0.227076 0
    outer loop
      vertex -7.8723 2.10938 27
      vertex -7.9934 1.58999 35.5
      vertex -7.9934 1.58999 27
    endloop
  endfacet
  facet normal 0.729864 -0.683593 0
    outer loop
      vertex -6.12749 5.37367 35.5
      vertex -5.76292 5.76292 27
      vertex -5.76292 5.76292 35.5
    endloop
  endfacet
  facet normal 0.729864 -0.683593 0
    outer loop
      vertex -5.76292 5.76292 27
      vertex -6.12749 5.37367 35.5
      vertex -6.12749 5.37367 27
    endloop
  endfacet
  facet normal 0.849202 -0.528068 0
    outer loop
      vertex -7.05811 4.075 35.5
      vertex -6.77648 4.5279 27
      vertex -6.77648 4.5279 35.5
    endloop
  endfacet
  facet normal 0.849202 -0.528068 0
    outer loop
      vertex -6.77648 4.5279 27
      vertex -7.05811 4.075 35.5
      vertex -7.05811 4.075 27
    endloop
  endfacet
  facet normal 0.471396 -0.881921 0
    outer loop
      vertex -4.075 7.05811 27
      vertex -3.60465 7.30951 35.5
      vertex -4.075 7.05811 35.5
    endloop
  endfacet
  facet normal 0.471396 -0.881921 0
    outer loop
      vertex -3.60465 7.30951 35.5
      vertex -4.075 7.05811 27
      vertex -3.60465 7.30951 27
    endloop
  endfacet
  facet normal 0.528068 -0.849202 0
    outer loop
      vertex -4.5279 6.77648 27
      vertex -4.075 7.05811 35.5
      vertex -4.5279 6.77648 35.5
    endloop
  endfacet
  facet normal 0.528068 -0.849202 0
    outer loop
      vertex -4.075 7.05811 35.5
      vertex -4.5279 6.77648 27
      vertex -4.075 7.05811 27
    endloop
  endfacet
  facet normal 0.683593 -0.729864 0
    outer loop
      vertex -5.76292 5.76292 27
      vertex -5.37367 6.12749 35.5
      vertex -5.76292 5.76292 35.5
    endloop
  endfacet
  facet normal 0.683593 -0.729864 0
    outer loop
      vertex -5.37367 6.12749 35.5
      vertex -5.76292 5.76292 27
      vertex -5.37367 6.12749 27
    endloop
  endfacet
  facet normal -0.999465 -0.0327201 0
    outer loop
      vertex 8.15 0 27
      vertex 8.13255 0.533035 35.5
      vertex 8.13255 0.533035 27
    endloop
  endfacet
  facet normal -0.999465 -0.0327201 0
    outer loop
      vertex 8.13255 0.533035 35.5
      vertex 8.15 0 27
      vertex 8.15 0 35.5
    endloop
  endfacet
  facet normal -0.634393 0.773011 0
    outer loop
      vertex 5.37367 -6.12749 27
      vertex 4.9614 -6.46583 35.5
      vertex 5.37367 -6.12749 35.5
    endloop
  endfacet
  facet normal -0.634393 0.773011 0
    outer loop
      vertex 4.9614 -6.46583 35.5
      vertex 5.37367 -6.12749 27
      vertex 4.9614 -6.46583 27
    endloop
  endfacet
  facet normal 0.227076 0.973877 -0
    outer loop
      vertex -1.58999 -7.9934 27
      vertex -2.10938 -7.8723 35.5
      vertex -1.58999 -7.9934 35.5
    endloop
  endfacet
  facet normal 0.227076 0.973877 0
    outer loop
      vertex -2.10938 -7.8723 35.5
      vertex -1.58999 -7.9934 27
      vertex -2.10938 -7.8723 27
    endloop
  endfacet
  facet normal 0.162896 0.986643 -0
    outer loop
      vertex -1.06379 -8.08028 27
      vertex -1.58999 -7.9934 35.5
      vertex -1.06379 -8.08028 35.5
    endloop
  endfacet
  facet normal 0.162896 0.986643 0
    outer loop
      vertex -1.58999 -7.9934 35.5
      vertex -1.06379 -8.08028 27
      vertex -1.58999 -7.9934 27
    endloop
  endfacet
  facet normal 0.471396 0.881921 -0
    outer loop
      vertex -3.60465 -7.30951 27
      vertex -4.075 -7.05811 35.5
      vertex -3.60465 -7.30951 35.5
    endloop
  endfacet
  facet normal 0.471396 0.881921 0
    outer loop
      vertex -4.075 -7.05811 35.5
      vertex -3.60465 -7.30951 27
      vertex -4.075 -7.05811 27
    endloop
  endfacet
  facet normal 0.683593 0.729864 -0
    outer loop
      vertex -5.37367 -6.12749 27
      vertex -5.76292 -5.76292 35.5
      vertex -5.37367 -6.12749 35.5
    endloop
  endfacet
  facet normal 0.683593 0.729864 0
    outer loop
      vertex -5.76292 -5.76292 35.5
      vertex -5.37367 -6.12749 27
      vertex -5.76292 -5.76292 27
    endloop
  endfacet
  facet normal 0.973877 0.227076 0
    outer loop
      vertex -7.8723 -2.10938 35.5
      vertex -7.9934 -1.58999 27
      vertex -7.9934 -1.58999 35.5
    endloop
  endfacet
  facet normal 0.973877 0.227076 0
    outer loop
      vertex -7.9934 -1.58999 27
      vertex -7.8723 -2.10938 35.5
      vertex -7.8723 -2.10938 27
    endloop
  endfacet
  facet normal 0.729864 0.683593 0
    outer loop
      vertex -5.76292 -5.76292 35.5
      vertex -6.12749 -5.37367 27
      vertex -6.12749 -5.37367 35.5
    endloop
  endfacet
  facet normal 0.729864 0.683593 0
    outer loop
      vertex -6.12749 -5.37367 27
      vertex -5.76292 -5.76292 35.5
      vertex -5.76292 -5.76292 27
    endloop
  endfacet
  facet normal -0.935906 -0.35225 0
    outer loop
      vertex 7.71748 2.61973 27
      vertex 7.52962 3.11887 35.5
      vertex 7.52962 3.11887 27
    endloop
  endfacet
  facet normal -0.935906 -0.35225 0
    outer loop
      vertex 7.52962 3.11887 35.5
      vertex 7.71748 2.61973 27
      vertex 7.71748 2.61973 35.5
    endloop
  endfacet
  facet normal -0.881921 -0.471396 0
    outer loop
      vertex 7.30951 3.60465 27
      vertex 7.05811 4.075 35.5
      vertex 7.05811 4.075 27
    endloop
  endfacet
  facet normal -0.881921 -0.471396 0
    outer loop
      vertex 7.05811 4.075 35.5
      vertex 7.30951 3.60465 27
      vertex 7.30951 3.60465 35.5
    endloop
  endfacet
  facet normal -0.683593 -0.729864 0
    outer loop
      vertex 5.37367 6.12749 27
      vertex 5.76292 5.76292 35.5
      vertex 5.37367 6.12749 35.5
    endloop
  endfacet
  facet normal -0.683593 -0.729864 -0
    outer loop
      vertex 5.76292 5.76292 35.5
      vertex 5.37367 6.12749 27
      vertex 5.76292 5.76292 27
    endloop
  endfacet
  facet normal -0.729864 -0.683593 0
    outer loop
      vertex 6.12749 5.37367 27
      vertex 5.76292 5.76292 35.5
      vertex 5.76292 5.76292 27
    endloop
  endfacet
  facet normal -0.729864 -0.683593 0
    outer loop
      vertex 5.76292 5.76292 35.5
      vertex 6.12749 5.37367 27
      vertex 6.12749 5.37367 35.5
    endloop
  endfacet
  facet normal -0.634393 -0.773011 0
    outer loop
      vertex 4.9614 6.46583 27
      vertex 5.37367 6.12749 35.5
      vertex 4.9614 6.46583 35.5
    endloop
  endfacet
  facet normal -0.634393 -0.773011 -0
    outer loop
      vertex 5.37367 6.12749 35.5
      vertex 4.9614 6.46583 27
      vertex 5.37367 6.12749 27
    endloop
  endfacet
  facet normal -0.582478 -0.812846 0
    outer loop
      vertex 4.5279 6.77648 27
      vertex 4.9614 6.46583 35.5
      vertex 4.5279 6.77648 35.5
    endloop
  endfacet
  facet normal -0.582478 -0.812846 -0
    outer loop
      vertex 4.9614 6.46583 35.5
      vertex 4.5279 6.77648 27
      vertex 4.9614 6.46583 27
    endloop
  endfacet
  facet normal -0.35225 -0.935906 0
    outer loop
      vertex 2.61973 7.71748 27
      vertex 3.11887 7.52962 35.5
      vertex 2.61973 7.71748 35.5
    endloop
  endfacet
  facet normal -0.35225 -0.935906 -0
    outer loop
      vertex 3.11887 7.52962 35.5
      vertex 2.61973 7.71748 27
      vertex 3.11887 7.52962 27
    endloop
  endfacet
  facet normal -0.290286 -0.95694 0
    outer loop
      vertex 2.55 7.73863 27
      vertex 2.61973 7.71748 35.5
      vertex 2.55 7.73863 35.5
    endloop
  endfacet
  facet normal -0.290286 -0.95694 -0
    outer loop
      vertex 2.61973 7.71748 35.5
      vertex 2.55 7.73863 27
      vertex 2.61973 7.71748 27
    endloop
  endfacet
  facet normal 0.999465 -0.0327201 0
    outer loop
      vertex -8.15 0 35.5
      vertex -8.13255 0.533035 27
      vertex -8.13255 0.533035 35.5
    endloop
  endfacet
  facet normal 0.999465 -0.0327201 0
    outer loop
      vertex -8.13255 0.533035 27
      vertex -8.15 0 35.5
      vertex -8.15 0 27
    endloop
  endfacet
  facet normal 0.935906 -0.35225 0
    outer loop
      vertex -7.71748 2.61973 35.5
      vertex -7.52962 3.11887 27
      vertex -7.52962 3.11887 35.5
    endloop
  endfacet
  facet normal 0.935906 -0.35225 0
    outer loop
      vertex -7.52962 3.11887 27
      vertex -7.71748 2.61973 35.5
      vertex -7.71748 2.61973 27
    endloop
  endfacet
  facet normal 0.986643 -0.162896 0
    outer loop
      vertex -8.08028 1.06379 35.5
      vertex -7.9934 1.58999 27
      vertex -7.9934 1.58999 35.5
    endloop
  endfacet
  facet normal 0.986643 -0.162896 0
    outer loop
      vertex -7.9934 1.58999 27
      vertex -8.08028 1.06379 35.5
      vertex -8.08028 1.06379 27
    endloop
  endfacet
  facet normal 0.95694 -0.290286 0
    outer loop
      vertex -7.8723 2.10938 35.5
      vertex -7.71748 2.61973 27
      vertex -7.71748 2.61973 35.5
    endloop
  endfacet
  facet normal 0.95694 -0.290286 0
    outer loop
      vertex -7.71748 2.61973 27
      vertex -7.8723 2.10938 35.5
      vertex -7.8723 2.10938 27
    endloop
  endfacet
  facet normal 0.910864 -0.412707 0
    outer loop
      vertex -7.52962 3.11887 35.5
      vertex -7.30951 3.60465 27
      vertex -7.30951 3.60465 35.5
    endloop
  endfacet
  facet normal 0.910864 -0.412707 0
    outer loop
      vertex -7.30951 3.60465 27
      vertex -7.52962 3.11887 35.5
      vertex -7.52962 3.11887 27
    endloop
  endfacet
  facet normal 0.773011 -0.634393 0
    outer loop
      vertex -6.46583 4.9614 35.5
      vertex -6.12749 5.37367 27
      vertex -6.12749 5.37367 35.5
    endloop
  endfacet
  facet normal 0.773011 -0.634393 0
    outer loop
      vertex -6.12749 5.37367 27
      vertex -6.46583 4.9614 35.5
      vertex -6.46583 4.9614 27
    endloop
  endfacet
  facet normal 0.812846 -0.582478 0
    outer loop
      vertex -6.77648 4.5279 35.5
      vertex -6.46583 4.9614 27
      vertex -6.46583 4.9614 35.5
    endloop
  endfacet
  facet normal 0.812846 -0.582478 0
    outer loop
      vertex -6.46583 4.9614 27
      vertex -6.77648 4.5279 35.5
      vertex -6.77648 4.5279 27
    endloop
  endfacet
  facet normal 0.35225 -0.935906 0
    outer loop
      vertex -3.11887 7.52962 27
      vertex -2.61973 7.71748 35.5
      vertex -3.11887 7.52962 35.5
    endloop
  endfacet
  facet normal 0.35225 -0.935906 0
    outer loop
      vertex -2.61973 7.71748 35.5
      vertex -3.11887 7.52962 27
      vertex -2.61973 7.71748 27
    endloop
  endfacet
  facet normal 0.412707 -0.910864 0
    outer loop
      vertex -3.60465 7.30951 27
      vertex -3.11887 7.52962 35.5
      vertex -3.60465 7.30951 35.5
    endloop
  endfacet
  facet normal 0.412707 -0.910864 0
    outer loop
      vertex -3.11887 7.52962 35.5
      vertex -3.60465 7.30951 27
      vertex -3.11887 7.52962 27
    endloop
  endfacet
  facet normal 0.634393 -0.773011 0
    outer loop
      vertex -5.37367 6.12749 27
      vertex -4.9614 6.46583 35.5
      vertex -5.37367 6.12749 35.5
    endloop
  endfacet
  facet normal 0.634393 -0.773011 0
    outer loop
      vertex -4.9614 6.46583 35.5
      vertex -5.37367 6.12749 27
      vertex -4.9614 6.46583 27
    endloop
  endfacet
  facet normal -0.995185 0.0980155 0
    outer loop
      vertex 8.08028 -1.06379 27
      vertex 8.13255 -0.533035 35.5
      vertex 8.13255 -0.533035 27
    endloop
  endfacet
  facet normal -0.995185 0.0980155 0
    outer loop
      vertex 8.13255 -0.533035 35.5
      vertex 8.08028 -1.06379 27
      vertex 8.08028 -1.06379 35.5
    endloop
  endfacet
  facet normal -0.0327201 0.999465 0
    outer loop
      vertex 0.533035 -8.13255 27
      vertex 0 -8.15 35.5
      vertex 0.533035 -8.13255 35.5
    endloop
  endfacet
  facet normal -0.0327201 0.999465 0
    outer loop
      vertex 0 -8.15 35.5
      vertex 0.533035 -8.13255 27
      vertex 0 -8.15 27
    endloop
  endfacet
  facet normal -0.973877 0.227076 0
    outer loop
      vertex 7.8723 -2.10938 27
      vertex 7.9934 -1.58999 35.5
      vertex 7.9934 -1.58999 27
    endloop
  endfacet
  facet normal -0.973877 0.227076 0
    outer loop
      vertex 7.9934 -1.58999 35.5
      vertex 7.8723 -2.10938 27
      vertex 7.8723 -2.10938 35.5
    endloop
  endfacet
  facet normal -0.999465 0.0327201 0
    outer loop
      vertex 8.13255 -0.533035 27
      vertex 8.15 0 35.5
      vertex 8.15 0 27
    endloop
  endfacet
  facet normal -0.999465 0.0327201 0
    outer loop
      vertex 8.15 0 35.5
      vertex 8.13255 -0.533035 27
      vertex 8.13255 -0.533035 35.5
    endloop
  endfacet
  facet normal -0.95694 0.290286 0
    outer loop
      vertex 7.71748 -2.61973 27
      vertex 7.8723 -2.10938 35.5
      vertex 7.8723 -2.10938 27
    endloop
  endfacet
  facet normal -0.95694 0.290286 0
    outer loop
      vertex 7.8723 -2.10938 35.5
      vertex 7.71748 -2.61973 27
      vertex 7.71748 -2.61973 35.5
    endloop
  endfacet
  facet normal -0.935906 0.35225 0
    outer loop
      vertex 7.52962 -3.11887 27
      vertex 7.71748 -2.61973 35.5
      vertex 7.71748 -2.61973 27
    endloop
  endfacet
  facet normal -0.935906 0.35225 0
    outer loop
      vertex 7.71748 -2.61973 35.5
      vertex 7.52962 -3.11887 27
      vertex 7.52962 -3.11887 35.5
    endloop
  endfacet
  facet normal -0.849202 0.528068 0
    outer loop
      vertex 6.77648 -4.5279 27
      vertex 7.05811 -4.075 35.5
      vertex 7.05811 -4.075 27
    endloop
  endfacet
  facet normal -0.849202 0.528068 0
    outer loop
      vertex 7.05811 -4.075 35.5
      vertex 6.77648 -4.5279 27
      vertex 6.77648 -4.5279 35.5
    endloop
  endfacet
  facet normal -0.162896 0.986643 0
    outer loop
      vertex 1.58999 -7.9934 27
      vertex 1.06379 -8.08028 35.5
      vertex 1.58999 -7.9934 35.5
    endloop
  endfacet
  facet normal -0.162896 0.986643 0
    outer loop
      vertex 1.06379 -8.08028 35.5
      vertex 1.58999 -7.9934 27
      vertex 1.06379 -8.08028 27
    endloop
  endfacet
  facet normal -0.412707 0.910864 0
    outer loop
      vertex 3.60465 -7.30951 27
      vertex 3.11887 -7.52962 35.5
      vertex 3.60465 -7.30951 35.5
    endloop
  endfacet
  facet normal -0.412707 0.910864 0
    outer loop
      vertex 3.11887 -7.52962 35.5
      vertex 3.60465 -7.30951 27
      vertex 3.11887 -7.52962 27
    endloop
  endfacet
  facet normal -0.729864 0.683593 0
    outer loop
      vertex 5.76292 -5.76292 27
      vertex 6.12749 -5.37367 35.5
      vertex 6.12749 -5.37367 27
    endloop
  endfacet
  facet normal -0.729864 0.683593 0
    outer loop
      vertex 6.12749 -5.37367 35.5
      vertex 5.76292 -5.76292 27
      vertex 5.76292 -5.76292 35.5
    endloop
  endfacet
  facet normal -0.582478 0.812846 0
    outer loop
      vertex 4.9614 -6.46583 27
      vertex 4.5279 -6.77648 35.5
      vertex 4.9614 -6.46583 35.5
    endloop
  endfacet
  facet normal -0.582478 0.812846 0
    outer loop
      vertex 4.5279 -6.77648 35.5
      vertex 4.9614 -6.46583 27
      vertex 4.5279 -6.77648 27
    endloop
  endfacet
  facet normal -0.471396 0.881921 0
    outer loop
      vertex 4.075 -7.05811 27
      vertex 3.60465 -7.30951 35.5
      vertex 4.075 -7.05811 35.5
    endloop
  endfacet
  facet normal -0.471396 0.881921 0
    outer loop
      vertex 3.60465 -7.30951 35.5
      vertex 4.075 -7.05811 27
      vertex 3.60465 -7.30951 27
    endloop
  endfacet
  facet normal 0.0327201 0.999465 -0
    outer loop
      vertex 0 -8.15 27
      vertex -0.533035 -8.13255 35.5
      vertex 0 -8.15 35.5
    endloop
  endfacet
  facet normal 0.0327201 0.999465 0
    outer loop
      vertex -0.533035 -8.13255 35.5
      vertex 0 -8.15 27
      vertex -0.533035 -8.13255 27
    endloop
  endfacet
  facet normal 0.35225 0.935906 -0
    outer loop
      vertex -2.61973 -7.71748 27
      vertex -3.11887 -7.52962 35.5
      vertex -2.61973 -7.71748 35.5
    endloop
  endfacet
  facet normal 0.35225 0.935906 0
    outer loop
      vertex -3.11887 -7.52962 35.5
      vertex -2.61973 -7.71748 27
      vertex -3.11887 -7.52962 27
    endloop
  endfacet
  facet normal 0.634393 0.773011 -0
    outer loop
      vertex -4.9614 -6.46583 27
      vertex -5.37367 -6.12749 35.5
      vertex -4.9614 -6.46583 35.5
    endloop
  endfacet
  facet normal 0.634393 0.773011 0
    outer loop
      vertex -5.37367 -6.12749 35.5
      vertex -4.9614 -6.46583 27
      vertex -5.37367 -6.12749 27
    endloop
  endfacet
  facet normal 0.986643 0.162896 0
    outer loop
      vertex -7.9934 -1.58999 35.5
      vertex -8.08028 -1.06379 27
      vertex -8.08028 -1.06379 35.5
    endloop
  endfacet
  facet normal 0.986643 0.162896 0
    outer loop
      vertex -8.08028 -1.06379 27
      vertex -7.9934 -1.58999 35.5
      vertex -7.9934 -1.58999 27
    endloop
  endfacet
  facet normal 0.999465 0.0327201 0
    outer loop
      vertex -8.13255 -0.533035 35.5
      vertex -8.15 0 27
      vertex -8.15 0 35.5
    endloop
  endfacet
  facet normal 0.999465 0.0327201 0
    outer loop
      vertex -8.15 0 27
      vertex -8.13255 -0.533035 35.5
      vertex -8.13255 -0.533035 27
    endloop
  endfacet
  facet normal 0.95694 0.290286 0
    outer loop
      vertex -7.71748 -2.61973 35.5
      vertex -7.8723 -2.10938 27
      vertex -7.8723 -2.10938 35.5
    endloop
  endfacet
  facet normal 0.95694 0.290286 0
    outer loop
      vertex -7.8723 -2.10938 27
      vertex -7.71748 -2.61973 35.5
      vertex -7.71748 -2.61973 27
    endloop
  endfacet
  facet normal 0.849202 0.528068 0
    outer loop
      vertex -6.77648 -4.5279 35.5
      vertex -7.05811 -4.075 27
      vertex -7.05811 -4.075 35.5
    endloop
  endfacet
  facet normal 0.849202 0.528068 0
    outer loop
      vertex -7.05811 -4.075 27
      vertex -6.77648 -4.5279 35.5
      vertex -6.77648 -4.5279 27
    endloop
  endfacet
  facet normal 0.812846 0.582478 0
    outer loop
      vertex -6.46583 -4.9614 35.5
      vertex -6.77648 -4.5279 27
      vertex -6.77648 -4.5279 35.5
    endloop
  endfacet
  facet normal 0.812846 0.582478 0
    outer loop
      vertex -6.77648 -4.5279 27
      vertex -6.46583 -4.9614 35.5
      vertex -6.46583 -4.9614 27
    endloop
  endfacet
  facet normal -0.973877 -0.227076 0
    outer loop
      vertex 7.9934 1.58999 27
      vertex 7.8723 2.10938 35.5
      vertex 7.8723 2.10938 27
    endloop
  endfacet
  facet normal -0.973877 -0.227076 0
    outer loop
      vertex 7.8723 2.10938 35.5
      vertex 7.9934 1.58999 27
      vertex 7.9934 1.58999 35.5
    endloop
  endfacet
  facet normal -0.986643 -0.162896 0
    outer loop
      vertex 8.08028 1.06379 27
      vertex 7.9934 1.58999 35.5
      vertex 7.9934 1.58999 27
    endloop
  endfacet
  facet normal -0.986643 -0.162896 0
    outer loop
      vertex 7.9934 1.58999 35.5
      vertex 8.08028 1.06379 27
      vertex 8.08028 1.06379 35.5
    endloop
  endfacet
  facet normal -0.995185 -0.0980155 0
    outer loop
      vertex 8.13255 0.533035 27
      vertex 8.08028 1.06379 35.5
      vertex 8.08028 1.06379 27
    endloop
  endfacet
  facet normal -0.995185 -0.0980155 0
    outer loop
      vertex 8.08028 1.06379 35.5
      vertex 8.13255 0.533035 27
      vertex 8.13255 0.533035 35.5
    endloop
  endfacet
  facet normal 0.995185 -0.0980155 0
    outer loop
      vertex -8.13255 0.533035 35.5
      vertex -8.08028 1.06379 27
      vertex -8.08028 1.06379 35.5
    endloop
  endfacet
  facet normal 0.995185 -0.0980155 0
    outer loop
      vertex -8.08028 1.06379 27
      vertex -8.13255 0.533035 35.5
      vertex -8.13255 0.533035 27
    endloop
  endfacet
  facet normal -0.910864 0.412707 0
    outer loop
      vertex 7.30951 -3.60465 27
      vertex 7.52962 -3.11887 35.5
      vertex 7.52962 -3.11887 27
    endloop
  endfacet
  facet normal -0.910864 0.412707 0
    outer loop
      vertex 7.52962 -3.11887 35.5
      vertex 7.30951 -3.60465 27
      vertex 7.30951 -3.60465 35.5
    endloop
  endfacet
  facet normal -0.227076 0.973877 0
    outer loop
      vertex 2.10938 -7.8723 27
      vertex 1.58999 -7.9934 35.5
      vertex 2.10938 -7.8723 35.5
    endloop
  endfacet
  facet normal -0.227076 0.973877 0
    outer loop
      vertex 1.58999 -7.9934 35.5
      vertex 2.10938 -7.8723 27
      vertex 1.58999 -7.9934 27
    endloop
  endfacet
  facet normal -0.0980155 0.995185 0
    outer loop
      vertex 1.06379 -8.08028 27
      vertex 0.533035 -8.13255 35.5
      vertex 1.06379 -8.08028 35.5
    endloop
  endfacet
  facet normal -0.0980155 0.995185 0
    outer loop
      vertex 0.533035 -8.13255 35.5
      vertex 1.06379 -8.08028 27
      vertex 0.533035 -8.13255 27
    endloop
  endfacet
  facet normal -0.35225 0.935906 0
    outer loop
      vertex 3.11887 -7.52962 27
      vertex 2.61973 -7.71748 35.5
      vertex 3.11887 -7.52962 35.5
    endloop
  endfacet
  facet normal -0.35225 0.935906 0
    outer loop
      vertex 2.61973 -7.71748 35.5
      vertex 3.11887 -7.52962 27
      vertex 2.61973 -7.71748 27
    endloop
  endfacet
  facet normal -0.528068 0.849202 0
    outer loop
      vertex 4.5279 -6.77648 27
      vertex 4.075 -7.05811 35.5
      vertex 4.5279 -6.77648 35.5
    endloop
  endfacet
  facet normal -0.528068 0.849202 0
    outer loop
      vertex 4.075 -7.05811 35.5
      vertex 4.5279 -6.77648 27
      vertex 4.075 -7.05811 27
    endloop
  endfacet
  facet normal 0.290286 0.95694 -0
    outer loop
      vertex -2.10938 -7.8723 27
      vertex -2.61973 -7.71748 35.5
      vertex -2.10938 -7.8723 35.5
    endloop
  endfacet
  facet normal 0.290286 0.95694 0
    outer loop
      vertex -2.61973 -7.71748 35.5
      vertex -2.10938 -7.8723 27
      vertex -2.61973 -7.71748 27
    endloop
  endfacet
  facet normal 0.412707 0.910864 -0
    outer loop
      vertex -3.11887 -7.52962 27
      vertex -3.60465 -7.30951 35.5
      vertex -3.11887 -7.52962 35.5
    endloop
  endfacet
  facet normal 0.412707 0.910864 0
    outer loop
      vertex -3.60465 -7.30951 35.5
      vertex -3.11887 -7.52962 27
      vertex -3.60465 -7.30951 27
    endloop
  endfacet
  facet normal 0.582478 0.812846 -0
    outer loop
      vertex -4.5279 -6.77648 27
      vertex -4.9614 -6.46583 35.5
      vertex -4.5279 -6.77648 35.5
    endloop
  endfacet
  facet normal 0.582478 0.812846 0
    outer loop
      vertex -4.9614 -6.46583 35.5
      vertex -4.5279 -6.77648 27
      vertex -4.9614 -6.46583 27
    endloop
  endfacet
  facet normal 0.995185 0.0980155 0
    outer loop
      vertex -8.08028 -1.06379 35.5
      vertex -8.13255 -0.533035 27
      vertex -8.13255 -0.533035 35.5
    endloop
  endfacet
  facet normal 0.995185 0.0980155 0
    outer loop
      vertex -8.13255 -0.533035 27
      vertex -8.08028 -1.06379 35.5
      vertex -8.08028 -1.06379 27
    endloop
  endfacet
  facet normal 0.935906 0.35225 0
    outer loop
      vertex -7.52962 -3.11887 35.5
      vertex -7.71748 -2.61973 27
      vertex -7.71748 -2.61973 35.5
    endloop
  endfacet
  facet normal 0.935906 0.35225 0
    outer loop
      vertex -7.71748 -2.61973 27
      vertex -7.52962 -3.11887 35.5
      vertex -7.52962 -3.11887 27
    endloop
  endfacet
  facet normal 0.881921 0.471396 0
    outer loop
      vertex -7.05811 -4.075 35.5
      vertex -7.30951 -3.60465 27
      vertex -7.30951 -3.60465 35.5
    endloop
  endfacet
  facet normal 0.881921 0.471396 0
    outer loop
      vertex -7.30951 -3.60465 27
      vertex -7.05811 -4.075 35.5
      vertex -7.05811 -4.075 27
    endloop
  endfacet
  facet normal 0.773011 0.634393 0
    outer loop
      vertex -6.12749 -5.37367 35.5
      vertex -6.46583 -4.9614 27
      vertex -6.46583 -4.9614 35.5
    endloop
  endfacet
  facet normal 0.773011 0.634393 0
    outer loop
      vertex -6.46583 -4.9614 27
      vertex -6.12749 -5.37367 35.5
      vertex -6.12749 -5.37367 27
    endloop
  endfacet
  facet normal -0.986643 0.162896 0
    outer loop
      vertex 7.9934 -1.58999 27
      vertex 8.08028 -1.06379 35.5
      vertex 8.08028 -1.06379 27
    endloop
  endfacet
  facet normal -0.986643 0.162896 0
    outer loop
      vertex 8.08028 -1.06379 35.5
      vertex 7.9934 -1.58999 27
      vertex 7.9934 -1.58999 35.5
    endloop
  endfacet
  facet normal -0.812846 0.582478 0
    outer loop
      vertex 6.46583 -4.9614 27
      vertex 6.77648 -4.5279 35.5
      vertex 6.77648 -4.5279 27
    endloop
  endfacet
  facet normal -0.812846 0.582478 0
    outer loop
      vertex 6.77648 -4.5279 35.5
      vertex 6.46583 -4.9614 27
      vertex 6.46583 -4.9614 35.5
    endloop
  endfacet
  facet normal -0.881921 0.471396 0
    outer loop
      vertex 7.05811 -4.075 27
      vertex 7.30951 -3.60465 35.5
      vertex 7.30951 -3.60465 27
    endloop
  endfacet
  facet normal -0.881921 0.471396 0
    outer loop
      vertex 7.30951 -3.60465 35.5
      vertex 7.05811 -4.075 27
      vertex 7.05811 -4.075 35.5
    endloop
  endfacet
endsolid OpenSCAD_Model
