solid OpenSCAD_Model
  facet normal 0 0 -1
    outer loop
      vertex 3.32798 -45.1988 0
      vertex 3.32614 -44.9824 0
      vertex 3.32904 -45.0782 0
    endloop
  endfacet
  facet normal 0 0 -1
    outer loop
      vertex 3.32092 -45.3689 0
      vertex 3.32614 -44.9824 0
      vertex 3.32798 -45.1988 0
    endloop
  endfacet
  facet normal 0 0 -1
    outer loop
      vertex -3.32097 -45.3689 0
      vertex 3.32092 -45.3689 0
      vertex 3.30447 -45.5897 0
    endloop
  endfacet
  facet normal 0 0 -1
    outer loop
      vertex -3.30451 -45.5897 0
      vertex 3.30447 -45.5897 0
      vertex 3.27496 -45.8626 0
    endloop
  endfacet
  facet normal 0 0 -1
    outer loop
      vertex -3.27499 -45.8626 0
      vertex 3.27496 -45.8626 0
      vertex 3.22841 -46.1894 0
    endloop
  endfacet
  facet normal 0 0 -1
    outer loop
      vertex -3.32097 -45.3689 0
      vertex 3.30447 -45.5897 0
      vertex -3.30451 -45.5897 0
    endloop
  endfacet
  facet normal 0 0 -1
    outer loop
      vertex -3.22845 -46.1894 0
      vertex 3.22841 -46.1894 0
      vertex 3.16046 -46.572 0
    endloop
  endfacet
  facet normal 0 0 -1
    outer loop
      vertex 18.8326 39.0074 0
      vertex 6.98501 27.5422 0
      vertex 7 28 0
    endloop
  endfacet
  facet normal 0 0 -1
    outer loop
      vertex 7.9139 10.3136 0
      vertex 6.94011 27.0863 0
      vertex 6.98501 27.5422 0
    endloop
  endfacet
  facet normal 0 0 -1
    outer loop
      vertex 7.9139 10.3136 0
      vertex 6.8655 26.6344 0
      vertex 6.94011 27.0863 0
    endloop
  endfacet
  facet normal 0 0 -1
    outer loop
      vertex 7.9139 10.3136 0
      vertex 6.76148 26.1883 0
      vertex 6.8655 26.6344 0
    endloop
  endfacet
  facet normal 0 0 -1
    outer loop
      vertex 7.9139 10.3136 0
      vertex 6.62851 25.7499 0
      vertex 6.76148 26.1883 0
    endloop
  endfacet
  facet normal 0 0 -1
    outer loop
      vertex 5.26288 23.3846 0
      vertex 7.22241 10.8091 0
      vertex 6.5 11.2583 0
    endloop
  endfacet
  facet normal 0 0 -1
    outer loop
      vertex 7.9139 10.3136 0
      vertex 6.46716 25.3212 0
      vertex 6.62851 25.7499 0
    endloop
  endfacet
  facet normal 0 0 -1
    outer loop
      vertex 7.9139 10.3136 0
      vertex 6.27811 24.904 0
      vertex 6.46716 25.3212 0
    endloop
  endfacet
  facet normal 0 0 -1
    outer loop
      vertex 7.9139 10.3136 0
      vertex 6.06218 24.5 0
      vertex 6.27811 24.904 0
    endloop
  endfacet
  facet normal 0 0 -1
    outer loop
      vertex 7.9139 10.3136 0
      vertex 5.82029 24.111 0
      vertex 6.06218 24.5 0
    endloop
  endfacet
  facet normal 0 0 -1
    outer loop
      vertex 4.61542 22.7371 0
      vertex 6.5 11.2583 0
      vertex 5.74975 11.6593 0
    endloop
  endfacet
  facet normal 0 0 -1
    outer loop
      vertex 7.9139 10.3136 0
      vertex 5.55347 23.7387 0
      vertex 5.82029 24.111 0
    endloop
  endfacet
  facet normal 0 0 -1
    outer loop
      vertex 7.22241 10.8091 0
      vertex 5.26288 23.3846 0
      vertex 5.55347 23.7387 0
    endloop
  endfacet
  facet normal 0 0 -1
    outer loop
      vertex 4.26133 22.4465 0
      vertex 5.74975 11.6593 0
      vertex 4.97488 12.0104 0
    endloop
  endfacet
  facet normal 0 0 -1
    outer loop
      vertex 6.5 11.2583 0
      vertex 4.94975 23.0503 0
      vertex 5.26288 23.3846 0
    endloop
  endfacet
  facet normal 0 0 -1
    outer loop
      vertex 6.5 11.2583 0
      vertex 4.61542 22.7371 0
      vertex 4.94975 23.0503 0
    endloop
  endfacet
  facet normal 0 0 -1
    outer loop
      vertex 5.74975 11.6593 0
      vertex 4.26133 22.4465 0
      vertex 4.61542 22.7371 0
    endloop
  endfacet
  facet normal 0 0 -1
    outer loop
      vertex 3.5 21.9378 0
      vertex 4.97488 12.0104 0
      vertex 4.17871 12.3101 0
    endloop
  endfacet
  facet normal 0 0 -1
    outer loop
      vertex 4.97488 12.0104 0
      vertex 3.88899 22.1797 0
      vertex 4.26133 22.4465 0
    endloop
  endfacet
  facet normal 0 0 -1
    outer loop
      vertex 4.97488 12.0104 0
      vertex 3.5 21.9378 0
      vertex 3.88899 22.1797 0
    endloop
  endfacet
  facet normal 0 0 -1
    outer loop
      vertex 3.09602 21.7219 0
      vertex 4.17871 12.3101 0
      vertex 3.36465 12.557 0
    endloop
  endfacet
  facet normal 0 0 -1
    outer loop
      vertex 4.17871 12.3101 0
      vertex 3.09602 21.7219 0
      vertex 3.5 21.9378 0
    endloop
  endfacet
  facet normal 0 0 -1
    outer loop
      vertex 3.36465 12.557 0
      vertex 2.67878 21.5328 0
      vertex 3.09602 21.7219 0
    endloop
  endfacet
  facet normal 0 0 -1
    outer loop
      vertex 2.25008 21.3715 0
      vertex 3.36465 12.557 0
      vertex 2.53617 12.7502 0
    endloop
  endfacet
  facet normal 0 0 -1
    outer loop
      vertex 3.36465 12.557 0
      vertex 2.25008 21.3715 0
      vertex 2.67878 21.5328 0
    endloop
  endfacet
  facet normal 0 0 -1
    outer loop
      vertex 2.53617 12.7502 0
      vertex 1.81173 21.2385 0
      vertex 2.25008 21.3715 0
    endloop
  endfacet
  facet normal 0 0 -1
    outer loop
      vertex 1.69684 12.8888 0
      vertex 1.81173 21.2385 0
      vertex 2.53617 12.7502 0
    endloop
  endfacet
  facet normal 0 0 -1
    outer loop
      vertex 1.69684 12.8888 0
      vertex 1.36563 21.1345 0
      vertex 1.81173 21.2385 0
    endloop
  endfacet
  facet normal 0 0 -1
    outer loop
      vertex 1.69684 12.8888 0
      vertex 0.913683 21.0599 0
      vertex 1.36563 21.1345 0
    endloop
  endfacet
  facet normal 0 0 -1
    outer loop
      vertex 0.85024 12.9722 0
      vertex 0.913683 21.0599 0
      vertex 1.69684 12.8888 0
    endloop
  endfacet
  facet normal 0 0 -1
    outer loop
      vertex 0.85024 12.9722 0
      vertex 0.457822 21.015 0
      vertex 0.913683 21.0599 0
    endloop
  endfacet
  facet normal 0 0 -1
    outer loop
      vertex 0 13 0
      vertex 0.457822 21.015 0
      vertex 0.85024 12.9722 0
    endloop
  endfacet
  facet normal 0 0 -1
    outer loop
      vertex 0 13 0
      vertex 0 21 0
      vertex 0.457822 21.015 0
    endloop
  endfacet
  facet normal 0 0 -1
    outer loop
      vertex 0 13 0
      vertex -0.457822 21.015 0
      vertex 0 21 0
    endloop
  endfacet
  facet normal 0 0 -1
    outer loop
      vertex -0.85024 12.9722 0
      vertex -0.457822 21.015 0
      vertex 0 13 0
    endloop
  endfacet
  facet normal 0 0 -1
    outer loop
      vertex -0.85024 12.9722 0
      vertex -0.913683 21.0599 0
      vertex -0.457822 21.015 0
    endloop
  endfacet
  facet normal 0 0 -1
    outer loop
      vertex -1.69684 12.8888 0
      vertex -0.913683 21.0599 0
      vertex -0.85024 12.9722 0
    endloop
  endfacet
  facet normal -0 0 -1
    outer loop
      vertex -0.913683 21.0599 0
      vertex -1.69684 12.8888 0
      vertex -1.36563 21.1345 0
    endloop
  endfacet
  facet normal 0 0 -1
    outer loop
      vertex -1.69684 12.8888 0
      vertex -1.81173 21.2385 0
      vertex -1.36563 21.1345 0
    endloop
  endfacet
  facet normal 0 0 -1
    outer loop
      vertex -2.53617 12.7502 0
      vertex -1.81173 21.2385 0
      vertex -1.69684 12.8888 0
    endloop
  endfacet
  facet normal -0 0 -1
    outer loop
      vertex -1.81173 21.2385 0
      vertex -2.53617 12.7502 0
      vertex -2.25008 21.3715 0
    endloop
  endfacet
  facet normal 0 0 -1
    outer loop
      vertex -3.36465 12.557 0
      vertex -2.25008 21.3715 0
      vertex -2.53617 12.7502 0
    endloop
  endfacet
  facet normal -0 0 -1
    outer loop
      vertex -2.25008 21.3715 0
      vertex -3.36465 12.557 0
      vertex -2.67878 21.5328 0
    endloop
  endfacet
  facet normal -0 0 -1
    outer loop
      vertex -2.67878 21.5328 0
      vertex -3.36465 12.557 0
      vertex -3.09602 21.7219 0
    endloop
  endfacet
  facet normal 0 0 -1
    outer loop
      vertex -4.17871 12.3101 0
      vertex -3.09602 21.7219 0
      vertex -3.36465 12.557 0
    endloop
  endfacet
  facet normal -0 0 -1
    outer loop
      vertex -3.09602 21.7219 0
      vertex -4.17871 12.3101 0
      vertex -3.5 21.9378 0
    endloop
  endfacet
  facet normal 0 0 -1
    outer loop
      vertex -4.97488 12.0104 0
      vertex -3.5 21.9378 0
      vertex -4.17871 12.3101 0
    endloop
  endfacet
  facet normal -0 0 -1
    outer loop
      vertex -3.5 21.9378 0
      vertex -4.97488 12.0104 0
      vertex -3.88899 22.1797 0
    endloop
  endfacet
  facet normal -0 0 -1
    outer loop
      vertex -3.88899 22.1797 0
      vertex -4.97488 12.0104 0
      vertex -4.26133 22.4465 0
    endloop
  endfacet
  facet normal 0 0 -1
    outer loop
      vertex -5.74975 11.6593 0
      vertex -4.26133 22.4465 0
      vertex -4.97488 12.0104 0
    endloop
  endfacet
  facet normal -0 0 -1
    outer loop
      vertex -4.26133 22.4465 0
      vertex -5.74975 11.6593 0
      vertex -4.61542 22.7371 0
    endloop
  endfacet
  facet normal 0 0 -1
    outer loop
      vertex -6.5 11.2583 0
      vertex -4.61542 22.7371 0
      vertex -5.74975 11.6593 0
    endloop
  endfacet
  facet normal -0 0 -1
    outer loop
      vertex -4.61542 22.7371 0
      vertex -6.5 11.2583 0
      vertex -4.94975 23.0503 0
    endloop
  endfacet
  facet normal -0 0 -1
    outer loop
      vertex -4.94975 23.0503 0
      vertex -6.5 11.2583 0
      vertex -5.26288 23.3846 0
    endloop
  endfacet
  facet normal 0 0 -1
    outer loop
      vertex -7.22241 10.8091 0
      vertex -5.26288 23.3846 0
      vertex -6.5 11.2583 0
    endloop
  endfacet
  facet normal -0 0 -1
    outer loop
      vertex -5.26288 23.3846 0
      vertex -7.22241 10.8091 0
      vertex -5.55347 23.7387 0
    endloop
  endfacet
  facet normal 0 0 -1
    outer loop
      vertex -7.9139 10.3136 0
      vertex -5.55347 23.7387 0
      vertex -7.22241 10.8091 0
    endloop
  endfacet
  facet normal -0 0 -1
    outer loop
      vertex -5.55347 23.7387 0
      vertex -7.9139 10.3136 0
      vertex -5.82029 24.111 0
    endloop
  endfacet
  facet normal -0 0 -1
    outer loop
      vertex -5.82029 24.111 0
      vertex -7.9139 10.3136 0
      vertex -6.06218 24.5 0
    endloop
  endfacet
  facet normal 0 0 -1
    outer loop
      vertex -8.5715 9.77392 0
      vertex -6.06218 24.5 0
      vertex -7.9139 10.3136 0
    endloop
  endfacet
  facet normal -0 0 -1
    outer loop
      vertex -6.06218 24.5 0
      vertex -8.5715 9.77392 0
      vertex -6.27811 24.904 0
    endloop
  endfacet
  facet normal 0 0 -1
    outer loop
      vertex -9.19239 9.19239 0
      vertex -6.27811 24.904 0
      vertex -8.5715 9.77392 0
    endloop
  endfacet
  facet normal -0 0 -1
    outer loop
      vertex -6.27811 24.904 0
      vertex -9.19239 9.19239 0
      vertex -6.46716 25.3212 0
    endloop
  endfacet
  facet normal 0 0 -1
    outer loop
      vertex -9.77392 8.5715 0
      vertex -6.46716 25.3212 0
      vertex -9.19239 9.19239 0
    endloop
  endfacet
  facet normal -0 0 -1
    outer loop
      vertex -6.46716 25.3212 0
      vertex -9.77392 8.5715 0
      vertex -6.62851 25.7499 0
    endloop
  endfacet
  facet normal 0 0 -1
    outer loop
      vertex -10.3136 7.9139 0
      vertex -6.62851 25.7499 0
      vertex -9.77392 8.5715 0
    endloop
  endfacet
  facet normal 0 0 -1
    outer loop
      vertex 9.45752 -46.6563 0
      vertex 15.1377 -45.1343 0
      vertex 15.1256 -45.7228 0
    endloop
  endfacet
  facet normal -0 0 -1
    outer loop
      vertex 15.1377 -45.1343 0
      vertex 9.45752 -46.6563 0
      vertex 15.1295 -44.6172 0
    endloop
  endfacet
  facet normal 0 0 -1
    outer loop
      vertex 9.76227 -47.1599 0
      vertex 15.1256 -45.7228 0
      vertex 15.0872 -46.3878 0
    endloop
  endfacet
  facet normal 0 0 -1
    outer loop
      vertex 9.206 -46.2044 0
      vertex 15.1295 -44.6172 0
      vertex 9.45752 -46.6563 0
    endloop
  endfacet
  facet normal -0 0 -1
    outer loop
      vertex 15.1295 -44.6172 0
      vertex 9.206 -46.2044 0
      vertex 15.1065 -44.1671 0
    endloop
  endfacet
  facet normal 0 0 -1
    outer loop
      vertex 10.128 -47.7166 0
      vertex 15.0872 -46.3878 0
      vertex 15.0154 -47.1349 0
    endloop
  endfacet
  facet normal 0 0 -1
    outer loop
      vertex 15.1256 -45.7228 0
      vertex 9.76227 -47.1599 0
      vertex 9.45752 -46.6563 0
    endloop
  endfacet
  facet normal -0 0 -1
    outer loop
      vertex 15.1065 -44.1671 0
      vertex 9.00091 -45.803 0
      vertex 15.0731 -43.7799 0
    endloop
  endfacet
  facet normal 0 0 -1
    outer loop
      vertex 8.83626 -45.4511 0
      vertex 15.0731 -43.7799 0
      vertex 9.00091 -45.803 0
    endloop
  endfacet
  facet normal 0 0 -1
    outer loop
      vertex 10.5637 -48.3277 0
      vertex 15.0154 -47.1349 0
      vertex 14.902 -47.9704 0
    endloop
  endfacet
  facet normal 0 0 -1
    outer loop
      vertex 9.00091 -45.803 0
      vertex 15.1065 -44.1671 0
      vertex 9.206 -46.2044 0
    endloop
  endfacet
  facet normal -0 0 -1
    outer loop
      vertex 15.0731 -43.7799 0
      vertex 8.83626 -45.4511 0
      vertex 15.0335 -43.4523 0
    endloop
  endfacet
  facet normal 0 0 -1
    outer loop
      vertex 11.0797 -48.9946 0
      vertex 14.902 -47.9704 0
      vertex 14.7371 -48.9011 0
    endloop
  endfacet
  facet normal 0 0 -1
    outer loop
      vertex 11.6878 -49.7182 0
      vertex 14.7371 -48.9011 0
      vertex 14.5091 -49.9348 0
    endloop
  endfacet
  facet normal 0 0 -1
    outer loop
      vertex 15.0154 -47.1349 0
      vertex 10.5637 -48.3277 0
      vertex 10.128 -47.7166 0
    endloop
  endfacet
  facet normal 0 0 -1
    outer loop
      vertex 8.70672 -45.1475 0
      vertex 15.0335 -43.4523 0
      vertex 8.83626 -45.4511 0
    endloop
  endfacet
  facet normal 0 0 -1
    outer loop
      vertex 14.2657 -40.8991 0
      vertex 12.9722 -0.85024 0
      vertex 13 0 0
    endloop
  endfacet
  facet normal 0 0 -1
    outer loop
      vertex 14.2657 -40.8991 0
      vertex 12.8888 -1.69684 0
      vertex 12.9722 -0.85024 0
    endloop
  endfacet
  facet normal 0 0 -1
    outer loop
      vertex 14.2657 -40.8991 0
      vertex 12.7502 -2.53617 0
      vertex 12.8888 -1.69684 0
    endloop
  endfacet
  facet normal 0 0 -1
    outer loop
      vertex 14.2657 -40.8991 0
      vertex 12.557 -3.36465 0
      vertex 12.7502 -2.53617 0
    endloop
  endfacet
  facet normal 0 0 -1
    outer loop
      vertex 11.6878 -49.7182 0
      vertex 14.5091 -49.9348 0
      vertex 12.4021 -50.4994 0
    endloop
  endfacet
  facet normal 0 0 -1
    outer loop
      vertex 14.2657 -40.8991 0
      vertex 12.3101 -4.17871 0
      vertex 12.557 -3.36465 0
    endloop
  endfacet
  facet normal 0 0 -1
    outer loop
      vertex 14.2657 -40.8991 0
      vertex 12.0104 -4.97488 0
      vertex 12.3101 -4.17871 0
    endloop
  endfacet
  facet normal 0 0 -1
    outer loop
      vertex 14.7371 -48.9011 0
      vertex 11.6878 -49.7182 0
      vertex 11.0797 -48.9946 0
    endloop
  endfacet
  facet normal 0 0 -1
    outer loop
      vertex 14.2657 -40.8991 0
      vertex 11.6593 -5.74975 0
      vertex 12.0104 -4.97488 0
    endloop
  endfacet
  facet normal 0 0 -1
    outer loop
      vertex 14.2657 -40.8991 0
      vertex 7 -28 0
      vertex 6.98501 -27.5422 0
    endloop
  endfacet
  facet normal 0 0 -1
    outer loop
      vertex 14.902 -47.9704 0
      vertex 11.0797 -48.9946 0
      vertex 10.5637 -48.3277 0
    endloop
  endfacet
  facet normal 0 0 -1
    outer loop
      vertex 6.94011 -27.0863 0
      vertex 14.2657 -40.8991 0
      vertex 6.98501 -27.5422 0
    endloop
  endfacet
  facet normal 0 0 -1
    outer loop
      vertex 15.0872 -46.3878 0
      vertex 10.128 -47.7166 0
      vertex 9.76227 -47.1599 0
    endloop
  endfacet
  facet normal 0 0 -1
    outer loop
      vertex 14.2657 -40.8991 0
      vertex 11.2583 -6.5 0
      vertex 11.6593 -5.74975 0
    endloop
  endfacet
  facet normal -0 0 -1
    outer loop
      vertex 15.0335 -43.4523 0
      vertex 8.70672 -45.1475 0
      vertex 14.9914 -43.181 0
    endloop
  endfacet
  facet normal 0 0 -1
    outer loop
      vertex 6.8655 -26.6344 0
      vertex 14.2657 -40.8991 0
      vertex 6.94011 -27.0863 0
    endloop
  endfacet
  facet normal 0 0 -1
    outer loop
      vertex 8.60758 -44.8915 0
      vertex 14.9914 -43.181 0
      vertex 8.70672 -45.1475 0
    endloop
  endfacet
  facet normal -0 0 -1
    outer loop
      vertex 14.9914 -43.181 0
      vertex 8.60758 -44.8915 0
      vertex 14.9501 -42.9635 0
    endloop
  endfacet
  facet normal 0 0 -1
    outer loop
      vertex 8.53454 -44.6825 0
      vertex 14.9501 -42.9635 0
      vertex 8.60758 -44.8915 0
    endloop
  endfacet
  facet normal 0 0 -1
    outer loop
      vertex 14.2657 -40.8991 0
      vertex 10.8091 -7.22241 0
      vertex 11.2583 -6.5 0
    endloop
  endfacet
  facet normal -0 0 -1
    outer loop
      vertex 14.9501 -42.9635 0
      vertex 8.53454 -44.6825 0
      vertex 14.9129 -42.7973 0
    endloop
  endfacet
  facet normal -0 0 -1
    outer loop
      vertex 14.9129 -42.7973 0
      vertex 8.53454 -44.6825 0
      vertex 14.8827 -42.6806 0
    endloop
  endfacet
  facet normal -0 0 -1
    outer loop
      vertex 14.8827 -42.6806 0
      vertex 8.53454 -44.6825 0
      vertex 14.8551 -42.5888 0
    endloop
  endfacet
  facet normal 0 0 -1
    outer loop
      vertex 8.42948 -44.3106 0
      vertex 14.8551 -42.5888 0
      vertex 8.53454 -44.6825 0
    endloop
  endfacet
  facet normal 0 0 -1
    outer loop
      vertex 14.2657 -40.8991 0
      vertex 6.8655 -26.6344 0
      vertex 10.8091 -7.22241 0
    endloop
  endfacet
  facet normal -0 0 -1
    outer loop
      vertex 14.8551 -42.5888 0
      vertex 8.42948 -44.3106 0
      vertex 14.2657 -40.8991 0
    endloop
  endfacet
  facet normal 0 0 -1
    outer loop
      vertex 8.42948 -44.3106 0
      vertex 8.53454 -44.6825 0
      vertex 8.4837 -44.52 0
    endloop
  endfacet
  facet normal 0 0 -1
    outer loop
      vertex 8.42948 -44.3106 0
      vertex 8.4837 -44.52 0
      vertex 8.45145 -44.4038 0
    endloop
  endfacet
  facet normal 0 0 -1
    outer loop
      vertex 14.2657 -40.8991 0
      vertex 8.42948 -44.3106 0
      vertex 8.09834 -42.5699 0
    endloop
  endfacet
  facet normal 0 0 -1
    outer loop
      vertex 5.26288 -32.6154 0
      vertex 14.2657 -40.8991 0
      vertex 8.09834 -42.5699 0
    endloop
  endfacet
  facet normal 0 0 -1
    outer loop
      vertex 10.8091 -7.22241 0
      vertex 6.8655 -26.6344 0
      vertex 10.3136 -7.9139 0
    endloop
  endfacet
  facet normal 0 0 -1
    outer loop
      vertex 6.76148 -26.1883 0
      vertex 10.3136 -7.9139 0
      vertex 6.8655 -26.6344 0
    endloop
  endfacet
  facet normal 0 0 -1
    outer loop
      vertex 6.62851 -25.7499 0
      vertex 10.3136 -7.9139 0
      vertex 6.76148 -26.1883 0
    endloop
  endfacet
  facet normal 0 0 -1
    outer loop
      vertex 14.2657 -40.8991 0
      vertex 6.98501 -28.4578 0
      vertex 7 -28 0
    endloop
  endfacet
  facet normal 0 0 -1
    outer loop
      vertex 14.2657 -40.8991 0
      vertex 6.94011 -28.9137 0
      vertex 6.98501 -28.4578 0
    endloop
  endfacet
  facet normal 0 0 -1
    outer loop
      vertex 14.2657 -40.8991 0
      vertex 6.8655 -29.3656 0
      vertex 6.94011 -28.9137 0
    endloop
  endfacet
  facet normal 0 0 -1
    outer loop
      vertex 14.2657 -40.8991 0
      vertex 6.76148 -29.8117 0
      vertex 6.8655 -29.3656 0
    endloop
  endfacet
  facet normal 0 0 -1
    outer loop
      vertex 14.2657 -40.8991 0
      vertex 6.62851 -30.2501 0
      vertex 6.76148 -29.8117 0
    endloop
  endfacet
  facet normal 0 0 -1
    outer loop
      vertex 14.2657 -40.8991 0
      vertex 6.46716 -30.6788 0
      vertex 6.62851 -30.2501 0
    endloop
  endfacet
  facet normal 0 0 -1
    outer loop
      vertex 14.2657 -40.8991 0
      vertex 6.27811 -31.096 0
      vertex 6.46716 -30.6788 0
    endloop
  endfacet
  facet normal 0 0 -1
    outer loop
      vertex 14.2657 -40.8991 0
      vertex 6.06218 -31.5 0
      vertex 6.27811 -31.096 0
    endloop
  endfacet
  facet normal 0 0 -1
    outer loop
      vertex 14.2657 -40.8991 0
      vertex 5.82029 -31.889 0
      vertex 6.06218 -31.5 0
    endloop
  endfacet
  facet normal 0 0 -1
    outer loop
      vertex 14.2657 -40.8991 0
      vertex 5.55347 -32.2613 0
      vertex 5.82029 -31.889 0
    endloop
  endfacet
  facet normal 0 0 -1
    outer loop
      vertex 3.5 -34.0622 0
      vertex 8.09834 -42.5699 0
      vertex 5.29679 -43.0084 0
    endloop
  endfacet
  facet normal 0 0 -1
    outer loop
      vertex 14.2657 -40.8991 0
      vertex 5.26288 -32.6154 0
      vertex 5.55347 -32.2613 0
    endloop
  endfacet
  facet normal 0 0 -1
    outer loop
      vertex 8.09834 -42.5699 0
      vertex 4.94975 -32.9497 0
      vertex 5.26288 -32.6154 0
    endloop
  endfacet
  facet normal 0 0 -1
    outer loop
      vertex 8.09834 -42.5699 0
      vertex 4.61542 -33.2629 0
      vertex 4.94975 -32.9497 0
    endloop
  endfacet
  facet normal 0 0 -1
    outer loop
      vertex 8.09834 -42.5699 0
      vertex 4.26133 -33.5535 0
      vertex 4.61542 -33.2629 0
    endloop
  endfacet
  facet normal 0 0 -1
    outer loop
      vertex 8.09834 -42.5699 0
      vertex 3.88899 -33.8203 0
      vertex 4.26133 -33.5535 0
    endloop
  endfacet
  facet normal 0 0 -1
    outer loop
      vertex 8.09834 -42.5699 0
      vertex 3.5 -34.0622 0
      vertex 3.88899 -33.8203 0
    endloop
  endfacet
  facet normal 0 0 -1
    outer loop
      vertex 2.25008 -34.6285 0
      vertex 5.29679 -43.0084 0
      vertex 3.19417 -43.1977 0
    endloop
  endfacet
  facet normal 0 0 -1
    outer loop
      vertex 5.29679 -43.0084 0
      vertex 3.09602 -34.2781 0
      vertex 3.5 -34.0622 0
    endloop
  endfacet
  facet normal 0 0 -1
    outer loop
      vertex 3.32614 -44.9824 0
      vertex -3.32616 -44.9824 0
      vertex 3.19417 -43.1977 0
    endloop
  endfacet
  facet normal 0 0 -1
    outer loop
      vertex -3.1605 -46.572 0
      vertex 3.16046 -46.572 0
      vertex 3.06623 -47.0127 0
    endloop
  endfacet
  facet normal 0 0 -1
    outer loop
      vertex -3.06628 -47.0127 0
      vertex 3.06623 -47.0127 0
      vertex 2.94024 -47.5143 0
    endloop
  endfacet
  facet normal 0 0 -1
    outer loop
      vertex -2.94028 -47.5143 0
      vertex 2.94024 -47.5143 0
      vertex 2.77622 -48.0796 0
    endloop
  endfacet
  facet normal 0 0 -1
    outer loop
      vertex 5.29679 -43.0084 0
      vertex 2.67878 -34.4672 0
      vertex 3.09602 -34.2781 0
    endloop
  endfacet
  facet normal 0 0 -1
    outer loop
      vertex -2.77627 -48.0797 0
      vertex 2.77622 -48.0796 0
      vertex 2.56701 -48.712 0
    endloop
  endfacet
  facet normal 0 0 -1
    outer loop
      vertex -2.56707 -48.712 0
      vertex 2.56701 -48.712 0
      vertex 2.30434 -49.4151 0
    endloop
  endfacet
  facet normal 0 0 -1
    outer loop
      vertex 5.29679 -43.0084 0
      vertex 2.25008 -34.6285 0
      vertex 2.67878 -34.4672 0
    endloop
  endfacet
  facet normal 0 0 -1
    outer loop
      vertex -2.30438 -49.4151 0
      vertex 2.30434 -49.4151 0
      vertex 1.97856 -50.1927 0
    endloop
  endfacet
  facet normal 0 -0 -1
    outer loop
      vertex 0 -35 0
      vertex 3.19417 -43.1977 0
      vertex -3.1955 -43.2153 0
    endloop
  endfacet
  facet normal 0 0 -1
    outer loop
      vertex -1.97861 -50.1927 0
      vertex 1.97856 -50.1927 0
      vertex 1.57841 -51.0491 0
    endloop
  endfacet
  facet normal 0 0 -1
    outer loop
      vertex 3.19417 -43.1977 0
      vertex 1.81173 -34.7615 0
      vertex 2.25008 -34.6285 0
    endloop
  endfacet
  facet normal 0 0 -1
    outer loop
      vertex -1.57845 -51.0491 0
      vertex 1.57841 -51.0491 0
      vertex 1.09066 -51.9885 0
    endloop
  endfacet
  facet normal 0 0 -1
    outer loop
      vertex 3.19417 -43.1977 0
      vertex 1.36563 -34.8655 0
      vertex 1.81173 -34.7615 0
    endloop
  endfacet
  facet normal 0 0 -1
    outer loop
      vertex 3.19417 -43.1977 0
      vertex 0.913683 -34.9401 0
      vertex 1.36563 -34.8655 0
    endloop
  endfacet
  facet normal 0 0 -1
    outer loop
      vertex 3.19417 -43.1977 0
      vertex 0.457822 -34.985 0
      vertex 0.913683 -34.9401 0
    endloop
  endfacet
  facet normal 0 0 -1
    outer loop
      vertex 3.19417 -43.1977 0
      vertex 0 -35 0
      vertex 0.457822 -34.985 0
    endloop
  endfacet
  facet normal -0 0 -1
    outer loop
      vertex 0 -35 0
      vertex -3.1955 -43.2153 0
      vertex -0.457822 -34.985 0
    endloop
  endfacet
  facet normal 0 0 -1
    outer loop
      vertex -1.57845 -51.0491 0
      vertex 1.09066 -51.9885 0
      vertex -1.0907 -51.9885 0
    endloop
  endfacet
  facet normal -0 0 -1
    outer loop
      vertex -0.457822 -34.985 0
      vertex -3.1955 -43.2153 0
      vertex -0.913683 -34.9401 0
    endloop
  endfacet
  facet normal 0 0 -1
    outer loop
      vertex 1.57841 -51.0491 0
      vertex -1.57845 -51.0491 0
      vertex -1.97861 -50.1927 0
    endloop
  endfacet
  facet normal -0 0 -1
    outer loop
      vertex -0.913683 -34.9401 0
      vertex -3.1955 -43.2153 0
      vertex -1.36563 -34.8655 0
    endloop
  endfacet
  facet normal 0 0 -1
    outer loop
      vertex 1.97856 -50.1927 0
      vertex -1.97861 -50.1927 0
      vertex -2.30438 -49.4151 0
    endloop
  endfacet
  facet normal -0 0 -1
    outer loop
      vertex -1.36563 -34.8655 0
      vertex -3.1955 -43.2153 0
      vertex -1.81173 -34.7615 0
    endloop
  endfacet
  facet normal -0 0 -1
    outer loop
      vertex 2.30434 -49.4151 0
      vertex -2.30438 -49.4151 0
      vertex -2.56707 -48.712 0
    endloop
  endfacet
  facet normal -0 0 -1
    outer loop
      vertex 2.56701 -48.712 0
      vertex -2.56707 -48.712 0
      vertex -2.77627 -48.0797 0
    endloop
  endfacet
  facet normal -0 0 -1
    outer loop
      vertex -1.81173 -34.7615 0
      vertex -3.1955 -43.2153 0
      vertex -2.25008 -34.6285 0
    endloop
  endfacet
  facet normal -0 0 -1
    outer loop
      vertex 2.77622 -48.0796 0
      vertex -2.77627 -48.0797 0
      vertex -2.94028 -47.5143 0
    endloop
  endfacet
  facet normal -0 0 -1
    outer loop
      vertex 2.94024 -47.5143 0
      vertex -2.94028 -47.5143 0
      vertex -3.06628 -47.0127 0
    endloop
  endfacet
  facet normal 0 0 -1
    outer loop
      vertex 3.06623 -47.0127 0
      vertex -3.06628 -47.0127 0
      vertex -3.1605 -46.572 0
    endloop
  endfacet
  facet normal -0 0 -1
    outer loop
      vertex -2.25008 -34.6285 0
      vertex -3.1955 -43.2153 0
      vertex -2.67878 -34.4672 0
    endloop
  endfacet
  facet normal 0 0 -1
    outer loop
      vertex 3.16046 -46.572 0
      vertex -3.1605 -46.572 0
      vertex -3.22845 -46.1894 0
    endloop
  endfacet
  facet normal 0 0 -1
    outer loop
      vertex -6.01506 -42.9138 0
      vertex -2.67878 -34.4672 0
      vertex -3.1955 -43.2153 0
    endloop
  endfacet
  facet normal -0 0 -1
    outer loop
      vertex -2.67878 -34.4672 0
      vertex -6.01506 -42.9138 0
      vertex -3.09602 -34.2781 0
    endloop
  endfacet
  facet normal -0 0 -1
    outer loop
      vertex -3.09602 -34.2781 0
      vertex -6.01506 -42.9138 0
      vertex -3.5 -34.0622 0
    endloop
  endfacet
  facet normal -0 0 -1
    outer loop
      vertex -3.5 -34.0622 0
      vertex -6.01506 -42.9138 0
      vertex -3.88899 -33.8203 0
    endloop
  endfacet
  facet normal 0 0 -1
    outer loop
      vertex -8.09505 -42.5525 0
      vertex -3.88899 -33.8203 0
      vertex -6.01506 -42.9138 0
    endloop
  endfacet
  facet normal -0 0 -1
    outer loop
      vertex -3.88899 -33.8203 0
      vertex -8.09505 -42.5525 0
      vertex -4.26133 -33.5535 0
    endloop
  endfacet
  facet normal -0 0 -1
    outer loop
      vertex -4.26133 -33.5535 0
      vertex -8.09505 -42.5525 0
      vertex -4.61542 -33.2629 0
    endloop
  endfacet
  facet normal -0 0 -1
    outer loop
      vertex -4.61542 -33.2629 0
      vertex -8.09505 -42.5525 0
      vertex -4.94975 -32.9497 0
    endloop
  endfacet
  facet normal -0 0 -1
    outer loop
      vertex -4.94975 -32.9497 0
      vertex -8.09505 -42.5525 0
      vertex -5.26288 -32.6154 0
    endloop
  endfacet
  facet normal 0 0 -1
    outer loop
      vertex -14.2716 -40.9158 0
      vertex -5.26288 -32.6154 0
      vertex -8.09505 -42.5525 0
    endloop
  endfacet
  facet normal -0 0 -1
    outer loop
      vertex -5.26288 -32.6154 0
      vertex -14.2716 -40.9158 0
      vertex -5.55347 -32.2613 0
    endloop
  endfacet
  facet normal -0 0 -1
    outer loop
      vertex -5.55347 -32.2613 0
      vertex -14.2716 -40.9158 0
      vertex -5.82029 -31.889 0
    endloop
  endfacet
  facet normal -0 0 -1
    outer loop
      vertex -5.82029 -31.889 0
      vertex -14.2716 -40.9158 0
      vertex -6.06218 -31.5 0
    endloop
  endfacet
  facet normal -0 0 -1
    outer loop
      vertex -6.06218 -31.5 0
      vertex -14.2716 -40.9158 0
      vertex -6.27811 -31.096 0
    endloop
  endfacet
  facet normal -0 0 -1
    outer loop
      vertex -6.27811 -31.096 0
      vertex -14.2716 -40.9158 0
      vertex -6.46716 -30.6788 0
    endloop
  endfacet
  facet normal 0 0 -1
    outer loop
      vertex -16.917 -39.8948 0
      vertex -6.46716 -30.6788 0
      vertex -14.2716 -40.9158 0
    endloop
  endfacet
  facet normal -0 0 -1
    outer loop
      vertex -6.46716 -30.6788 0
      vertex -16.917 -39.8948 0
      vertex -6.62851 -30.2501 0
    endloop
  endfacet
  facet normal -0 0 -1
    outer loop
      vertex -6.62851 -30.2501 0
      vertex -16.917 -39.8948 0
      vertex -6.76148 -29.8117 0
    endloop
  endfacet
  facet normal 0 0 -1
    outer loop
      vertex -5.55347 -23.7387 0
      vertex -7.9139 -10.3136 0
      vertex -7.22241 -10.8091 0
    endloop
  endfacet
  facet normal 0 0 -1
    outer loop
      vertex -24.375 -35.8278 0
      vertex -7 -28 0
      vertex -6.98501 -28.4578 0
    endloop
  endfacet
  facet normal 0 0 -1
    outer loop
      vertex -18.8326 -39.0074 0
      vertex -6.76148 -29.8117 0
      vertex -16.917 -39.8948 0
    endloop
  endfacet
  facet normal -0 0 -1
    outer loop
      vertex -6.76148 -29.8117 0
      vertex -18.8326 -39.0074 0
      vertex -6.8655 -29.3656 0
    endloop
  endfacet
  facet normal 0 0 -1
    outer loop
      vertex -14.2716 -40.9158 0
      vertex -8.09505 -42.5525 0
      vertex -8.42949 -44.3106 0
    endloop
  endfacet
  facet normal 0 0 -1
    outer loop
      vertex -14.8551 -42.5888 0
      vertex -8.42949 -44.3106 0
      vertex -8.45147 -44.4038 0
    endloop
  endfacet
  facet normal 0 0 -1
    outer loop
      vertex -14.8551 -42.5888 0
      vertex -8.45147 -44.4038 0
      vertex -8.48372 -44.52 0
    endloop
  endfacet
  facet normal 0 0 -1
    outer loop
      vertex -14.8551 -42.5888 0
      vertex -8.48372 -44.52 0
      vertex -8.53455 -44.6825 0
    endloop
  endfacet
  facet normal -0 0 -1
    outer loop
      vertex -6.8655 -29.3656 0
      vertex -18.8326 -39.0074 0
      vertex -6.94011 -28.9137 0
    endloop
  endfacet
  facet normal 0 0 -1
    outer loop
      vertex -14.9501 -42.9635 0
      vertex -8.53455 -44.6825 0
      vertex -8.6076 -44.8915 0
    endloop
  endfacet
  facet normal 0 0 -1
    outer loop
      vertex -14.9914 -43.181 0
      vertex -8.6076 -44.8915 0
      vertex -8.70673 -45.1475 0
    endloop
  endfacet
  facet normal 0 0 -1
    outer loop
      vertex -15.0335 -43.4523 0
      vertex -8.70673 -45.1475 0
      vertex -8.83626 -45.4511 0
    endloop
  endfacet
  facet normal 0 0 -1
    outer loop
      vertex -15.0731 -43.7799 0
      vertex -8.83626 -45.4511 0
      vertex -9.00091 -45.8031 0
    endloop
  endfacet
  facet normal -0 0 -1
    outer loop
      vertex -6.94011 -28.9137 0
      vertex -18.8326 -39.0074 0
      vertex -6.98501 -28.4578 0
    endloop
  endfacet
  facet normal 0 0 -1
    outer loop
      vertex -15.1065 -44.1671 0
      vertex -9.00091 -45.8031 0
      vertex -9.20602 -46.2044 0
    endloop
  endfacet
  facet normal 0 0 -1
    outer loop
      vertex -15.1296 -44.6172 0
      vertex -9.20602 -46.2044 0
      vertex -9.45753 -46.6563 0
    endloop
  endfacet
  facet normal 0 0 -1
    outer loop
      vertex -15.1377 -45.1343 0
      vertex -9.45753 -46.6563 0
      vertex -9.76228 -47.1599 0
    endloop
  endfacet
  facet normal 0 0 -1
    outer loop
      vertex -24.375 -35.8278 0
      vertex -6.98501 -28.4578 0
      vertex -18.8326 -39.0074 0
    endloop
  endfacet
  facet normal 0 0 -1
    outer loop
      vertex -15.1256 -45.7228 0
      vertex -9.76228 -47.1599 0
      vertex -10.128 -47.7166 0
    endloop
  endfacet
  facet normal 0 0 -1
    outer loop
      vertex -6.98501 -27.5422 0
      vertex -24.375 -35.8278 0
      vertex -26.6661 -34.1569 0
    endloop
  endfacet
  facet normal 0 0 -1
    outer loop
      vertex -15.0872 -46.3878 0
      vertex -10.128 -47.7166 0
      vertex -10.5637 -48.3277 0
    endloop
  endfacet
  facet normal 0 0 -1
    outer loop
      vertex -6.98501 -27.5422 0
      vertex -26.6661 -34.1569 0
      vertex -28.2868 -32.804 0
    endloop
  endfacet
  facet normal 0 0 -1
    outer loop
      vertex -15.0154 -47.1349 0
      vertex -10.5637 -48.3277 0
      vertex -11.0797 -48.9946 0
    endloop
  endfacet
  facet normal 0 0 -1
    outer loop
      vertex -6.98501 -27.5422 0
      vertex -8.5715 -9.77392 0
      vertex -7.9139 -10.3136 0
    endloop
  endfacet
  facet normal 0 0 -1
    outer loop
      vertex -32.8174 -28.2983 0
      vertex -6.98501 -27.5422 0
      vertex -28.2868 -32.804 0
    endloop
  endfacet
  facet normal 0 0 -1
    outer loop
      vertex -14.902 -47.9704 0
      vertex -11.0797 -48.9946 0
      vertex -11.6878 -49.7182 0
    endloop
  endfacet
  facet normal 0 0 -1
    outer loop
      vertex -6.98501 -27.5422 0
      vertex -9.19239 -9.19239 0
      vertex -8.5715 -9.77392 0
    endloop
  endfacet
  facet normal -0 0 -1
    outer loop
      vertex -6.98501 -27.5422 0
      vertex -32.8174 -28.2983 0
      vertex -9.19239 -9.19239 0
    endloop
  endfacet
  facet normal 0 0 -1
    outer loop
      vertex -14.7371 -48.9011 0
      vertex -11.6878 -49.7182 0
      vertex -12.4021 -50.4994 0
    endloop
  endfacet
  facet normal -0 0 -1
    outer loop
      vertex -9.19239 -9.19239 0
      vertex -32.8174 -28.2983 0
      vertex -9.77392 -8.5715 0
    endloop
  endfacet
  facet normal -0 0 -1
    outer loop
      vertex -9.77392 -8.5715 0
      vertex -32.8174 -28.2983 0
      vertex -10.3136 -7.9139 0
    endloop
  endfacet
  facet normal 0 0 -1
    outer loop
      vertex -34.5979 -26.0913 0
      vertex -10.3136 -7.9139 0
      vertex -32.8174 -28.2983 0
    endloop
  endfacet
  facet normal -0 0 -1
    outer loop
      vertex -10.3136 -7.9139 0
      vertex -34.5979 -26.0913 0
      vertex -10.8091 -7.22241 0
    endloop
  endfacet
  facet normal 0 0 -1
    outer loop
      vertex -35.8132 -24.3651 0
      vertex -10.8091 -7.22241 0
      vertex -34.5979 -26.0913 0
    endloop
  endfacet
  facet normal -0 0 -1
    outer loop
      vertex -10.8091 -7.22241 0
      vertex -35.8132 -24.3651 0
      vertex -11.2583 -6.5 0
    endloop
  endfacet
  facet normal 0 0 -1
    outer loop
      vertex -39.0233 -18.8403 0
      vertex -11.2583 -6.5 0
      vertex -35.8132 -24.3651 0
    endloop
  endfacet
  facet normal 0 0 -1
    outer loop
      vertex -14.7371 -48.9011 0
      vertex -12.4021 -50.4994 0
      vertex -14.5091 -49.9348 0
    endloop
  endfacet
  facet normal 0 0 -1
    outer loop
      vertex -11.6878 -49.7182 0
      vertex -14.7371 -48.9011 0
      vertex -14.902 -47.9704 0
    endloop
  endfacet
  facet normal 0 0 -1
    outer loop
      vertex -11.0797 -48.9946 0
      vertex -14.902 -47.9704 0
      vertex -15.0154 -47.1349 0
    endloop
  endfacet
  facet normal 0 0 -1
    outer loop
      vertex -10.5637 -48.3277 0
      vertex -15.0154 -47.1349 0
      vertex -15.0872 -46.3878 0
    endloop
  endfacet
  facet normal 0 0 -1
    outer loop
      vertex -10.128 -47.7166 0
      vertex -15.0872 -46.3878 0
      vertex -15.1256 -45.7228 0
    endloop
  endfacet
  facet normal 0 0 -1
    outer loop
      vertex -9.76228 -47.1599 0
      vertex -15.1256 -45.7228 0
      vertex -15.1377 -45.1343 0
    endloop
  endfacet
  facet normal 0 0 -1
    outer loop
      vertex -9.45753 -46.6563 0
      vertex -15.1377 -45.1343 0
      vertex -15.1296 -44.6172 0
    endloop
  endfacet
  facet normal 0 0 -1
    outer loop
      vertex -9.20602 -46.2044 0
      vertex -15.1296 -44.6172 0
      vertex -15.1065 -44.1671 0
    endloop
  endfacet
  facet normal 0 0 -1
    outer loop
      vertex -8.42949 -44.3106 0
      vertex -14.8551 -42.5888 0
      vertex -14.2716 -40.9158 0
    endloop
  endfacet
  facet normal 0 0 -1
    outer loop
      vertex -8.83626 -45.4511 0
      vertex -15.0731 -43.7799 0
      vertex -15.0335 -43.4523 0
    endloop
  endfacet
  facet normal 0 0 -1
    outer loop
      vertex -8.70673 -45.1475 0
      vertex -15.0335 -43.4523 0
      vertex -14.9914 -43.181 0
    endloop
  endfacet
  facet normal 0 0 -1
    outer loop
      vertex -8.53455 -44.6825 0
      vertex -14.9501 -42.9635 0
      vertex -14.8551 -42.5888 0
    endloop
  endfacet
  facet normal 0 0 -1
    outer loop
      vertex -14.8551 -42.5888 0
      vertex -14.9501 -42.9635 0
      vertex -14.9129 -42.7973 0
    endloop
  endfacet
  facet normal 0 0 -1
    outer loop
      vertex -14.8551 -42.5888 0
      vertex -14.9129 -42.7973 0
      vertex -14.8827 -42.6806 0
    endloop
  endfacet
  facet normal 0 0 -1
    outer loop
      vertex -8.6076 -44.8915 0
      vertex -14.9914 -43.181 0
      vertex -14.9501 -42.9635 0
    endloop
  endfacet
  facet normal 0 0 -1
    outer loop
      vertex -9.00091 -45.8031 0
      vertex -15.1065 -44.1671 0
      vertex -15.0731 -43.7799 0
    endloop
  endfacet
  facet normal 0 0 -1
    outer loop
      vertex 24.1576 -44.999 0
      vertex 26.8915 -43.4206 0
      vertex 26.9388 -44.4781 0
    endloop
  endfacet
  facet normal -0 0 -1
    outer loop
      vertex 26.8915 -43.4206 0
      vertex 24.1576 -44.999 0
      vertex 26.8099 -42.4789 0
    endloop
  endfacet
  facet normal 0 0 -1
    outer loop
      vertex 23.3828 -44.4575 0
      vertex 26.8099 -42.4789 0
      vertex 24.1576 -44.999 0
    endloop
  endfacet
  facet normal -0 0 -1
    outer loop
      vertex 26.8099 -42.4789 0
      vertex 23.3828 -44.4575 0
      vertex 26.7032 -41.6426 0
    endloop
  endfacet
  facet normal -0 0 -1
    outer loop
      vertex 26.7032 -41.6426 0
      vertex 22.7119 -43.9469 0
      vertex 26.5791 -40.9023 0
    endloop
  endfacet
  facet normal 0 0 -1
    outer loop
      vertex 22.1329 -43.4694 0
      vertex 26.5791 -40.9023 0
      vertex 22.7119 -43.9469 0
    endloop
  endfacet
  facet normal -0 0 -1
    outer loop
      vertex 26.5791 -40.9023 0
      vertex 22.1329 -43.4694 0
      vertex 26.4441 -40.2501 0
    endloop
  endfacet
  facet normal 0 0 -1
    outer loop
      vertex 21.6355 -43.0263 0
      vertex 26.4441 -40.2501 0
      vertex 22.1329 -43.4694 0
    endloop
  endfacet
  facet normal -0 0 -1
    outer loop
      vertex 26.4441 -40.2501 0
      vertex 21.6355 -43.0263 0
      vertex 26.3035 -39.6784 0
    endloop
  endfacet
  facet normal 0 0 -1
    outer loop
      vertex 21.2108 -42.6187 0
      vertex 26.3035 -39.6784 0
      vertex 21.6355 -43.0263 0
    endloop
  endfacet
  facet normal 0 0 -1
    outer loop
      vertex 20.8509 -42.2473 0
      vertex 26.1618 -39.1811 0
      vertex 21.2108 -42.6187 0
    endloop
  endfacet
  facet normal -0 0 -1
    outer loop
      vertex 26.1618 -39.1811 0
      vertex 20.8509 -42.2473 0
      vertex 26.023 -38.7523 0
    endloop
  endfacet
  facet normal 0 0 -1
    outer loop
      vertex 20.5489 -41.9127 0
      vertex 26.023 -38.7523 0
      vertex 20.8509 -42.2473 0
    endloop
  endfacet
  facet normal -0 0 -1
    outer loop
      vertex 26.023 -38.7523 0
      vertex 20.5489 -41.9127 0
      vertex 25.8906 -38.3869 0
    endloop
  endfacet
  facet normal 0 0 -1
    outer loop
      vertex 24.1576 -44.999 0
      vertex 26.9388 -44.4781 0
      vertex 25.0497 -45.5687 0
    endloop
  endfacet
  facet normal 0 0 -1
    outer loop
      vertex 22.7119 -43.9469 0
      vertex 26.7032 -41.6426 0
      vertex 23.3828 -44.4575 0
    endloop
  endfacet
  facet normal -0 0 -1
    outer loop
      vertex 26.3035 -39.6784 0
      vertex 21.2108 -42.6187 0
      vertex 26.1618 -39.1811 0
    endloop
  endfacet
  facet normal 0 0 -1
    outer loop
      vertex 20.2988 -41.6154 0
      vertex 25.8906 -38.3869 0
      vertex 20.5489 -41.9127 0
    endloop
  endfacet
  facet normal 0 0 -1
    outer loop
      vertex 12.9722 0.85024 0
      vertex 24.3651 -35.8132 0
      vertex 13 0 0
    endloop
  endfacet
  facet normal -0 0 -1
    outer loop
      vertex 25.8906 -38.3869 0
      vertex 20.2988 -41.6154 0
      vertex 25.7675 -38.0807 0
    endloop
  endfacet
  facet normal 0 0 -1
    outer loop
      vertex 24.3651 -35.8132 0
      vertex 12.9722 0.85024 0
      vertex 24.1576 44.999 0
    endloop
  endfacet
  facet normal 0 0 -1
    outer loop
      vertex 20.0951 -41.3557 0
      vertex 25.7675 -38.0807 0
      vertex 20.2988 -41.6154 0
    endloop
  endfacet
  facet normal 0 0 -1
    outer loop
      vertex 12.8888 1.69684 0
      vertex 24.1576 44.999 0
      vertex 12.9722 0.85024 0
    endloop
  endfacet
  facet normal -0 0 -1
    outer loop
      vertex 25.7675 -38.0807 0
      vertex 20.0951 -41.3557 0
      vertex 25.6566 -37.8296 0
    endloop
  endfacet
  facet normal 0 0 -1
    outer loop
      vertex 12.7502 2.53617 0
      vertex 24.1576 44.999 0
      vertex 12.8888 1.69684 0
    endloop
  endfacet
  facet normal 0 0 -1
    outer loop
      vertex 19.9331 -41.1341 0
      vertex 25.6566 -37.8296 0
      vertex 20.0951 -41.3557 0
    endloop
  endfacet
  facet normal 0 0 -1
    outer loop
      vertex 12.557 3.36465 0
      vertex 24.1576 44.999 0
      vertex 12.7502 2.53617 0
    endloop
  endfacet
  facet normal -0 0 -1
    outer loop
      vertex 25.6566 -37.8296 0
      vertex 19.9331 -41.1341 0
      vertex 25.5605 -37.6302 0
    endloop
  endfacet
  facet normal 0 -0 -1
    outer loop
      vertex 18.8326 39.0074 0
      vertex 24.1576 44.999 0
      vertex 12.557 3.36465 0
    endloop
  endfacet
  facet normal 0 0 -1
    outer loop
      vertex 19.8084 -40.9511 0
      vertex 25.5605 -37.6302 0
      vertex 19.9331 -41.1341 0
    endloop
  endfacet
  facet normal 0 0 -1
    outer loop
      vertex 24.1576 44.999 0
      vertex 18.8326 39.0074 0
      vertex 23.3829 44.4575 0
    endloop
  endfacet
  facet normal -0 0 -1
    outer loop
      vertex 25.5605 -37.6302 0
      vertex 19.8084 -40.9511 0
      vertex 25.4815 -37.4793 0
    endloop
  endfacet
  facet normal 0 0 -1
    outer loop
      vertex 22.7119 43.9469 0
      vertex 18.8326 39.0074 0
      vertex 22.1329 43.4694 0
    endloop
  endfacet
  facet normal -0 0 -1
    outer loop
      vertex 25.4815 -37.4793 0
      vertex 19.8084 -40.9511 0
      vertex 25.4222 -37.3744 0
    endloop
  endfacet
  facet normal 0 0 -1
    outer loop
      vertex 22.1329 43.4694 0
      vertex 18.8326 39.0074 0
      vertex 21.6355 43.0263 0
    endloop
  endfacet
  facet normal -0 0 -1
    outer loop
      vertex 25.4222 -37.3744 0
      vertex 19.8084 -40.9511 0
      vertex 25.3717 -37.2928 0
    endloop
  endfacet
  facet normal 0 0 -1
    outer loop
      vertex 21.6355 43.0263 0
      vertex 18.8326 39.0074 0
      vertex 21.2108 42.6187 0
    endloop
  endfacet
  facet normal 0 0 -1
    outer loop
      vertex 19.6107 -40.619 0
      vertex 25.3717 -37.2928 0
      vertex 19.8084 -40.9511 0
    endloop
  endfacet
  facet normal 0 0 -1
    outer loop
      vertex 21.2108 42.6187 0
      vertex 18.8326 39.0074 0
      vertex 20.8509 42.2473 0
    endloop
  endfacet
  facet normal -0 0 -1
    outer loop
      vertex 25.3717 -37.2928 0
      vertex 19.6107 -40.619 0
      vertex 24.3651 -35.8132 0
    endloop
  endfacet
  facet normal 0 -0 -1
    outer loop
      vertex 19.6107 40.619 0
      vertex 20.5489 41.9127 0
      vertex 18.8326 39.0074 0
    endloop
  endfacet
  facet normal 0 0 -1
    outer loop
      vertex 19.6107 -40.619 0
      vertex 19.8084 -40.9511 0
      vertex 19.7173 -40.8073 0
    endloop
  endfacet
  facet normal 0 0 -1
    outer loop
      vertex 20.5489 41.9127 0
      vertex 19.6107 40.619 0
      vertex 20.2988 41.6154 0
    endloop
  endfacet
  facet normal 0 0 -1
    outer loop
      vertex 19.6107 -40.619 0
      vertex 19.7173 -40.8073 0
      vertex 19.656 -40.7034 0
    endloop
  endfacet
  facet normal 0 0 -1
    outer loop
      vertex 20.2988 41.6154 0
      vertex 19.6107 40.619 0
      vertex 20.0951 41.3557 0
    endloop
  endfacet
  facet normal 0 0 -1
    outer loop
      vertex 24.3651 -35.8132 0
      vertex 19.6107 -40.619 0
      vertex 18.8403 -39.0233 0
    endloop
  endfacet
  facet normal -0 0 -1
    outer loop
      vertex 24.3651 -35.8132 0
      vertex 18.8403 -39.0233 0
      vertex 13 0 0
    endloop
  endfacet
  facet normal 0 0 -1
    outer loop
      vertex 20.0951 41.3557 0
      vertex 19.6107 40.619 0
      vertex 19.9331 41.1341 0
    endloop
  endfacet
  facet normal 0 0 -1
    outer loop
      vertex 19.9331 41.1341 0
      vertex 19.6107 40.619 0
      vertex 19.8084 40.9511 0
    endloop
  endfacet
  facet normal 0 0 -1
    outer loop
      vertex 13 0 0
      vertex 18.8403 -39.0233 0
      vertex 16.2477 -40.172 0
    endloop
  endfacet
  facet normal 0 0 -1
    outer loop
      vertex 19.8084 40.9511 0
      vertex 19.6107 40.619 0
      vertex 19.7173 40.8073 0
    endloop
  endfacet
  facet normal 0 0 -1
    outer loop
      vertex 13 0 0
      vertex 16.2477 -40.172 0
      vertex 14.2657 -40.8991 0
    endloop
  endfacet
  facet normal 0 0 -1
    outer loop
      vertex 34.981 -37.2133 0
      vertex 37.2133 -34.981 0
      vertex 37.5327 -35.9902 0
    endloop
  endfacet
  facet normal -0 0 -1
    outer loop
      vertex 37.2133 -34.981 0
      vertex 34.981 -37.2133 0
      vertex 36.8907 -34.0926 0
    endloop
  endfacet
  facet normal 0 0 -1
    outer loop
      vertex 34.0925 -36.8907 0
      vertex 36.8907 -34.0926 0
      vertex 34.981 -37.2133 0
    endloop
  endfacet
  facet normal 0 0 -1
    outer loop
      vertex 34.981 -37.2133 0
      vertex 37.5327 -35.9902 0
      vertex 35.9902 -37.5327 0
    endloop
  endfacet
  facet normal -0 0 -1
    outer loop
      vertex 36.8907 -34.0926 0
      vertex 34.0925 -36.8907 0
      vertex 36.5712 -33.3123 0
    endloop
  endfacet
  facet normal 0 0 -1
    outer loop
      vertex 33.3123 -36.5712 0
      vertex 36.5712 -33.3123 0
      vertex 34.0925 -36.8907 0
    endloop
  endfacet
  facet normal -0 0 -1
    outer loop
      vertex 36.5712 -33.3123 0
      vertex 33.3123 -36.5712 0
      vertex 36.2598 -32.6294 0
    endloop
  endfacet
  facet normal 0 0 -1
    outer loop
      vertex 32.6294 -36.2598 0
      vertex 36.2598 -32.6294 0
      vertex 33.3123 -36.5712 0
    endloop
  endfacet
  facet normal -0 0 -1
    outer loop
      vertex 36.2598 -32.6294 0
      vertex 32.6294 -36.2598 0
      vertex 35.9605 -32.0343 0
    endloop
  endfacet
  facet normal 0 0 -1
    outer loop
      vertex 32.0343 -35.9605 0
      vertex 35.9605 -32.0343 0
      vertex 32.6294 -36.2598 0
    endloop
  endfacet
  facet normal -0 0 -1
    outer loop
      vertex 35.9605 -32.0343 0
      vertex 32.0343 -35.9605 0
      vertex 35.6768 -31.5186 0
    endloop
  endfacet
  facet normal 0 0 -1
    outer loop
      vertex 31.5186 -35.6768 0
      vertex 35.6768 -31.5186 0
      vertex 32.0343 -35.9605 0
    endloop
  endfacet
  facet normal -0 0 -1
    outer loop
      vertex 35.6768 -31.5186 0
      vertex 31.5186 -35.6768 0
      vertex 35.4112 -31.0748 0
    endloop
  endfacet
  facet normal 0 0 -1
    outer loop
      vertex 31.0748 -35.4112 0
      vertex 35.4112 -31.0748 0
      vertex 31.5186 -35.6768 0
    endloop
  endfacet
  facet normal -0 0 -1
    outer loop
      vertex 35.4112 -31.0748 0
      vertex 31.0748 -35.4112 0
      vertex 35.1661 -30.6966 0
    endloop
  endfacet
  facet normal 0 0 -1
    outer loop
      vertex 30.6965 -35.1661 0
      vertex 35.1661 -30.6966 0
      vertex 31.0748 -35.4112 0
    endloop
  endfacet
  facet normal -0 0 -1
    outer loop
      vertex 35.1661 -30.6966 0
      vertex 30.6965 -35.1661 0
      vertex 34.9437 -30.378 0
    endloop
  endfacet
  facet normal 0 0 -1
    outer loop
      vertex 30.378 -34.9437 0
      vertex 34.9437 -30.378 0
      vertex 30.6965 -35.1661 0
    endloop
  endfacet
  facet normal -0 0 -1
    outer loop
      vertex 34.9437 -30.378 0
      vertex 30.378 -34.9437 0
      vertex 34.7455 -30.114 0
    endloop
  endfacet
  facet normal 0 0 -1
    outer loop
      vertex 30.114 -34.7455 0
      vertex 34.7455 -30.114 0
      vertex 30.378 -34.9437 0
    endloop
  endfacet
  facet normal -0 0 -1
    outer loop
      vertex 34.7455 -30.114 0
      vertex 30.114 -34.7455 0
      vertex 34.5734 -29.9002 0
    endloop
  endfacet
  facet normal 0 0 -1
    outer loop
      vertex 32.804 -28.2868 0
      vertex 28.2868 32.804 0
      vertex 32.6294 36.2598 0
    endloop
  endfacet
  facet normal 0 0 -1
    outer loop
      vertex 29.9002 -34.5734 0
      vertex 34.5734 -29.9002 0
      vertex 30.114 -34.7455 0
    endloop
  endfacet
  facet normal 0 0 -1
    outer loop
      vertex 32.6294 36.2598 0
      vertex 28.2868 32.804 0
      vertex 32.0343 35.9605 0
    endloop
  endfacet
  facet normal -0 0 -1
    outer loop
      vertex 34.5734 -29.9002 0
      vertex 29.9002 -34.5734 0
      vertex 34.4289 -29.7324 0
    endloop
  endfacet
  facet normal 0 0 -1
    outer loop
      vertex 32.0343 35.9605 0
      vertex 28.2868 32.804 0
      vertex 31.5186 35.6768 0
    endloop
  endfacet
  facet normal 0 0 -1
    outer loop
      vertex 29.7324 -34.4289 0
      vertex 34.4289 -29.7324 0
      vertex 29.9002 -34.5734 0
    endloop
  endfacet
  facet normal 0 0 -1
    outer loop
      vertex 31.5186 35.6768 0
      vertex 28.2868 32.804 0
      vertex 31.0748 35.4112 0
    endloop
  endfacet
  facet normal -0 0 -1
    outer loop
      vertex 34.4289 -29.7324 0
      vertex 29.7324 -34.4289 0
      vertex 34.3136 -29.6071 0
    endloop
  endfacet
  facet normal -0 0 -1
    outer loop
      vertex 34.3136 -29.6071 0
      vertex 29.7324 -34.4289 0
      vertex 34.2291 -29.5211 0
    endloop
  endfacet
  facet normal -0 0 -1
    outer loop
      vertex 32.804 -28.2868 0
      vertex 28.2983 -32.8174 0
      vertex 28.2868 32.804 0
    endloop
  endfacet
  facet normal 0 -0 -1
    outer loop
      vertex 29.4554 34.1593 0
      vertex 30.6966 35.1661 0
      vertex 28.2868 32.804 0
    endloop
  endfacet
  facet normal -0 0 -1
    outer loop
      vertex 34.2291 -29.5211 0
      vertex 29.7324 -34.4289 0
      vertex 34.1593 -29.4554 0
    endloop
  endfacet
  facet normal 0 0 -1
    outer loop
      vertex 30.6966 35.1661 0
      vertex 29.4554 34.1593 0
      vertex 30.378 34.9437 0
    endloop
  endfacet
  facet normal 0 0 -1
    outer loop
      vertex 29.4554 -34.1593 0
      vertex 34.1593 -29.4554 0
      vertex 29.7324 -34.4289 0
    endloop
  endfacet
  facet normal 0 0 -1
    outer loop
      vertex 31.0748 35.4112 0
      vertex 28.2868 32.804 0
      vertex 30.6966 35.1661 0
    endloop
  endfacet
  facet normal -0 0 -1
    outer loop
      vertex 34.1593 -29.4554 0
      vertex 29.4554 -34.1593 0
      vertex 32.804 -28.2868 0
    endloop
  endfacet
  facet normal 0 0 -1
    outer loop
      vertex 29.4554 -34.1593 0
      vertex 29.7324 -34.4289 0
      vertex 29.6071 -34.3136 0
    endloop
  endfacet
  facet normal 0 0 -1
    outer loop
      vertex 30.378 34.9437 0
      vertex 29.4554 34.1593 0
      vertex 30.114 34.7455 0
    endloop
  endfacet
  facet normal 0 0 -1
    outer loop
      vertex 30.114 34.7455 0
      vertex 29.4554 34.1593 0
      vertex 29.9002 34.5734 0
    endloop
  endfacet
  facet normal 0 0 -1
    outer loop
      vertex 29.4554 -34.1593 0
      vertex 29.6071 -34.3136 0
      vertex 29.5211 -34.2291 0
    endloop
  endfacet
  facet normal 0 0 -1
    outer loop
      vertex 29.9002 34.5734 0
      vertex 29.4554 34.1593 0
      vertex 29.7324 34.4289 0
    endloop
  endfacet
  facet normal 0 0 -1
    outer loop
      vertex 32.804 -28.2868 0
      vertex 29.4554 -34.1593 0
      vertex 28.2983 -32.8174 0
    endloop
  endfacet
  facet normal 0 0 -1
    outer loop
      vertex 29.7324 34.4289 0
      vertex 29.4554 34.1593 0
      vertex 29.6071 34.3136 0
    endloop
  endfacet
  facet normal 0 0 -1
    outer loop
      vertex 29.6071 34.3136 0
      vertex 29.4554 34.1593 0
      vertex 29.5211 34.2291 0
    endloop
  endfacet
  facet normal 0 0 -1
    outer loop
      vertex 28.2983 -32.8174 0
      vertex 26.6661 34.1569 0
      vertex 28.2868 32.804 0
    endloop
  endfacet
  facet normal 0 0 -1
    outer loop
      vertex 26.0913 -34.5979 0
      vertex 26.6661 34.1569 0
      vertex 28.2983 -32.8174 0
    endloop
  endfacet
  facet normal 0 0 -1
    outer loop
      vertex 26.0913 -34.5979 0
      vertex 24.375 35.8278 0
      vertex 26.6661 34.1569 0
    endloop
  endfacet
  facet normal 0 -0 -1
    outer loop
      vertex 24.375 35.8278 0
      vertex 26.0913 -34.5979 0
      vertex 24.3651 -35.8132 0
    endloop
  endfacet
  facet normal 0 0 -1
    outer loop
      vertex 44.478 -26.9388 0
      vertex 44.999 -24.1576 0
      vertex 45.5687 -25.0497 0
    endloop
  endfacet
  facet normal 0 0 -1
    outer loop
      vertex 43.4206 -26.8915 0
      vertex 44.999 -24.1576 0
      vertex 44.478 -26.9388 0
    endloop
  endfacet
  facet normal -0 0 -1
    outer loop
      vertex 44.999 -24.1576 0
      vertex 43.4206 -26.8915 0
      vertex 44.4575 -23.3829 0
    endloop
  endfacet
  facet normal 0 0 -1
    outer loop
      vertex 42.4789 -26.8099 0
      vertex 44.4575 -23.3829 0
      vertex 43.4206 -26.8915 0
    endloop
  endfacet
  facet normal -0 0 -1
    outer loop
      vertex 44.4575 -23.3829 0
      vertex 42.4789 -26.8099 0
      vertex 43.9469 -22.7119 0
    endloop
  endfacet
  facet normal 0 0 -1
    outer loop
      vertex 41.6425 -26.7032 0
      vertex 43.9469 -22.7119 0
      vertex 42.4789 -26.8099 0
    endloop
  endfacet
  facet normal -0 0 -1
    outer loop
      vertex 43.9469 -22.7119 0
      vertex 41.6425 -26.7032 0
      vertex 43.4694 -22.1329 0
    endloop
  endfacet
  facet normal 0 0 -1
    outer loop
      vertex 40.9023 -26.5792 0
      vertex 43.4694 -22.1329 0
      vertex 41.6425 -26.7032 0
    endloop
  endfacet
  facet normal -0 0 -1
    outer loop
      vertex 43.4694 -22.1329 0
      vertex 40.9023 -26.5792 0
      vertex 43.0263 -21.6355 0
    endloop
  endfacet
  facet normal 0 0 -1
    outer loop
      vertex 40.2501 -26.4441 0
      vertex 43.0263 -21.6355 0
      vertex 40.9023 -26.5792 0
    endloop
  endfacet
  facet normal -0 0 -1
    outer loop
      vertex 43.0263 -21.6355 0
      vertex 40.2501 -26.4441 0
      vertex 42.6187 -21.2108 0
    endloop
  endfacet
  facet normal 0 0 -1
    outer loop
      vertex 39.6785 -26.3035 0
      vertex 42.6187 -21.2108 0
      vertex 40.2501 -26.4441 0
    endloop
  endfacet
  facet normal -0 0 -1
    outer loop
      vertex 42.6187 -21.2108 0
      vertex 39.6785 -26.3035 0
      vertex 42.2473 -20.8509 0
    endloop
  endfacet
  facet normal 0 0 -1
    outer loop
      vertex 39.1811 -26.1618 0
      vertex 42.2473 -20.8509 0
      vertex 39.6785 -26.3035 0
    endloop
  endfacet
  facet normal -0 0 -1
    outer loop
      vertex 42.2473 -20.8509 0
      vertex 39.1811 -26.1618 0
      vertex 41.9127 -20.5489 0
    endloop
  endfacet
  facet normal 0 0 -1
    outer loop
      vertex 38.7522 -26.023 0
      vertex 41.9127 -20.5489 0
      vertex 39.1811 -26.1618 0
    endloop
  endfacet
  facet normal -0 0 -1
    outer loop
      vertex 41.9127 -20.5489 0
      vertex 38.7522 -26.023 0
      vertex 41.6154 -20.2988 0
    endloop
  endfacet
  facet normal 0 0 -1
    outer loop
      vertex 38.3869 -25.8906 0
      vertex 41.6154 -20.2988 0
      vertex 38.7522 -26.023 0
    endloop
  endfacet
  facet normal -0 0 -1
    outer loop
      vertex 41.6154 -20.2988 0
      vertex 38.3869 -25.8906 0
      vertex 41.3557 -20.0951 0
    endloop
  endfacet
  facet normal 0 0 -1
    outer loop
      vertex 38.0807 -25.7675 0
      vertex 41.3557 -20.0951 0
      vertex 38.3869 -25.8906 0
    endloop
  endfacet
  facet normal -0 0 -1
    outer loop
      vertex 41.3557 -20.0951 0
      vertex 38.0807 -25.7675 0
      vertex 41.1341 -19.9331 0
    endloop
  endfacet
  facet normal 0 0 -1
    outer loop
      vertex 37.8296 -25.6566 0
      vertex 41.1341 -19.9331 0
      vertex 38.0807 -25.7675 0
    endloop
  endfacet
  facet normal -0 0 -1
    outer loop
      vertex 41.1341 -19.9331 0
      vertex 37.8296 -25.6566 0
      vertex 40.9511 -19.8084 0
    endloop
  endfacet
  facet normal 0 0 -1
    outer loop
      vertex 37.6301 -25.5605 0
      vertex 40.9511 -19.8084 0
      vertex 37.8296 -25.6566 0
    endloop
  endfacet
  facet normal -0 0 -1
    outer loop
      vertex 40.9511 -19.8084 0
      vertex 37.6301 -25.5605 0
      vertex 40.8073 -19.7173 0
    endloop
  endfacet
  facet normal -0 0 -1
    outer loop
      vertex 40.8073 -19.7173 0
      vertex 37.6301 -25.5605 0
      vertex 40.7034 -19.6561 0
    endloop
  endfacet
  facet normal 0 0 -1
    outer loop
      vertex 35.8132 24.3651 0
      vertex 39.0074 -18.8326 0
      vertex 35.8278 -24.375 0
    endloop
  endfacet
  facet normal 0 -0 -1
    outer loop
      vertex 37.2928 25.3717 0
      vertex 38.7523 26.023 0
      vertex 35.8132 24.3651 0
    endloop
  endfacet
  facet normal -0 0 -1
    outer loop
      vertex 40.7034 -19.6561 0
      vertex 37.6301 -25.5605 0
      vertex 40.619 -19.6107 0
    endloop
  endfacet
  facet normal 0 0 -1
    outer loop
      vertex 38.7523 26.023 0
      vertex 37.2928 25.3717 0
      vertex 38.3869 25.8906 0
    endloop
  endfacet
  facet normal 0 0 -1
    outer loop
      vertex 37.2928 -25.3717 0
      vertex 40.619 -19.6107 0
      vertex 37.6301 -25.5605 0
    endloop
  endfacet
  facet normal 0 0 -1
    outer loop
      vertex 39.0074 -18.8326 0
      vertex 35.8132 24.3651 0
      vertex 38.7523 26.023 0
    endloop
  endfacet
  facet normal -0 0 -1
    outer loop
      vertex 40.619 -19.6107 0
      vertex 37.2928 -25.3717 0
      vertex 39.0074 -18.8326 0
    endloop
  endfacet
  facet normal 0 0 -1
    outer loop
      vertex 38.3869 25.8906 0
      vertex 37.2928 25.3717 0
      vertex 38.0807 25.7675 0
    endloop
  endfacet
  facet normal 0 0 -1
    outer loop
      vertex 37.2928 -25.3717 0
      vertex 37.6301 -25.5605 0
      vertex 37.4793 -25.4815 0
    endloop
  endfacet
  facet normal 0 0 -1
    outer loop
      vertex 38.0807 25.7675 0
      vertex 37.2928 25.3717 0
      vertex 37.8296 25.6566 0
    endloop
  endfacet
  facet normal 0 0 -1
    outer loop
      vertex 37.2928 -25.3717 0
      vertex 37.4793 -25.4815 0
      vertex 37.3743 -25.4222 0
    endloop
  endfacet
  facet normal 0 0 -1
    outer loop
      vertex 37.8296 25.6566 0
      vertex 37.2928 25.3717 0
      vertex 37.6302 25.5605 0
    endloop
  endfacet
  facet normal 0 0 -1
    outer loop
      vertex 39.0074 -18.8326 0
      vertex 37.2928 -25.3717 0
      vertex 35.8278 -24.375 0
    endloop
  endfacet
  facet normal 0 0 -1
    outer loop
      vertex 37.6302 25.5605 0
      vertex 37.2928 25.3717 0
      vertex 37.4793 25.4815 0
    endloop
  endfacet
  facet normal 0 0 -1
    outer loop
      vertex 37.4793 25.4815 0
      vertex 37.2928 25.3717 0
      vertex 37.3744 25.4222 0
    endloop
  endfacet
  facet normal 0 0 -1
    outer loop
      vertex 35.8278 -24.375 0
      vertex 34.5979 26.0913 0
      vertex 35.8132 24.3651 0
    endloop
  endfacet
  facet normal 0 0 -1
    outer loop
      vertex 34.1569 -26.6661 0
      vertex 34.5979 26.0913 0
      vertex 35.8278 -24.375 0
    endloop
  endfacet
  facet normal 0 0 -1
    outer loop
      vertex 34.1569 -26.6661 0
      vertex 32.8174 28.2983 0
      vertex 34.5979 26.0913 0
    endloop
  endfacet
  facet normal 0 -0 -1
    outer loop
      vertex 32.8174 28.2983 0
      vertex 34.1569 -26.6661 0
      vertex 32.804 -28.2868 0
    endloop
  endfacet
  facet normal 0 0 -1
    outer loop
      vertex 49.9348 -14.5091 0
      vertex 49.7182 -11.6878 0
      vertex 50.4994 -12.4021 0
    endloop
  endfacet
  facet normal 0 0 -1
    outer loop
      vertex 48.9011 -14.7371 0
      vertex 49.7182 -11.6878 0
      vertex 49.9348 -14.5091 0
    endloop
  endfacet
  facet normal -0 0 -1
    outer loop
      vertex 49.7182 -11.6878 0
      vertex 48.9011 -14.7371 0
      vertex 48.9946 -11.0797 0
    endloop
  endfacet
  facet normal 0 0 -1
    outer loop
      vertex 47.9704 -14.902 0
      vertex 48.9946 -11.0797 0
      vertex 48.9011 -14.7371 0
    endloop
  endfacet
  facet normal -0 0 -1
    outer loop
      vertex 48.9946 -11.0797 0
      vertex 47.9704 -14.902 0
      vertex 48.3277 -10.5637 0
    endloop
  endfacet
  facet normal 0 0 -1
    outer loop
      vertex 47.1349 -15.0154 0
      vertex 48.3277 -10.5637 0
      vertex 47.9704 -14.902 0
    endloop
  endfacet
  facet normal -0 0 -1
    outer loop
      vertex 48.3277 -10.5637 0
      vertex 47.1349 -15.0154 0
      vertex 47.7166 -10.128 0
    endloop
  endfacet
  facet normal 0 0 -1
    outer loop
      vertex 46.3878 -15.0872 0
      vertex 47.7166 -10.128 0
      vertex 47.1349 -15.0154 0
    endloop
  endfacet
  facet normal -0 0 -1
    outer loop
      vertex 47.7166 -10.128 0
      vertex 46.3878 -15.0872 0
      vertex 47.1599 -9.76228 0
    endloop
  endfacet
  facet normal 0 0 -1
    outer loop
      vertex 45.7228 -15.1256 0
      vertex 47.1599 -9.76228 0
      vertex 46.3878 -15.0872 0
    endloop
  endfacet
  facet normal -0 0 -1
    outer loop
      vertex 47.1599 -9.76228 0
      vertex 45.7228 -15.1256 0
      vertex 46.6563 -9.45753 0
    endloop
  endfacet
  facet normal 0 0 -1
    outer loop
      vertex 45.1343 -15.1377 0
      vertex 46.6563 -9.45753 0
      vertex 45.7228 -15.1256 0
    endloop
  endfacet
  facet normal -0 0 -1
    outer loop
      vertex 46.6563 -9.45753 0
      vertex 45.1343 -15.1377 0
      vertex 46.2044 -9.20602 0
    endloop
  endfacet
  facet normal 0 0 -1
    outer loop
      vertex 44.6172 -15.1296 0
      vertex 46.2044 -9.20602 0
      vertex 45.1343 -15.1377 0
    endloop
  endfacet
  facet normal -0 0 -1
    outer loop
      vertex 46.2044 -9.20602 0
      vertex 44.6172 -15.1296 0
      vertex 45.8031 -9.00091 0
    endloop
  endfacet
  facet normal 0 0 -1
    outer loop
      vertex 44.1671 -15.1065 0
      vertex 45.8031 -9.00091 0
      vertex 44.6172 -15.1296 0
    endloop
  endfacet
  facet normal -0 0 -1
    outer loop
      vertex 45.8031 -9.00091 0
      vertex 44.1671 -15.1065 0
      vertex 45.4511 -8.83626 0
    endloop
  endfacet
  facet normal 0 0 -1
    outer loop
      vertex 43.7799 -15.0731 0
      vertex 45.4511 -8.83626 0
      vertex 44.1671 -15.1065 0
    endloop
  endfacet
  facet normal -0 0 -1
    outer loop
      vertex 45.4511 -8.83626 0
      vertex 43.7799 -15.0731 0
      vertex 45.1475 -8.70673 0
    endloop
  endfacet
  facet normal 0 0 -1
    outer loop
      vertex 43.4523 -15.0335 0
      vertex 45.1475 -8.70673 0
      vertex 43.7799 -15.0731 0
    endloop
  endfacet
  facet normal -0 0 -1
    outer loop
      vertex 45.1475 -8.70673 0
      vertex 43.4523 -15.0335 0
      vertex 44.8915 -8.6076 0
    endloop
  endfacet
  facet normal 0 0 -1
    outer loop
      vertex 43.181 -14.9914 0
      vertex 44.8915 -8.6076 0
      vertex 43.4523 -15.0335 0
    endloop
  endfacet
  facet normal -0 0 -1
    outer loop
      vertex 44.8915 -8.6076 0
      vertex 43.181 -14.9914 0
      vertex 44.6825 -8.53455 0
    endloop
  endfacet
  facet normal 0 0 -1
    outer loop
      vertex 42.9635 -14.9501 0
      vertex 44.6825 -8.53455 0
      vertex 43.181 -14.9914 0
    endloop
  endfacet
  facet normal -0 0 -1
    outer loop
      vertex 44.6825 -8.53455 0
      vertex 42.9635 -14.9501 0
      vertex 44.52 -8.48372 0
    endloop
  endfacet
  facet normal -0 0 -1
    outer loop
      vertex 44.52 -8.48372 0
      vertex 42.9635 -14.9501 0
      vertex 44.4038 -8.45147 0
    endloop
  endfacet
  facet normal -0 0 -1
    outer loop
      vertex 44.4038 -8.45147 0
      vertex 42.9635 -14.9501 0
      vertex 44.3106 -8.42949 0
    endloop
  endfacet
  facet normal 0 0 -1
    outer loop
      vertex 42.7973 -14.9129 0
      vertex 44.3106 -8.42949 0
      vertex 42.9635 -14.9501 0
    endloop
  endfacet
  facet normal 0 0 -1
    outer loop
      vertex 42.6806 -14.8827 0
      vertex 44.3106 -8.42949 0
      vertex 42.7973 -14.9129 0
    endloop
  endfacet
  facet normal 0 0 -1
    outer loop
      vertex 42.5888 -14.8551 0
      vertex 44.3106 -8.42949 0
      vertex 42.6806 -14.8827 0
    endloop
  endfacet
  facet normal 0 0 -1
    outer loop
      vertex 42.5888 -14.8551 0
      vertex 42.5525 -8.09505 0
      vertex 44.3106 -8.42949 0
    endloop
  endfacet
  facet normal 0 -0 -1
    outer loop
      vertex 42.5525 -8.09505 0
      vertex 42.5888 -14.8551 0
      vertex 40.9158 -14.2716 0
    endloop
  endfacet
  facet normal 0 0 -1
    outer loop
      vertex 51.9885 -1.09069 0
      vertex 51.0491 1.57843 0
      vertex 51.9885 1.09068 0
    endloop
  endfacet
  facet normal 0 0 -1
    outer loop
      vertex 51.0491 -1.57845 0
      vertex 51.0491 1.57843 0
      vertex 51.9885 -1.09069 0
    endloop
  endfacet
  facet normal 0 0 -1
    outer loop
      vertex 51.0491 -1.57845 0
      vertex 50.1927 1.97857 0
      vertex 51.0491 1.57843 0
    endloop
  endfacet
  facet normal 0 0 -1
    outer loop
      vertex 50.1927 -1.97861 0
      vertex 50.1927 1.97857 0
      vertex 51.0491 -1.57845 0
    endloop
  endfacet
  facet normal 0 0 -1
    outer loop
      vertex 49.4151 -2.30438 0
      vertex 50.1927 1.97857 0
      vertex 50.1927 -1.97861 0
    endloop
  endfacet
  facet normal 0 0 -1
    outer loop
      vertex 49.4151 -2.30438 0
      vertex 49.4151 2.30435 0
      vertex 50.1927 1.97857 0
    endloop
  endfacet
  facet normal 0 0 -1
    outer loop
      vertex 48.712 -2.56707 0
      vertex 49.4151 2.30435 0
      vertex 49.4151 -2.30438 0
    endloop
  endfacet
  facet normal 0 0 -1
    outer loop
      vertex 48.712 -2.56707 0
      vertex 48.712 2.56703 0
      vertex 49.4151 2.30435 0
    endloop
  endfacet
  facet normal 0 0 -1
    outer loop
      vertex 48.0797 -2.77627 0
      vertex 48.712 2.56703 0
      vertex 48.712 -2.56707 0
    endloop
  endfacet
  facet normal 0 0 -1
    outer loop
      vertex 48.0797 -2.77627 0
      vertex 48.0797 2.77624 0
      vertex 48.712 2.56703 0
    endloop
  endfacet
  facet normal 0 0 -1
    outer loop
      vertex 47.5143 -2.94028 0
      vertex 48.0797 2.77624 0
      vertex 48.0797 -2.77627 0
    endloop
  endfacet
  facet normal 0 0 -1
    outer loop
      vertex 47.5143 -2.94028 0
      vertex 47.5143 2.94026 0
      vertex 48.0797 2.77624 0
    endloop
  endfacet
  facet normal 0 0 -1
    outer loop
      vertex 47.0127 -3.06628 0
      vertex 47.5143 2.94026 0
      vertex 47.5143 -2.94028 0
    endloop
  endfacet
  facet normal 0 0 -1
    outer loop
      vertex 47.0127 -3.06628 0
      vertex 47.0127 3.06624 0
      vertex 47.5143 2.94026 0
    endloop
  endfacet
  facet normal 0 0 -1
    outer loop
      vertex 47.0127 -3.06628 0
      vertex 46.572 3.16048 0
      vertex 47.0127 3.06624 0
    endloop
  endfacet
  facet normal 0 0 -1
    outer loop
      vertex 46.572 -3.1605 0
      vertex 46.572 3.16048 0
      vertex 47.0127 -3.06628 0
    endloop
  endfacet
  facet normal 0 0 -1
    outer loop
      vertex 46.1894 -3.22845 0
      vertex 46.572 3.16048 0
      vertex 46.572 -3.1605 0
    endloop
  endfacet
  facet normal 0 0 -1
    outer loop
      vertex 46.1894 -3.22845 0
      vertex 46.1894 3.22843 0
      vertex 46.572 3.16048 0
    endloop
  endfacet
  facet normal 0 0 -1
    outer loop
      vertex 46.1894 -3.22845 0
      vertex 45.8626 3.27497 0
      vertex 46.1894 3.22843 0
    endloop
  endfacet
  facet normal 0 0 -1
    outer loop
      vertex 45.8626 -3.27499 0
      vertex 45.8626 3.27497 0
      vertex 46.1894 -3.22845 0
    endloop
  endfacet
  facet normal 0 0 -1
    outer loop
      vertex 45.8626 -3.27499 0
      vertex 45.5897 3.30449 0
      vertex 45.8626 3.27497 0
    endloop
  endfacet
  facet normal 0 0 -1
    outer loop
      vertex 45.5897 -3.30451 0
      vertex 45.5897 3.30449 0
      vertex 45.8626 -3.27499 0
    endloop
  endfacet
  facet normal 0 0 -1
    outer loop
      vertex 45.3689 -3.32097 0
      vertex 45.5897 3.30449 0
      vertex 45.5897 -3.30451 0
    endloop
  endfacet
  facet normal 0 0 -1
    outer loop
      vertex 45.3689 -3.32097 0
      vertex 45.3689 3.32094 0
      vertex 45.5897 3.30449 0
    endloop
  endfacet
  facet normal 0 0 -1
    outer loop
      vertex 45.1988 -3.32802 0
      vertex 45.3689 3.32094 0
      vertex 45.3689 -3.32097 0
    endloop
  endfacet
  facet normal 0 0 -1
    outer loop
      vertex 45.1988 -3.32802 0
      vertex 45.1988 3.32799 0
      vertex 45.3689 3.32094 0
    endloop
  endfacet
  facet normal 0 0 -1
    outer loop
      vertex 45.1988 -3.32802 0
      vertex 45.0782 3.32906 0
      vertex 45.1988 3.32799 0
    endloop
  endfacet
  facet normal 0 0 -1
    outer loop
      vertex 45.0782 -3.3291 0
      vertex 45.0782 3.32906 0
      vertex 45.1988 -3.32802 0
    endloop
  endfacet
  facet normal 0 0 -1
    outer loop
      vertex 44.9824 -3.32616 0
      vertex 45.0782 3.32906 0
      vertex 45.0782 -3.3291 0
    endloop
  endfacet
  facet normal 0 0 -1
    outer loop
      vertex 44.9824 -3.32616 0
      vertex 44.9824 3.32615 0
      vertex 45.0782 3.32906 0
    endloop
  endfacet
  facet normal 0 0 -1
    outer loop
      vertex 43.2153 -3.1955 0
      vertex 44.9824 3.32615 0
      vertex 44.9824 -3.32616 0
    endloop
  endfacet
  facet normal 0 0 -1
    outer loop
      vertex 43.2153 -3.1955 0
      vertex 43.1977 3.19419 0
      vertex 44.9824 3.32615 0
    endloop
  endfacet
  facet normal 0 0 -1
    outer loop
      vertex 42.9138 -6.01506 0
      vertex 43.1977 3.19419 0
      vertex 43.2153 -3.1955 0
    endloop
  endfacet
  facet normal 0 0 -1
    outer loop
      vertex 42.5525 -8.09505 0
      vertex 43.1977 3.19419 0
      vertex 42.9138 -6.01506 0
    endloop
  endfacet
  facet normal 0 0 -1
    outer loop
      vertex 43.1977 3.19419 0
      vertex 42.5699 8.09834 0
      vertex 43.0084 5.29679 0
    endloop
  endfacet
  facet normal -0 0 -1
    outer loop
      vertex 43.1977 3.19419 0
      vertex 42.5525 -8.09505 0
      vertex 42.5699 8.09834 0
    endloop
  endfacet
  facet normal 0 0 -1
    outer loop
      vertex 49.7182 11.6878 0
      vertex 49.9348 14.5091 0
      vertex 50.4994 12.4021 0
    endloop
  endfacet
  facet normal 0 0 -1
    outer loop
      vertex 48.9011 14.7371 0
      vertex 49.7182 11.6878 0
      vertex 48.9946 11.0797 0
    endloop
  endfacet
  facet normal 0 0 -1
    outer loop
      vertex 49.7182 11.6878 0
      vertex 48.9011 14.7371 0
      vertex 49.9348 14.5091 0
    endloop
  endfacet
  facet normal 0 0 -1
    outer loop
      vertex 47.9704 14.902 0
      vertex 48.9946 11.0797 0
      vertex 48.3277 10.5637 0
    endloop
  endfacet
  facet normal 0 0 -1
    outer loop
      vertex 48.9946 11.0797 0
      vertex 47.9704 14.902 0
      vertex 48.9011 14.7371 0
    endloop
  endfacet
  facet normal 0 0 -1
    outer loop
      vertex 47.1349 15.0154 0
      vertex 48.3277 10.5637 0
      vertex 47.7166 10.128 0
    endloop
  endfacet
  facet normal 0 0 -1
    outer loop
      vertex 46.3878 15.0872 0
      vertex 47.7166 10.128 0
      vertex 47.1599 9.76227 0
    endloop
  endfacet
  facet normal 0 0 -1
    outer loop
      vertex 48.3277 10.5637 0
      vertex 47.1349 15.0154 0
      vertex 47.9704 14.902 0
    endloop
  endfacet
  facet normal 0 0 -1
    outer loop
      vertex 45.7228 15.1256 0
      vertex 47.1599 9.76227 0
      vertex 46.6563 9.45752 0
    endloop
  endfacet
  facet normal 0 0 -1
    outer loop
      vertex 47.7166 10.128 0
      vertex 46.3878 15.0872 0
      vertex 47.1349 15.0154 0
    endloop
  endfacet
  facet normal 0 0 -1
    outer loop
      vertex 45.1343 15.1377 0
      vertex 46.6563 9.45752 0
      vertex 46.2044 9.206 0
    endloop
  endfacet
  facet normal 0 0 -1
    outer loop
      vertex 44.6172 15.1295 0
      vertex 46.2044 9.206 0
      vertex 45.803 9.00091 0
    endloop
  endfacet
  facet normal 0 0 -1
    outer loop
      vertex 47.1599 9.76227 0
      vertex 45.7228 15.1256 0
      vertex 46.3878 15.0872 0
    endloop
  endfacet
  facet normal 0 0 -1
    outer loop
      vertex 44.1671 15.1065 0
      vertex 45.803 9.00091 0
      vertex 45.4511 8.83626 0
    endloop
  endfacet
  facet normal 0 0 -1
    outer loop
      vertex 43.7799 15.0731 0
      vertex 45.4511 8.83626 0
      vertex 45.1475 8.70672 0
    endloop
  endfacet
  facet normal 0 0 -1
    outer loop
      vertex 46.6563 9.45752 0
      vertex 45.1343 15.1377 0
      vertex 45.7228 15.1256 0
    endloop
  endfacet
  facet normal 0 0 -1
    outer loop
      vertex 43.4523 15.0335 0
      vertex 45.1475 8.70672 0
      vertex 44.8915 8.60758 0
    endloop
  endfacet
  facet normal 0 0 -1
    outer loop
      vertex 43.181 14.9914 0
      vertex 44.8915 8.60758 0
      vertex 44.6825 8.53454 0
    endloop
  endfacet
  facet normal 0 0 -1
    outer loop
      vertex 46.2044 9.206 0
      vertex 44.6172 15.1295 0
      vertex 45.1343 15.1377 0
    endloop
  endfacet
  facet normal 0 0 -1
    outer loop
      vertex 42.9635 14.9501 0
      vertex 44.6825 8.53454 0
      vertex 44.52 8.4837 0
    endloop
  endfacet
  facet normal 0 0 -1
    outer loop
      vertex 42.9635 14.9501 0
      vertex 44.52 8.4837 0
      vertex 44.4038 8.45145 0
    endloop
  endfacet
  facet normal 0 0 -1
    outer loop
      vertex 42.9635 14.9501 0
      vertex 44.4038 8.45145 0
      vertex 44.3106 8.42948 0
    endloop
  endfacet
  facet normal 0 0 -1
    outer loop
      vertex 45.803 9.00091 0
      vertex 44.1671 15.1065 0
      vertex 44.6172 15.1295 0
    endloop
  endfacet
  facet normal 0 0 -1
    outer loop
      vertex 45.4511 8.83626 0
      vertex 43.7799 15.0731 0
      vertex 44.1671 15.1065 0
    endloop
  endfacet
  facet normal 0 0 -1
    outer loop
      vertex 45.1475 8.70672 0
      vertex 43.4523 15.0335 0
      vertex 43.7799 15.0731 0
    endloop
  endfacet
  facet normal 0 0 -1
    outer loop
      vertex 44.8915 8.60758 0
      vertex 43.181 14.9914 0
      vertex 43.4523 15.0335 0
    endloop
  endfacet
  facet normal 0 0 -1
    outer loop
      vertex 44.6825 8.53454 0
      vertex 42.9635 14.9501 0
      vertex 43.181 14.9914 0
    endloop
  endfacet
  facet normal 0 0 -1
    outer loop
      vertex 44.3106 8.42948 0
      vertex 42.7973 14.9129 0
      vertex 42.9635 14.9501 0
    endloop
  endfacet
  facet normal 0 0 -1
    outer loop
      vertex 44.3106 8.42948 0
      vertex 42.6806 14.8827 0
      vertex 42.7973 14.9129 0
    endloop
  endfacet
  facet normal 0 0 -1
    outer loop
      vertex 44.3106 8.42948 0
      vertex 42.5888 14.8551 0
      vertex 42.6806 14.8827 0
    endloop
  endfacet
  facet normal 0 0 -1
    outer loop
      vertex 42.5699 8.09834 0
      vertex 42.5888 14.8551 0
      vertex 44.3106 8.42948 0
    endloop
  endfacet
  facet normal 0 0 -1
    outer loop
      vertex 40.9158 -14.2716 0
      vertex 42.5699 8.09834 0
      vertex 42.5525 -8.09505 0
    endloop
  endfacet
  facet normal 0 0 -1
    outer loop
      vertex 40.8991 14.2657 0
      vertex 42.5699 8.09834 0
      vertex 40.9158 -14.2716 0
    endloop
  endfacet
  facet normal 0 0 -1
    outer loop
      vertex 42.5699 8.09834 0
      vertex 40.8991 14.2657 0
      vertex 42.5888 14.8551 0
    endloop
  endfacet
  facet normal 0 0 -1
    outer loop
      vertex 40.9158 -14.2716 0
      vertex 40.172 16.2477 0
      vertex 40.8991 14.2657 0
    endloop
  endfacet
  facet normal 0 0 -1
    outer loop
      vertex 39.8948 -16.917 0
      vertex 40.172 16.2477 0
      vertex 40.9158 -14.2716 0
    endloop
  endfacet
  facet normal 0 0 -1
    outer loop
      vertex 39.8948 -16.917 0
      vertex 39.0233 18.8403 0
      vertex 40.172 16.2477 0
    endloop
  endfacet
  facet normal 0 -0 -1
    outer loop
      vertex 39.0233 18.8403 0
      vertex 39.8948 -16.917 0
      vertex 39.0074 -18.8326 0
    endloop
  endfacet
  facet normal 0 0 -1
    outer loop
      vertex 44.999 24.1576 0
      vertex 44.4781 26.9388 0
      vertex 45.5687 25.0497 0
    endloop
  endfacet
  facet normal 0 0 -1
    outer loop
      vertex 43.4206 26.8915 0
      vertex 44.999 24.1576 0
      vertex 44.4575 23.3828 0
    endloop
  endfacet
  facet normal 0 0 -1
    outer loop
      vertex 42.4789 26.8099 0
      vertex 44.4575 23.3828 0
      vertex 43.9469 22.7119 0
    endloop
  endfacet
  facet normal 0 0 -1
    outer loop
      vertex 41.6426 26.7032 0
      vertex 43.9469 22.7119 0
      vertex 43.4694 22.1329 0
    endloop
  endfacet
  facet normal 0 0 -1
    outer loop
      vertex 44.999 24.1576 0
      vertex 43.4206 26.8915 0
      vertex 44.4781 26.9388 0
    endloop
  endfacet
  facet normal 0 0 -1
    outer loop
      vertex 40.9023 26.5791 0
      vertex 43.4694 22.1329 0
      vertex 43.0263 21.6355 0
    endloop
  endfacet
  facet normal 0 0 -1
    outer loop
      vertex 40.2501 26.4441 0
      vertex 43.0263 21.6355 0
      vertex 42.6187 21.2108 0
    endloop
  endfacet
  facet normal 0 0 -1
    outer loop
      vertex 44.4575 23.3828 0
      vertex 42.4789 26.8099 0
      vertex 43.4206 26.8915 0
    endloop
  endfacet
  facet normal 0 0 -1
    outer loop
      vertex 39.6784 26.3035 0
      vertex 42.6187 21.2108 0
      vertex 42.2473 20.8509 0
    endloop
  endfacet
  facet normal 0 0 -1
    outer loop
      vertex 39.1811 26.1618 0
      vertex 42.2473 20.8509 0
      vertex 41.9127 20.5489 0
    endloop
  endfacet
  facet normal 0 0 -1
    outer loop
      vertex 43.9469 22.7119 0
      vertex 41.6426 26.7032 0
      vertex 42.4789 26.8099 0
    endloop
  endfacet
  facet normal 0 0 -1
    outer loop
      vertex 38.7523 26.023 0
      vertex 41.9127 20.5489 0
      vertex 41.6154 20.2988 0
    endloop
  endfacet
  facet normal 0 0 -1
    outer loop
      vertex 38.7523 26.023 0
      vertex 41.6154 20.2988 0
      vertex 41.3557 20.0951 0
    endloop
  endfacet
  facet normal 0 0 -1
    outer loop
      vertex 38.7523 26.023 0
      vertex 41.3557 20.0951 0
      vertex 41.1341 19.9331 0
    endloop
  endfacet
  facet normal 0 0 -1
    outer loop
      vertex 38.7523 26.023 0
      vertex 41.1341 19.9331 0
      vertex 40.9511 19.8084 0
    endloop
  endfacet
  facet normal 0 0 -1
    outer loop
      vertex 43.4694 22.1329 0
      vertex 40.9023 26.5791 0
      vertex 41.6426 26.7032 0
    endloop
  endfacet
  facet normal 0 0 -1
    outer loop
      vertex 38.7523 26.023 0
      vertex 40.9511 19.8084 0
      vertex 40.8073 19.7173 0
    endloop
  endfacet
  facet normal 0 0 -1
    outer loop
      vertex 38.7523 26.023 0
      vertex 40.8073 19.7173 0
      vertex 40.7034 19.656 0
    endloop
  endfacet
  facet normal 0 0 -1
    outer loop
      vertex 38.7523 26.023 0
      vertex 40.7034 19.656 0
      vertex 40.619 19.6107 0
    endloop
  endfacet
  facet normal 0 0 -1
    outer loop
      vertex 43.0263 21.6355 0
      vertex 40.2501 26.4441 0
      vertex 40.9023 26.5791 0
    endloop
  endfacet
  facet normal 0 0 -1
    outer loop
      vertex 42.6187 21.2108 0
      vertex 39.6784 26.3035 0
      vertex 40.2501 26.4441 0
    endloop
  endfacet
  facet normal 0 0 -1
    outer loop
      vertex 42.2473 20.8509 0
      vertex 39.1811 26.1618 0
      vertex 39.6784 26.3035 0
    endloop
  endfacet
  facet normal 0 0 -1
    outer loop
      vertex 38.7523 26.023 0
      vertex 40.619 19.6107 0
      vertex 39.0233 18.8403 0
    endloop
  endfacet
  facet normal 0 0 -1
    outer loop
      vertex 41.9127 20.5489 0
      vertex 38.7523 26.023 0
      vertex 39.1811 26.1618 0
    endloop
  endfacet
  facet normal 0 0 -1
    outer loop
      vertex 38.7523 26.023 0
      vertex 39.0233 18.8403 0
      vertex 39.0074 -18.8326 0
    endloop
  endfacet
  facet normal 0 0 -1
    outer loop
      vertex 34.981 37.2133 0
      vertex 37.2133 34.981 0
      vertex 36.8907 34.0925 0
    endloop
  endfacet
  facet normal 0 0 -1
    outer loop
      vertex 34.0926 36.8907 0
      vertex 36.8907 34.0925 0
      vertex 36.5712 33.3123 0
    endloop
  endfacet
  facet normal 0 0 -1
    outer loop
      vertex 33.3123 36.5712 0
      vertex 36.5712 33.3123 0
      vertex 36.2598 32.6294 0
    endloop
  endfacet
  facet normal 0 0 -1
    outer loop
      vertex 37.2133 34.981 0
      vertex 34.981 37.2133 0
      vertex 37.5327 35.9902 0
    endloop
  endfacet
  facet normal 0 0 -1
    outer loop
      vertex 32.6294 36.2598 0
      vertex 36.2598 32.6294 0
      vertex 35.9605 32.0343 0
    endloop
  endfacet
  facet normal 0 0 -1
    outer loop
      vertex 32.6294 36.2598 0
      vertex 35.9605 32.0343 0
      vertex 35.6768 31.5186 0
    endloop
  endfacet
  facet normal 0 0 -1
    outer loop
      vertex 32.6294 36.2598 0
      vertex 35.6768 31.5186 0
      vertex 35.4112 31.0748 0
    endloop
  endfacet
  facet normal 0 0 -1
    outer loop
      vertex 32.6294 36.2598 0
      vertex 35.4112 31.0748 0
      vertex 35.1661 30.6965 0
    endloop
  endfacet
  facet normal 0 0 -1
    outer loop
      vertex 37.5327 35.9902 0
      vertex 34.981 37.2133 0
      vertex 35.9902 37.5327 0
    endloop
  endfacet
  facet normal 0 0 -1
    outer loop
      vertex 32.6294 36.2598 0
      vertex 35.1661 30.6965 0
      vertex 34.9437 30.378 0
    endloop
  endfacet
  facet normal 0 0 -1
    outer loop
      vertex 32.6294 36.2598 0
      vertex 34.9437 30.378 0
      vertex 34.7455 30.114 0
    endloop
  endfacet
  facet normal 0 0 -1
    outer loop
      vertex 32.6294 36.2598 0
      vertex 34.7455 30.114 0
      vertex 34.5734 29.9002 0
    endloop
  endfacet
  facet normal 0 0 -1
    outer loop
      vertex 32.6294 36.2598 0
      vertex 34.5734 29.9002 0
      vertex 34.4289 29.7324 0
    endloop
  endfacet
  facet normal 0 0 -1
    outer loop
      vertex 32.6294 36.2598 0
      vertex 34.4289 29.7324 0
      vertex 34.3136 29.6071 0
    endloop
  endfacet
  facet normal 0 0 -1
    outer loop
      vertex 34.1593 29.4554 0
      vertex 34.3136 29.6071 0
      vertex 34.2291 29.5211 0
    endloop
  endfacet
  facet normal -0 0 -1
    outer loop
      vertex 34.3136 29.6071 0
      vertex 34.1593 29.4554 0
      vertex 32.6294 36.2598 0
    endloop
  endfacet
  facet normal 0 0 -1
    outer loop
      vertex 36.8907 34.0925 0
      vertex 34.0926 36.8907 0
      vertex 34.981 37.2133 0
    endloop
  endfacet
  facet normal 0 0 -1
    outer loop
      vertex 36.5712 33.3123 0
      vertex 33.3123 36.5712 0
      vertex 34.0926 36.8907 0
    endloop
  endfacet
  facet normal 0 0 -1
    outer loop
      vertex 32.6294 36.2598 0
      vertex 34.1593 29.4554 0
      vertex 32.8174 28.2983 0
    endloop
  endfacet
  facet normal 0 0 -1
    outer loop
      vertex 36.2598 32.6294 0
      vertex 32.6294 36.2598 0
      vertex 33.3123 36.5712 0
    endloop
  endfacet
  facet normal 0 0 -1
    outer loop
      vertex 32.6294 36.2598 0
      vertex 32.8174 28.2983 0
      vertex 32.804 -28.2868 0
    endloop
  endfacet
  facet normal 0 0 -1
    outer loop
      vertex 24.1576 44.999 0
      vertex 26.8915 43.4206 0
      vertex 26.8099 42.4789 0
    endloop
  endfacet
  facet normal 0 0 -1
    outer loop
      vertex 24.1576 44.999 0
      vertex 26.8099 42.4789 0
      vertex 26.7032 41.6425 0
    endloop
  endfacet
  facet normal 0 0 -1
    outer loop
      vertex 24.1576 44.999 0
      vertex 26.7032 41.6425 0
      vertex 26.5792 40.9023 0
    endloop
  endfacet
  facet normal 0 0 -1
    outer loop
      vertex 24.1576 44.999 0
      vertex 26.5792 40.9023 0
      vertex 26.4441 40.2501 0
    endloop
  endfacet
  facet normal 0 0 -1
    outer loop
      vertex 24.1576 44.999 0
      vertex 26.4441 40.2501 0
      vertex 26.3035 39.6785 0
    endloop
  endfacet
  facet normal 0 0 -1
    outer loop
      vertex 24.1576 44.999 0
      vertex 26.3035 39.6785 0
      vertex 26.1618 39.1811 0
    endloop
  endfacet
  facet normal 0 0 -1
    outer loop
      vertex 24.1576 44.999 0
      vertex 26.1618 39.1811 0
      vertex 26.023 38.7522 0
    endloop
  endfacet
  facet normal 0 0 -1
    outer loop
      vertex 24.1576 44.999 0
      vertex 26.023 38.7522 0
      vertex 25.8906 38.3869 0
    endloop
  endfacet
  facet normal 0 0 -1
    outer loop
      vertex 24.1576 44.999 0
      vertex 25.8906 38.3869 0
      vertex 25.7675 38.0807 0
    endloop
  endfacet
  facet normal 0 0 -1
    outer loop
      vertex 24.1576 44.999 0
      vertex 25.7675 38.0807 0
      vertex 25.6566 37.8296 0
    endloop
  endfacet
  facet normal 0 0 -1
    outer loop
      vertex 25.3717 37.2928 0
      vertex 25.6566 37.8296 0
      vertex 25.5605 37.6301 0
    endloop
  endfacet
  facet normal 0 0 -1
    outer loop
      vertex 25.3717 37.2928 0
      vertex 25.5605 37.6301 0
      vertex 25.4815 37.4793 0
    endloop
  endfacet
  facet normal 0 0 -1
    outer loop
      vertex 25.3717 37.2928 0
      vertex 25.4815 37.4793 0
      vertex 25.4222 37.3743 0
    endloop
  endfacet
  facet normal -0 0 -1
    outer loop
      vertex 25.6566 37.8296 0
      vertex 25.3717 37.2928 0
      vertex 24.1576 44.999 0
    endloop
  endfacet
  facet normal 0 0 -1
    outer loop
      vertex 26.8915 43.4206 0
      vertex 24.1576 44.999 0
      vertex 26.9388 44.478 0
    endloop
  endfacet
  facet normal 0 0 -1
    outer loop
      vertex 24.1576 44.999 0
      vertex 25.3717 37.2928 0
      vertex 24.375 35.8278 0
    endloop
  endfacet
  facet normal 0 0 -1
    outer loop
      vertex 26.9388 44.478 0
      vertex 24.1576 44.999 0
      vertex 25.0497 45.5687 0
    endloop
  endfacet
  facet normal 0 0 -1
    outer loop
      vertex 24.1576 44.999 0
      vertex 24.375 35.8278 0
      vertex 24.3651 -35.8132 0
    endloop
  endfacet
  facet normal 0 0 -1
    outer loop
      vertex 9.45753 46.6563 0
      vertex 15.1377 45.1343 0
      vertex 15.1296 44.6172 0
    endloop
  endfacet
  facet normal 0 0 -1
    outer loop
      vertex 9.20602 46.2044 0
      vertex 15.1296 44.6172 0
      vertex 15.1065 44.1671 0
    endloop
  endfacet
  facet normal 0 0 -1
    outer loop
      vertex 15.1377 45.1343 0
      vertex 9.45753 46.6563 0
      vertex 15.1256 45.7228 0
    endloop
  endfacet
  facet normal 0 0 -1
    outer loop
      vertex 9.00091 45.8031 0
      vertex 15.1065 44.1671 0
      vertex 15.0731 43.7799 0
    endloop
  endfacet
  facet normal 0 0 -1
    outer loop
      vertex 8.83626 45.4511 0
      vertex 15.0731 43.7799 0
      vertex 15.0335 43.4523 0
    endloop
  endfacet
  facet normal 0 -0 -1
    outer loop
      vertex 9.76228 47.1599 0
      vertex 15.1256 45.7228 0
      vertex 9.45753 46.6563 0
    endloop
  endfacet
  facet normal 0 0 -1
    outer loop
      vertex 8.70673 45.1475 0
      vertex 15.0335 43.4523 0
      vertex 14.9914 43.181 0
    endloop
  endfacet
  facet normal 0 0 -1
    outer loop
      vertex 8.6076 44.8915 0
      vertex 14.9914 43.181 0
      vertex 14.9501 42.9635 0
    endloop
  endfacet
  facet normal 0 0 -1
    outer loop
      vertex 8.53455 44.6825 0
      vertex 14.9501 42.9635 0
      vertex 14.9129 42.7973 0
    endloop
  endfacet
  facet normal 0 0 -1
    outer loop
      vertex 15.1256 45.7228 0
      vertex 9.76228 47.1599 0
      vertex 15.0872 46.3878 0
    endloop
  endfacet
  facet normal 0 0 -1
    outer loop
      vertex 8.53455 44.6825 0
      vertex 14.9129 42.7973 0
      vertex 14.8827 42.6806 0
    endloop
  endfacet
  facet normal 0 0 -1
    outer loop
      vertex 8.53455 44.6825 0
      vertex 14.8827 42.6806 0
      vertex 14.8551 42.5888 0
    endloop
  endfacet
  facet normal 0 0 -1
    outer loop
      vertex 15.0872 46.3878 0
      vertex 10.128 47.7166 0
      vertex 15.0154 47.1349 0
    endloop
  endfacet
  facet normal 0 0 -1
    outer loop
      vertex 15.0154 47.1349 0
      vertex 10.5637 48.3277 0
      vertex 14.902 47.9704 0
    endloop
  endfacet
  facet normal 0 0 -1
    outer loop
      vertex 8.42949 44.3106 0
      vertex 14.8551 42.5888 0
      vertex 14.2716 40.9158 0
    endloop
  endfacet
  facet normal 0 0 -1
    outer loop
      vertex 19.7173 40.8073 0
      vertex 19.6107 40.619 0
      vertex 19.6561 40.7034 0
    endloop
  endfacet
  facet normal 0 0 -1
    outer loop
      vertex 20.8509 42.2473 0
      vertex 18.8326 39.0074 0
      vertex 20.5489 41.9127 0
    endloop
  endfacet
  facet normal 0 0 -1
    outer loop
      vertex 23.3829 44.4575 0
      vertex 18.8326 39.0074 0
      vertex 22.7119 43.9469 0
    endloop
  endfacet
  facet normal 0 0 -1
    outer loop
      vertex 12.3101 4.17871 0
      vertex 18.8326 39.0074 0
      vertex 12.557 3.36465 0
    endloop
  endfacet
  facet normal 0 0 -1
    outer loop
      vertex 12.0104 4.97488 0
      vertex 18.8326 39.0074 0
      vertex 12.3101 4.17871 0
    endloop
  endfacet
  facet normal 0 0 -1
    outer loop
      vertex 11.6593 5.74975 0
      vertex 18.8326 39.0074 0
      vertex 12.0104 4.97488 0
    endloop
  endfacet
  facet normal 0 0 -1
    outer loop
      vertex 11.2583 6.5 0
      vertex 18.8326 39.0074 0
      vertex 11.6593 5.74975 0
    endloop
  endfacet
  facet normal 0 0 -1
    outer loop
      vertex 10.8091 7.22241 0
      vertex 18.8326 39.0074 0
      vertex 11.2583 6.5 0
    endloop
  endfacet
  facet normal 0 0 -1
    outer loop
      vertex 10.3136 7.9139 0
      vertex 18.8326 39.0074 0
      vertex 10.8091 7.22241 0
    endloop
  endfacet
  facet normal 0 0 -1
    outer loop
      vertex 6.8655 29.3656 0
      vertex 18.8326 39.0074 0
      vertex 6.94011 28.9137 0
    endloop
  endfacet
  facet normal 0 0 -1
    outer loop
      vertex 6.76148 29.8117 0
      vertex 18.8326 39.0074 0
      vertex 6.8655 29.3656 0
    endloop
  endfacet
  facet normal 0 0 -1
    outer loop
      vertex 6.98501 27.5422 0
      vertex 18.8326 39.0074 0
      vertex 10.3136 7.9139 0
    endloop
  endfacet
  facet normal -0 0 -1
    outer loop
      vertex 18.8326 39.0074 0
      vertex 6.76148 29.8117 0
      vertex 16.917 39.8948 0
    endloop
  endfacet
  facet normal 0 0 -1
    outer loop
      vertex 6.94011 28.9137 0
      vertex 18.8326 39.0074 0
      vertex 6.98501 28.4578 0
    endloop
  endfacet
  facet normal 0 0 -1
    outer loop
      vertex 6.62851 30.2501 0
      vertex 16.917 39.8948 0
      vertex 6.76148 29.8117 0
    endloop
  endfacet
  facet normal 0 0 -1
    outer loop
      vertex 6.98501 28.4578 0
      vertex 18.8326 39.0074 0
      vertex 7 28 0
    endloop
  endfacet
  facet normal 0 0 -1
    outer loop
      vertex 14.8551 42.5888 0
      vertex 8.42949 44.3106 0
      vertex 8.53455 44.6825 0
    endloop
  endfacet
  facet normal 0 0 -1
    outer loop
      vertex 6.98501 27.5422 0
      vertex 10.3136 7.9139 0
      vertex 9.77392 8.5715 0
    endloop
  endfacet
  facet normal -0 0 -1
    outer loop
      vertex 14.5091 49.9348 0
      vertex 11.6878 49.7182 0
      vertex 12.4021 50.4994 0
    endloop
  endfacet
  facet normal 0 0 -1
    outer loop
      vertex 14.7371 48.9011 0
      vertex 11.6878 49.7182 0
      vertex 14.5091 49.9348 0
    endloop
  endfacet
  facet normal 0 -0 -1
    outer loop
      vertex 11.6878 49.7182 0
      vertex 14.7371 48.9011 0
      vertex 11.0797 48.9946 0
    endloop
  endfacet
  facet normal 0 0 -1
    outer loop
      vertex 6.98501 27.5422 0
      vertex 9.77392 8.5715 0
      vertex 9.19239 9.19239 0
    endloop
  endfacet
  facet normal 0 0 -1
    outer loop
      vertex 14.902 47.9704 0
      vertex 11.0797 48.9946 0
      vertex 14.7371 48.9011 0
    endloop
  endfacet
  facet normal 0 -0 -1
    outer loop
      vertex 10.5637 48.3277 0
      vertex 15.0154 47.1349 0
      vertex 10.128 47.7166 0
    endloop
  endfacet
  facet normal 0 -0 -1
    outer loop
      vertex 10.128 47.7166 0
      vertex 15.0872 46.3878 0
      vertex 9.76228 47.1599 0
    endloop
  endfacet
  facet normal 0 0 -1
    outer loop
      vertex 15.1296 44.6172 0
      vertex 9.20602 46.2044 0
      vertex 9.45753 46.6563 0
    endloop
  endfacet
  facet normal 0 0 -1
    outer loop
      vertex 6.98501 27.5422 0
      vertex 9.19239 9.19239 0
      vertex 8.5715 9.77392 0
    endloop
  endfacet
  facet normal 0 0 -1
    outer loop
      vertex 15.1065 44.1671 0
      vertex 9.00091 45.8031 0
      vertex 9.20602 46.2044 0
    endloop
  endfacet
  facet normal 0 0 -1
    outer loop
      vertex 15.0335 43.4523 0
      vertex 8.70673 45.1475 0
      vertex 8.83626 45.4511 0
    endloop
  endfacet
  facet normal 0 0 -1
    outer loop
      vertex 14.9914 43.181 0
      vertex 8.6076 44.8915 0
      vertex 8.70673 45.1475 0
    endloop
  endfacet
  facet normal 0 0 -1
    outer loop
      vertex 14.9501 42.9635 0
      vertex 8.53455 44.6825 0
      vertex 8.6076 44.8915 0
    endloop
  endfacet
  facet normal 0 0 -1
    outer loop
      vertex 8.53455 44.6825 0
      vertex 8.42949 44.3106 0
      vertex 8.48372 44.52 0
    endloop
  endfacet
  facet normal 0 0 -1
    outer loop
      vertex 6.98501 27.5422 0
      vertex 8.5715 9.77392 0
      vertex 7.9139 10.3136 0
    endloop
  endfacet
  facet normal 0 0 -1
    outer loop
      vertex 5.55347 23.7387 0
      vertex 7.9139 10.3136 0
      vertex 7.22241 10.8091 0
    endloop
  endfacet
  facet normal 0 0 -1
    outer loop
      vertex 8.48372 44.52 0
      vertex 8.42949 44.3106 0
      vertex 8.45147 44.4038 0
    endloop
  endfacet
  facet normal 0 0 -1
    outer loop
      vertex 15.0731 43.7799 0
      vertex 8.83626 45.4511 0
      vertex 9.00091 45.8031 0
    endloop
  endfacet
  facet normal 0 -0 -1
    outer loop
      vertex 11.0797 48.9946 0
      vertex 14.902 47.9704 0
      vertex 10.5637 48.3277 0
    endloop
  endfacet
  facet normal 0 0 -1
    outer loop
      vertex 6.46716 30.6788 0
      vertex 16.917 39.8948 0
      vertex 6.62851 30.2501 0
    endloop
  endfacet
  facet normal 0 -0 -1
    outer loop
      vertex 8.42949 44.3106 0
      vertex 14.2716 40.9158 0
      vertex 8.09505 42.5525 0
    endloop
  endfacet
  facet normal -0 0 -1
    outer loop
      vertex 16.917 39.8948 0
      vertex 6.46716 30.6788 0
      vertex 14.2716 40.9158 0
    endloop
  endfacet
  facet normal 0 0 -1
    outer loop
      vertex 6.27811 31.096 0
      vertex 14.2716 40.9158 0
      vertex 6.46716 30.6788 0
    endloop
  endfacet
  facet normal 0 0 -1
    outer loop
      vertex 6.06218 31.5 0
      vertex 14.2716 40.9158 0
      vertex 6.27811 31.096 0
    endloop
  endfacet
  facet normal 0 0 -1
    outer loop
      vertex 5.82029 31.889 0
      vertex 14.2716 40.9158 0
      vertex 6.06218 31.5 0
    endloop
  endfacet
  facet normal 0 0 -1
    outer loop
      vertex 5.55347 32.2613 0
      vertex 14.2716 40.9158 0
      vertex 5.82029 31.889 0
    endloop
  endfacet
  facet normal 0 0 -1
    outer loop
      vertex 5.26288 32.6154 0
      vertex 14.2716 40.9158 0
      vertex 5.55347 32.2613 0
    endloop
  endfacet
  facet normal -0 0 -1
    outer loop
      vertex 14.2716 40.9158 0
      vertex 5.26288 32.6154 0
      vertex 8.09505 42.5525 0
    endloop
  endfacet
  facet normal 0 0 -1
    outer loop
      vertex 4.94975 32.9497 0
      vertex 8.09505 42.5525 0
      vertex 5.26288 32.6154 0
    endloop
  endfacet
  facet normal 0 0 -1
    outer loop
      vertex 4.61542 33.2629 0
      vertex 8.09505 42.5525 0
      vertex 4.94975 32.9497 0
    endloop
  endfacet
  facet normal 0 0 -1
    outer loop
      vertex 4.26133 33.5535 0
      vertex 8.09505 42.5525 0
      vertex 4.61542 33.2629 0
    endloop
  endfacet
  facet normal 0 0 -1
    outer loop
      vertex 3.88899 33.8203 0
      vertex 8.09505 42.5525 0
      vertex 4.26133 33.5535 0
    endloop
  endfacet
  facet normal -0 0 -1
    outer loop
      vertex 8.09505 42.5525 0
      vertex 3.88899 33.8203 0
      vertex 6.01506 42.9138 0
    endloop
  endfacet
  facet normal 0 0 -1
    outer loop
      vertex 3.5 34.0622 0
      vertex 6.01506 42.9138 0
      vertex 3.88899 33.8203 0
    endloop
  endfacet
  facet normal 0 0 -1
    outer loop
      vertex 3.09602 34.2781 0
      vertex 6.01506 42.9138 0
      vertex 3.5 34.0622 0
    endloop
  endfacet
  facet normal 0 0 -1
    outer loop
      vertex 2.67878 34.4672 0
      vertex 6.01506 42.9138 0
      vertex 3.09602 34.2781 0
    endloop
  endfacet
  facet normal -0 0 -1
    outer loop
      vertex 6.01506 42.9138 0
      vertex 2.67878 34.4672 0
      vertex 3.1955 43.2153 0
    endloop
  endfacet
  facet normal 0 0 -1
    outer loop
      vertex 2.25008 34.6285 0
      vertex 3.1955 43.2153 0
      vertex 2.67878 34.4672 0
    endloop
  endfacet
  facet normal 0 0 -1
    outer loop
      vertex 1.81173 34.7615 0
      vertex 3.1955 43.2153 0
      vertex 2.25008 34.6285 0
    endloop
  endfacet
  facet normal 0 0 -1
    outer loop
      vertex 1.36563 34.8655 0
      vertex 3.1955 43.2153 0
      vertex 1.81173 34.7615 0
    endloop
  endfacet
  facet normal 0 0 -1
    outer loop
      vertex 0.913683 34.9401 0
      vertex 3.1955 43.2153 0
      vertex 1.36563 34.8655 0
    endloop
  endfacet
  facet normal 0 0 -1
    outer loop
      vertex -3.32614 44.9824 0
      vertex 3.1955 43.2153 0
      vertex -3.19417 43.1977 0
    endloop
  endfacet
  facet normal 0 0 -1
    outer loop
      vertex 3.1955 43.2153 0
      vertex -3.32614 44.9824 0
      vertex 3.1605 46.572 0
    endloop
  endfacet
  facet normal 0 -0 -1
    outer loop
      vertex -3.30447 45.5897 0
      vertex 3.1605 46.572 0
      vertex -3.32092 45.3689 0
    endloop
  endfacet
  facet normal 0 -0 -1
    outer loop
      vertex -3.22841 46.1894 0
      vertex 3.1605 46.572 0
      vertex -3.27496 45.8626 0
    endloop
  endfacet
  facet normal 0 -0 -1
    outer loop
      vertex -3.27496 45.8626 0
      vertex 3.1605 46.572 0
      vertex -3.30447 45.5897 0
    endloop
  endfacet
  facet normal 0 -0 -1
    outer loop
      vertex -3.16046 46.572 0
      vertex 3.1605 46.572 0
      vertex -3.22841 46.1894 0
    endloop
  endfacet
  facet normal 0 -0 -1
    outer loop
      vertex -3.32092 45.3689 0
      vertex 3.1605 46.572 0
      vertex -3.32614 44.9824 0
    endloop
  endfacet
  facet normal 0 -0 -1
    outer loop
      vertex -3.06623 47.0127 0
      vertex 3.06628 47.0127 0
      vertex -3.16046 46.572 0
    endloop
  endfacet
  facet normal 0 0 -1
    outer loop
      vertex 0.457822 34.985 0
      vertex 3.1955 43.2153 0
      vertex 0.913683 34.9401 0
    endloop
  endfacet
  facet normal 0 0 -1
    outer loop
      vertex 0 35 0
      vertex 3.1955 43.2153 0
      vertex 0.457822 34.985 0
    endloop
  endfacet
  facet normal 0 0 -1
    outer loop
      vertex 3.1955 43.2153 0
      vertex 0 35 0
      vertex -3.19417 43.1977 0
    endloop
  endfacet
  facet normal 0 0 -1
    outer loop
      vertex -3.19417 43.1977 0
      vertex 0 35 0
      vertex -0.457822 34.985 0
    endloop
  endfacet
  facet normal 0 0 -1
    outer loop
      vertex -3.19417 43.1977 0
      vertex -0.457822 34.985 0
      vertex -0.913683 34.9401 0
    endloop
  endfacet
  facet normal 0 0 -1
    outer loop
      vertex 3.06628 47.0127 0
      vertex -3.06623 47.0127 0
      vertex 2.94028 47.5143 0
    endloop
  endfacet
  facet normal 0 0 -1
    outer loop
      vertex -3.19417 43.1977 0
      vertex -0.913683 34.9401 0
      vertex -1.36563 34.8655 0
    endloop
  endfacet
  facet normal -0 0 -1
    outer loop
      vertex 2.94028 47.5143 0
      vertex -2.94024 47.5143 0
      vertex 2.77627 48.0797 0
    endloop
  endfacet
  facet normal 0 0 -1
    outer loop
      vertex -3.19417 43.1977 0
      vertex -1.36563 34.8655 0
      vertex -1.81173 34.7615 0
    endloop
  endfacet
  facet normal -0 0 -1
    outer loop
      vertex 1.0907 51.9885 0
      vertex -1.57841 51.0491 0
      vertex -1.09066 51.9885 0
    endloop
  endfacet
  facet normal 0 0 -1
    outer loop
      vertex -3.19417 43.1977 0
      vertex -1.81173 34.7615 0
      vertex -2.25008 34.6285 0
    endloop
  endfacet
  facet normal 0 0 -1
    outer loop
      vertex 1.57845 51.0491 0
      vertex -1.57841 51.0491 0
      vertex 1.0907 51.9885 0
    endloop
  endfacet
  facet normal 0 -0 -1
    outer loop
      vertex -1.57841 51.0491 0
      vertex 1.57845 51.0491 0
      vertex -1.97856 50.1927 0
    endloop
  endfacet
  facet normal 0 0 -1
    outer loop
      vertex -5.29679 43.0084 0
      vertex -2.25008 34.6285 0
      vertex -2.67878 34.4672 0
    endloop
  endfacet
  facet normal 0 0 -1
    outer loop
      vertex 1.97861 50.1927 0
      vertex -1.97856 50.1927 0
      vertex 1.57845 51.0491 0
    endloop
  endfacet
  facet normal 0 -0 -1
    outer loop
      vertex -1.97856 50.1927 0
      vertex 1.97861 50.1927 0
      vertex -2.30434 49.4151 0
    endloop
  endfacet
  facet normal -0 0 -1
    outer loop
      vertex 2.30438 49.4151 0
      vertex -2.30434 49.4151 0
      vertex 1.97861 50.1927 0
    endloop
  endfacet
  facet normal 0 0 -1
    outer loop
      vertex -5.29679 43.0084 0
      vertex -2.67878 34.4672 0
      vertex -3.09602 34.2781 0
    endloop
  endfacet
  facet normal 0 -0 -1
    outer loop
      vertex -2.30434 49.4151 0
      vertex 2.30438 49.4151 0
      vertex -2.56701 48.712 0
    endloop
  endfacet
  facet normal -0 0 -1
    outer loop
      vertex 2.56707 48.712 0
      vertex -2.56701 48.712 0
      vertex 2.30438 49.4151 0
    endloop
  endfacet
  facet normal 0 0 -1
    outer loop
      vertex -5.29679 43.0084 0
      vertex -3.09602 34.2781 0
      vertex -3.5 34.0622 0
    endloop
  endfacet
  facet normal 0 0 -1
    outer loop
      vertex -8.09834 42.5699 0
      vertex -3.5 34.0622 0
      vertex -3.88899 33.8203 0
    endloop
  endfacet
  facet normal 0 0 -1
    outer loop
      vertex -8.09834 42.5699 0
      vertex -3.88899 33.8203 0
      vertex -4.26133 33.5535 0
    endloop
  endfacet
  facet normal 0 0 -1
    outer loop
      vertex -8.09834 42.5699 0
      vertex -4.26133 33.5535 0
      vertex -4.61542 33.2629 0
    endloop
  endfacet
  facet normal 0 0 -1
    outer loop
      vertex -8.09834 42.5699 0
      vertex -4.61542 33.2629 0
      vertex -4.94975 32.9497 0
    endloop
  endfacet
  facet normal 0 0 -1
    outer loop
      vertex -8.09834 42.5699 0
      vertex -4.94975 32.9497 0
      vertex -5.26288 32.6154 0
    endloop
  endfacet
  facet normal 0 0 -1
    outer loop
      vertex -2.25008 34.6285 0
      vertex -5.29679 43.0084 0
      vertex -3.19417 43.1977 0
    endloop
  endfacet
  facet normal 0 0 -1
    outer loop
      vertex -14.2657 40.8991 0
      vertex -5.26288 32.6154 0
      vertex -5.55347 32.2613 0
    endloop
  endfacet
  facet normal 0 0 -1
    outer loop
      vertex -14.2657 40.8991 0
      vertex -5.55347 32.2613 0
      vertex -5.82029 31.889 0
    endloop
  endfacet
  facet normal 0 0 -1
    outer loop
      vertex -14.2657 40.8991 0
      vertex -5.82029 31.889 0
      vertex -6.06218 31.5 0
    endloop
  endfacet
  facet normal 0 0 -1
    outer loop
      vertex -14.2657 40.8991 0
      vertex -6.06218 31.5 0
      vertex -6.27811 31.096 0
    endloop
  endfacet
  facet normal 0 0 -1
    outer loop
      vertex -14.2657 40.8991 0
      vertex -6.27811 31.096 0
      vertex -6.46716 30.6788 0
    endloop
  endfacet
  facet normal 0 0 -1
    outer loop
      vertex -14.2657 40.8991 0
      vertex -6.46716 30.6788 0
      vertex -6.62851 30.2501 0
    endloop
  endfacet
  facet normal 0 0 -1
    outer loop
      vertex -14.2657 40.8991 0
      vertex -6.62851 30.2501 0
      vertex -6.76148 29.8117 0
    endloop
  endfacet
  facet normal 0 0 -1
    outer loop
      vertex -14.2657 40.8991 0
      vertex -6.76148 29.8117 0
      vertex -6.8655 29.3656 0
    endloop
  endfacet
  facet normal 0 0 -1
    outer loop
      vertex -14.2657 40.8991 0
      vertex -6.8655 29.3656 0
      vertex -6.94011 28.9137 0
    endloop
  endfacet
  facet normal -0 0 -1
    outer loop
      vertex -6.62851 25.7499 0
      vertex -10.3136 7.9139 0
      vertex -6.76148 26.1883 0
    endloop
  endfacet
  facet normal -0 0 -1
    outer loop
      vertex -6.76148 26.1883 0
      vertex -10.3136 7.9139 0
      vertex -6.8655 26.6344 0
    endloop
  endfacet
  facet normal 0 0 -1
    outer loop
      vertex -3.5 34.0622 0
      vertex -8.09834 42.5699 0
      vertex -5.29679 43.0084 0
    endloop
  endfacet
  facet normal 0 0 -1
    outer loop
      vertex -14.2657 40.8991 0
      vertex -6.94011 28.9137 0
      vertex -6.98501 28.4578 0
    endloop
  endfacet
  facet normal 0 0 -1
    outer loop
      vertex -10.8091 7.22241 0
      vertex -6.8655 26.6344 0
      vertex -10.3136 7.9139 0
    endloop
  endfacet
  facet normal 0 0 -1
    outer loop
      vertex -5.26288 32.6154 0
      vertex -14.2657 40.8991 0
      vertex -8.09834 42.5699 0
    endloop
  endfacet
  facet normal -0 0 -1
    outer loop
      vertex -8.09834 42.5699 0
      vertex -14.2657 40.8991 0
      vertex -8.42948 44.3106 0
    endloop
  endfacet
  facet normal 0 0 -1
    outer loop
      vertex -14.8551 42.5888 0
      vertex -8.42948 44.3106 0
      vertex -14.2657 40.8991 0
    endloop
  endfacet
  facet normal -0 0 -1
    outer loop
      vertex -8.42948 44.3106 0
      vertex -14.8551 42.5888 0
      vertex -8.45145 44.4038 0
    endloop
  endfacet
  facet normal 0 0 -1
    outer loop
      vertex -14.2657 40.8991 0
      vertex -6.8655 26.6344 0
      vertex -10.8091 7.22241 0
    endloop
  endfacet
  facet normal -0 0 -1
    outer loop
      vertex -8.45145 44.4038 0
      vertex -14.8551 42.5888 0
      vertex -8.4837 44.52 0
    endloop
  endfacet
  facet normal -0 0 -1
    outer loop
      vertex -8.4837 44.52 0
      vertex -14.8551 42.5888 0
      vertex -8.53454 44.6825 0
    endloop
  endfacet
  facet normal 0 0 -1
    outer loop
      vertex -14.9501 42.9635 0
      vertex -8.53454 44.6825 0
      vertex -14.8551 42.5888 0
    endloop
  endfacet
  facet normal -0 0 -1
    outer loop
      vertex -8.53454 44.6825 0
      vertex -14.9501 42.9635 0
      vertex -8.60758 44.8915 0
    endloop
  endfacet
  facet normal 0 0 -1
    outer loop
      vertex -6.8655 26.6344 0
      vertex -14.2657 40.8991 0
      vertex -6.94011 27.0863 0
    endloop
  endfacet
  facet normal 0 0 -1
    outer loop
      vertex -14.9914 43.181 0
      vertex -8.60758 44.8915 0
      vertex -14.9501 42.9635 0
    endloop
  endfacet
  facet normal -0 0 -1
    outer loop
      vertex -8.60758 44.8915 0
      vertex -14.9914 43.181 0
      vertex -8.70672 45.1475 0
    endloop
  endfacet
  facet normal 0 0 -1
    outer loop
      vertex -15.0335 43.4523 0
      vertex -8.70672 45.1475 0
      vertex -14.9914 43.181 0
    endloop
  endfacet
  facet normal 0 0 -1
    outer loop
      vertex -6.94011 27.0863 0
      vertex -14.2657 40.8991 0
      vertex -6.98501 27.5422 0
    endloop
  endfacet
  facet normal -0 0 -1
    outer loop
      vertex -8.70672 45.1475 0
      vertex -15.0335 43.4523 0
      vertex -8.83626 45.4511 0
    endloop
  endfacet
  facet normal 0 0 -1
    outer loop
      vertex -6.98501 27.5422 0
      vertex -14.2657 40.8991 0
      vertex -7 28 0
    endloop
  endfacet
  facet normal 0 0 -1
    outer loop
      vertex -15.0731 43.7799 0
      vertex -8.83626 45.4511 0
      vertex -15.0335 43.4523 0
    endloop
  endfacet
  facet normal 0 0 -1
    outer loop
      vertex -7 28 0
      vertex -14.2657 40.8991 0
      vertex -6.98501 28.4578 0
    endloop
  endfacet
  facet normal -0 0 -1
    outer loop
      vertex -8.83626 45.4511 0
      vertex -15.0731 43.7799 0
      vertex -9.00091 45.803 0
    endloop
  endfacet
  facet normal 0 0 -1
    outer loop
      vertex -14.2657 40.8991 0
      vertex -10.8091 7.22241 0
      vertex -11.2583 6.5 0
    endloop
  endfacet
  facet normal 0 0 -1
    outer loop
      vertex -14.2657 40.8991 0
      vertex -11.2583 6.5 0
      vertex -11.6593 5.74975 0
    endloop
  endfacet
  facet normal 0 0 -1
    outer loop
      vertex -15.1065 44.1671 0
      vertex -9.00091 45.803 0
      vertex -15.0731 43.7799 0
    endloop
  endfacet
  facet normal 0 0 -1
    outer loop
      vertex -14.2657 40.8991 0
      vertex -11.6593 5.74975 0
      vertex -12.0104 4.97488 0
    endloop
  endfacet
  facet normal 0 0 -1
    outer loop
      vertex -14.2657 40.8991 0
      vertex -12.0104 4.97488 0
      vertex -12.3101 4.17871 0
    endloop
  endfacet
  facet normal 0 0 -1
    outer loop
      vertex -15.1295 44.6172 0
      vertex -9.206 46.2044 0
      vertex -15.1065 44.1671 0
    endloop
  endfacet
  facet normal 0 0 -1
    outer loop
      vertex -14.2657 40.8991 0
      vertex -12.3101 4.17871 0
      vertex -12.557 3.36465 0
    endloop
  endfacet
  facet normal 0 0 -1
    outer loop
      vertex -14.2657 40.8991 0
      vertex -12.557 3.36465 0
      vertex -12.7502 2.53617 0
    endloop
  endfacet
  facet normal 0 0 -1
    outer loop
      vertex -14.2657 40.8991 0
      vertex -12.7502 2.53617 0
      vertex -12.8888 1.69684 0
    endloop
  endfacet
  facet normal 0 0 -1
    outer loop
      vertex -14.2657 40.8991 0
      vertex -12.8888 1.69684 0
      vertex -12.9722 0.85024 0
    endloop
  endfacet
  facet normal 0 0 -1
    outer loop
      vertex -14.2657 40.8991 0
      vertex -12.9722 0.85024 0
      vertex -13 0 0
    endloop
  endfacet
  facet normal -0 0 -1
    outer loop
      vertex -9.206 46.2044 0
      vertex -15.1295 44.6172 0
      vertex -9.45752 46.6563 0
    endloop
  endfacet
  facet normal -0 0 -1
    outer loop
      vertex -9.45752 46.6563 0
      vertex -15.1377 45.1343 0
      vertex -9.76227 47.1599 0
    endloop
  endfacet
  facet normal 0 0 -1
    outer loop
      vertex -12.4021 50.4994 0
      vertex -14.7371 48.9011 0
      vertex -14.5091 49.9348 0
    endloop
  endfacet
  facet normal 0 -0 -1
    outer loop
      vertex -15.0872 46.3878 0
      vertex -10.128 47.7166 0
      vertex -15.1256 45.7228 0
    endloop
  endfacet
  facet normal 0 0 -1
    outer loop
      vertex -14.9129 42.7973 0
      vertex -14.8551 42.5888 0
      vertex -14.8827 42.6806 0
    endloop
  endfacet
  facet normal -0 0 -1
    outer loop
      vertex -11.6878 49.7182 0
      vertex -14.7371 48.9011 0
      vertex -12.4021 50.4994 0
    endloop
  endfacet
  facet normal 0 0 -1
    outer loop
      vertex -14.9501 42.9635 0
      vertex -14.8551 42.5888 0
      vertex -14.9129 42.7973 0
    endloop
  endfacet
  facet normal -0 0 -1
    outer loop
      vertex -9.00091 45.803 0
      vertex -15.1065 44.1671 0
      vertex -9.206 46.2044 0
    endloop
  endfacet
  facet normal 0 0 -1
    outer loop
      vertex -15.1377 45.1343 0
      vertex -9.45752 46.6563 0
      vertex -15.1295 44.6172 0
    endloop
  endfacet
  facet normal 0 -0 -1
    outer loop
      vertex -14.7371 48.9011 0
      vertex -11.6878 49.7182 0
      vertex -14.902 47.9704 0
    endloop
  endfacet
  facet normal 0 -0 -1
    outer loop
      vertex -15.1256 45.7228 0
      vertex -9.76227 47.1599 0
      vertex -15.1377 45.1343 0
    endloop
  endfacet
  facet normal -0 0 -1
    outer loop
      vertex -9.76227 47.1599 0
      vertex -15.1256 45.7228 0
      vertex -10.128 47.7166 0
    endloop
  endfacet
  facet normal -0 0 -1
    outer loop
      vertex -11.0797 48.9946 0
      vertex -14.902 47.9704 0
      vertex -11.6878 49.7182 0
    endloop
  endfacet
  facet normal -0 0 -1
    outer loop
      vertex -10.128 47.7166 0
      vertex -15.0872 46.3878 0
      vertex -10.5637 48.3277 0
    endloop
  endfacet
  facet normal 0 -0 -1
    outer loop
      vertex -14.902 47.9704 0
      vertex -11.0797 48.9946 0
      vertex -15.0154 47.1349 0
    endloop
  endfacet
  facet normal 0 -0 -1
    outer loop
      vertex -15.0154 47.1349 0
      vertex -10.5637 48.3277 0
      vertex -15.0872 46.3878 0
    endloop
  endfacet
  facet normal -0 0 -1
    outer loop
      vertex -10.5637 48.3277 0
      vertex -15.0154 47.1349 0
      vertex -11.0797 48.9946 0
    endloop
  endfacet
  facet normal 0 0 -1
    outer loop
      vertex 10.3136 -7.9139 0
      vertex 6.62851 -25.7499 0
      vertex 9.77392 -8.5715 0
    endloop
  endfacet
  facet normal 0 0 -1
    outer loop
      vertex 6.46716 -25.3212 0
      vertex 9.77392 -8.5715 0
      vertex 6.62851 -25.7499 0
    endloop
  endfacet
  facet normal 0 0 -1
    outer loop
      vertex 9.77392 -8.5715 0
      vertex 6.46716 -25.3212 0
      vertex 9.19239 -9.19239 0
    endloop
  endfacet
  facet normal 0 0 -1
    outer loop
      vertex 6.27811 -24.904 0
      vertex 9.19239 -9.19239 0
      vertex 6.46716 -25.3212 0
    endloop
  endfacet
  facet normal 0 0 -1
    outer loop
      vertex 9.19239 -9.19239 0
      vertex 6.27811 -24.904 0
      vertex 8.5715 -9.77392 0
    endloop
  endfacet
  facet normal 0 0 -1
    outer loop
      vertex 6.06218 -24.5 0
      vertex 8.5715 -9.77392 0
      vertex 6.27811 -24.904 0
    endloop
  endfacet
  facet normal 0 0 -1
    outer loop
      vertex 8.5715 -9.77392 0
      vertex 6.06218 -24.5 0
      vertex 7.9139 -10.3136 0
    endloop
  endfacet
  facet normal 0 0 -1
    outer loop
      vertex 5.82029 -24.111 0
      vertex 7.9139 -10.3136 0
      vertex 6.06218 -24.5 0
    endloop
  endfacet
  facet normal 0 0 -1
    outer loop
      vertex 5.55347 -23.7387 0
      vertex 7.9139 -10.3136 0
      vertex 5.82029 -24.111 0
    endloop
  endfacet
  facet normal 0 0 -1
    outer loop
      vertex 7.9139 -10.3136 0
      vertex 5.55347 -23.7387 0
      vertex 7.22241 -10.8091 0
    endloop
  endfacet
  facet normal 0 0 -1
    outer loop
      vertex 5.26288 -23.3846 0
      vertex 7.22241 -10.8091 0
      vertex 5.55347 -23.7387 0
    endloop
  endfacet
  facet normal 0 0 -1
    outer loop
      vertex 7.22241 -10.8091 0
      vertex 5.26288 -23.3846 0
      vertex 6.5 -11.2583 0
    endloop
  endfacet
  facet normal 0 0 -1
    outer loop
      vertex 4.94975 -23.0503 0
      vertex 6.5 -11.2583 0
      vertex 5.26288 -23.3846 0
    endloop
  endfacet
  facet normal 0 0 -1
    outer loop
      vertex 4.61542 -22.7371 0
      vertex 6.5 -11.2583 0
      vertex 4.94975 -23.0503 0
    endloop
  endfacet
  facet normal 0 0 -1
    outer loop
      vertex 6.5 -11.2583 0
      vertex 4.61542 -22.7371 0
      vertex 5.74975 -11.6593 0
    endloop
  endfacet
  facet normal 0 0 -1
    outer loop
      vertex 4.26133 -22.4465 0
      vertex 5.74975 -11.6593 0
      vertex 4.61542 -22.7371 0
    endloop
  endfacet
  facet normal 0 0 -1
    outer loop
      vertex 5.74975 -11.6593 0
      vertex 4.26133 -22.4465 0
      vertex 4.97488 -12.0104 0
    endloop
  endfacet
  facet normal 0 0 -1
    outer loop
      vertex 3.88899 -22.1797 0
      vertex 4.97488 -12.0104 0
      vertex 4.26133 -22.4465 0
    endloop
  endfacet
  facet normal 0 0 -1
    outer loop
      vertex 3.5 -21.9378 0
      vertex 4.97488 -12.0104 0
      vertex 3.88899 -22.1797 0
    endloop
  endfacet
  facet normal 0 0 -1
    outer loop
      vertex 4.97488 -12.0104 0
      vertex 3.5 -21.9378 0
      vertex 4.17871 -12.3101 0
    endloop
  endfacet
  facet normal 0 0 -1
    outer loop
      vertex 3.09602 -21.7219 0
      vertex 4.17871 -12.3101 0
      vertex 3.5 -21.9378 0
    endloop
  endfacet
  facet normal 0 0 -1
    outer loop
      vertex 4.17871 -12.3101 0
      vertex 3.09602 -21.7219 0
      vertex 3.36465 -12.557 0
    endloop
  endfacet
  facet normal 0 0 -1
    outer loop
      vertex 2.67878 -21.5328 0
      vertex 3.36465 -12.557 0
      vertex 3.09602 -21.7219 0
    endloop
  endfacet
  facet normal 0 0 -1
    outer loop
      vertex 2.25008 -21.3715 0
      vertex 3.36465 -12.557 0
      vertex 2.67878 -21.5328 0
    endloop
  endfacet
  facet normal 0 0 -1
    outer loop
      vertex 3.36465 -12.557 0
      vertex 2.25008 -21.3715 0
      vertex 2.53617 -12.7502 0
    endloop
  endfacet
  facet normal 0 0 -1
    outer loop
      vertex 1.81173 -21.2385 0
      vertex 2.53617 -12.7502 0
      vertex 2.25008 -21.3715 0
    endloop
  endfacet
  facet normal 0 0 -1
    outer loop
      vertex 1.81173 -21.2385 0
      vertex 1.69684 -12.8888 0
      vertex 2.53617 -12.7502 0
    endloop
  endfacet
  facet normal 0 0 -1
    outer loop
      vertex 1.36563 -21.1345 0
      vertex 1.69684 -12.8888 0
      vertex 1.81173 -21.2385 0
    endloop
  endfacet
  facet normal 0 0 -1
    outer loop
      vertex 0.913683 -21.0599 0
      vertex 1.69684 -12.8888 0
      vertex 1.36563 -21.1345 0
    endloop
  endfacet
  facet normal 0 0 -1
    outer loop
      vertex 0.913683 -21.0599 0
      vertex 0.85024 -12.9722 0
      vertex 1.69684 -12.8888 0
    endloop
  endfacet
  facet normal 0 0 -1
    outer loop
      vertex 0.457822 -21.015 0
      vertex 0.85024 -12.9722 0
      vertex 0.913683 -21.0599 0
    endloop
  endfacet
  facet normal 0 0 -1
    outer loop
      vertex 0 -13 0
      vertex 0.457822 -21.015 0
      vertex 0 -21 0
    endloop
  endfacet
  facet normal 0 0 -1
    outer loop
      vertex 0.457822 -21.015 0
      vertex 0 -13 0
      vertex 0.85024 -12.9722 0
    endloop
  endfacet
  facet normal 0 0 -1
    outer loop
      vertex -0.457822 -21.015 0
      vertex 0 -13 0
      vertex 0 -21 0
    endloop
  endfacet
  facet normal 0 0 -1
    outer loop
      vertex -0.457822 -21.015 0
      vertex -0.85024 -12.9722 0
      vertex 0 -13 0
    endloop
  endfacet
  facet normal 0 0 -1
    outer loop
      vertex -0.913683 -21.0599 0
      vertex -0.85024 -12.9722 0
      vertex -0.457822 -21.015 0
    endloop
  endfacet
  facet normal 0 0 -1
    outer loop
      vertex -1.69684 -12.8888 0
      vertex -0.913683 -21.0599 0
      vertex -1.36563 -21.1345 0
    endloop
  endfacet
  facet normal 0 0 -1
    outer loop
      vertex -0.913683 -21.0599 0
      vertex -1.69684 -12.8888 0
      vertex -0.85024 -12.9722 0
    endloop
  endfacet
  facet normal 0 0 -1
    outer loop
      vertex -1.81173 -21.2385 0
      vertex -1.69684 -12.8888 0
      vertex -1.36563 -21.1345 0
    endloop
  endfacet
  facet normal 0 0 -1
    outer loop
      vertex -2.53617 -12.7502 0
      vertex -1.81173 -21.2385 0
      vertex -2.25008 -21.3715 0
    endloop
  endfacet
  facet normal 0 0 -1
    outer loop
      vertex -1.81173 -21.2385 0
      vertex -2.53617 -12.7502 0
      vertex -1.69684 -12.8888 0
    endloop
  endfacet
  facet normal 0 0 -1
    outer loop
      vertex -3.36465 -12.557 0
      vertex -2.25008 -21.3715 0
      vertex -2.67878 -21.5328 0
    endloop
  endfacet
  facet normal 0 0 -1
    outer loop
      vertex -3.36465 -12.557 0
      vertex -2.67878 -21.5328 0
      vertex -3.09602 -21.7219 0
    endloop
  endfacet
  facet normal 0 0 -1
    outer loop
      vertex -2.25008 -21.3715 0
      vertex -3.36465 -12.557 0
      vertex -2.53617 -12.7502 0
    endloop
  endfacet
  facet normal 0 0 -1
    outer loop
      vertex -4.17871 -12.3101 0
      vertex -3.09602 -21.7219 0
      vertex -3.5 -21.9378 0
    endloop
  endfacet
  facet normal 0 0 -1
    outer loop
      vertex -4.97488 -12.0104 0
      vertex -3.5 -21.9378 0
      vertex -3.88899 -22.1797 0
    endloop
  endfacet
  facet normal 0 0 -1
    outer loop
      vertex -3.09602 -21.7219 0
      vertex -4.17871 -12.3101 0
      vertex -3.36465 -12.557 0
    endloop
  endfacet
  facet normal 0 0 -1
    outer loop
      vertex -4.97488 -12.0104 0
      vertex -3.88899 -22.1797 0
      vertex -4.26133 -22.4465 0
    endloop
  endfacet
  facet normal 0 0 -1
    outer loop
      vertex -5.74975 -11.6593 0
      vertex -4.26133 -22.4465 0
      vertex -4.61542 -22.7371 0
    endloop
  endfacet
  facet normal 0 0 -1
    outer loop
      vertex -6.5 -11.2583 0
      vertex -4.61542 -22.7371 0
      vertex -4.94975 -23.0503 0
    endloop
  endfacet
  facet normal 0 0 -1
    outer loop
      vertex -3.5 -21.9378 0
      vertex -4.97488 -12.0104 0
      vertex -4.17871 -12.3101 0
    endloop
  endfacet
  facet normal 0 0 -1
    outer loop
      vertex -6.5 -11.2583 0
      vertex -4.94975 -23.0503 0
      vertex -5.26288 -23.3846 0
    endloop
  endfacet
  facet normal 0 0 -1
    outer loop
      vertex -7.22241 -10.8091 0
      vertex -5.26288 -23.3846 0
      vertex -5.55347 -23.7387 0
    endloop
  endfacet
  facet normal 0 0 -1
    outer loop
      vertex -4.26133 -22.4465 0
      vertex -5.74975 -11.6593 0
      vertex -4.97488 -12.0104 0
    endloop
  endfacet
  facet normal 0 0 -1
    outer loop
      vertex -7.9139 -10.3136 0
      vertex -5.55347 -23.7387 0
      vertex -5.82029 -24.111 0
    endloop
  endfacet
  facet normal 0 0 -1
    outer loop
      vertex -7.9139 -10.3136 0
      vertex -5.82029 -24.111 0
      vertex -6.06218 -24.5 0
    endloop
  endfacet
  facet normal 0 0 -1
    outer loop
      vertex -7.9139 -10.3136 0
      vertex -6.06218 -24.5 0
      vertex -6.27811 -24.904 0
    endloop
  endfacet
  facet normal 0 0 -1
    outer loop
      vertex -7.9139 -10.3136 0
      vertex -6.27811 -24.904 0
      vertex -6.46716 -25.3212 0
    endloop
  endfacet
  facet normal 0 0 -1
    outer loop
      vertex -4.61542 -22.7371 0
      vertex -6.5 -11.2583 0
      vertex -5.74975 -11.6593 0
    endloop
  endfacet
  facet normal 0 0 -1
    outer loop
      vertex -7.9139 -10.3136 0
      vertex -6.46716 -25.3212 0
      vertex -6.62851 -25.7499 0
    endloop
  endfacet
  facet normal 0 0 -1
    outer loop
      vertex -7.9139 -10.3136 0
      vertex -6.62851 -25.7499 0
      vertex -6.76148 -26.1883 0
    endloop
  endfacet
  facet normal 0 0 -1
    outer loop
      vertex -7.9139 -10.3136 0
      vertex -6.76148 -26.1883 0
      vertex -6.8655 -26.6344 0
    endloop
  endfacet
  facet normal 0 0 -1
    outer loop
      vertex -7.9139 -10.3136 0
      vertex -6.8655 -26.6344 0
      vertex -6.94011 -27.0863 0
    endloop
  endfacet
  facet normal 0 0 -1
    outer loop
      vertex -7.9139 -10.3136 0
      vertex -6.94011 -27.0863 0
      vertex -6.98501 -27.5422 0
    endloop
  endfacet
  facet normal 0 0 -1
    outer loop
      vertex -24.375 -35.8278 0
      vertex -6.98501 -27.5422 0
      vertex -7 -28 0
    endloop
  endfacet
  facet normal 0 0 -1
    outer loop
      vertex -5.26288 -23.3846 0
      vertex -7.22241 -10.8091 0
      vertex -6.5 -11.2583 0
    endloop
  endfacet
  facet normal 0 0 -1
    outer loop
      vertex 3.32616 44.9824 0
      vertex 3.32802 45.1988 0
      vertex 3.3291 45.0782 0
    endloop
  endfacet
  facet normal 0 0 -1
    outer loop
      vertex 3.32616 44.9824 0
      vertex 3.32097 45.3689 0
      vertex 3.32802 45.1988 0
    endloop
  endfacet
  facet normal 0 0 -1
    outer loop
      vertex 3.32616 44.9824 0
      vertex 3.30451 45.5897 0
      vertex 3.32097 45.3689 0
    endloop
  endfacet
  facet normal 0 0 -1
    outer loop
      vertex 3.32616 44.9824 0
      vertex 3.27499 45.8626 0
      vertex 3.30451 45.5897 0
    endloop
  endfacet
  facet normal 0 0 -1
    outer loop
      vertex 3.32616 44.9824 0
      vertex 3.22845 46.1894 0
      vertex 3.27499 45.8626 0
    endloop
  endfacet
  facet normal 0 0 -1
    outer loop
      vertex 3.1605 46.572 0
      vertex 3.32616 44.9824 0
      vertex 3.1955 43.2153 0
    endloop
  endfacet
  facet normal 0 0 -1
    outer loop
      vertex 3.32616 44.9824 0
      vertex 3.1605 46.572 0
      vertex 3.22845 46.1894 0
    endloop
  endfacet
  facet normal -0 0 -1
    outer loop
      vertex -12.7502 -2.53617 0
      vertex -42.5699 -8.09834 0
      vertex -12.8888 -1.69684 0
    endloop
  endfacet
  facet normal 0 0 -1
    outer loop
      vertex -41.9127 -20.5489 0
      vertex -38.7523 -26.023 0
      vertex -39.1811 -26.1618 0
    endloop
  endfacet
  facet normal 0 0 -1
    outer loop
      vertex -42.2473 -20.8509 0
      vertex -39.1811 -26.1618 0
      vertex -39.6784 -26.3035 0
    endloop
  endfacet
  facet normal 0 0 -1
    outer loop
      vertex -42.6187 -21.2108 0
      vertex -39.6784 -26.3035 0
      vertex -40.2501 -26.4441 0
    endloop
  endfacet
  facet normal 0 0 -1
    outer loop
      vertex -38.3869 -25.8906 0
      vertex -40.619 -19.6107 0
      vertex -39.0233 -18.8403 0
    endloop
  endfacet
  facet normal 0 0 -1
    outer loop
      vertex -38.3869 -25.8906 0
      vertex -40.8073 -19.7173 0
      vertex -40.619 -19.6107 0
    endloop
  endfacet
  facet normal 0 0 -1
    outer loop
      vertex -40.619 -19.6107 0
      vertex -40.8073 -19.7173 0
      vertex -40.7034 -19.656 0
    endloop
  endfacet
  facet normal 0 0 -1
    outer loop
      vertex -43.0263 -21.6355 0
      vertex -40.2501 -26.4441 0
      vertex -40.9023 -26.5791 0
    endloop
  endfacet
  facet normal 0 0 -1
    outer loop
      vertex -38.3869 -25.8906 0
      vertex -40.9511 -19.8084 0
      vertex -40.8073 -19.7173 0
    endloop
  endfacet
  facet normal 0 0 -1
    outer loop
      vertex -38.3869 -25.8906 0
      vertex -41.1341 -19.9331 0
      vertex -40.9511 -19.8084 0
    endloop
  endfacet
  facet normal 0 0 -1
    outer loop
      vertex -38.3869 -25.8906 0
      vertex -41.3557 -20.0951 0
      vertex -41.1341 -19.9331 0
    endloop
  endfacet
  facet normal 0 0 -1
    outer loop
      vertex -38.3869 -25.8906 0
      vertex -41.6154 -20.2988 0
      vertex -41.3557 -20.0951 0
    endloop
  endfacet
  facet normal 0 0 -1
    outer loop
      vertex -43.4694 -22.1329 0
      vertex -40.9023 -26.5791 0
      vertex -41.6426 -26.7032 0
    endloop
  endfacet
  facet normal 0 0 -1
    outer loop
      vertex -38.7523 -26.023 0
      vertex -41.9127 -20.5489 0
      vertex -41.6154 -20.2988 0
    endloop
  endfacet
  facet normal 0 0 -1
    outer loop
      vertex -39.1811 -26.1618 0
      vertex -42.2473 -20.8509 0
      vertex -41.9127 -20.5489 0
    endloop
  endfacet
  facet normal 0 0 -1
    outer loop
      vertex -43.9469 -22.7119 0
      vertex -41.6426 -26.7032 0
      vertex -42.4789 -26.8099 0
    endloop
  endfacet
  facet normal 0 0 -1
    outer loop
      vertex -39.6784 -26.3035 0
      vertex -42.6187 -21.2108 0
      vertex -42.2473 -20.8509 0
    endloop
  endfacet
  facet normal 0 0 -1
    outer loop
      vertex -40.2501 -26.4441 0
      vertex -43.0263 -21.6355 0
      vertex -42.6187 -21.2108 0
    endloop
  endfacet
  facet normal 0 0 -1
    outer loop
      vertex -44.4575 -23.3828 0
      vertex -42.4789 -26.8099 0
      vertex -43.4206 -26.8915 0
    endloop
  endfacet
  facet normal 0 0 -1
    outer loop
      vertex -40.9023 -26.5791 0
      vertex -43.4694 -22.1329 0
      vertex -43.0263 -21.6355 0
    endloop
  endfacet
  facet normal 0 0 -1
    outer loop
      vertex -41.6426 -26.7032 0
      vertex -43.9469 -22.7119 0
      vertex -43.4694 -22.1329 0
    endloop
  endfacet
  facet normal 0 0 -1
    outer loop
      vertex -42.4789 -26.8099 0
      vertex -44.4575 -23.3828 0
      vertex -43.9469 -22.7119 0
    endloop
  endfacet
  facet normal 0 0 -1
    outer loop
      vertex -44.999 -24.1576 0
      vertex -43.4206 -26.8915 0
      vertex -44.4781 -26.9388 0
    endloop
  endfacet
  facet normal 0 0 -1
    outer loop
      vertex -43.4206 -26.8915 0
      vertex -44.999 -24.1576 0
      vertex -44.4575 -23.3828 0
    endloop
  endfacet
  facet normal 0 -0 -1
    outer loop
      vertex -44.999 -24.1576 0
      vertex -44.4781 -26.9388 0
      vertex -45.5687 -25.0497 0
    endloop
  endfacet
  facet normal -0 0 -1
    outer loop
      vertex -12.3101 -4.17871 0
      vertex -40.8991 -14.2657 0
      vertex -12.557 -3.36465 0
    endloop
  endfacet
  facet normal 0 0 -1
    outer loop
      vertex -36.2598 -32.6294 0
      vertex -32.6294 -36.2598 0
      vertex -33.3123 -36.5712 0
    endloop
  endfacet
  facet normal 0 0 -1
    outer loop
      vertex -36.5712 -33.3123 0
      vertex -33.3123 -36.5712 0
      vertex -34.0926 -36.8907 0
    endloop
  endfacet
  facet normal 0 0 -1
    outer loop
      vertex -32.0343 -35.9605 0
      vertex -34.1593 -29.4554 0
      vertex -32.8174 -28.2983 0
    endloop
  endfacet
  facet normal 0 0 -1
    outer loop
      vertex -32.0343 -35.9605 0
      vertex -34.4289 -29.7324 0
      vertex -34.1593 -29.4554 0
    endloop
  endfacet
  facet normal 0 0 -1
    outer loop
      vertex -34.1593 -29.4554 0
      vertex -34.3136 -29.6071 0
      vertex -34.2291 -29.5211 0
    endloop
  endfacet
  facet normal 0 0 -1
    outer loop
      vertex -34.1593 -29.4554 0
      vertex -34.4289 -29.7324 0
      vertex -34.3136 -29.6071 0
    endloop
  endfacet
  facet normal 0 0 -1
    outer loop
      vertex -32.0343 -35.9605 0
      vertex -34.5734 -29.9002 0
      vertex -34.4289 -29.7324 0
    endloop
  endfacet
  facet normal 0 0 -1
    outer loop
      vertex -32.0343 -35.9605 0
      vertex -34.7455 -30.114 0
      vertex -34.5734 -29.9002 0
    endloop
  endfacet
  facet normal 0 0 -1
    outer loop
      vertex -32.0343 -35.9605 0
      vertex -34.9437 -30.378 0
      vertex -34.7455 -30.114 0
    endloop
  endfacet
  facet normal 0 0 -1
    outer loop
      vertex -36.8907 -34.0925 0
      vertex -34.0926 -36.8907 0
      vertex -34.981 -37.2133 0
    endloop
  endfacet
  facet normal 0 0 -1
    outer loop
      vertex -32.0343 -35.9605 0
      vertex -35.1661 -30.6965 0
      vertex -34.9437 -30.378 0
    endloop
  endfacet
  facet normal 0 0 -1
    outer loop
      vertex -32.0343 -35.9605 0
      vertex -35.4112 -31.0748 0
      vertex -35.1661 -30.6965 0
    endloop
  endfacet
  facet normal 0 0 -1
    outer loop
      vertex -32.0343 -35.9605 0
      vertex -35.6768 -31.5186 0
      vertex -35.4112 -31.0748 0
    endloop
  endfacet
  facet normal 0 0 -1
    outer loop
      vertex -32.0343 -35.9605 0
      vertex -35.9605 -32.0343 0
      vertex -35.6768 -31.5186 0
    endloop
  endfacet
  facet normal 0 0 -1
    outer loop
      vertex -37.2133 -34.981 0
      vertex -34.981 -37.2133 0
      vertex -35.9902 -37.5327 0
    endloop
  endfacet
  facet normal 0 0 -1
    outer loop
      vertex -32.6294 -36.2598 0
      vertex -36.2598 -32.6294 0
      vertex -35.9605 -32.0343 0
    endloop
  endfacet
  facet normal 0 0 -1
    outer loop
      vertex -33.3123 -36.5712 0
      vertex -36.5712 -33.3123 0
      vertex -36.2598 -32.6294 0
    endloop
  endfacet
  facet normal 0 0 -1
    outer loop
      vertex -34.0926 -36.8907 0
      vertex -36.8907 -34.0925 0
      vertex -36.5712 -33.3123 0
    endloop
  endfacet
  facet normal 0 0 -1
    outer loop
      vertex -34.981 -37.2133 0
      vertex -37.2133 -34.981 0
      vertex -36.8907 -34.0925 0
    endloop
  endfacet
  facet normal 0 -0 -1
    outer loop
      vertex -37.2133 -34.981 0
      vertex -35.9902 -37.5327 0
      vertex -37.5327 -35.9902 0
    endloop
  endfacet
  facet normal 0 0 -1
    outer loop
      vertex -40.172 -16.2477 0
      vertex -12.0104 -4.97488 0
      vertex -39.0233 -18.8403 0
    endloop
  endfacet
  facet normal 0 0 -1
    outer loop
      vertex -26.8915 -43.4206 0
      vertex -24.1576 -44.999 0
      vertex -25.0497 -45.5687 0
    endloop
  endfacet
  facet normal 0 0 -1
    outer loop
      vertex -23.3829 -44.4575 0
      vertex -25.3717 -37.2928 0
      vertex -24.375 -35.8278 0
    endloop
  endfacet
  facet normal 0 -0 -1
    outer loop
      vertex -25.6566 -37.8296 0
      vertex -23.3829 -44.4575 0
      vertex -25.7675 -38.0807 0
    endloop
  endfacet
  facet normal 0 -0 -1
    outer loop
      vertex -25.5605 -37.6301 0
      vertex -25.3717 -37.2928 0
      vertex -25.6566 -37.8296 0
    endloop
  endfacet
  facet normal 0 0 -1
    outer loop
      vertex -25.3717 -37.2928 0
      vertex -25.4815 -37.4793 0
      vertex -25.4222 -37.3743 0
    endloop
  endfacet
  facet normal 0 -0 -1
    outer loop
      vertex -25.4815 -37.4793 0
      vertex -25.3717 -37.2928 0
      vertex -25.5605 -37.6301 0
    endloop
  endfacet
  facet normal 0 0 -1
    outer loop
      vertex -23.3829 -44.4575 0
      vertex -25.6566 -37.8296 0
      vertex -25.3717 -37.2928 0
    endloop
  endfacet
  facet normal 0 0 -1
    outer loop
      vertex -23.3829 -44.4575 0
      vertex -25.8906 -38.3869 0
      vertex -25.7675 -38.0807 0
    endloop
  endfacet
  facet normal 0 0 -1
    outer loop
      vertex -23.3829 -44.4575 0
      vertex -26.023 -38.7522 0
      vertex -25.8906 -38.3869 0
    endloop
  endfacet
  facet normal 0 0 -1
    outer loop
      vertex -23.3829 -44.4575 0
      vertex -26.1618 -39.1811 0
      vertex -26.023 -38.7522 0
    endloop
  endfacet
  facet normal 0 0 -1
    outer loop
      vertex -23.3829 -44.4575 0
      vertex -26.3035 -39.6785 0
      vertex -26.1618 -39.1811 0
    endloop
  endfacet
  facet normal 0 0 -1
    outer loop
      vertex -23.3829 -44.4575 0
      vertex -26.4441 -40.2501 0
      vertex -26.3035 -39.6785 0
    endloop
  endfacet
  facet normal 0 0 -1
    outer loop
      vertex -23.3829 -44.4575 0
      vertex -26.5792 -40.9023 0
      vertex -26.4441 -40.2501 0
    endloop
  endfacet
  facet normal 0 0 -1
    outer loop
      vertex -23.3829 -44.4575 0
      vertex -26.7032 -41.6425 0
      vertex -26.5792 -40.9023 0
    endloop
  endfacet
  facet normal 0 0 -1
    outer loop
      vertex -23.3829 -44.4575 0
      vertex -26.8099 -42.4789 0
      vertex -26.7032 -41.6425 0
    endloop
  endfacet
  facet normal 0 0 -1
    outer loop
      vertex -24.1576 -44.999 0
      vertex -26.8915 -43.4206 0
      vertex -26.8099 -42.4789 0
    endloop
  endfacet
  facet normal 0 -0 -1
    outer loop
      vertex -26.8915 -43.4206 0
      vertex -25.0497 -45.5687 0
      vertex -26.9388 -44.478 0
    endloop
  endfacet
  facet normal 0 0 -1
    outer loop
      vertex -13 0 0
      vertex -16.2477 40.172 0
      vertex -14.2657 40.8991 0
    endloop
  endfacet
  facet normal -0 0 -1
    outer loop
      vertex -11.2583 -6.5 0
      vertex -39.0233 -18.8403 0
      vertex -11.6593 -5.74975 0
    endloop
  endfacet
  facet normal -0 0 -1
    outer loop
      vertex -11.6593 -5.74975 0
      vertex -39.0233 -18.8403 0
      vertex -12.0104 -4.97488 0
    endloop
  endfacet
  facet normal 0 0 -1
    outer loop
      vertex -13 0 0
      vertex -18.8403 39.0233 0
      vertex -16.2477 40.172 0
    endloop
  endfacet
  facet normal 0 0 -1
    outer loop
      vertex -13 0 0
      vertex -24.3651 35.8132 0
      vertex -18.8403 39.0233 0
    endloop
  endfacet
  facet normal 0 0 -1
    outer loop
      vertex -19.8084 -40.9511 0
      vertex -24.375 -35.8278 0
      vertex -19.6107 -40.619 0
    endloop
  endfacet
  facet normal -0 0 -1
    outer loop
      vertex -18.8403 39.0233 0
      vertex -24.3651 35.8132 0
      vertex -19.6107 40.619 0
    endloop
  endfacet
  facet normal 0 0 -1
    outer loop
      vertex -19.7173 -40.8073 0
      vertex -19.6107 -40.619 0
      vertex -19.6561 -40.7034 0
    endloop
  endfacet
  facet normal 0 0 -1
    outer loop
      vertex -25.3717 37.2928 0
      vertex -19.6107 40.619 0
      vertex -24.3651 35.8132 0
    endloop
  endfacet
  facet normal 0 0 -1
    outer loop
      vertex -19.8084 -40.9511 0
      vertex -19.6107 -40.619 0
      vertex -19.7173 -40.8073 0
    endloop
  endfacet
  facet normal -0 0 -1
    outer loop
      vertex -19.6107 40.619 0
      vertex -25.3717 37.2928 0
      vertex -19.656 40.7034 0
    endloop
  endfacet
  facet normal 0 0 -1
    outer loop
      vertex -24.375 -35.8278 0
      vertex -19.8084 -40.9511 0
      vertex -19.9331 -41.1341 0
    endloop
  endfacet
  facet normal -0 0 -1
    outer loop
      vertex -19.656 40.7034 0
      vertex -25.3717 37.2928 0
      vertex -19.7173 40.8073 0
    endloop
  endfacet
  facet normal 0 0 -1
    outer loop
      vertex -24.375 -35.8278 0
      vertex -19.9331 -41.1341 0
      vertex -20.0951 -41.3557 0
    endloop
  endfacet
  facet normal -0 0 -1
    outer loop
      vertex -19.7173 40.8073 0
      vertex -25.3717 37.2928 0
      vertex -19.8084 40.9511 0
    endloop
  endfacet
  facet normal 0 0 -1
    outer loop
      vertex -24.375 -35.8278 0
      vertex -20.0951 -41.3557 0
      vertex -20.2988 -41.6154 0
    endloop
  endfacet
  facet normal 0 0 -1
    outer loop
      vertex -25.5605 37.6302 0
      vertex -19.8084 40.9511 0
      vertex -25.3717 37.2928 0
    endloop
  endfacet
  facet normal 0 0 -1
    outer loop
      vertex -24.375 -35.8278 0
      vertex -20.2988 -41.6154 0
      vertex -20.5489 -41.9127 0
    endloop
  endfacet
  facet normal -0 0 -1
    outer loop
      vertex -19.8084 40.9511 0
      vertex -25.5605 37.6302 0
      vertex -19.9331 41.1341 0
    endloop
  endfacet
  facet normal 0 0 -1
    outer loop
      vertex -24.375 -35.8278 0
      vertex -20.5489 -41.9127 0
      vertex -20.8509 -42.2473 0
    endloop
  endfacet
  facet normal 0 0 -1
    outer loop
      vertex -25.6566 37.8296 0
      vertex -19.9331 41.1341 0
      vertex -25.5605 37.6302 0
    endloop
  endfacet
  facet normal 0 0 -1
    outer loop
      vertex -24.375 -35.8278 0
      vertex -20.8509 -42.2473 0
      vertex -21.2108 -42.6187 0
    endloop
  endfacet
  facet normal -0 0 -1
    outer loop
      vertex -19.9331 41.1341 0
      vertex -25.6566 37.8296 0
      vertex -20.0951 41.3557 0
    endloop
  endfacet
  facet normal 0 0 -1
    outer loop
      vertex -24.375 -35.8278 0
      vertex -21.2108 -42.6187 0
      vertex -21.6355 -43.0263 0
    endloop
  endfacet
  facet normal 0 0 -1
    outer loop
      vertex -25.7675 38.0807 0
      vertex -20.0951 41.3557 0
      vertex -25.6566 37.8296 0
    endloop
  endfacet
  facet normal 0 0 -1
    outer loop
      vertex -24.375 -35.8278 0
      vertex -21.6355 -43.0263 0
      vertex -22.1329 -43.4694 0
    endloop
  endfacet
  facet normal -0 0 -1
    outer loop
      vertex -20.0951 41.3557 0
      vertex -25.7675 38.0807 0
      vertex -20.2988 41.6154 0
    endloop
  endfacet
  facet normal 0 0 -1
    outer loop
      vertex -24.375 -35.8278 0
      vertex -22.1329 -43.4694 0
      vertex -22.7119 -43.9469 0
    endloop
  endfacet
  facet normal 0 0 -1
    outer loop
      vertex -25.8906 38.3869 0
      vertex -20.2988 41.6154 0
      vertex -25.7675 38.0807 0
    endloop
  endfacet
  facet normal 0 0 -1
    outer loop
      vertex -24.375 -35.8278 0
      vertex -22.7119 -43.9469 0
      vertex -23.3829 -44.4575 0
    endloop
  endfacet
  facet normal -0 0 -1
    outer loop
      vertex -20.2988 41.6154 0
      vertex -25.8906 38.3869 0
      vertex -20.5489 41.9127 0
    endloop
  endfacet
  facet normal 0 0 -1
    outer loop
      vertex -26.8099 -42.4789 0
      vertex -23.3829 -44.4575 0
      vertex -24.1576 -44.999 0
    endloop
  endfacet
  facet normal 0 0 -1
    outer loop
      vertex -26.023 38.7523 0
      vertex -20.5489 41.9127 0
      vertex -25.8906 38.3869 0
    endloop
  endfacet
  facet normal 0 0 -1
    outer loop
      vertex -19.6107 -40.619 0
      vertex -24.375 -35.8278 0
      vertex -18.8326 -39.0074 0
    endloop
  endfacet
  facet normal 0 0 -1
    outer loop
      vertex -26.1618 39.1811 0
      vertex -20.8509 42.2473 0
      vertex -26.023 38.7523 0
    endloop
  endfacet
  facet normal -0 0 -1
    outer loop
      vertex -20.8509 42.2473 0
      vertex -26.1618 39.1811 0
      vertex -21.2108 42.6187 0
    endloop
  endfacet
  facet normal -0 0 -1
    outer loop
      vertex -21.2108 42.6187 0
      vertex -26.3035 39.6784 0
      vertex -21.6355 43.0263 0
    endloop
  endfacet
  facet normal 0 0 -1
    outer loop
      vertex -25.4815 37.4793 0
      vertex -25.3717 37.2928 0
      vertex -25.4222 37.3744 0
    endloop
  endfacet
  facet normal 0 0 -1
    outer loop
      vertex -25.3717 37.2928 0
      vertex -25.4815 37.4793 0
      vertex -25.5605 37.6302 0
    endloop
  endfacet
  facet normal -0 0 -1
    outer loop
      vertex -20.5489 41.9127 0
      vertex -26.023 38.7523 0
      vertex -20.8509 42.2473 0
    endloop
  endfacet
  facet normal 0 0 -1
    outer loop
      vertex -26.3035 39.6784 0
      vertex -21.2108 42.6187 0
      vertex -26.1618 39.1811 0
    endloop
  endfacet
  facet normal 0 0 -1
    outer loop
      vertex -26.4441 40.2501 0
      vertex -21.6355 43.0263 0
      vertex -26.3035 39.6784 0
    endloop
  endfacet
  facet normal -0 0 -1
    outer loop
      vertex -21.6355 43.0263 0
      vertex -26.4441 40.2501 0
      vertex -22.1329 43.4694 0
    endloop
  endfacet
  facet normal 0 0 -1
    outer loop
      vertex -26.5791 40.9023 0
      vertex -22.1329 43.4694 0
      vertex -26.4441 40.2501 0
    endloop
  endfacet
  facet normal -0 0 -1
    outer loop
      vertex -22.1329 43.4694 0
      vertex -26.5791 40.9023 0
      vertex -22.7119 43.9469 0
    endloop
  endfacet
  facet normal 0 0 -1
    outer loop
      vertex -26.7032 41.6426 0
      vertex -22.7119 43.9469 0
      vertex -26.5791 40.9023 0
    endloop
  endfacet
  facet normal -0 0 -1
    outer loop
      vertex -22.7119 43.9469 0
      vertex -26.7032 41.6426 0
      vertex -23.3828 44.4575 0
    endloop
  endfacet
  facet normal 0 0 -1
    outer loop
      vertex -26.8099 42.4789 0
      vertex -23.3828 44.4575 0
      vertex -26.7032 41.6426 0
    endloop
  endfacet
  facet normal -0 0 -1
    outer loop
      vertex -23.3828 44.4575 0
      vertex -26.8099 42.4789 0
      vertex -24.1576 44.999 0
    endloop
  endfacet
  facet normal 0 0 -1
    outer loop
      vertex -26.8915 43.4206 0
      vertex -24.1576 44.999 0
      vertex -26.8099 42.4789 0
    endloop
  endfacet
  facet normal -0 0 -1
    outer loop
      vertex -24.1576 44.999 0
      vertex -26.8915 43.4206 0
      vertex -25.0497 45.5687 0
    endloop
  endfacet
  facet normal 0 0 -1
    outer loop
      vertex -25.0497 45.5687 0
      vertex -26.8915 43.4206 0
      vertex -26.9388 44.4781 0
    endloop
  endfacet
  facet normal 0 0 -1
    outer loop
      vertex -13 0 0
      vertex -26.0913 34.5979 0
      vertex -24.3651 35.8132 0
    endloop
  endfacet
  facet normal -0 0 -1
    outer loop
      vertex -12.0104 -4.97488 0
      vertex -40.172 -16.2477 0
      vertex -12.3101 -4.17871 0
    endloop
  endfacet
  facet normal 0 0 -1
    outer loop
      vertex -40.8991 -14.2657 0
      vertex -12.3101 -4.17871 0
      vertex -40.172 -16.2477 0
    endloop
  endfacet
  facet normal 0 0 -1
    outer loop
      vertex -13 0 0
      vertex -28.2983 32.8174 0
      vertex -26.0913 34.5979 0
    endloop
  endfacet
  facet normal 0 0 -1
    outer loop
      vertex -13 0 0
      vertex -32.804 28.2868 0
      vertex -28.2983 32.8174 0
    endloop
  endfacet
  facet normal 0 0 -1
    outer loop
      vertex -29.7324 -34.4289 0
      vertex -32.8174 -28.2983 0
      vertex -29.4554 -34.1593 0
    endloop
  endfacet
  facet normal -0 0 -1
    outer loop
      vertex -28.2983 32.8174 0
      vertex -32.804 28.2868 0
      vertex -29.4554 34.1593 0
    endloop
  endfacet
  facet normal 0 0 -1
    outer loop
      vertex -29.6071 -34.3136 0
      vertex -29.4554 -34.1593 0
      vertex -29.5211 -34.2291 0
    endloop
  endfacet
  facet normal 0 0 -1
    outer loop
      vertex -29.7324 -34.4289 0
      vertex -29.4554 -34.1593 0
      vertex -29.6071 -34.3136 0
    endloop
  endfacet
  facet normal 0 0 -1
    outer loop
      vertex -34.1593 29.4554 0
      vertex -29.4554 34.1593 0
      vertex -32.804 28.2868 0
    endloop
  endfacet
  facet normal -0 0 -1
    outer loop
      vertex -29.4554 34.1593 0
      vertex -34.1593 29.4554 0
      vertex -29.5211 34.2291 0
    endloop
  endfacet
  facet normal 0 0 -1
    outer loop
      vertex -32.8174 -28.2983 0
      vertex -29.7324 -34.4289 0
      vertex -29.9002 -34.5734 0
    endloop
  endfacet
  facet normal -0 0 -1
    outer loop
      vertex -29.5211 34.2291 0
      vertex -34.1593 29.4554 0
      vertex -29.6071 34.3136 0
    endloop
  endfacet
  facet normal 0 0 -1
    outer loop
      vertex -32.8174 -28.2983 0
      vertex -29.9002 -34.5734 0
      vertex -30.114 -34.7455 0
    endloop
  endfacet
  facet normal -0 0 -1
    outer loop
      vertex -29.6071 34.3136 0
      vertex -34.1593 29.4554 0
      vertex -29.7324 34.4289 0
    endloop
  endfacet
  facet normal 0 0 -1
    outer loop
      vertex -32.8174 -28.2983 0
      vertex -30.114 -34.7455 0
      vertex -30.378 -34.9437 0
    endloop
  endfacet
  facet normal 0 0 -1
    outer loop
      vertex -32.8174 -28.2983 0
      vertex -30.378 -34.9437 0
      vertex -30.6966 -35.1661 0
    endloop
  endfacet
  facet normal 0 0 -1
    outer loop
      vertex -34.4289 29.7324 0
      vertex -29.7324 34.4289 0
      vertex -34.1593 29.4554 0
    endloop
  endfacet
  facet normal -0 0 -1
    outer loop
      vertex -29.7324 34.4289 0
      vertex -34.4289 29.7324 0
      vertex -29.9002 34.5734 0
    endloop
  endfacet
  facet normal 0 0 -1
    outer loop
      vertex -32.8174 -28.2983 0
      vertex -30.6966 -35.1661 0
      vertex -31.0748 -35.4112 0
    endloop
  endfacet
  facet normal 0 0 -1
    outer loop
      vertex -34.5734 29.9002 0
      vertex -29.9002 34.5734 0
      vertex -34.4289 29.7324 0
    endloop
  endfacet
  facet normal 0 0 -1
    outer loop
      vertex -32.8174 -28.2983 0
      vertex -31.0748 -35.4112 0
      vertex -31.5186 -35.6768 0
    endloop
  endfacet
  facet normal -0 0 -1
    outer loop
      vertex -29.9002 34.5734 0
      vertex -34.5734 29.9002 0
      vertex -30.114 34.7455 0
    endloop
  endfacet
  facet normal 0 0 -1
    outer loop
      vertex -32.8174 -28.2983 0
      vertex -31.5186 -35.6768 0
      vertex -32.0343 -35.9605 0
    endloop
  endfacet
  facet normal 0 0 -1
    outer loop
      vertex -34.7455 30.114 0
      vertex -30.114 34.7455 0
      vertex -34.5734 29.9002 0
    endloop
  endfacet
  facet normal 0 0 -1
    outer loop
      vertex -35.9605 -32.0343 0
      vertex -32.0343 -35.9605 0
      vertex -32.6294 -36.2598 0
    endloop
  endfacet
  facet normal -0 0 -1
    outer loop
      vertex -30.114 34.7455 0
      vertex -34.7455 30.114 0
      vertex -30.378 34.9437 0
    endloop
  endfacet
  facet normal 0 0 -1
    outer loop
      vertex -29.4554 -34.1593 0
      vertex -32.8174 -28.2983 0
      vertex -28.2868 -32.804 0
    endloop
  endfacet
  facet normal 0 0 -1
    outer loop
      vertex -34.9437 30.378 0
      vertex -30.378 34.9437 0
      vertex -34.7455 30.114 0
    endloop
  endfacet
  facet normal -0 0 -1
    outer loop
      vertex -30.378 34.9437 0
      vertex -34.9437 30.378 0
      vertex -30.6965 35.1661 0
    endloop
  endfacet
  facet normal 0 0 -1
    outer loop
      vertex -35.1661 30.6966 0
      vertex -30.6965 35.1661 0
      vertex -34.9437 30.378 0
    endloop
  endfacet
  facet normal -0 0 -1
    outer loop
      vertex -30.6965 35.1661 0
      vertex -35.1661 30.6966 0
      vertex -31.0748 35.4112 0
    endloop
  endfacet
  facet normal 0 0 -1
    outer loop
      vertex -34.3136 29.6071 0
      vertex -34.1593 29.4554 0
      vertex -34.2291 29.5211 0
    endloop
  endfacet
  facet normal 0 0 -1
    outer loop
      vertex -34.4289 29.7324 0
      vertex -34.1593 29.4554 0
      vertex -34.3136 29.6071 0
    endloop
  endfacet
  facet normal 0 0 -1
    outer loop
      vertex -35.4112 31.0748 0
      vertex -31.0748 35.4112 0
      vertex -35.1661 30.6966 0
    endloop
  endfacet
  facet normal -0 0 -1
    outer loop
      vertex -31.0748 35.4112 0
      vertex -35.4112 31.0748 0
      vertex -31.5186 35.6768 0
    endloop
  endfacet
  facet normal 0 0 -1
    outer loop
      vertex -35.6768 31.5186 0
      vertex -31.5186 35.6768 0
      vertex -35.4112 31.0748 0
    endloop
  endfacet
  facet normal -0 0 -1
    outer loop
      vertex -31.5186 35.6768 0
      vertex -35.6768 31.5186 0
      vertex -32.0343 35.9605 0
    endloop
  endfacet
  facet normal 0 0 -1
    outer loop
      vertex -35.9605 32.0343 0
      vertex -32.0343 35.9605 0
      vertex -35.6768 31.5186 0
    endloop
  endfacet
  facet normal -0 0 -1
    outer loop
      vertex -32.0343 35.9605 0
      vertex -35.9605 32.0343 0
      vertex -32.6294 36.2598 0
    endloop
  endfacet
  facet normal 0 0 -1
    outer loop
      vertex -36.2598 32.6294 0
      vertex -32.6294 36.2598 0
      vertex -35.9605 32.0343 0
    endloop
  endfacet
  facet normal -0 0 -1
    outer loop
      vertex -32.6294 36.2598 0
      vertex -36.2598 32.6294 0
      vertex -33.3123 36.5712 0
    endloop
  endfacet
  facet normal 0 0 -1
    outer loop
      vertex -36.5712 33.3123 0
      vertex -33.3123 36.5712 0
      vertex -36.2598 32.6294 0
    endloop
  endfacet
  facet normal -0 0 -1
    outer loop
      vertex -33.3123 36.5712 0
      vertex -36.5712 33.3123 0
      vertex -34.0925 36.8907 0
    endloop
  endfacet
  facet normal 0 0 -1
    outer loop
      vertex -36.8907 34.0926 0
      vertex -34.0925 36.8907 0
      vertex -36.5712 33.3123 0
    endloop
  endfacet
  facet normal -0 0 -1
    outer loop
      vertex -34.0925 36.8907 0
      vertex -36.8907 34.0926 0
      vertex -34.981 37.2133 0
    endloop
  endfacet
  facet normal 0 0 -1
    outer loop
      vertex -37.2133 34.981 0
      vertex -34.981 37.2133 0
      vertex -36.8907 34.0926 0
    endloop
  endfacet
  facet normal -0 0 -1
    outer loop
      vertex -34.981 37.2133 0
      vertex -37.2133 34.981 0
      vertex -35.9902 37.5327 0
    endloop
  endfacet
  facet normal 0 0 -1
    outer loop
      vertex -35.9902 37.5327 0
      vertex -37.2133 34.981 0
      vertex -37.5327 35.9902 0
    endloop
  endfacet
  facet normal 0 0 -1
    outer loop
      vertex -13 0 0
      vertex -34.1569 26.6661 0
      vertex -32.804 28.2868 0
    endloop
  endfacet
  facet normal 0 0 -1
    outer loop
      vertex -42.5699 -8.09834 0
      vertex -12.557 -3.36465 0
      vertex -40.8991 -14.2657 0
    endloop
  endfacet
  facet normal -0 0 -1
    outer loop
      vertex -12.557 -3.36465 0
      vertex -42.5699 -8.09834 0
      vertex -12.7502 -2.53617 0
    endloop
  endfacet
  facet normal 0 0 -1
    outer loop
      vertex -13 0 0
      vertex -35.8278 24.375 0
      vertex -34.1569 26.6661 0
    endloop
  endfacet
  facet normal 0 0 -1
    outer loop
      vertex -13 0 0
      vertex -39.0074 18.8326 0
      vertex -35.8278 24.375 0
    endloop
  endfacet
  facet normal 0 0 -1
    outer loop
      vertex -37.6302 -25.5605 0
      vertex -39.0233 -18.8403 0
      vertex -37.2928 -25.3717 0
    endloop
  endfacet
  facet normal -0 0 -1
    outer loop
      vertex -35.8278 24.375 0
      vertex -39.0074 18.8326 0
      vertex -37.2928 25.3717 0
    endloop
  endfacet
  facet normal 0 0 -1
    outer loop
      vertex -37.4793 -25.4815 0
      vertex -37.2928 -25.3717 0
      vertex -37.3744 -25.4222 0
    endloop
  endfacet
  facet normal 0 0 -1
    outer loop
      vertex -40.619 19.6107 0
      vertex -37.2928 25.3717 0
      vertex -39.0074 18.8326 0
    endloop
  endfacet
  facet normal 0 0 -1
    outer loop
      vertex -37.2928 -25.3717 0
      vertex -37.4793 -25.4815 0
      vertex -37.6302 -25.5605 0
    endloop
  endfacet
  facet normal -0 0 -1
    outer loop
      vertex -37.2928 25.3717 0
      vertex -40.619 19.6107 0
      vertex -37.3743 25.4222 0
    endloop
  endfacet
  facet normal 0 0 -1
    outer loop
      vertex -39.0233 -18.8403 0
      vertex -37.6302 -25.5605 0
      vertex -37.8296 -25.6566 0
    endloop
  endfacet
  facet normal -0 0 -1
    outer loop
      vertex -37.3743 25.4222 0
      vertex -40.619 19.6107 0
      vertex -37.4793 25.4815 0
    endloop
  endfacet
  facet normal 0 0 -1
    outer loop
      vertex -39.0233 -18.8403 0
      vertex -37.8296 -25.6566 0
      vertex -38.0807 -25.7675 0
    endloop
  endfacet
  facet normal -0 0 -1
    outer loop
      vertex -37.4793 25.4815 0
      vertex -40.619 19.6107 0
      vertex -37.6301 25.5605 0
    endloop
  endfacet
  facet normal 0 0 -1
    outer loop
      vertex -39.0233 -18.8403 0
      vertex -38.0807 -25.7675 0
      vertex -38.3869 -25.8906 0
    endloop
  endfacet
  facet normal 0 0 -1
    outer loop
      vertex -41.6154 -20.2988 0
      vertex -38.3869 -25.8906 0
      vertex -38.7523 -26.023 0
    endloop
  endfacet
  facet normal 0 0 -1
    outer loop
      vertex -40.8073 19.7173 0
      vertex -37.6301 25.5605 0
      vertex -40.619 19.6107 0
    endloop
  endfacet
  facet normal 0 0 -1
    outer loop
      vertex -40.9511 19.8084 0
      vertex -37.6301 25.5605 0
      vertex -40.8073 19.7173 0
    endloop
  endfacet
  facet normal 0 0 -1
    outer loop
      vertex -37.2928 -25.3717 0
      vertex -39.0233 -18.8403 0
      vertex -35.8132 -24.3651 0
    endloop
  endfacet
  facet normal -0 0 -1
    outer loop
      vertex -37.6301 25.5605 0
      vertex -40.9511 19.8084 0
      vertex -37.8296 25.6566 0
    endloop
  endfacet
  facet normal 0 0 -1
    outer loop
      vertex -41.1341 19.9331 0
      vertex -37.8296 25.6566 0
      vertex -40.9511 19.8084 0
    endloop
  endfacet
  facet normal -0 0 -1
    outer loop
      vertex -37.8296 25.6566 0
      vertex -41.1341 19.9331 0
      vertex -38.0807 25.7675 0
    endloop
  endfacet
  facet normal 0 0 -1
    outer loop
      vertex -41.3557 20.0951 0
      vertex -38.0807 25.7675 0
      vertex -41.1341 19.9331 0
    endloop
  endfacet
  facet normal -0 0 -1
    outer loop
      vertex -38.0807 25.7675 0
      vertex -41.3557 20.0951 0
      vertex -38.3869 25.8906 0
    endloop
  endfacet
  facet normal 0 0 -1
    outer loop
      vertex -40.8073 19.7173 0
      vertex -40.619 19.6107 0
      vertex -40.7034 19.6561 0
    endloop
  endfacet
  facet normal 0 0 -1
    outer loop
      vertex -41.6154 20.2988 0
      vertex -38.3869 25.8906 0
      vertex -41.3557 20.0951 0
    endloop
  endfacet
  facet normal -0 0 -1
    outer loop
      vertex -38.3869 25.8906 0
      vertex -41.6154 20.2988 0
      vertex -38.7522 26.023 0
    endloop
  endfacet
  facet normal 0 0 -1
    outer loop
      vertex -41.9127 20.5489 0
      vertex -38.7522 26.023 0
      vertex -41.6154 20.2988 0
    endloop
  endfacet
  facet normal -0 0 -1
    outer loop
      vertex -38.7522 26.023 0
      vertex -41.9127 20.5489 0
      vertex -39.1811 26.1618 0
    endloop
  endfacet
  facet normal 0 0 -1
    outer loop
      vertex -42.2473 20.8509 0
      vertex -39.1811 26.1618 0
      vertex -41.9127 20.5489 0
    endloop
  endfacet
  facet normal -0 0 -1
    outer loop
      vertex -39.1811 26.1618 0
      vertex -42.2473 20.8509 0
      vertex -39.6785 26.3035 0
    endloop
  endfacet
  facet normal 0 0 -1
    outer loop
      vertex -42.6187 21.2108 0
      vertex -39.6785 26.3035 0
      vertex -42.2473 20.8509 0
    endloop
  endfacet
  facet normal -0 0 -1
    outer loop
      vertex -39.6785 26.3035 0
      vertex -42.6187 21.2108 0
      vertex -40.2501 26.4441 0
    endloop
  endfacet
  facet normal 0 0 -1
    outer loop
      vertex -43.0263 21.6355 0
      vertex -40.2501 26.4441 0
      vertex -42.6187 21.2108 0
    endloop
  endfacet
  facet normal -0 0 -1
    outer loop
      vertex -40.2501 26.4441 0
      vertex -43.0263 21.6355 0
      vertex -40.9023 26.5792 0
    endloop
  endfacet
  facet normal 0 0 -1
    outer loop
      vertex -43.4694 22.1329 0
      vertex -40.9023 26.5792 0
      vertex -43.0263 21.6355 0
    endloop
  endfacet
  facet normal -0 0 -1
    outer loop
      vertex -40.9023 26.5792 0
      vertex -43.4694 22.1329 0
      vertex -41.6425 26.7032 0
    endloop
  endfacet
  facet normal 0 0 -1
    outer loop
      vertex -43.9469 22.7119 0
      vertex -41.6425 26.7032 0
      vertex -43.4694 22.1329 0
    endloop
  endfacet
  facet normal -0 0 -1
    outer loop
      vertex -41.6425 26.7032 0
      vertex -43.9469 22.7119 0
      vertex -42.4789 26.8099 0
    endloop
  endfacet
  facet normal 0 0 -1
    outer loop
      vertex -44.4575 23.3829 0
      vertex -42.4789 26.8099 0
      vertex -43.9469 22.7119 0
    endloop
  endfacet
  facet normal -0 0 -1
    outer loop
      vertex -42.4789 26.8099 0
      vertex -44.4575 23.3829 0
      vertex -43.4206 26.8915 0
    endloop
  endfacet
  facet normal 0 0 -1
    outer loop
      vertex -44.999 24.1576 0
      vertex -43.4206 26.8915 0
      vertex -44.4575 23.3829 0
    endloop
  endfacet
  facet normal -0 0 -1
    outer loop
      vertex -43.4206 26.8915 0
      vertex -44.999 24.1576 0
      vertex -44.478 26.9388 0
    endloop
  endfacet
  facet normal 0 0 -1
    outer loop
      vertex -44.478 26.9388 0
      vertex -44.999 24.1576 0
      vertex -45.5687 25.0497 0
    endloop
  endfacet
  facet normal 0 0 -1
    outer loop
      vertex -13 0 0
      vertex -39.8948 16.917 0
      vertex -39.0074 18.8326 0
    endloop
  endfacet
  facet normal 0 0 -1
    outer loop
      vertex -43.0084 -5.29679 0
      vertex -12.8888 -1.69684 0
      vertex -42.5699 -8.09834 0
    endloop
  endfacet
  facet normal -0 0 -1
    outer loop
      vertex -12.8888 -1.69684 0
      vertex -43.0084 -5.29679 0
      vertex -12.9722 -0.85024 0
    endloop
  endfacet
  facet normal 0 0 -1
    outer loop
      vertex -13 0 0
      vertex -40.9158 14.2716 0
      vertex -39.8948 16.917 0
    endloop
  endfacet
  facet normal 0 0 -1
    outer loop
      vertex -13 0 0
      vertex -42.5525 8.09505 0
      vertex -40.9158 14.2716 0
    endloop
  endfacet
  facet normal 0 0 -1
    outer loop
      vertex -43.1977 -3.19417 0
      vertex -12.9722 -0.85024 0
      vertex -43.0084 -5.29679 0
    endloop
  endfacet
  facet normal 0 0 -1
    outer loop
      vertex -42.5888 -14.8551 0
      vertex -42.5699 -8.09834 0
      vertex -40.8991 -14.2657 0
    endloop
  endfacet
  facet normal 0 0 -1
    outer loop
      vertex -44.3106 -8.42948 0
      vertex -42.5888 -14.8551 0
      vertex -42.6806 -14.8827 0
    endloop
  endfacet
  facet normal 0 0 -1
    outer loop
      vertex -44.3106 -8.42948 0
      vertex -42.6806 -14.8827 0
      vertex -42.7973 -14.9129 0
    endloop
  endfacet
  facet normal 0 0 -1
    outer loop
      vertex -44.3106 -8.42948 0
      vertex -42.7973 -14.9129 0
      vertex -42.9635 -14.9501 0
    endloop
  endfacet
  facet normal 0 0 -1
    outer loop
      vertex -44.6825 -8.53454 0
      vertex -42.9635 -14.9501 0
      vertex -43.181 -14.9914 0
    endloop
  endfacet
  facet normal 0 0 -1
    outer loop
      vertex -44.8915 -8.60758 0
      vertex -43.181 -14.9914 0
      vertex -43.4523 -15.0335 0
    endloop
  endfacet
  facet normal 0 0 -1
    outer loop
      vertex -45.1475 -8.70672 0
      vertex -43.4523 -15.0335 0
      vertex -43.7799 -15.0731 0
    endloop
  endfacet
  facet normal 0 0 -1
    outer loop
      vertex -45.4511 -8.83626 0
      vertex -43.7799 -15.0731 0
      vertex -44.1671 -15.1065 0
    endloop
  endfacet
  facet normal 0 0 -1
    outer loop
      vertex -42.5888 -14.8551 0
      vertex -44.3106 -8.42948 0
      vertex -42.5699 -8.09834 0
    endloop
  endfacet
  facet normal 0 0 -1
    outer loop
      vertex -42.9635 -14.9501 0
      vertex -44.4038 -8.45145 0
      vertex -44.3106 -8.42948 0
    endloop
  endfacet
  facet normal 0 0 -1
    outer loop
      vertex -42.9635 -14.9501 0
      vertex -44.52 -8.4837 0
      vertex -44.4038 -8.45145 0
    endloop
  endfacet
  facet normal 0 0 -1
    outer loop
      vertex -45.803 -9.00091 0
      vertex -44.1671 -15.1065 0
      vertex -44.6172 -15.1295 0
    endloop
  endfacet
  facet normal 0 0 -1
    outer loop
      vertex -42.9635 -14.9501 0
      vertex -44.6825 -8.53454 0
      vertex -44.52 -8.4837 0
    endloop
  endfacet
  facet normal 0 0 -1
    outer loop
      vertex -43.181 -14.9914 0
      vertex -44.8915 -8.60758 0
      vertex -44.6825 -8.53454 0
    endloop
  endfacet
  facet normal 0 0 -1
    outer loop
      vertex -46.2044 -9.206 0
      vertex -44.6172 -15.1295 0
      vertex -45.1343 -15.1377 0
    endloop
  endfacet
  facet normal 0 0 -1
    outer loop
      vertex -43.4523 -15.0335 0
      vertex -45.1475 -8.70672 0
      vertex -44.8915 -8.60758 0
    endloop
  endfacet
  facet normal 0 0 -1
    outer loop
      vertex -43.7799 -15.0731 0
      vertex -45.4511 -8.83626 0
      vertex -45.1475 -8.70672 0
    endloop
  endfacet
  facet normal 0 0 -1
    outer loop
      vertex -46.6563 -9.45752 0
      vertex -45.1343 -15.1377 0
      vertex -45.7228 -15.1256 0
    endloop
  endfacet
  facet normal 0 0 -1
    outer loop
      vertex -44.1671 -15.1065 0
      vertex -45.803 -9.00091 0
      vertex -45.4511 -8.83626 0
    endloop
  endfacet
  facet normal 0 0 -1
    outer loop
      vertex -44.6172 -15.1295 0
      vertex -46.2044 -9.206 0
      vertex -45.803 -9.00091 0
    endloop
  endfacet
  facet normal 0 0 -1
    outer loop
      vertex -47.1599 -9.76227 0
      vertex -45.7228 -15.1256 0
      vertex -46.3878 -15.0872 0
    endloop
  endfacet
  facet normal 0 0 -1
    outer loop
      vertex -45.1343 -15.1377 0
      vertex -46.6563 -9.45752 0
      vertex -46.2044 -9.206 0
    endloop
  endfacet
  facet normal 0 0 -1
    outer loop
      vertex -47.7166 -10.128 0
      vertex -46.3878 -15.0872 0
      vertex -47.1349 -15.0154 0
    endloop
  endfacet
  facet normal 0 0 -1
    outer loop
      vertex -45.7228 -15.1256 0
      vertex -47.1599 -9.76227 0
      vertex -46.6563 -9.45752 0
    endloop
  endfacet
  facet normal 0 0 -1
    outer loop
      vertex -46.3878 -15.0872 0
      vertex -47.7166 -10.128 0
      vertex -47.1599 -9.76227 0
    endloop
  endfacet
  facet normal 0 0 -1
    outer loop
      vertex -48.3277 -10.5637 0
      vertex -47.1349 -15.0154 0
      vertex -47.9704 -14.902 0
    endloop
  endfacet
  facet normal 0 0 -1
    outer loop
      vertex -47.1349 -15.0154 0
      vertex -48.3277 -10.5637 0
      vertex -47.7166 -10.128 0
    endloop
  endfacet
  facet normal 0 0 -1
    outer loop
      vertex -48.9946 -11.0797 0
      vertex -47.9704 -14.902 0
      vertex -48.9011 -14.7371 0
    endloop
  endfacet
  facet normal 0 0 -1
    outer loop
      vertex -47.9704 -14.902 0
      vertex -48.9946 -11.0797 0
      vertex -48.3277 -10.5637 0
    endloop
  endfacet
  facet normal 0 0 -1
    outer loop
      vertex -48.9011 -14.7371 0
      vertex -49.7182 -11.6878 0
      vertex -48.9946 -11.0797 0
    endloop
  endfacet
  facet normal 0 0 -1
    outer loop
      vertex -49.9348 -14.5091 0
      vertex -49.7182 -11.6878 0
      vertex -48.9011 -14.7371 0
    endloop
  endfacet
  facet normal 0 0 -1
    outer loop
      vertex -49.7182 -11.6878 0
      vertex -49.9348 -14.5091 0
      vertex -50.4994 -12.4021 0
    endloop
  endfacet
  facet normal 0 0 -1
    outer loop
      vertex -42.5525 8.09505 0
      vertex -42.5888 14.8551 0
      vertex -40.9158 14.2716 0
    endloop
  endfacet
  facet normal 0 0 -1
    outer loop
      vertex -44.3106 8.42949 0
      vertex -42.5888 14.8551 0
      vertex -42.5525 8.09505 0
    endloop
  endfacet
  facet normal -0 0 -1
    outer loop
      vertex -42.5888 14.8551 0
      vertex -44.3106 8.42949 0
      vertex -42.6806 14.8827 0
    endloop
  endfacet
  facet normal -0 0 -1
    outer loop
      vertex -42.6806 14.8827 0
      vertex -44.3106 8.42949 0
      vertex -42.7973 14.9129 0
    endloop
  endfacet
  facet normal -0 0 -1
    outer loop
      vertex -42.7973 14.9129 0
      vertex -44.3106 8.42949 0
      vertex -42.9635 14.9501 0
    endloop
  endfacet
  facet normal 0 0 -1
    outer loop
      vertex -44.4038 8.45147 0
      vertex -42.9635 14.9501 0
      vertex -44.3106 8.42949 0
    endloop
  endfacet
  facet normal 0 0 -1
    outer loop
      vertex -44.52 8.48372 0
      vertex -42.9635 14.9501 0
      vertex -44.4038 8.45147 0
    endloop
  endfacet
  facet normal 0 0 -1
    outer loop
      vertex -44.6825 8.53455 0
      vertex -42.9635 14.9501 0
      vertex -44.52 8.48372 0
    endloop
  endfacet
  facet normal -0 0 -1
    outer loop
      vertex -42.9635 14.9501 0
      vertex -44.6825 8.53455 0
      vertex -43.181 14.9914 0
    endloop
  endfacet
  facet normal 0 0 -1
    outer loop
      vertex -44.8915 8.6076 0
      vertex -43.181 14.9914 0
      vertex -44.6825 8.53455 0
    endloop
  endfacet
  facet normal -0 0 -1
    outer loop
      vertex -43.181 14.9914 0
      vertex -44.8915 8.6076 0
      vertex -43.4523 15.0335 0
    endloop
  endfacet
  facet normal 0 0 -1
    outer loop
      vertex -45.1475 8.70673 0
      vertex -43.4523 15.0335 0
      vertex -44.8915 8.6076 0
    endloop
  endfacet
  facet normal -0 0 -1
    outer loop
      vertex -43.4523 15.0335 0
      vertex -45.1475 8.70673 0
      vertex -43.7799 15.0731 0
    endloop
  endfacet
  facet normal 0 0 -1
    outer loop
      vertex -45.4511 8.83626 0
      vertex -43.7799 15.0731 0
      vertex -45.1475 8.70673 0
    endloop
  endfacet
  facet normal -0 0 -1
    outer loop
      vertex -43.7799 15.0731 0
      vertex -45.4511 8.83626 0
      vertex -44.1671 15.1065 0
    endloop
  endfacet
  facet normal 0 0 -1
    outer loop
      vertex -45.8031 9.00091 0
      vertex -44.1671 15.1065 0
      vertex -45.4511 8.83626 0
    endloop
  endfacet
  facet normal -0 0 -1
    outer loop
      vertex -44.1671 15.1065 0
      vertex -45.8031 9.00091 0
      vertex -44.6172 15.1296 0
    endloop
  endfacet
  facet normal 0 0 -1
    outer loop
      vertex -46.2044 9.20602 0
      vertex -44.6172 15.1296 0
      vertex -45.8031 9.00091 0
    endloop
  endfacet
  facet normal -0 0 -1
    outer loop
      vertex -44.6172 15.1296 0
      vertex -46.2044 9.20602 0
      vertex -45.1343 15.1377 0
    endloop
  endfacet
  facet normal 0 0 -1
    outer loop
      vertex -46.6563 9.45753 0
      vertex -45.1343 15.1377 0
      vertex -46.2044 9.20602 0
    endloop
  endfacet
  facet normal 0 0 -1
    outer loop
      vertex -45.1343 15.1377 0
      vertex -46.6563 9.45753 0
      vertex -45.7228 15.1256 0
    endloop
  endfacet
  facet normal 0 0 -1
    outer loop
      vertex -47.1599 9.76228 0
      vertex -45.7228 15.1256 0
      vertex -46.6563 9.45753 0
    endloop
  endfacet
  facet normal 0 0 -1
    outer loop
      vertex -45.7228 15.1256 0
      vertex -47.1599 9.76228 0
      vertex -46.3878 15.0872 0
    endloop
  endfacet
  facet normal 0 0 -1
    outer loop
      vertex -47.7166 10.128 0
      vertex -46.3878 15.0872 0
      vertex -47.1599 9.76228 0
    endloop
  endfacet
  facet normal 0 0 -1
    outer loop
      vertex -46.3878 15.0872 0
      vertex -47.7166 10.128 0
      vertex -47.1349 15.0154 0
    endloop
  endfacet
  facet normal 0 0 -1
    outer loop
      vertex -48.3277 10.5637 0
      vertex -47.1349 15.0154 0
      vertex -47.7166 10.128 0
    endloop
  endfacet
  facet normal 0 0 -1
    outer loop
      vertex -47.1349 15.0154 0
      vertex -48.3277 10.5637 0
      vertex -47.9704 14.902 0
    endloop
  endfacet
  facet normal 0 0 -1
    outer loop
      vertex -48.9946 11.0797 0
      vertex -47.9704 14.902 0
      vertex -48.3277 10.5637 0
    endloop
  endfacet
  facet normal 0 0 -1
    outer loop
      vertex -47.9704 14.902 0
      vertex -48.9946 11.0797 0
      vertex -48.9011 14.7371 0
    endloop
  endfacet
  facet normal 0 0 -1
    outer loop
      vertex -49.7182 11.6878 0
      vertex -48.9011 14.7371 0
      vertex -48.9946 11.0797 0
    endloop
  endfacet
  facet normal 0 0 -1
    outer loop
      vertex -49.7182 11.6878 0
      vertex -49.9348 14.5091 0
      vertex -48.9011 14.7371 0
    endloop
  endfacet
  facet normal 0 -0 -1
    outer loop
      vertex -49.9348 14.5091 0
      vertex -49.7182 11.6878 0
      vertex -50.4994 12.4021 0
    endloop
  endfacet
  facet normal 0 0 -1
    outer loop
      vertex -43.2153 3.1955 0
      vertex -13 0 0
      vertex -43.1977 -3.19417 0
    endloop
  endfacet
  facet normal -0 0 -1
    outer loop
      vertex -12.9722 -0.85024 0
      vertex -43.1977 -3.19417 0
      vertex -13 0 0
    endloop
  endfacet
  facet normal 0 0 -1
    outer loop
      vertex -13 0 0
      vertex -42.9138 6.01506 0
      vertex -42.5525 8.09505 0
    endloop
  endfacet
  facet normal 0 0 -1
    outer loop
      vertex -13 0 0
      vertex -43.2153 3.1955 0
      vertex -42.9138 6.01506 0
    endloop
  endfacet
  facet normal 0 0 -1
    outer loop
      vertex -44.9824 -3.32614 0
      vertex -43.2153 3.1955 0
      vertex -43.1977 -3.19417 0
    endloop
  endfacet
  facet normal 0 0 -1
    outer loop
      vertex -44.9824 -3.32614 0
      vertex -44.9824 3.32616 0
      vertex -43.2153 3.1955 0
    endloop
  endfacet
  facet normal 0 0 -1
    outer loop
      vertex -44.9824 -3.32614 0
      vertex -45.0782 3.3291 0
      vertex -44.9824 3.32616 0
    endloop
  endfacet
  facet normal 0 0 -1
    outer loop
      vertex -45.0782 -3.32904 0
      vertex -45.0782 3.3291 0
      vertex -44.9824 -3.32614 0
    endloop
  endfacet
  facet normal 0 0 -1
    outer loop
      vertex -45.1988 -3.32798 0
      vertex -45.0782 3.3291 0
      vertex -45.0782 -3.32904 0
    endloop
  endfacet
  facet normal 0 0 -1
    outer loop
      vertex -45.1988 -3.32798 0
      vertex -45.1988 3.32802 0
      vertex -45.0782 3.3291 0
    endloop
  endfacet
  facet normal 0 0 -1
    outer loop
      vertex -45.3689 -3.32092 0
      vertex -45.1988 3.32802 0
      vertex -45.1988 -3.32798 0
    endloop
  endfacet
  facet normal 0 0 -1
    outer loop
      vertex -45.3689 -3.32092 0
      vertex -45.3689 3.32097 0
      vertex -45.1988 3.32802 0
    endloop
  endfacet
  facet normal 0 0 -1
    outer loop
      vertex -45.3689 -3.32092 0
      vertex -45.5897 3.30451 0
      vertex -45.3689 3.32097 0
    endloop
  endfacet
  facet normal 0 0 -1
    outer loop
      vertex -45.5897 -3.30447 0
      vertex -45.5897 3.30451 0
      vertex -45.3689 -3.32092 0
    endloop
  endfacet
  facet normal 0 0 -1
    outer loop
      vertex -45.5897 -3.30447 0
      vertex -45.8626 3.27499 0
      vertex -45.5897 3.30451 0
    endloop
  endfacet
  facet normal 0 0 -1
    outer loop
      vertex -45.8626 -3.27496 0
      vertex -45.8626 3.27499 0
      vertex -45.5897 -3.30447 0
    endloop
  endfacet
  facet normal 0 0 -1
    outer loop
      vertex -46.1894 -3.22841 0
      vertex -45.8626 3.27499 0
      vertex -45.8626 -3.27496 0
    endloop
  endfacet
  facet normal 0 0 -1
    outer loop
      vertex -46.1894 -3.22841 0
      vertex -46.1894 3.22845 0
      vertex -45.8626 3.27499 0
    endloop
  endfacet
  facet normal 0 0 -1
    outer loop
      vertex -46.1894 -3.22841 0
      vertex -46.572 3.1605 0
      vertex -46.1894 3.22845 0
    endloop
  endfacet
  facet normal 0 0 -1
    outer loop
      vertex -46.572 -3.16046 0
      vertex -46.572 3.1605 0
      vertex -46.1894 -3.22841 0
    endloop
  endfacet
  facet normal 0 0 -1
    outer loop
      vertex -47.0127 -3.06623 0
      vertex -46.572 3.1605 0
      vertex -46.572 -3.16046 0
    endloop
  endfacet
  facet normal 0 0 -1
    outer loop
      vertex -47.0127 -3.06623 0
      vertex -47.0127 3.06628 0
      vertex -46.572 3.1605 0
    endloop
  endfacet
  facet normal 0 0 -1
    outer loop
      vertex -47.5143 -2.94024 0
      vertex -47.0127 3.06628 0
      vertex -47.0127 -3.06623 0
    endloop
  endfacet
  facet normal 0 0 -1
    outer loop
      vertex -47.5143 -2.94024 0
      vertex -47.5143 2.94028 0
      vertex -47.0127 3.06628 0
    endloop
  endfacet
  facet normal 0 0 -1
    outer loop
      vertex -48.0796 -2.77622 0
      vertex -47.5143 2.94028 0
      vertex -47.5143 -2.94024 0
    endloop
  endfacet
  facet normal 0 0 -1
    outer loop
      vertex -48.0796 -2.77622 0
      vertex -48.0797 2.77627 0
      vertex -47.5143 2.94028 0
    endloop
  endfacet
  facet normal 0 0 -1
    outer loop
      vertex -48.712 -2.56701 0
      vertex -48.0797 2.77627 0
      vertex -48.0796 -2.77622 0
    endloop
  endfacet
  facet normal 0 0 -1
    outer loop
      vertex -48.712 -2.56701 0
      vertex -48.712 2.56707 0
      vertex -48.0797 2.77627 0
    endloop
  endfacet
  facet normal 0 0 -1
    outer loop
      vertex -49.4151 -2.30434 0
      vertex -48.712 2.56707 0
      vertex -48.712 -2.56701 0
    endloop
  endfacet
  facet normal 0 0 -1
    outer loop
      vertex -49.4151 -2.30434 0
      vertex -49.4151 2.30438 0
      vertex -48.712 2.56707 0
    endloop
  endfacet
  facet normal 0 0 -1
    outer loop
      vertex -49.4151 -2.30434 0
      vertex -50.1927 1.97861 0
      vertex -49.4151 2.30438 0
    endloop
  endfacet
  facet normal 0 0 -1
    outer loop
      vertex -50.1927 -1.97856 0
      vertex -50.1927 1.97861 0
      vertex -49.4151 -2.30434 0
    endloop
  endfacet
  facet normal 0 0 -1
    outer loop
      vertex -50.1927 -1.97856 0
      vertex -51.0491 1.57845 0
      vertex -50.1927 1.97861 0
    endloop
  endfacet
  facet normal 0 0 -1
    outer loop
      vertex -51.0491 -1.57841 0
      vertex -51.0491 1.57845 0
      vertex -50.1927 -1.97856 0
    endloop
  endfacet
  facet normal 0 0 -1
    outer loop
      vertex -51.0491 -1.57841 0
      vertex -51.9885 1.0907 0
      vertex -51.0491 1.57845 0
    endloop
  endfacet
  facet normal 0 -0 -1
    outer loop
      vertex -51.9885 1.0907 0
      vertex -51.0491 -1.57841 0
      vertex -51.9885 -1.09066 0
    endloop
  endfacet
  facet normal -0 0 -1
    outer loop
      vertex 3.22841 -46.1894 0
      vertex -3.22845 -46.1894 0
      vertex -3.27499 -45.8626 0
    endloop
  endfacet
  facet normal 0 0 -1
    outer loop
      vertex 3.27496 -45.8626 0
      vertex -3.27499 -45.8626 0
      vertex -3.30451 -45.5897 0
    endloop
  endfacet
  facet normal -0 0 -1
    outer loop
      vertex 3.32092 -45.3689 0
      vertex -3.32097 -45.3689 0
      vertex 3.32614 -44.9824 0
    endloop
  endfacet
  facet normal -0 0 -1
    outer loop
      vertex 3.32614 -44.9824 0
      vertex -3.32097 -45.3689 0
      vertex -3.32616 -44.9824 0
    endloop
  endfacet
  facet normal 0 0 -1
    outer loop
      vertex 3.19417 -43.1977 0
      vertex -3.32616 -44.9824 0
      vertex -3.1955 -43.2153 0
    endloop
  endfacet
  facet normal 0 0 -1
    outer loop
      vertex -3.32802 -45.1988 0
      vertex -3.32616 -44.9824 0
      vertex -3.32097 -45.3689 0
    endloop
  endfacet
  facet normal 0 0 -1
    outer loop
      vertex -3.32616 -44.9824 0
      vertex -3.32802 -45.1988 0
      vertex -3.3291 -45.0782 0
    endloop
  endfacet
  facet normal 0 -0 -1
    outer loop
      vertex -2.56701 48.712 0
      vertex 2.56707 48.712 0
      vertex -2.77622 48.0796 0
    endloop
  endfacet
  facet normal -0 0 -1
    outer loop
      vertex 2.77627 48.0797 0
      vertex -2.77622 48.0796 0
      vertex 2.56707 48.712 0
    endloop
  endfacet
  facet normal 0 -0 -1
    outer loop
      vertex -2.77622 48.0796 0
      vertex 2.77627 48.0797 0
      vertex -2.94024 47.5143 0
    endloop
  endfacet
  facet normal 0 -0 -1
    outer loop
      vertex -2.94024 47.5143 0
      vertex 2.94028 47.5143 0
      vertex -3.06623 47.0127 0
    endloop
  endfacet
  facet normal 0 0 -1
    outer loop
      vertex 3.1605 46.572 0
      vertex -3.16046 46.572 0
      vertex 3.06628 47.0127 0
    endloop
  endfacet
  facet normal 0 0 -1
    outer loop
      vertex -3.32614 44.9824 0
      vertex -3.32798 45.1988 0
      vertex -3.32092 45.3689 0
    endloop
  endfacet
  facet normal 0 -0 -1
    outer loop
      vertex -3.32798 45.1988 0
      vertex -3.32614 44.9824 0
      vertex -3.32904 45.0782 0
    endloop
  endfacet
  facet normal 0 0 1
    outer loop
      vertex 3.32802 45.1988 27
      vertex 3.32616 44.9824 27
      vertex 3.3291 45.0782 27
    endloop
  endfacet
  facet normal 0 0 1
    outer loop
      vertex 3.32097 45.3689 27
      vertex 3.32616 44.9824 27
      vertex 3.32802 45.1988 27
    endloop
  endfacet
  facet normal 0 0 1
    outer loop
      vertex -3.32092 45.3689 27
      vertex 3.32097 45.3689 27
      vertex 3.30451 45.5897 27
    endloop
  endfacet
  facet normal -0 0 1
    outer loop
      vertex -3.30447 45.5897 27
      vertex 3.30451 45.5897 27
      vertex 3.27499 45.8626 27
    endloop
  endfacet
  facet normal -0 0 1
    outer loop
      vertex -3.27496 45.8626 27
      vertex 3.27499 45.8626 27
      vertex 3.22845 46.1894 27
    endloop
  endfacet
  facet normal 0 0 1
    outer loop
      vertex -3.32092 45.3689 27
      vertex 3.30451 45.5897 27
      vertex -3.30447 45.5897 27
    endloop
  endfacet
  facet normal 0 0 1
    outer loop
      vertex -3.22841 46.1894 27
      vertex 3.22845 46.1894 27
      vertex 3.1605 46.572 27
    endloop
  endfacet
  facet normal 0 0 1
    outer loop
      vertex 3.32616 44.9824 27
      vertex -3.32614 44.9824 27
      vertex 3.1955 43.2153 27
    endloop
  endfacet
  facet normal -0 0 1
    outer loop
      vertex -3.16046 46.572 27
      vertex 3.1605 46.572 27
      vertex 3.06628 47.0127 27
    endloop
  endfacet
  facet normal 0 0 1
    outer loop
      vertex 3.1955 43.2153 27
      vertex 2.96706 31.3833 27
      vertex 3.18198 31.182 27
    endloop
  endfacet
  facet normal 0 0 1
    outer loop
      vertex -3.06623 47.0127 27
      vertex 3.06628 47.0127 27
      vertex 2.94028 47.5143 27
    endloop
  endfacet
  facet normal 0 0 1
    outer loop
      vertex -2.94024 47.5143 27
      vertex 2.94028 47.5143 27
      vertex 2.77627 48.0797 27
    endloop
  endfacet
  facet normal 0 0 1
    outer loop
      vertex 3.1955 43.2153 27
      vertex 2.73943 31.5701 27
      vertex 2.96706 31.3833 27
    endloop
  endfacet
  facet normal 0 0 1
    outer loop
      vertex -2.77622 48.0796 27
      vertex 2.77627 48.0797 27
      vertex 2.56707 48.712 27
    endloop
  endfacet
  facet normal 0 0 1
    outer loop
      vertex 3.1955 43.2153 27
      vertex 2.50007 31.7416 27
      vertex 2.73943 31.5701 27
    endloop
  endfacet
  facet normal 0 0 1
    outer loop
      vertex -2.56701 48.712 27
      vertex 2.56707 48.712 27
      vertex 2.30438 49.4151 27
    endloop
  endfacet
  facet normal 0 0 1
    outer loop
      vertex 3.1955 43.2153 27
      vertex 2.25 31.8971 27
      vertex 2.50007 31.7416 27
    endloop
  endfacet
  facet normal 0 0 1
    outer loop
      vertex 3.1955 43.2153 27
      vertex 1.9903 32.0359 27
      vertex 2.25 31.8971 27
    endloop
  endfacet
  facet normal 0 0 1
    outer loop
      vertex -2.30434 49.4151 27
      vertex 2.30438 49.4151 27
      vertex 1.97861 50.1927 27
    endloop
  endfacet
  facet normal 0 -0 1
    outer loop
      vertex 0 32.5 27
      vertex 3.1955 43.2153 27
      vertex -3.19417 43.1977 27
    endloop
  endfacet
  facet normal -0 0 1
    outer loop
      vertex -1.97856 50.1927 27
      vertex 1.97861 50.1927 27
      vertex 1.57845 51.0491 27
    endloop
  endfacet
  facet normal 0 0 1
    outer loop
      vertex 3.1955 43.2153 27
      vertex 1.72207 32.1575 27
      vertex 1.9903 32.0359 27
    endloop
  endfacet
  facet normal 0 0 1
    outer loop
      vertex 3.1955 43.2153 27
      vertex 1.44648 32.2612 27
      vertex 1.72207 32.1575 27
    endloop
  endfacet
  facet normal -0 0 1
    outer loop
      vertex -1.57841 51.0491 27
      vertex 1.57845 51.0491 27
      vertex 1.0907 51.9885 27
    endloop
  endfacet
  facet normal 0 0 1
    outer loop
      vertex 3.1955 43.2153 27
      vertex 1.16469 32.3467 27
      vertex 1.44648 32.2612 27
    endloop
  endfacet
  facet normal 0 0 1
    outer loop
      vertex 3.1955 43.2153 27
      vertex 0.877906 32.4135 27
      vertex 1.16469 32.3467 27
    endloop
  endfacet
  facet normal 0 0 1
    outer loop
      vertex 3.1955 43.2153 27
      vertex 0.587367 32.4615 27
      vertex 0.877906 32.4135 27
    endloop
  endfacet
  facet normal 0 0 1
    outer loop
      vertex 3.1955 43.2153 27
      vertex 0.294313 32.4904 27
      vertex 0.587367 32.4615 27
    endloop
  endfacet
  facet normal 0 0 1
    outer loop
      vertex 3.1955 43.2153 27
      vertex 0 32.5 27
      vertex 0.294313 32.4904 27
    endloop
  endfacet
  facet normal 0 0 1
    outer loop
      vertex 0 32.5 27
      vertex -3.19417 43.1977 27
      vertex -0.294313 32.4904 27
    endloop
  endfacet
  facet normal 0 0 1
    outer loop
      vertex -0.294313 32.4904 27
      vertex -3.19417 43.1977 27
      vertex -0.587367 32.4615 27
    endloop
  endfacet
  facet normal 0 0 1
    outer loop
      vertex -1.57841 51.0491 27
      vertex 1.0907 51.9885 27
      vertex -1.09066 51.9885 27
    endloop
  endfacet
  facet normal 0 0 1
    outer loop
      vertex -0.587367 32.4615 27
      vertex -3.19417 43.1977 27
      vertex -0.877906 32.4135 27
    endloop
  endfacet
  facet normal 0 0 1
    outer loop
      vertex -0.877906 32.4135 27
      vertex -3.19417 43.1977 27
      vertex -1.16469 32.3467 27
    endloop
  endfacet
  facet normal 0 0 1
    outer loop
      vertex 1.57845 51.0491 27
      vertex -1.57841 51.0491 27
      vertex -1.97856 50.1927 27
    endloop
  endfacet
  facet normal 0 0 1
    outer loop
      vertex -1.16469 32.3467 27
      vertex -3.19417 43.1977 27
      vertex -1.44648 32.2612 27
    endloop
  endfacet
  facet normal 0 0 1
    outer loop
      vertex 1.97861 50.1927 27
      vertex -1.97856 50.1927 27
      vertex -2.30434 49.4151 27
    endloop
  endfacet
  facet normal 0 0 1
    outer loop
      vertex -1.44648 32.2612 27
      vertex -3.19417 43.1977 27
      vertex -1.72207 32.1575 27
    endloop
  endfacet
  facet normal -0 0 1
    outer loop
      vertex -5.29679 43.0084 27
      vertex -1.72207 32.1575 27
      vertex -3.19417 43.1977 27
    endloop
  endfacet
  facet normal 0 0 1
    outer loop
      vertex 2.30438 49.4151 27
      vertex -2.30434 49.4151 27
      vertex -2.56701 48.712 27
    endloop
  endfacet
  facet normal 0 0 1
    outer loop
      vertex -1.72207 32.1575 27
      vertex -5.29679 43.0084 27
      vertex -1.9903 32.0359 27
    endloop
  endfacet
  facet normal 0 0 1
    outer loop
      vertex 2.56707 48.712 27
      vertex -2.56701 48.712 27
      vertex -2.77622 48.0796 27
    endloop
  endfacet
  facet normal 0 0 1
    outer loop
      vertex -1.9903 32.0359 27
      vertex -5.29679 43.0084 27
      vertex -2.25 31.8971 27
    endloop
  endfacet
  facet normal 0 0 1
    outer loop
      vertex 2.77627 48.0797 27
      vertex -2.77622 48.0796 27
      vertex -2.94024 47.5143 27
    endloop
  endfacet
  facet normal 0 0 1
    outer loop
      vertex 2.94028 47.5143 27
      vertex -2.94024 47.5143 27
      vertex -3.06623 47.0127 27
    endloop
  endfacet
  facet normal 0 0 1
    outer loop
      vertex -2.25 31.8971 27
      vertex -5.29679 43.0084 27
      vertex -2.50007 31.7416 27
    endloop
  endfacet
  facet normal 0 0 1
    outer loop
      vertex 3.06628 47.0127 27
      vertex -3.06623 47.0127 27
      vertex -3.16046 46.572 27
    endloop
  endfacet
  facet normal 0 0 1
    outer loop
      vertex 3.1605 46.572 27
      vertex -3.16046 46.572 27
      vertex -3.22841 46.1894 27
    endloop
  endfacet
  facet normal -0 0 1
    outer loop
      vertex -8.09834 42.5699 27
      vertex -2.50007 31.7416 27
      vertex -5.29679 43.0084 27
    endloop
  endfacet
  facet normal 0 0 1
    outer loop
      vertex -2.50007 31.7416 27
      vertex -8.09834 42.5699 27
      vertex -2.73943 31.5701 27
    endloop
  endfacet
  facet normal 0 0 1
    outer loop
      vertex 3.22845 46.1894 27
      vertex -3.22841 46.1894 27
      vertex -3.27496 45.8626 27
    endloop
  endfacet
  facet normal 0 0 1
    outer loop
      vertex 3.27499 45.8626 27
      vertex -3.27496 45.8626 27
      vertex -3.30447 45.5897 27
    endloop
  endfacet
  facet normal 0 0 1
    outer loop
      vertex 3.32097 45.3689 27
      vertex -3.32092 45.3689 27
      vertex 3.32616 44.9824 27
    endloop
  endfacet
  facet normal 0 0 1
    outer loop
      vertex 3.32616 44.9824 27
      vertex -3.32092 45.3689 27
      vertex -3.32614 44.9824 27
    endloop
  endfacet
  facet normal 0 0 1
    outer loop
      vertex 3.1955 43.2153 27
      vertex -3.32614 44.9824 27
      vertex -3.19417 43.1977 27
    endloop
  endfacet
  facet normal -0 0 1
    outer loop
      vertex -3.32798 45.1988 27
      vertex -3.32614 44.9824 27
      vertex -3.32092 45.3689 27
    endloop
  endfacet
  facet normal 0 0 1
    outer loop
      vertex -3.32614 44.9824 27
      vertex -3.32798 45.1988 27
      vertex -3.32904 45.0782 27
    endloop
  endfacet
  facet normal 0 0 1
    outer loop
      vertex 24.3651 -35.8132 27
      vertex 4.49037 -27.7057 27
      vertex 4.5 -28 27
    endloop
  endfacet
  facet normal 0 0 1
    outer loop
      vertex 4.9614 -6.46582 27
      vertex 4.4615 -27.4126 27
      vertex 4.49037 -27.7057 27
    endloop
  endfacet
  facet normal 0 0 1
    outer loop
      vertex 4.9614 -6.46582 27
      vertex 4.41353 -27.1221 27
      vertex 4.4615 -27.4126 27
    endloop
  endfacet
  facet normal 0 0 1
    outer loop
      vertex 4.9614 -6.46582 27
      vertex 4.34667 -26.8353 27
      vertex 4.41353 -27.1221 27
    endloop
  endfacet
  facet normal 0 0 1
    outer loop
      vertex 4.9614 -6.46582 27
      vertex 4.26118 -26.5535 27
      vertex 4.34667 -26.8353 27
    endloop
  endfacet
  facet normal 0 0 1
    outer loop
      vertex 4.9614 -6.46582 27
      vertex 4.15746 -26.2779 27
      vertex 4.26118 -26.5535 27
    endloop
  endfacet
  facet normal 0 0 1
    outer loop
      vertex 2.96706 -24.6167 27
      vertex 4.52789 -6.77647 27
      vertex 4.075 -7.05811 27
    endloop
  endfacet
  facet normal 0 0 1
    outer loop
      vertex 4.9614 -6.46582 27
      vertex 4.03593 -26.0097 27
      vertex 4.15746 -26.2779 27
    endloop
  endfacet
  facet normal 0 0 1
    outer loop
      vertex 4.9614 -6.46582 27
      vertex 3.89711 -25.75 27
      vertex 4.03593 -26.0097 27
    endloop
  endfacet
  facet normal 0 0 1
    outer loop
      vertex 4.9614 -6.46582 27
      vertex 3.74161 -25.4999 27
      vertex 3.89711 -25.75 27
    endloop
  endfacet
  facet normal 0 0 1
    outer loop
      vertex 2.73943 -24.4299 27
      vertex 4.075 -7.05811 27
      vertex 3.60464 -7.30951 27
    endloop
  endfacet
  facet normal 0 0 1
    outer loop
      vertex 4.9614 -6.46582 27
      vertex 3.57009 -25.2606 27
      vertex 3.74161 -25.4999 27
    endloop
  endfacet
  facet normal 0 0 1
    outer loop
      vertex 4.9614 -6.46582 27
      vertex 3.38328 -25.0329 27
      vertex 3.57009 -25.2606 27
    endloop
  endfacet
  facet normal 0 0 1
    outer loop
      vertex 4.9614 -6.46582 27
      vertex 3.18198 -24.818 27
      vertex 3.38328 -25.0329 27
    endloop
  endfacet
  facet normal 0 0 1
    outer loop
      vertex 2.25 -24.1029 27
      vertex 3.60464 -7.30951 27
      vertex 3.11887 -7.52962 27
    endloop
  endfacet
  facet normal 0 0 1
    outer loop
      vertex 4.52789 -6.77647 27
      vertex 2.96706 -24.6167 27
      vertex 3.18198 -24.818 27
    endloop
  endfacet
  facet normal 0 0 1
    outer loop
      vertex 4.075 -7.05811 27
      vertex 2.73943 -24.4299 27
      vertex 2.96706 -24.6167 27
    endloop
  endfacet
  facet normal 0 0 1
    outer loop
      vertex 1.9903 -23.9641 27
      vertex 3.11887 -7.52962 27
      vertex 2.61972 -7.71747 27
    endloop
  endfacet
  facet normal 0 0 1
    outer loop
      vertex 3.60464 -7.30951 27
      vertex 2.50007 -24.2584 27
      vertex 2.73943 -24.4299 27
    endloop
  endfacet
  facet normal 0 0 1
    outer loop
      vertex 3.60464 -7.30951 27
      vertex 2.25 -24.1029 27
      vertex 2.50007 -24.2584 27
    endloop
  endfacet
  facet normal 0 0 1
    outer loop
      vertex 1.72207 -23.8425 27
      vertex 2.61972 -7.71747 27
      vertex 2.10938 -7.87228 27
    endloop
  endfacet
  facet normal 0 0 1
    outer loop
      vertex 3.11887 -7.52962 27
      vertex 1.9903 -23.9641 27
      vertex 2.25 -24.1029 27
    endloop
  endfacet
  facet normal 0 0 1
    outer loop
      vertex 2.61972 -7.71747 27
      vertex 1.72207 -23.8425 27
      vertex 1.9903 -23.9641 27
    endloop
  endfacet
  facet normal 0 0 1
    outer loop
      vertex 1.44648 -23.7388 27
      vertex 2.10938 -7.87228 27
      vertex 1.58998 -7.99339 27
    endloop
  endfacet
  facet normal 0 0 1
    outer loop
      vertex 2.10938 -7.87228 27
      vertex 1.44648 -23.7388 27
      vertex 1.72207 -23.8425 27
    endloop
  endfacet
  facet normal 0 0 1
    outer loop
      vertex 1.58998 -7.99339 27
      vertex 1.16469 -23.6533 27
      vertex 1.44648 -23.7388 27
    endloop
  endfacet
  facet normal 0 0 1
    outer loop
      vertex 0.877906 -23.5865 27
      vertex 1.58998 -7.99339 27
      vertex 1.06378 -8.08026 27
    endloop
  endfacet
  facet normal 0 0 1
    outer loop
      vertex 1.58998 -7.99339 27
      vertex 0.877906 -23.5865 27
      vertex 1.16469 -23.6533 27
    endloop
  endfacet
  facet normal 0 0 1
    outer loop
      vertex 1.06378 -8.08026 27
      vertex 0.587367 -23.5385 27
      vertex 0.877906 -23.5865 27
    endloop
  endfacet
  facet normal -0 0 1
    outer loop
      vertex 0.533035 -8.13254 27
      vertex 0.587367 -23.5385 27
      vertex 1.06378 -8.08026 27
    endloop
  endfacet
  facet normal 0 0 1
    outer loop
      vertex 0.533035 -8.13254 27
      vertex 0.294313 -23.5096 27
      vertex 0.587367 -23.5385 27
    endloop
  endfacet
  facet normal -0 0 1
    outer loop
      vertex 0 -8.14999 27
      vertex 0.294313 -23.5096 27
      vertex 0.533035 -8.13254 27
    endloop
  endfacet
  facet normal 0 0 1
    outer loop
      vertex 0 -8.14999 27
      vertex 0 -23.5 27
      vertex 0.294313 -23.5096 27
    endloop
  endfacet
  facet normal 0 0 1
    outer loop
      vertex 0 -8.14999 27
      vertex -0.294313 -23.5096 27
      vertex 0 -23.5 27
    endloop
  endfacet
  facet normal 0 0 1
    outer loop
      vertex -0.533035 -8.13254 27
      vertex -0.294313 -23.5096 27
      vertex 0 -8.14999 27
    endloop
  endfacet
  facet normal 0 0 1
    outer loop
      vertex -0.533035 -8.13254 27
      vertex -0.587367 -23.5385 27
      vertex -0.294313 -23.5096 27
    endloop
  endfacet
  facet normal 0 0 1
    outer loop
      vertex -1.06378 -8.08026 27
      vertex -0.587367 -23.5385 27
      vertex -0.533035 -8.13254 27
    endloop
  endfacet
  facet normal 0 0 1
    outer loop
      vertex -0.587367 -23.5385 27
      vertex -1.06378 -8.08026 27
      vertex -0.877906 -23.5865 27
    endloop
  endfacet
  facet normal 0 0 1
    outer loop
      vertex -1.58998 -7.99339 27
      vertex -0.877906 -23.5865 27
      vertex -1.06378 -8.08026 27
    endloop
  endfacet
  facet normal 0 0 1
    outer loop
      vertex -0.877906 -23.5865 27
      vertex -1.58998 -7.99339 27
      vertex -1.16469 -23.6533 27
    endloop
  endfacet
  facet normal 0 0 1
    outer loop
      vertex -1.16469 -23.6533 27
      vertex -1.58998 -7.99339 27
      vertex -1.44648 -23.7388 27
    endloop
  endfacet
  facet normal 0 0 1
    outer loop
      vertex -2.10938 -7.87228 27
      vertex -1.44648 -23.7388 27
      vertex -1.58998 -7.99339 27
    endloop
  endfacet
  facet normal 0 0 1
    outer loop
      vertex -1.44648 -23.7388 27
      vertex -2.10938 -7.87228 27
      vertex -1.72207 -23.8425 27
    endloop
  endfacet
  facet normal 0 0 1
    outer loop
      vertex -2.61972 -7.71747 27
      vertex -1.72207 -23.8425 27
      vertex -2.10938 -7.87228 27
    endloop
  endfacet
  facet normal 0 0 1
    outer loop
      vertex -1.72207 -23.8425 27
      vertex -2.61972 -7.71747 27
      vertex -1.9903 -23.9641 27
    endloop
  endfacet
  facet normal 0 0 1
    outer loop
      vertex -3.11887 -7.52962 27
      vertex -1.9903 -23.9641 27
      vertex -2.61972 -7.71747 27
    endloop
  endfacet
  facet normal 0 0 1
    outer loop
      vertex -1.9903 -23.9641 27
      vertex -3.11887 -7.52962 27
      vertex -2.25 -24.1029 27
    endloop
  endfacet
  facet normal 0 0 1
    outer loop
      vertex -3.60464 -7.30951 27
      vertex -2.25 -24.1029 27
      vertex -3.11887 -7.52962 27
    endloop
  endfacet
  facet normal 0 0 1
    outer loop
      vertex -2.25 -24.1029 27
      vertex -3.60464 -7.30951 27
      vertex -2.50007 -24.2584 27
    endloop
  endfacet
  facet normal 0 0 1
    outer loop
      vertex -2.50007 -24.2584 27
      vertex -3.60464 -7.30951 27
      vertex -2.73943 -24.4299 27
    endloop
  endfacet
  facet normal 0 0 1
    outer loop
      vertex -4.075 -7.05811 27
      vertex -2.73943 -24.4299 27
      vertex -3.60464 -7.30951 27
    endloop
  endfacet
  facet normal 0 0 1
    outer loop
      vertex -2.73943 -24.4299 27
      vertex -4.075 -7.05811 27
      vertex -2.96706 -24.6167 27
    endloop
  endfacet
  facet normal 0 0 1
    outer loop
      vertex -4.52789 -6.77647 27
      vertex -2.96706 -24.6167 27
      vertex -4.075 -7.05811 27
    endloop
  endfacet
  facet normal 0 0 1
    outer loop
      vertex -2.96706 -24.6167 27
      vertex -4.52789 -6.77647 27
      vertex -3.18198 -24.818 27
    endloop
  endfacet
  facet normal 0 0 1
    outer loop
      vertex -4.9614 -6.46582 27
      vertex -3.18198 -24.818 27
      vertex -4.52789 -6.77647 27
    endloop
  endfacet
  facet normal 0 0 1
    outer loop
      vertex -3.18198 -24.818 27
      vertex -4.9614 -6.46582 27
      vertex -3.38328 -25.0329 27
    endloop
  endfacet
  facet normal 0 0 1
    outer loop
      vertex -5.37366 -6.12749 27
      vertex -3.38328 -25.0329 27
      vertex -4.9614 -6.46582 27
    endloop
  endfacet
  facet normal 0 0 1
    outer loop
      vertex -3.38328 -25.0329 27
      vertex -5.37366 -6.12749 27
      vertex -3.57009 -25.2606 27
    endloop
  endfacet
  facet normal 0 0 1
    outer loop
      vertex -3.57009 -25.2606 27
      vertex -5.37366 -6.12749 27
      vertex -3.74161 -25.4999 27
    endloop
  endfacet
  facet normal 0 0 1
    outer loop
      vertex -5.76291 -5.76291 27
      vertex -3.74161 -25.4999 27
      vertex -5.37366 -6.12749 27
    endloop
  endfacet
  facet normal 0 0 1
    outer loop
      vertex -3.74161 -25.4999 27
      vertex -5.76291 -5.76291 27
      vertex -3.89711 -25.75 27
    endloop
  endfacet
  facet normal 0 0 1
    outer loop
      vertex -6.12749 -5.37366 27
      vertex -3.89711 -25.75 27
      vertex -5.76291 -5.76291 27
    endloop
  endfacet
  facet normal 0 0 1
    outer loop
      vertex -3.89711 -25.75 27
      vertex -6.12749 -5.37366 27
      vertex -4.03593 -26.0097 27
    endloop
  endfacet
  facet normal 0 0 1
    outer loop
      vertex -6.46582 -4.9614 27
      vertex -4.03593 -26.0097 27
      vertex -6.12749 -5.37366 27
    endloop
  endfacet
  facet normal 0 0 1
    outer loop
      vertex -4.03593 -26.0097 27
      vertex -6.46582 -4.9614 27
      vertex -4.15746 -26.2779 27
    endloop
  endfacet
  facet normal 0 0 1
    outer loop
      vertex -6.77647 -4.52789 27
      vertex -4.15746 -26.2779 27
      vertex -6.46582 -4.9614 27
    endloop
  endfacet
  facet normal 0 0 1
    outer loop
      vertex 9.45753 46.6563 27
      vertex 15.1377 45.1343 27
      vertex 15.1256 45.7228 27
    endloop
  endfacet
  facet normal 0 0 1
    outer loop
      vertex 15.1377 45.1343 27
      vertex 9.45753 46.6563 27
      vertex 15.1296 44.6172 27
    endloop
  endfacet
  facet normal 0 0 1
    outer loop
      vertex 9.76228 47.1599 27
      vertex 15.1256 45.7228 27
      vertex 15.0872 46.3878 27
    endloop
  endfacet
  facet normal -0 0 1
    outer loop
      vertex 9.20602 46.2044 27
      vertex 15.1296 44.6172 27
      vertex 9.45753 46.6563 27
    endloop
  endfacet
  facet normal 0 0 1
    outer loop
      vertex 15.1296 44.6172 27
      vertex 9.20602 46.2044 27
      vertex 15.1065 44.1671 27
    endloop
  endfacet
  facet normal 0 0 1
    outer loop
      vertex 10.128 47.7166 27
      vertex 15.0872 46.3878 27
      vertex 15.0154 47.1349 27
    endloop
  endfacet
  facet normal 0 0 1
    outer loop
      vertex 15.1256 45.7228 27
      vertex 9.76228 47.1599 27
      vertex 9.45753 46.6563 27
    endloop
  endfacet
  facet normal 0 0 1
    outer loop
      vertex 15.1065 44.1671 27
      vertex 9.00091 45.8031 27
      vertex 15.0731 43.7799 27
    endloop
  endfacet
  facet normal -0 0 1
    outer loop
      vertex 8.83626 45.4511 27
      vertex 15.0731 43.7799 27
      vertex 9.00091 45.8031 27
    endloop
  endfacet
  facet normal 0 0 1
    outer loop
      vertex 10.5637 48.3277 27
      vertex 15.0154 47.1349 27
      vertex 14.902 47.9704 27
    endloop
  endfacet
  facet normal -0 0 1
    outer loop
      vertex 9.00091 45.8031 27
      vertex 15.1065 44.1671 27
      vertex 9.20602 46.2044 27
    endloop
  endfacet
  facet normal 0 0 1
    outer loop
      vertex 15.0731 43.7799 27
      vertex 8.83626 45.4511 27
      vertex 15.0335 43.4523 27
    endloop
  endfacet
  facet normal 0 0 1
    outer loop
      vertex 11.0797 48.9946 27
      vertex 14.902 47.9704 27
      vertex 14.7371 48.9011 27
    endloop
  endfacet
  facet normal -0 0 1
    outer loop
      vertex 11.6878 49.7182 27
      vertex 14.7371 48.9011 27
      vertex 14.5091 49.9348 27
    endloop
  endfacet
  facet normal 0 0 1
    outer loop
      vertex 15.0154 47.1349 27
      vertex 10.5637 48.3277 27
      vertex 10.128 47.7166 27
    endloop
  endfacet
  facet normal 0 0 1
    outer loop
      vertex 39.0074 -18.8326 27
      vertex 7.05811 -4.075 27
      vertex 35.8278 -24.375 27
    endloop
  endfacet
  facet normal 0 0 1
    outer loop
      vertex 11.6878 49.7182 27
      vertex 14.5091 49.9348 27
      vertex 12.4021 50.4994 27
    endloop
  endfacet
  facet normal 0 0 1
    outer loop
      vertex 14.7371 48.9011 27
      vertex 11.6878 49.7182 27
      vertex 11.0797 48.9946 27
    endloop
  endfacet
  facet normal 0 0 1
    outer loop
      vertex 14.902 47.9704 27
      vertex 11.0797 48.9946 27
      vertex 10.5637 48.3277 27
    endloop
  endfacet
  facet normal -0 0 1
    outer loop
      vertex 6.77647 -4.52789 27
      vertex 35.8278 -24.375 27
      vertex 7.05811 -4.075 27
    endloop
  endfacet
  facet normal 0 0 1
    outer loop
      vertex 15.0872 46.3878 27
      vertex 10.128 47.7166 27
      vertex 9.76228 47.1599 27
    endloop
  endfacet
  facet normal -0 0 1
    outer loop
      vertex 6.46582 -4.9614 27
      vertex 35.8278 -24.375 27
      vertex 6.77647 -4.52789 27
    endloop
  endfacet
  facet normal -0 0 1
    outer loop
      vertex 8.70673 45.1475 27
      vertex 15.0335 43.4523 27
      vertex 8.83626 45.4511 27
    endloop
  endfacet
  facet normal 0 0 1
    outer loop
      vertex 35.8278 -24.375 27
      vertex 6.46582 -4.9614 27
      vertex 34.1569 -26.6661 27
    endloop
  endfacet
  facet normal 0 0 1
    outer loop
      vertex 15.0335 43.4523 27
      vertex 8.70673 45.1475 27
      vertex 14.9914 43.181 27
    endloop
  endfacet
  facet normal 0 0 1
    outer loop
      vertex 34.1569 -26.6661 27
      vertex 6.46582 -4.9614 27
      vertex 32.804 -28.2868 27
    endloop
  endfacet
  facet normal -0 0 1
    outer loop
      vertex 8.6076 44.8915 27
      vertex 14.9914 43.181 27
      vertex 8.70673 45.1475 27
    endloop
  endfacet
  facet normal -0 0 1
    outer loop
      vertex 6.12749 -5.37366 27
      vertex 32.804 -28.2868 27
      vertex 6.46582 -4.9614 27
    endloop
  endfacet
  facet normal 0 0 1
    outer loop
      vertex 14.9914 43.181 27
      vertex 8.6076 44.8915 27
      vertex 14.9501 42.9635 27
    endloop
  endfacet
  facet normal -0 0 1
    outer loop
      vertex 4.49037 -27.7057 27
      vertex 32.804 -28.2868 27
      vertex 6.12749 -5.37366 27
    endloop
  endfacet
  facet normal -0 0 1
    outer loop
      vertex 8.53455 44.6825 27
      vertex 14.9501 42.9635 27
      vertex 8.6076 44.8915 27
    endloop
  endfacet
  facet normal 0 0 1
    outer loop
      vertex 4.49037 -27.7057 27
      vertex 28.2983 -32.8174 27
      vertex 32.804 -28.2868 27
    endloop
  endfacet
  facet normal 0 0 1
    outer loop
      vertex 14.9501 42.9635 27
      vertex 8.53455 44.6825 27
      vertex 14.9129 42.7973 27
    endloop
  endfacet
  facet normal 0 0 1
    outer loop
      vertex 14.2657 -40.8991 27
      vertex 11.6878 -49.7182 27
      vertex 12.4021 -50.4994 27
    endloop
  endfacet
  facet normal 0 0 1
    outer loop
      vertex 14.9129 42.7973 27
      vertex 8.53455 44.6825 27
      vertex 14.8827 42.6806 27
    endloop
  endfacet
  facet normal 0 0 1
    outer loop
      vertex 14.2657 -40.8991 27
      vertex 11.0797 -48.9946 27
      vertex 11.6878 -49.7182 27
    endloop
  endfacet
  facet normal 0 0 1
    outer loop
      vertex 14.8827 42.6806 27
      vertex 8.53455 44.6825 27
      vertex 14.8551 42.5888 27
    endloop
  endfacet
  facet normal 0 0 1
    outer loop
      vertex 14.2657 -40.8991 27
      vertex 10.5637 -48.3277 27
      vertex 11.0797 -48.9946 27
    endloop
  endfacet
  facet normal -0 0 1
    outer loop
      vertex 8.42949 44.3106 27
      vertex 14.8551 42.5888 27
      vertex 8.53455 44.6825 27
    endloop
  endfacet
  facet normal 0 0 1
    outer loop
      vertex 14.2657 -40.8991 27
      vertex 9.76227 -47.1599 27
      vertex 10.128 -47.7166 27
    endloop
  endfacet
  facet normal 0 0 1
    outer loop
      vertex 14.8551 42.5888 27
      vertex 8.42949 44.3106 27
      vertex 14.2716 40.9158 27
    endloop
  endfacet
  facet normal 0 0 1
    outer loop
      vertex 14.2657 -40.8991 27
      vertex 9.45752 -46.6563 27
      vertex 9.76227 -47.1599 27
    endloop
  endfacet
  facet normal 0 0 1
    outer loop
      vertex 8.42949 44.3106 27
      vertex 8.53455 44.6825 27
      vertex 8.48372 44.52 27
    endloop
  endfacet
  facet normal 0 0 1
    outer loop
      vertex 14.2657 -40.8991 27
      vertex 9.206 -46.2044 27
      vertex 9.45752 -46.6563 27
    endloop
  endfacet
  facet normal 0 0 1
    outer loop
      vertex 8.42949 44.3106 27
      vertex 8.48372 44.52 27
      vertex 8.45147 44.4038 27
    endloop
  endfacet
  facet normal 0 -0 1
    outer loop
      vertex 8.53454 -44.6825 27
      vertex 14.2657 -40.8991 27
      vertex 8.42948 -44.3106 27
    endloop
  endfacet
  facet normal 0 0 1
    outer loop
      vertex 14.2716 40.9158 27
      vertex 8.42949 44.3106 27
      vertex 8.09505 42.5525 27
    endloop
  endfacet
  facet normal 0 0 1
    outer loop
      vertex 14.2657 -40.8991 27
      vertex 8.83626 -45.4511 27
      vertex 9.00091 -45.803 27
    endloop
  endfacet
  facet normal 0 0 1
    outer loop
      vertex 14.2657 -40.8991 27
      vertex 8.70672 -45.1475 27
      vertex 8.83626 -45.4511 27
    endloop
  endfacet
  facet normal 0 0 1
    outer loop
      vertex 14.2716 40.9158 27
      vertex 8.13254 0.533035 27
      vertex 8.14999 0 27
    endloop
  endfacet
  facet normal 0 0 1
    outer loop
      vertex 3.57009 30.7394 27
      vertex 14.2716 40.9158 27
      vertex 8.09505 42.5525 27
    endloop
  endfacet
  facet normal 0 0 1
    outer loop
      vertex 14.2716 40.9158 27
      vertex 8.08026 1.06378 27
      vertex 8.13254 0.533035 27
    endloop
  endfacet
  facet normal 0 0 1
    outer loop
      vertex 14.2716 40.9158 27
      vertex 7.99339 1.58998 27
      vertex 8.08026 1.06378 27
    endloop
  endfacet
  facet normal 0 0 1
    outer loop
      vertex 14.2716 40.9158 27
      vertex 7.87228 2.10938 27
      vertex 7.99339 1.58998 27
    endloop
  endfacet
  facet normal 0 0 1
    outer loop
      vertex 14.2716 40.9158 27
      vertex 7.71747 2.61972 27
      vertex 7.87228 2.10938 27
    endloop
  endfacet
  facet normal 0 0 1
    outer loop
      vertex 14.2716 40.9158 27
      vertex 7.52962 3.11887 27
      vertex 7.71747 2.61972 27
    endloop
  endfacet
  facet normal 0 0 1
    outer loop
      vertex 4.41353 27.1221 27
      vertex 14.2716 40.9158 27
      vertex 4.4615 27.4126 27
    endloop
  endfacet
  facet normal 0 0 1
    outer loop
      vertex 4.34667 26.8353 27
      vertex 14.2716 40.9158 27
      vertex 4.41353 27.1221 27
    endloop
  endfacet
  facet normal 0 0 1
    outer loop
      vertex 14.2716 40.9158 27
      vertex 7.30951 3.60464 27
      vertex 7.52962 3.11887 27
    endloop
  endfacet
  facet normal 0 -0 1
    outer loop
      vertex 7.05811 4.075 27
      vertex 14.2716 40.9158 27
      vertex 4.34667 26.8353 27
    endloop
  endfacet
  facet normal 0 0 1
    outer loop
      vertex 14.2716 40.9158 27
      vertex 7.05811 4.075 27
      vertex 7.30951 3.60464 27
    endloop
  endfacet
  facet normal 0 0 1
    outer loop
      vertex 3.18198 31.182 27
      vertex 8.09505 42.5525 27
      vertex 6.01506 42.9138 27
    endloop
  endfacet
  facet normal 0 0 1
    outer loop
      vertex 14.2716 40.9158 27
      vertex 4.49037 27.7057 27
      vertex 4.4615 27.4126 27
    endloop
  endfacet
  facet normal -0 0 1
    outer loop
      vertex 4.26118 26.5535 27
      vertex 7.05811 4.075 27
      vertex 4.34667 26.8353 27
    endloop
  endfacet
  facet normal 0 0 1
    outer loop
      vertex 7.05811 4.075 27
      vertex 4.26118 26.5535 27
      vertex 6.77647 4.52789 27
    endloop
  endfacet
  facet normal -0 0 1
    outer loop
      vertex 4.15746 26.2779 27
      vertex 6.77647 4.52789 27
      vertex 4.26118 26.5535 27
    endloop
  endfacet
  facet normal 0 0 1
    outer loop
      vertex 14.2716 40.9158 27
      vertex 4.5 28 27
      vertex 4.49037 27.7057 27
    endloop
  endfacet
  facet normal 0 0 1
    outer loop
      vertex 14.2716 40.9158 27
      vertex 4.49037 28.2943 27
      vertex 4.5 28 27
    endloop
  endfacet
  facet normal 0 0 1
    outer loop
      vertex 14.2716 40.9158 27
      vertex 4.4615 28.5874 27
      vertex 4.49037 28.2943 27
    endloop
  endfacet
  facet normal 0 0 1
    outer loop
      vertex 14.2716 40.9158 27
      vertex 4.41353 28.8779 27
      vertex 4.4615 28.5874 27
    endloop
  endfacet
  facet normal 0 0 1
    outer loop
      vertex 14.2716 40.9158 27
      vertex 4.34667 29.1647 27
      vertex 4.41353 28.8779 27
    endloop
  endfacet
  facet normal 0 0 1
    outer loop
      vertex 14.2716 40.9158 27
      vertex 4.26118 29.4465 27
      vertex 4.34667 29.1647 27
    endloop
  endfacet
  facet normal 0 0 1
    outer loop
      vertex 14.2716 40.9158 27
      vertex 4.15746 29.7221 27
      vertex 4.26118 29.4465 27
    endloop
  endfacet
  facet normal 0 0 1
    outer loop
      vertex 14.2716 40.9158 27
      vertex 4.03593 29.9903 27
      vertex 4.15746 29.7221 27
    endloop
  endfacet
  facet normal 0 0 1
    outer loop
      vertex 14.2716 40.9158 27
      vertex 3.89711 30.25 27
      vertex 4.03593 29.9903 27
    endloop
  endfacet
  facet normal 0 0 1
    outer loop
      vertex 14.2716 40.9158 27
      vertex 3.74161 30.5001 27
      vertex 3.89711 30.25 27
    endloop
  endfacet
  facet normal 0 0 1
    outer loop
      vertex 14.2716 40.9158 27
      vertex 3.57009 30.7394 27
      vertex 3.74161 30.5001 27
    endloop
  endfacet
  facet normal 0 0 1
    outer loop
      vertex 8.09505 42.5525 27
      vertex 3.38328 30.9671 27
      vertex 3.57009 30.7394 27
    endloop
  endfacet
  facet normal 0 0 1
    outer loop
      vertex 3.18198 31.182 27
      vertex 6.01506 42.9138 27
      vertex 3.1955 43.2153 27
    endloop
  endfacet
  facet normal 0 0 1
    outer loop
      vertex 8.09505 42.5525 27
      vertex 3.18198 31.182 27
      vertex 3.38328 30.9671 27
    endloop
  endfacet
  facet normal 0 0 1
    outer loop
      vertex 12.4021 -50.4994 27
      vertex 15.1377 -45.1343 27
      vertex 15.1295 -44.6172 27
    endloop
  endfacet
  facet normal 0 0 1
    outer loop
      vertex 12.4021 -50.4994 27
      vertex 15.1295 -44.6172 27
      vertex 15.1065 -44.1671 27
    endloop
  endfacet
  facet normal 0 0 1
    outer loop
      vertex 15.1377 -45.1343 27
      vertex 12.4021 -50.4994 27
      vertex 15.1256 -45.7228 27
    endloop
  endfacet
  facet normal 0 0 1
    outer loop
      vertex 12.4021 -50.4994 27
      vertex 15.1065 -44.1671 27
      vertex 15.0731 -43.7799 27
    endloop
  endfacet
  facet normal 0 0 1
    outer loop
      vertex 12.4021 -50.4994 27
      vertex 15.0731 -43.7799 27
      vertex 15.0335 -43.4523 27
    endloop
  endfacet
  facet normal 0 0 1
    outer loop
      vertex 15.1256 -45.7228 27
      vertex 12.4021 -50.4994 27
      vertex 15.0872 -46.3878 27
    endloop
  endfacet
  facet normal 0 0 1
    outer loop
      vertex 14.8551 -42.5888 27
      vertex 15.0335 -43.4523 27
      vertex 14.9914 -43.181 27
    endloop
  endfacet
  facet normal 0 0 1
    outer loop
      vertex 14.8551 -42.5888 27
      vertex 14.9914 -43.181 27
      vertex 14.9501 -42.9635 27
    endloop
  endfacet
  facet normal 0 0 1
    outer loop
      vertex 14.8551 -42.5888 27
      vertex 14.9501 -42.9635 27
      vertex 14.9129 -42.7973 27
    endloop
  endfacet
  facet normal 0 0 1
    outer loop
      vertex 15.0872 -46.3878 27
      vertex 12.4021 -50.4994 27
      vertex 15.0154 -47.1349 27
    endloop
  endfacet
  facet normal 0 0 1
    outer loop
      vertex 14.8551 -42.5888 27
      vertex 14.9129 -42.7973 27
      vertex 14.8827 -42.6806 27
    endloop
  endfacet
  facet normal 0 0 1
    outer loop
      vertex 15.0335 -43.4523 27
      vertex 14.8551 -42.5888 27
      vertex 12.4021 -50.4994 27
    endloop
  endfacet
  facet normal 0 0 1
    outer loop
      vertex 15.0154 -47.1349 27
      vertex 12.4021 -50.4994 27
      vertex 14.902 -47.9704 27
    endloop
  endfacet
  facet normal 0 0 1
    outer loop
      vertex 14.902 -47.9704 27
      vertex 12.4021 -50.4994 27
      vertex 14.7371 -48.9011 27
    endloop
  endfacet
  facet normal 0 0 1
    outer loop
      vertex 12.4021 -50.4994 27
      vertex 14.8551 -42.5888 27
      vertex 14.2657 -40.8991 27
    endloop
  endfacet
  facet normal 0 0 1
    outer loop
      vertex 14.7371 -48.9011 27
      vertex 12.4021 -50.4994 27
      vertex 14.5091 -49.9348 27
    endloop
  endfacet
  facet normal 0 0 1
    outer loop
      vertex 14.2657 -40.8991 27
      vertex 8.60758 -44.8915 27
      vertex 8.70672 -45.1475 27
    endloop
  endfacet
  facet normal 0 0 1
    outer loop
      vertex 14.2657 -40.8991 27
      vertex 8.53454 -44.6825 27
      vertex 8.60758 -44.8915 27
    endloop
  endfacet
  facet normal 0 0 1
    outer loop
      vertex 8.53454 -44.6825 27
      vertex 8.42948 -44.3106 27
      vertex 8.4837 -44.52 27
    endloop
  endfacet
  facet normal 0 0 1
    outer loop
      vertex 8.4837 -44.52 27
      vertex 8.42948 -44.3106 27
      vertex 8.45145 -44.4038 27
    endloop
  endfacet
  facet normal 0 0 1
    outer loop
      vertex 14.2657 -40.8991 27
      vertex 9.00091 -45.803 27
      vertex 9.206 -46.2044 27
    endloop
  endfacet
  facet normal 0 0 1
    outer loop
      vertex 14.2657 -40.8991 27
      vertex 10.128 -47.7166 27
      vertex 10.5637 -48.3277 27
    endloop
  endfacet
  facet normal -0 0 1
    outer loop
      vertex 4.41353 -28.8779 27
      vertex 18.8403 -39.0233 27
      vertex 4.4615 -28.5874 27
    endloop
  endfacet
  facet normal 0 0 1
    outer loop
      vertex 4.49037 -27.7057 27
      vertex 26.0913 -34.5979 27
      vertex 28.2983 -32.8174 27
    endloop
  endfacet
  facet normal -0 0 1
    outer loop
      vertex 4.4615 -28.5874 27
      vertex 18.8403 -39.0233 27
      vertex 4.49037 -28.2943 27
    endloop
  endfacet
  facet normal -0 0 1
    outer loop
      vertex 4.49037 -28.2943 27
      vertex 18.8403 -39.0233 27
      vertex 4.5 -28 27
    endloop
  endfacet
  facet normal 0 0 1
    outer loop
      vertex 24.3651 -35.8132 27
      vertex 4.5 -28 27
      vertex 18.8403 -39.0233 27
    endloop
  endfacet
  facet normal 0 0 1
    outer loop
      vertex 4.49037 -27.7057 27
      vertex 24.3651 -35.8132 27
      vertex 26.0913 -34.5979 27
    endloop
  endfacet
  facet normal 0 0 1
    outer loop
      vertex 4.49037 -27.7057 27
      vertex 6.12749 -5.37366 27
      vertex 5.76291 -5.76291 27
    endloop
  endfacet
  facet normal 0 0 1
    outer loop
      vertex 4.49037 -27.7057 27
      vertex 5.76291 -5.76291 27
      vertex 5.37366 -6.12749 27
    endloop
  endfacet
  facet normal 0 -0 1
    outer loop
      vertex 8.42948 -44.3106 27
      vertex 14.2657 -40.8991 27
      vertex 8.09834 -42.5699 27
    endloop
  endfacet
  facet normal 0 0 1
    outer loop
      vertex 4.49037 -27.7057 27
      vertex 5.37366 -6.12749 27
      vertex 4.9614 -6.46582 27
    endloop
  endfacet
  facet normal 0 0 1
    outer loop
      vertex 3.18198 -24.818 27
      vertex 4.9614 -6.46582 27
      vertex 4.52789 -6.77647 27
    endloop
  endfacet
  facet normal 0 0 1
    outer loop
      vertex 18.8403 -39.0233 27
      vertex 4.41353 -28.8779 27
      vertex 16.2477 -40.172 27
    endloop
  endfacet
  facet normal -0 0 1
    outer loop
      vertex 4.34667 -29.1647 27
      vertex 16.2477 -40.172 27
      vertex 4.41353 -28.8779 27
    endloop
  endfacet
  facet normal -0 0 1
    outer loop
      vertex 4.26118 -29.4465 27
      vertex 16.2477 -40.172 27
      vertex 4.34667 -29.1647 27
    endloop
  endfacet
  facet normal 0 0 1
    outer loop
      vertex 16.2477 -40.172 27
      vertex 4.26118 -29.4465 27
      vertex 14.2657 -40.8991 27
    endloop
  endfacet
  facet normal -0 0 1
    outer loop
      vertex 4.15746 -29.7221 27
      vertex 14.2657 -40.8991 27
      vertex 4.26118 -29.4465 27
    endloop
  endfacet
  facet normal -0 0 1
    outer loop
      vertex 4.03593 -29.9903 27
      vertex 14.2657 -40.8991 27
      vertex 4.15746 -29.7221 27
    endloop
  endfacet
  facet normal -0 0 1
    outer loop
      vertex 3.89711 -30.25 27
      vertex 14.2657 -40.8991 27
      vertex 4.03593 -29.9903 27
    endloop
  endfacet
  facet normal -0 0 1
    outer loop
      vertex 3.74161 -30.5001 27
      vertex 14.2657 -40.8991 27
      vertex 3.89711 -30.25 27
    endloop
  endfacet
  facet normal -0 0 1
    outer loop
      vertex 3.57009 -30.7394 27
      vertex 14.2657 -40.8991 27
      vertex 3.74161 -30.5001 27
    endloop
  endfacet
  facet normal 0 0 1
    outer loop
      vertex 14.2657 -40.8991 27
      vertex 3.57009 -30.7394 27
      vertex 8.09834 -42.5699 27
    endloop
  endfacet
  facet normal -0 0 1
    outer loop
      vertex 3.38328 -30.9671 27
      vertex 8.09834 -42.5699 27
      vertex 3.57009 -30.7394 27
    endloop
  endfacet
  facet normal -0 0 1
    outer loop
      vertex 3.18198 -31.182 27
      vertex 8.09834 -42.5699 27
      vertex 3.38328 -30.9671 27
    endloop
  endfacet
  facet normal -0 0 1
    outer loop
      vertex 2.96706 -31.3833 27
      vertex 8.09834 -42.5699 27
      vertex 3.18198 -31.182 27
    endloop
  endfacet
  facet normal -0 0 1
    outer loop
      vertex 2.73943 -31.5701 27
      vertex 8.09834 -42.5699 27
      vertex 2.96706 -31.3833 27
    endloop
  endfacet
  facet normal 0 0 1
    outer loop
      vertex 6.77647 4.52789 27
      vertex 4.15746 26.2779 27
      vertex 6.46582 4.9614 27
    endloop
  endfacet
  facet normal -0 0 1
    outer loop
      vertex 4.03593 26.0097 27
      vertex 6.46582 4.9614 27
      vertex 4.15746 26.2779 27
    endloop
  endfacet
  facet normal 0 0 1
    outer loop
      vertex 6.46582 4.9614 27
      vertex 4.03593 26.0097 27
      vertex 6.12749 5.37366 27
    endloop
  endfacet
  facet normal -0 0 1
    outer loop
      vertex 3.89711 25.75 27
      vertex 6.12749 5.37366 27
      vertex 4.03593 26.0097 27
    endloop
  endfacet
  facet normal -0 0 1
    outer loop
      vertex 2.55 11.15 27
      vertex 6.12749 5.37366 27
      vertex 3.89711 25.75 27
    endloop
  endfacet
  facet normal 0 0 1
    outer loop
      vertex 6.12749 5.37366 27
      vertex 2.55 11.15 27
      vertex 5.76291 5.76291 27
    endloop
  endfacet
  facet normal 0 0 1
    outer loop
      vertex 5.76291 5.76291 27
      vertex 2.55 11.15 27
      vertex 5.37366 6.12749 27
    endloop
  endfacet
  facet normal 0 0 1
    outer loop
      vertex 4.9614 6.46582 27
      vertex 2.55 11.15 27
      vertex 4.52789 6.77647 27
    endloop
  endfacet
  facet normal 0 0 1
    outer loop
      vertex 5.37366 6.12749 27
      vertex 2.55 11.15 27
      vertex 4.9614 6.46582 27
    endloop
  endfacet
  facet normal 0 0 1
    outer loop
      vertex 2.55 11.15 27
      vertex 3.89711 25.75 27
      vertex 3.74161 25.4999 27
    endloop
  endfacet
  facet normal 0 0 1
    outer loop
      vertex 4.52789 6.77647 27
      vertex 2.55 11.15 27
      vertex 4.075 7.05811 27
    endloop
  endfacet
  facet normal 0 0 1
    outer loop
      vertex 2.55 11.15 27
      vertex 3.74161 25.4999 27
      vertex 3.57009 25.2606 27
    endloop
  endfacet
  facet normal 0 0 1
    outer loop
      vertex 2.55 11.15 27
      vertex 3.57009 25.2606 27
      vertex 3.38328 25.0329 27
    endloop
  endfacet
  facet normal 0 0 1
    outer loop
      vertex 2.55 11.15 27
      vertex 3.38328 25.0329 27
      vertex 3.18198 24.818 27
    endloop
  endfacet
  facet normal 0 0 1
    outer loop
      vertex 4.075 7.05811 27
      vertex 2.55 11.15 27
      vertex 3.60464 7.30951 27
    endloop
  endfacet
  facet normal 0 0 1
    outer loop
      vertex 2.55 11.15 27
      vertex 3.18198 24.818 27
      vertex 2.96706 24.6167 27
    endloop
  endfacet
  facet normal 0 0 1
    outer loop
      vertex 2.55 11.15 27
      vertex 2.96706 24.6167 27
      vertex 2.73943 24.4299 27
    endloop
  endfacet
  facet normal 0 0 1
    outer loop
      vertex 3.60464 7.30951 27
      vertex 2.55 11.15 27
      vertex 3.11887 7.52962 27
    endloop
  endfacet
  facet normal 0 0 1
    outer loop
      vertex 3.11887 7.52962 27
      vertex 2.55 11.15 27
      vertex 2.61972 7.71747 27
    endloop
  endfacet
  facet normal -0 0 1
    outer loop
      vertex 2.50007 24.2584 27
      vertex 2.55 11.15 27
      vertex 2.73943 24.4299 27
    endloop
  endfacet
  facet normal -0 0 1
    outer loop
      vertex 2.25 24.1029 27
      vertex 2.55 11.15 27
      vertex 2.50007 24.2584 27
    endloop
  endfacet
  facet normal -0 0 1
    outer loop
      vertex 1.9903 23.9641 27
      vertex 2.55 11.15 27
      vertex 2.25 24.1029 27
    endloop
  endfacet
  facet normal -0 0 1
    outer loop
      vertex 1.72207 23.8425 27
      vertex 2.55 11.15 27
      vertex 1.9903 23.9641 27
    endloop
  endfacet
  facet normal -0 0 1
    outer loop
      vertex 1.44648 23.7388 27
      vertex 2.55 11.15 27
      vertex 1.72207 23.8425 27
    endloop
  endfacet
  facet normal -0 0 1
    outer loop
      vertex 1.16469 23.6533 27
      vertex 2.55 11.15 27
      vertex 1.44648 23.7388 27
    endloop
  endfacet
  facet normal -0 0 1
    outer loop
      vertex 0.877906 23.5865 27
      vertex 2.55 11.15 27
      vertex 1.16469 23.6533 27
    endloop
  endfacet
  facet normal -0 0 1
    outer loop
      vertex 0.587367 23.5385 27
      vertex 2.55 11.15 27
      vertex 0.877906 23.5865 27
    endloop
  endfacet
  facet normal -0 0 1
    outer loop
      vertex 0.294313 23.5096 27
      vertex 2.55 11.15 27
      vertex 0.587367 23.5385 27
    endloop
  endfacet
  facet normal -0 0 1
    outer loop
      vertex 0 23.5 27
      vertex 2.55 11.15 27
      vertex 0.294313 23.5096 27
    endloop
  endfacet
  facet normal 0 0 1
    outer loop
      vertex -2.55 11.15 27
      vertex 0 23.5 27
      vertex -0.294313 23.5096 27
    endloop
  endfacet
  facet normal 0 0 1
    outer loop
      vertex -2.55 11.15 27
      vertex -0.294313 23.5096 27
      vertex -0.587367 23.5385 27
    endloop
  endfacet
  facet normal 0 0 1
    outer loop
      vertex -2.55 11.15 27
      vertex -0.587367 23.5385 27
      vertex -0.877906 23.5865 27
    endloop
  endfacet
  facet normal 0 0 1
    outer loop
      vertex -2.55 11.15 27
      vertex -0.877906 23.5865 27
      vertex -1.16469 23.6533 27
    endloop
  endfacet
  facet normal 0 0 1
    outer loop
      vertex -2.55 11.15 27
      vertex -1.16469 23.6533 27
      vertex -1.44648 23.7388 27
    endloop
  endfacet
  facet normal 0 0 1
    outer loop
      vertex -2.55 11.15 27
      vertex -1.44648 23.7388 27
      vertex -1.72207 23.8425 27
    endloop
  endfacet
  facet normal 0 0 1
    outer loop
      vertex -2.55 11.15 27
      vertex -1.72207 23.8425 27
      vertex -1.9903 23.9641 27
    endloop
  endfacet
  facet normal 0 0 1
    outer loop
      vertex -2.55 11.15 27
      vertex -1.9903 23.9641 27
      vertex -2.25 24.1029 27
    endloop
  endfacet
  facet normal 0 0 1
    outer loop
      vertex -2.55 11.15 27
      vertex -2.25 24.1029 27
      vertex -2.50007 24.2584 27
    endloop
  endfacet
  facet normal 0 0 1
    outer loop
      vertex 0 23.5 27
      vertex -2.55 11.15 27
      vertex 2.55 11.15 27
    endloop
  endfacet
  facet normal 0 0 1
    outer loop
      vertex -2.55 11.15 27
      vertex -2.61972 7.71747 27
      vertex -2.55 7.73862 27
    endloop
  endfacet
  facet normal 0 0 1
    outer loop
      vertex -2.73943 24.4299 27
      vertex -2.55 11.15 27
      vertex -2.50007 24.2584 27
    endloop
  endfacet
  facet normal 0 0 1
    outer loop
      vertex -2.96706 24.6167 27
      vertex -2.55 11.15 27
      vertex -2.73943 24.4299 27
    endloop
  endfacet
  facet normal 0 0 1
    outer loop
      vertex -3.18198 24.818 27
      vertex -2.55 11.15 27
      vertex -2.96706 24.6167 27
    endloop
  endfacet
  facet normal 0 0 1
    outer loop
      vertex -2.55 11.15 27
      vertex -3.11887 7.52962 27
      vertex -2.61972 7.71747 27
    endloop
  endfacet
  facet normal 0 0 1
    outer loop
      vertex -3.38328 25.0329 27
      vertex -2.55 11.15 27
      vertex -3.18198 24.818 27
    endloop
  endfacet
  facet normal 0 0 1
    outer loop
      vertex -3.57009 25.2606 27
      vertex -2.55 11.15 27
      vertex -3.38328 25.0329 27
    endloop
  endfacet
  facet normal 0 0 1
    outer loop
      vertex -3.74161 25.4999 27
      vertex -2.55 11.15 27
      vertex -3.57009 25.2606 27
    endloop
  endfacet
  facet normal 0 0 1
    outer loop
      vertex -2.55 11.15 27
      vertex -3.60464 7.30951 27
      vertex -3.11887 7.52962 27
    endloop
  endfacet
  facet normal 0 0 1
    outer loop
      vertex -3.89711 25.75 27
      vertex -2.55 11.15 27
      vertex -3.74161 25.4999 27
    endloop
  endfacet
  facet normal 0 0 1
    outer loop
      vertex -6.12749 5.37366 27
      vertex -2.55 11.15 27
      vertex -3.89711 25.75 27
    endloop
  endfacet
  facet normal 0 0 1
    outer loop
      vertex -32.804 28.2868 27
      vertex -3.89711 25.75 27
      vertex -4.03593 26.0097 27
    endloop
  endfacet
  facet normal 0 0 1
    outer loop
      vertex -2.55 11.15 27
      vertex -4.075 7.05811 27
      vertex -3.60464 7.30951 27
    endloop
  endfacet
  facet normal 0 0 1
    outer loop
      vertex -28.2983 32.8174 27
      vertex -4.03593 26.0097 27
      vertex -4.15746 26.2779 27
    endloop
  endfacet
  facet normal 0 0 1
    outer loop
      vertex -28.2983 32.8174 27
      vertex -4.15746 26.2779 27
      vertex -4.26118 26.5535 27
    endloop
  endfacet
  facet normal 0 0 1
    outer loop
      vertex -28.2983 32.8174 27
      vertex -4.26118 26.5535 27
      vertex -4.34667 26.8353 27
    endloop
  endfacet
  facet normal 0 0 1
    outer loop
      vertex -26.0913 34.5979 27
      vertex -4.34667 26.8353 27
      vertex -4.41353 27.1221 27
    endloop
  endfacet
  facet normal 0 0 1
    outer loop
      vertex -24.3651 35.8132 27
      vertex -4.41353 27.1221 27
      vertex -4.4615 27.4126 27
    endloop
  endfacet
  facet normal 0 0 1
    outer loop
      vertex -24.3651 35.8132 27
      vertex -4.4615 27.4126 27
      vertex -4.49037 27.7057 27
    endloop
  endfacet
  facet normal 0 0 1
    outer loop
      vertex -24.3651 35.8132 27
      vertex -4.49037 27.7057 27
      vertex -4.5 28 27
    endloop
  endfacet
  facet normal 0 0 1
    outer loop
      vertex -2.55 11.15 27
      vertex -4.52789 6.77647 27
      vertex -4.075 7.05811 27
    endloop
  endfacet
  facet normal 0 0 1
    outer loop
      vertex 24.1576 44.999 27
      vertex 26.8915 43.4206 27
      vertex 26.9388 44.478 27
    endloop
  endfacet
  facet normal 0 0 1
    outer loop
      vertex 26.8915 43.4206 27
      vertex 24.1576 44.999 27
      vertex 26.8099 42.4789 27
    endloop
  endfacet
  facet normal -0 0 1
    outer loop
      vertex 23.3829 44.4575 27
      vertex 26.8099 42.4789 27
      vertex 24.1576 44.999 27
    endloop
  endfacet
  facet normal 0 0 1
    outer loop
      vertex 26.8099 42.4789 27
      vertex 23.3829 44.4575 27
      vertex 26.7032 41.6425 27
    endloop
  endfacet
  facet normal 0 0 1
    outer loop
      vertex 26.7032 41.6425 27
      vertex 22.7119 43.9469 27
      vertex 26.5792 40.9023 27
    endloop
  endfacet
  facet normal -0 0 1
    outer loop
      vertex 22.1329 43.4694 27
      vertex 26.5792 40.9023 27
      vertex 22.7119 43.9469 27
    endloop
  endfacet
  facet normal 0 0 1
    outer loop
      vertex 26.5792 40.9023 27
      vertex 22.1329 43.4694 27
      vertex 26.4441 40.2501 27
    endloop
  endfacet
  facet normal -0 0 1
    outer loop
      vertex 21.6355 43.0263 27
      vertex 26.4441 40.2501 27
      vertex 22.1329 43.4694 27
    endloop
  endfacet
  facet normal 0 0 1
    outer loop
      vertex 26.4441 40.2501 27
      vertex 21.6355 43.0263 27
      vertex 26.3035 39.6785 27
    endloop
  endfacet
  facet normal -0 0 1
    outer loop
      vertex 21.2108 42.6187 27
      vertex 26.3035 39.6785 27
      vertex 21.6355 43.0263 27
    endloop
  endfacet
  facet normal -0 0 1
    outer loop
      vertex 20.8509 42.2473 27
      vertex 26.1618 39.1811 27
      vertex 21.2108 42.6187 27
    endloop
  endfacet
  facet normal 0 0 1
    outer loop
      vertex 26.1618 39.1811 27
      vertex 20.8509 42.2473 27
      vertex 26.023 38.7522 27
    endloop
  endfacet
  facet normal -0 0 1
    outer loop
      vertex 20.5489 41.9127 27
      vertex 26.023 38.7522 27
      vertex 20.8509 42.2473 27
    endloop
  endfacet
  facet normal 0 0 1
    outer loop
      vertex 26.023 38.7522 27
      vertex 20.5489 41.9127 27
      vertex 25.8906 38.3869 27
    endloop
  endfacet
  facet normal -0 0 1
    outer loop
      vertex 24.1576 44.999 27
      vertex 26.9388 44.478 27
      vertex 25.0497 45.5687 27
    endloop
  endfacet
  facet normal -0 0 1
    outer loop
      vertex 22.7119 43.9469 27
      vertex 26.7032 41.6425 27
      vertex 23.3829 44.4575 27
    endloop
  endfacet
  facet normal -0 0 1
    outer loop
      vertex 20.2988 41.6154 27
      vertex 25.8906 38.3869 27
      vertex 20.5489 41.9127 27
    endloop
  endfacet
  facet normal 0 0 1
    outer loop
      vertex 26.3035 39.6785 27
      vertex 21.2108 42.6187 27
      vertex 26.1618 39.1811 27
    endloop
  endfacet
  facet normal 0 0 1
    outer loop
      vertex 34.981 37.2133 27
      vertex 37.2133 34.981 27
      vertex 37.5327 35.9902 27
    endloop
  endfacet
  facet normal 0 0 1
    outer loop
      vertex 37.2133 34.981 27
      vertex 34.981 37.2133 27
      vertex 36.8907 34.0925 27
    endloop
  endfacet
  facet normal -0 0 1
    outer loop
      vertex 34.0926 36.8907 27
      vertex 36.8907 34.0925 27
      vertex 34.981 37.2133 27
    endloop
  endfacet
  facet normal -0 0 1
    outer loop
      vertex 34.981 37.2133 27
      vertex 37.5327 35.9902 27
      vertex 35.9902 37.5327 27
    endloop
  endfacet
  facet normal 0 0 1
    outer loop
      vertex 36.8907 34.0925 27
      vertex 34.0926 36.8907 27
      vertex 36.5712 33.3123 27
    endloop
  endfacet
  facet normal -0 0 1
    outer loop
      vertex 33.3123 36.5712 27
      vertex 36.5712 33.3123 27
      vertex 34.0926 36.8907 27
    endloop
  endfacet
  facet normal 0 0 1
    outer loop
      vertex 36.5712 33.3123 27
      vertex 33.3123 36.5712 27
      vertex 36.2598 32.6294 27
    endloop
  endfacet
  facet normal -0 0 1
    outer loop
      vertex 32.6294 36.2598 27
      vertex 36.2598 32.6294 27
      vertex 33.3123 36.5712 27
    endloop
  endfacet
  facet normal 0 0 1
    outer loop
      vertex 36.2598 32.6294 27
      vertex 32.6294 36.2598 27
      vertex 35.9605 32.0343 27
    endloop
  endfacet
  facet normal -0 0 1
    outer loop
      vertex 32.0343 35.9605 27
      vertex 35.9605 32.0343 27
      vertex 32.6294 36.2598 27
    endloop
  endfacet
  facet normal 0 0 1
    outer loop
      vertex 35.9605 32.0343 27
      vertex 32.0343 35.9605 27
      vertex 35.6768 31.5186 27
    endloop
  endfacet
  facet normal -0 0 1
    outer loop
      vertex 31.5186 35.6768 27
      vertex 35.6768 31.5186 27
      vertex 32.0343 35.9605 27
    endloop
  endfacet
  facet normal 0 0 1
    outer loop
      vertex 35.6768 31.5186 27
      vertex 31.5186 35.6768 27
      vertex 35.4112 31.0748 27
    endloop
  endfacet
  facet normal -0 0 1
    outer loop
      vertex 31.0748 35.4112 27
      vertex 35.4112 31.0748 27
      vertex 31.5186 35.6768 27
    endloop
  endfacet
  facet normal 0 0 1
    outer loop
      vertex 35.4112 31.0748 27
      vertex 31.0748 35.4112 27
      vertex 35.1661 30.6965 27
    endloop
  endfacet
  facet normal -0 0 1
    outer loop
      vertex 30.6966 35.1661 27
      vertex 35.1661 30.6965 27
      vertex 31.0748 35.4112 27
    endloop
  endfacet
  facet normal 0 0 1
    outer loop
      vertex 35.1661 30.6965 27
      vertex 30.6966 35.1661 27
      vertex 34.9437 30.378 27
    endloop
  endfacet
  facet normal -0 0 1
    outer loop
      vertex 30.378 34.9437 27
      vertex 34.9437 30.378 27
      vertex 30.6966 35.1661 27
    endloop
  endfacet
  facet normal 0 0 1
    outer loop
      vertex 34.9437 30.378 27
      vertex 30.378 34.9437 27
      vertex 34.7455 30.114 27
    endloop
  endfacet
  facet normal 0 0 1
    outer loop
      vertex 34.7455 30.114 27
      vertex 30.114 34.7455 27
      vertex 34.5734 29.9002 27
    endloop
  endfacet
  facet normal -0 0 1
    outer loop
      vertex 30.114 34.7455 27
      vertex 34.7455 30.114 27
      vertex 30.378 34.9437 27
    endloop
  endfacet
  facet normal 0 0 1
    outer loop
      vertex 44.4781 26.9388 27
      vertex 44.999 24.1576 27
      vertex 45.5687 25.0497 27
    endloop
  endfacet
  facet normal -0 0 1
    outer loop
      vertex 43.4206 26.8915 27
      vertex 44.999 24.1576 27
      vertex 44.4781 26.9388 27
    endloop
  endfacet
  facet normal 0 0 1
    outer loop
      vertex 44.999 24.1576 27
      vertex 43.4206 26.8915 27
      vertex 44.4575 23.3828 27
    endloop
  endfacet
  facet normal -0 0 1
    outer loop
      vertex 42.4789 26.8099 27
      vertex 44.4575 23.3828 27
      vertex 43.4206 26.8915 27
    endloop
  endfacet
  facet normal 0 0 1
    outer loop
      vertex 44.4575 23.3828 27
      vertex 42.4789 26.8099 27
      vertex 43.9469 22.7119 27
    endloop
  endfacet
  facet normal -0 0 1
    outer loop
      vertex 41.6426 26.7032 27
      vertex 43.9469 22.7119 27
      vertex 42.4789 26.8099 27
    endloop
  endfacet
  facet normal 0 0 1
    outer loop
      vertex 43.9469 22.7119 27
      vertex 41.6426 26.7032 27
      vertex 43.4694 22.1329 27
    endloop
  endfacet
  facet normal -0 0 1
    outer loop
      vertex 40.9023 26.5791 27
      vertex 43.4694 22.1329 27
      vertex 41.6426 26.7032 27
    endloop
  endfacet
  facet normal 0 0 1
    outer loop
      vertex 43.4694 22.1329 27
      vertex 40.9023 26.5791 27
      vertex 43.0263 21.6355 27
    endloop
  endfacet
  facet normal -0 0 1
    outer loop
      vertex 40.2501 26.4441 27
      vertex 43.0263 21.6355 27
      vertex 40.9023 26.5791 27
    endloop
  endfacet
  facet normal 0 0 1
    outer loop
      vertex 43.0263 21.6355 27
      vertex 40.2501 26.4441 27
      vertex 42.6187 21.2108 27
    endloop
  endfacet
  facet normal -0 0 1
    outer loop
      vertex 39.6784 26.3035 27
      vertex 42.6187 21.2108 27
      vertex 40.2501 26.4441 27
    endloop
  endfacet
  facet normal 0 0 1
    outer loop
      vertex 42.6187 21.2108 27
      vertex 39.6784 26.3035 27
      vertex 42.2473 20.8509 27
    endloop
  endfacet
  facet normal -0 0 1
    outer loop
      vertex 39.1811 26.1618 27
      vertex 42.2473 20.8509 27
      vertex 39.6784 26.3035 27
    endloop
  endfacet
  facet normal 0 0 1
    outer loop
      vertex 42.2473 20.8509 27
      vertex 39.1811 26.1618 27
      vertex 41.9127 20.5489 27
    endloop
  endfacet
  facet normal -0 0 1
    outer loop
      vertex 38.7523 26.023 27
      vertex 41.9127 20.5489 27
      vertex 39.1811 26.1618 27
    endloop
  endfacet
  facet normal 0 0 1
    outer loop
      vertex 41.9127 20.5489 27
      vertex 38.7523 26.023 27
      vertex 41.6154 20.2988 27
    endloop
  endfacet
  facet normal -0 0 1
    outer loop
      vertex 38.3869 25.8906 27
      vertex 41.6154 20.2988 27
      vertex 38.7523 26.023 27
    endloop
  endfacet
  facet normal 0 0 1
    outer loop
      vertex 41.6154 20.2988 27
      vertex 38.3869 25.8906 27
      vertex 41.3557 20.0951 27
    endloop
  endfacet
  facet normal -0 0 1
    outer loop
      vertex 38.0807 25.7675 27
      vertex 41.3557 20.0951 27
      vertex 38.3869 25.8906 27
    endloop
  endfacet
  facet normal 0 0 1
    outer loop
      vertex 41.3557 20.0951 27
      vertex 38.0807 25.7675 27
      vertex 41.1341 19.9331 27
    endloop
  endfacet
  facet normal -0 0 1
    outer loop
      vertex 37.8296 25.6566 27
      vertex 41.1341 19.9331 27
      vertex 38.0807 25.7675 27
    endloop
  endfacet
  facet normal 0 0 1
    outer loop
      vertex 41.1341 19.9331 27
      vertex 37.8296 25.6566 27
      vertex 40.9511 19.8084 27
    endloop
  endfacet
  facet normal 0 0 1
    outer loop
      vertex 40.9511 19.8084 27
      vertex 37.6302 25.5605 27
      vertex 40.8073 19.7173 27
    endloop
  endfacet
  facet normal -0 0 1
    outer loop
      vertex 37.6302 25.5605 27
      vertex 40.9511 19.8084 27
      vertex 37.8296 25.6566 27
    endloop
  endfacet
  facet normal 0 0 1
    outer loop
      vertex 49.9348 14.5091 27
      vertex 49.7182 11.6878 27
      vertex 50.4994 12.4021 27
    endloop
  endfacet
  facet normal 0 0 1
    outer loop
      vertex 48.9011 14.7371 27
      vertex 49.7182 11.6878 27
      vertex 49.9348 14.5091 27
    endloop
  endfacet
  facet normal 0 0 1
    outer loop
      vertex 49.7182 11.6878 27
      vertex 48.9011 14.7371 27
      vertex 48.9946 11.0797 27
    endloop
  endfacet
  facet normal 0 0 1
    outer loop
      vertex 47.9704 14.902 27
      vertex 48.9946 11.0797 27
      vertex 48.9011 14.7371 27
    endloop
  endfacet
  facet normal 0 0 1
    outer loop
      vertex 48.9946 11.0797 27
      vertex 47.9704 14.902 27
      vertex 48.3277 10.5637 27
    endloop
  endfacet
  facet normal 0 0 1
    outer loop
      vertex 47.1349 15.0154 27
      vertex 48.3277 10.5637 27
      vertex 47.9704 14.902 27
    endloop
  endfacet
  facet normal 0 0 1
    outer loop
      vertex 48.3277 10.5637 27
      vertex 47.1349 15.0154 27
      vertex 47.7166 10.128 27
    endloop
  endfacet
  facet normal 0 0 1
    outer loop
      vertex 46.3878 15.0872 27
      vertex 47.7166 10.128 27
      vertex 47.1349 15.0154 27
    endloop
  endfacet
  facet normal 0 0 1
    outer loop
      vertex 47.7166 10.128 27
      vertex 46.3878 15.0872 27
      vertex 47.1599 9.76227 27
    endloop
  endfacet
  facet normal 0 0 1
    outer loop
      vertex 45.7228 15.1256 27
      vertex 47.1599 9.76227 27
      vertex 46.3878 15.0872 27
    endloop
  endfacet
  facet normal 0 0 1
    outer loop
      vertex 47.1599 9.76227 27
      vertex 45.7228 15.1256 27
      vertex 46.6563 9.45752 27
    endloop
  endfacet
  facet normal 0 0 1
    outer loop
      vertex 45.1343 15.1377 27
      vertex 46.6563 9.45752 27
      vertex 45.7228 15.1256 27
    endloop
  endfacet
  facet normal 0 0 1
    outer loop
      vertex 46.6563 9.45752 27
      vertex 45.1343 15.1377 27
      vertex 46.2044 9.206 27
    endloop
  endfacet
  facet normal -0 0 1
    outer loop
      vertex 44.6172 15.1295 27
      vertex 46.2044 9.206 27
      vertex 45.1343 15.1377 27
    endloop
  endfacet
  facet normal 0 0 1
    outer loop
      vertex 46.2044 9.206 27
      vertex 44.6172 15.1295 27
      vertex 45.803 9.00091 27
    endloop
  endfacet
  facet normal -0 0 1
    outer loop
      vertex 44.1671 15.1065 27
      vertex 45.803 9.00091 27
      vertex 44.6172 15.1295 27
    endloop
  endfacet
  facet normal 0 0 1
    outer loop
      vertex 45.803 9.00091 27
      vertex 44.1671 15.1065 27
      vertex 45.4511 8.83626 27
    endloop
  endfacet
  facet normal -0 0 1
    outer loop
      vertex 43.7799 15.0731 27
      vertex 45.4511 8.83626 27
      vertex 44.1671 15.1065 27
    endloop
  endfacet
  facet normal 0 0 1
    outer loop
      vertex 45.4511 8.83626 27
      vertex 43.7799 15.0731 27
      vertex 45.1475 8.70672 27
    endloop
  endfacet
  facet normal -0 0 1
    outer loop
      vertex 43.4523 15.0335 27
      vertex 45.1475 8.70672 27
      vertex 43.7799 15.0731 27
    endloop
  endfacet
  facet normal 0 0 1
    outer loop
      vertex 45.1475 8.70672 27
      vertex 43.4523 15.0335 27
      vertex 44.8915 8.60758 27
    endloop
  endfacet
  facet normal -0 0 1
    outer loop
      vertex 43.181 14.9914 27
      vertex 44.8915 8.60758 27
      vertex 43.4523 15.0335 27
    endloop
  endfacet
  facet normal 0 0 1
    outer loop
      vertex 44.8915 8.60758 27
      vertex 43.181 14.9914 27
      vertex 44.6825 8.53454 27
    endloop
  endfacet
  facet normal -0 0 1
    outer loop
      vertex 42.9635 14.9501 27
      vertex 44.6825 8.53454 27
      vertex 43.181 14.9914 27
    endloop
  endfacet
  facet normal 0 0 1
    outer loop
      vertex 44.6825 8.53454 27
      vertex 42.9635 14.9501 27
      vertex 44.52 8.4837 27
    endloop
  endfacet
  facet normal 0 0 1
    outer loop
      vertex 44.52 8.4837 27
      vertex 42.9635 14.9501 27
      vertex 44.4038 8.45145 27
    endloop
  endfacet
  facet normal 0 0 1
    outer loop
      vertex 44.4038 8.45145 27
      vertex 42.9635 14.9501 27
      vertex 44.3106 8.42948 27
    endloop
  endfacet
  facet normal -0 0 1
    outer loop
      vertex 42.7973 14.9129 27
      vertex 44.3106 8.42948 27
      vertex 42.9635 14.9501 27
    endloop
  endfacet
  facet normal -0 0 1
    outer loop
      vertex 42.6806 14.8827 27
      vertex 44.3106 8.42948 27
      vertex 42.7973 14.9129 27
    endloop
  endfacet
  facet normal -0 0 1
    outer loop
      vertex 42.5888 14.8551 27
      vertex 44.3106 8.42948 27
      vertex 42.6806 14.8827 27
    endloop
  endfacet
  facet normal 0 0 1
    outer loop
      vertex 42.5888 14.8551 27
      vertex 42.5699 8.09834 27
      vertex 44.3106 8.42948 27
    endloop
  endfacet
  facet normal -0 0 1
    outer loop
      vertex 8.08026 -1.06378 27
      vertex 43.2153 -3.1955 27
      vertex 8.13254 -0.533035 27
    endloop
  endfacet
  facet normal -0 0 1
    outer loop
      vertex 40.8991 14.2657 27
      vertex 42.5699 8.09834 27
      vertex 42.5888 14.8551 27
    endloop
  endfacet
  facet normal 0 0 1
    outer loop
      vertex 8.14999 0 27
      vertex 42.5699 8.09834 27
      vertex 40.8991 14.2657 27
    endloop
  endfacet
  facet normal 0 0 1
    outer loop
      vertex 8.14999 0 27
      vertex 40.8991 14.2657 27
      vertex 40.172 16.2477 27
    endloop
  endfacet
  facet normal 0 0 1
    outer loop
      vertex 43.2153 -3.1955 27
      vertex 8.08026 -1.06378 27
      vertex 42.9138 -6.01506 27
    endloop
  endfacet
  facet normal 0 0 1
    outer loop
      vertex 8.14999 0 27
      vertex 40.172 16.2477 27
      vertex 39.0233 18.8403 27
    endloop
  endfacet
  facet normal 0 0 1
    outer loop
      vertex 42.9138 -6.01506 27
      vertex 8.08026 -1.06378 27
      vertex 42.5525 -8.09505 27
    endloop
  endfacet
  facet normal 0 0 1
    outer loop
      vertex 51.0491 1.57843 27
      vertex 51.9885 -1.09069 27
      vertex 51.9885 1.09068 27
    endloop
  endfacet
  facet normal 0 0 1
    outer loop
      vertex 51.0491 1.57843 27
      vertex 51.0491 -1.57845 27
      vertex 51.9885 -1.09069 27
    endloop
  endfacet
  facet normal 0 0 1
    outer loop
      vertex 50.1927 1.97857 27
      vertex 51.0491 -1.57845 27
      vertex 51.0491 1.57843 27
    endloop
  endfacet
  facet normal 0 0 1
    outer loop
      vertex 50.1927 1.97857 27
      vertex 50.1927 -1.97861 27
      vertex 51.0491 -1.57845 27
    endloop
  endfacet
  facet normal 0 0 1
    outer loop
      vertex 49.4151 2.30435 27
      vertex 50.1927 -1.97861 27
      vertex 50.1927 1.97857 27
    endloop
  endfacet
  facet normal 0 0 1
    outer loop
      vertex 49.4151 2.30435 27
      vertex 49.4151 -2.30438 27
      vertex 50.1927 -1.97861 27
    endloop
  endfacet
  facet normal 0 0 1
    outer loop
      vertex 49.4151 2.30435 27
      vertex 48.712 -2.56707 27
      vertex 49.4151 -2.30438 27
    endloop
  endfacet
  facet normal 0 0 1
    outer loop
      vertex 48.712 2.56703 27
      vertex 48.712 -2.56707 27
      vertex 49.4151 2.30435 27
    endloop
  endfacet
  facet normal 0 0 1
    outer loop
      vertex 48.0797 2.77624 27
      vertex 48.712 -2.56707 27
      vertex 48.712 2.56703 27
    endloop
  endfacet
  facet normal 0 0 1
    outer loop
      vertex 48.0797 2.77624 27
      vertex 48.0797 -2.77627 27
      vertex 48.712 -2.56707 27
    endloop
  endfacet
  facet normal 0 0 1
    outer loop
      vertex 48.0797 2.77624 27
      vertex 47.5143 -2.94028 27
      vertex 48.0797 -2.77627 27
    endloop
  endfacet
  facet normal 0 0 1
    outer loop
      vertex 47.5143 2.94026 27
      vertex 47.5143 -2.94028 27
      vertex 48.0797 2.77624 27
    endloop
  endfacet
  facet normal 0 0 1
    outer loop
      vertex 47.0127 3.06624 27
      vertex 47.5143 -2.94028 27
      vertex 47.5143 2.94026 27
    endloop
  endfacet
  facet normal 0 0 1
    outer loop
      vertex 47.0127 3.06624 27
      vertex 47.0127 -3.06628 27
      vertex 47.5143 -2.94028 27
    endloop
  endfacet
  facet normal 0 0 1
    outer loop
      vertex 46.572 3.16048 27
      vertex 47.0127 -3.06628 27
      vertex 47.0127 3.06624 27
    endloop
  endfacet
  facet normal 0 0 1
    outer loop
      vertex 46.572 3.16048 27
      vertex 46.572 -3.1605 27
      vertex 47.0127 -3.06628 27
    endloop
  endfacet
  facet normal 0 0 1
    outer loop
      vertex 46.572 3.16048 27
      vertex 46.1894 -3.22845 27
      vertex 46.572 -3.1605 27
    endloop
  endfacet
  facet normal 0 0 1
    outer loop
      vertex 46.1894 3.22843 27
      vertex 46.1894 -3.22845 27
      vertex 46.572 3.16048 27
    endloop
  endfacet
  facet normal 0 0 1
    outer loop
      vertex 45.8626 3.27497 27
      vertex 46.1894 -3.22845 27
      vertex 46.1894 3.22843 27
    endloop
  endfacet
  facet normal 0 0 1
    outer loop
      vertex 45.8626 3.27497 27
      vertex 45.8626 -3.27499 27
      vertex 46.1894 -3.22845 27
    endloop
  endfacet
  facet normal 0 0 1
    outer loop
      vertex 45.5897 3.30449 27
      vertex 45.8626 -3.27499 27
      vertex 45.8626 3.27497 27
    endloop
  endfacet
  facet normal 0 0 1
    outer loop
      vertex 45.5897 3.30449 27
      vertex 45.5897 -3.30451 27
      vertex 45.8626 -3.27499 27
    endloop
  endfacet
  facet normal 0 0 1
    outer loop
      vertex 45.5897 3.30449 27
      vertex 45.3689 -3.32097 27
      vertex 45.5897 -3.30451 27
    endloop
  endfacet
  facet normal 0 0 1
    outer loop
      vertex 45.3689 3.32094 27
      vertex 45.3689 -3.32097 27
      vertex 45.5897 3.30449 27
    endloop
  endfacet
  facet normal 0 0 1
    outer loop
      vertex 45.1988 3.32799 27
      vertex 45.3689 -3.32097 27
      vertex 45.3689 3.32094 27
    endloop
  endfacet
  facet normal 0 0 1
    outer loop
      vertex 45.1988 3.32799 27
      vertex 45.1988 -3.32802 27
      vertex 45.3689 -3.32097 27
    endloop
  endfacet
  facet normal 0 0 1
    outer loop
      vertex 45.0782 3.32906 27
      vertex 45.1988 -3.32802 27
      vertex 45.1988 3.32799 27
    endloop
  endfacet
  facet normal 0 0 1
    outer loop
      vertex 45.0782 3.32906 27
      vertex 45.0782 -3.3291 27
      vertex 45.1988 -3.32802 27
    endloop
  endfacet
  facet normal -0 0 1
    outer loop
      vertex 44.9824 3.32615 27
      vertex 45.0782 -3.3291 27
      vertex 45.0782 3.32906 27
    endloop
  endfacet
  facet normal 0 0 1
    outer loop
      vertex 44.9824 3.32615 27
      vertex 44.9824 -3.32616 27
      vertex 45.0782 -3.3291 27
    endloop
  endfacet
  facet normal 0 0 1
    outer loop
      vertex 44.9824 3.32615 27
      vertex 43.2153 -3.1955 27
      vertex 44.9824 -3.32616 27
    endloop
  endfacet
  facet normal -0 0 1
    outer loop
      vertex 43.1977 3.19419 27
      vertex 43.2153 -3.1955 27
      vertex 44.9824 3.32615 27
    endloop
  endfacet
  facet normal 0 0 1
    outer loop
      vertex 8.14999 0 27
      vertex 43.0084 5.29679 27
      vertex 42.5699 8.09834 27
    endloop
  endfacet
  facet normal -0 0 1
    outer loop
      vertex 8.14999 0 27
      vertex 43.2153 -3.1955 27
      vertex 43.1977 3.19419 27
    endloop
  endfacet
  facet normal 0 0 1
    outer loop
      vertex 43.0084 5.29679 27
      vertex 8.14999 0 27
      vertex 43.1977 3.19419 27
    endloop
  endfacet
  facet normal -0 0 1
    outer loop
      vertex 8.13254 -0.533035 27
      vertex 43.2153 -3.1955 27
      vertex 8.14999 0 27
    endloop
  endfacet
  facet normal 0 0 1
    outer loop
      vertex 49.7182 -11.6878 27
      vertex 49.9348 -14.5091 27
      vertex 50.4994 -12.4021 27
    endloop
  endfacet
  facet normal 0 0 1
    outer loop
      vertex 48.9011 -14.7371 27
      vertex 49.7182 -11.6878 27
      vertex 48.9946 -11.0797 27
    endloop
  endfacet
  facet normal 0 0 1
    outer loop
      vertex 49.7182 -11.6878 27
      vertex 48.9011 -14.7371 27
      vertex 49.9348 -14.5091 27
    endloop
  endfacet
  facet normal 0 0 1
    outer loop
      vertex 47.9704 -14.902 27
      vertex 48.9946 -11.0797 27
      vertex 48.3277 -10.5637 27
    endloop
  endfacet
  facet normal 0 0 1
    outer loop
      vertex 48.9946 -11.0797 27
      vertex 47.9704 -14.902 27
      vertex 48.9011 -14.7371 27
    endloop
  endfacet
  facet normal 0 0 1
    outer loop
      vertex 47.1349 -15.0154 27
      vertex 48.3277 -10.5637 27
      vertex 47.7166 -10.128 27
    endloop
  endfacet
  facet normal 0 0 1
    outer loop
      vertex 46.3878 -15.0872 27
      vertex 47.7166 -10.128 27
      vertex 47.1599 -9.76228 27
    endloop
  endfacet
  facet normal 0 0 1
    outer loop
      vertex 48.3277 -10.5637 27
      vertex 47.1349 -15.0154 27
      vertex 47.9704 -14.902 27
    endloop
  endfacet
  facet normal 0 0 1
    outer loop
      vertex 45.7228 -15.1256 27
      vertex 47.1599 -9.76228 27
      vertex 46.6563 -9.45753 27
    endloop
  endfacet
  facet normal 0 0 1
    outer loop
      vertex 47.7166 -10.128 27
      vertex 46.3878 -15.0872 27
      vertex 47.1349 -15.0154 27
    endloop
  endfacet
  facet normal 0 0 1
    outer loop
      vertex 45.1343 -15.1377 27
      vertex 46.6563 -9.45753 27
      vertex 46.2044 -9.20602 27
    endloop
  endfacet
  facet normal 0 0 1
    outer loop
      vertex 44.6172 -15.1296 27
      vertex 46.2044 -9.20602 27
      vertex 45.8031 -9.00091 27
    endloop
  endfacet
  facet normal 0 0 1
    outer loop
      vertex 47.1599 -9.76228 27
      vertex 45.7228 -15.1256 27
      vertex 46.3878 -15.0872 27
    endloop
  endfacet
  facet normal 0 0 1
    outer loop
      vertex 44.1671 -15.1065 27
      vertex 45.8031 -9.00091 27
      vertex 45.4511 -8.83626 27
    endloop
  endfacet
  facet normal 0 0 1
    outer loop
      vertex 43.7799 -15.0731 27
      vertex 45.4511 -8.83626 27
      vertex 45.1475 -8.70673 27
    endloop
  endfacet
  facet normal 0 0 1
    outer loop
      vertex 46.6563 -9.45753 27
      vertex 45.1343 -15.1377 27
      vertex 45.7228 -15.1256 27
    endloop
  endfacet
  facet normal 0 0 1
    outer loop
      vertex 43.4523 -15.0335 27
      vertex 45.1475 -8.70673 27
      vertex 44.8915 -8.6076 27
    endloop
  endfacet
  facet normal 0 0 1
    outer loop
      vertex 43.181 -14.9914 27
      vertex 44.8915 -8.6076 27
      vertex 44.6825 -8.53455 27
    endloop
  endfacet
  facet normal 0 0 1
    outer loop
      vertex 46.2044 -9.20602 27
      vertex 44.6172 -15.1296 27
      vertex 45.1343 -15.1377 27
    endloop
  endfacet
  facet normal 0 0 1
    outer loop
      vertex 42.9635 -14.9501 27
      vertex 44.6825 -8.53455 27
      vertex 44.52 -8.48372 27
    endloop
  endfacet
  facet normal 0 0 1
    outer loop
      vertex 42.9635 -14.9501 27
      vertex 44.52 -8.48372 27
      vertex 44.4038 -8.45147 27
    endloop
  endfacet
  facet normal 0 0 1
    outer loop
      vertex 42.9635 -14.9501 27
      vertex 44.4038 -8.45147 27
      vertex 44.3106 -8.42949 27
    endloop
  endfacet
  facet normal 0 0 1
    outer loop
      vertex 45.8031 -9.00091 27
      vertex 44.1671 -15.1065 27
      vertex 44.6172 -15.1296 27
    endloop
  endfacet
  facet normal 0 0 1
    outer loop
      vertex 45.4511 -8.83626 27
      vertex 43.7799 -15.0731 27
      vertex 44.1671 -15.1065 27
    endloop
  endfacet
  facet normal 0 0 1
    outer loop
      vertex 45.1475 -8.70673 27
      vertex 43.4523 -15.0335 27
      vertex 43.7799 -15.0731 27
    endloop
  endfacet
  facet normal 0 0 1
    outer loop
      vertex 44.8915 -8.6076 27
      vertex 43.181 -14.9914 27
      vertex 43.4523 -15.0335 27
    endloop
  endfacet
  facet normal 0 0 1
    outer loop
      vertex 44.6825 -8.53455 27
      vertex 42.9635 -14.9501 27
      vertex 43.181 -14.9914 27
    endloop
  endfacet
  facet normal 0 0 1
    outer loop
      vertex 44.3106 -8.42949 27
      vertex 42.7973 -14.9129 27
      vertex 42.9635 -14.9501 27
    endloop
  endfacet
  facet normal 0 0 1
    outer loop
      vertex 44.3106 -8.42949 27
      vertex 42.6806 -14.8827 27
      vertex 42.7973 -14.9129 27
    endloop
  endfacet
  facet normal 0 0 1
    outer loop
      vertex 44.3106 -8.42949 27
      vertex 42.5888 -14.8551 27
      vertex 42.6806 -14.8827 27
    endloop
  endfacet
  facet normal 0 0 1
    outer loop
      vertex 42.5525 -8.09505 27
      vertex 42.5888 -14.8551 27
      vertex 44.3106 -8.42949 27
    endloop
  endfacet
  facet normal 0 0 1
    outer loop
      vertex 42.5888 -14.8551 27
      vertex 42.5525 -8.09505 27
      vertex 40.9158 -14.2716 27
    endloop
  endfacet
  facet normal 0 0 1
    outer loop
      vertex 44.999 -24.1576 27
      vertex 44.478 -26.9388 27
      vertex 45.5687 -25.0497 27
    endloop
  endfacet
  facet normal 0 0 1
    outer loop
      vertex 43.4206 -26.8915 27
      vertex 44.999 -24.1576 27
      vertex 44.4575 -23.3829 27
    endloop
  endfacet
  facet normal 0 0 1
    outer loop
      vertex 42.4789 -26.8099 27
      vertex 44.4575 -23.3829 27
      vertex 43.9469 -22.7119 27
    endloop
  endfacet
  facet normal 0 0 1
    outer loop
      vertex 41.6425 -26.7032 27
      vertex 43.9469 -22.7119 27
      vertex 43.4694 -22.1329 27
    endloop
  endfacet
  facet normal 0 0 1
    outer loop
      vertex 44.999 -24.1576 27
      vertex 43.4206 -26.8915 27
      vertex 44.478 -26.9388 27
    endloop
  endfacet
  facet normal 0 0 1
    outer loop
      vertex 40.9023 -26.5792 27
      vertex 43.4694 -22.1329 27
      vertex 43.0263 -21.6355 27
    endloop
  endfacet
  facet normal 0 0 1
    outer loop
      vertex 40.2501 -26.4441 27
      vertex 43.0263 -21.6355 27
      vertex 42.6187 -21.2108 27
    endloop
  endfacet
  facet normal 0 0 1
    outer loop
      vertex 44.4575 -23.3829 27
      vertex 42.4789 -26.8099 27
      vertex 43.4206 -26.8915 27
    endloop
  endfacet
  facet normal 0 0 1
    outer loop
      vertex 39.6785 -26.3035 27
      vertex 42.6187 -21.2108 27
      vertex 42.2473 -20.8509 27
    endloop
  endfacet
  facet normal 0 0 1
    outer loop
      vertex 39.1811 -26.1618 27
      vertex 42.2473 -20.8509 27
      vertex 41.9127 -20.5489 27
    endloop
  endfacet
  facet normal 0 0 1
    outer loop
      vertex 43.9469 -22.7119 27
      vertex 41.6425 -26.7032 27
      vertex 42.4789 -26.8099 27
    endloop
  endfacet
  facet normal 0 0 1
    outer loop
      vertex 38.7522 -26.023 27
      vertex 41.9127 -20.5489 27
      vertex 41.6154 -20.2988 27
    endloop
  endfacet
  facet normal 0 0 1
    outer loop
      vertex 38.3869 -25.8906 27
      vertex 41.6154 -20.2988 27
      vertex 41.3557 -20.0951 27
    endloop
  endfacet
  facet normal 0 0 1
    outer loop
      vertex 38.0807 -25.7675 27
      vertex 41.3557 -20.0951 27
      vertex 41.1341 -19.9331 27
    endloop
  endfacet
  facet normal 0 0 1
    outer loop
      vertex 37.8296 -25.6566 27
      vertex 41.1341 -19.9331 27
      vertex 40.9511 -19.8084 27
    endloop
  endfacet
  facet normal 0 0 1
    outer loop
      vertex 43.4694 -22.1329 27
      vertex 40.9023 -26.5792 27
      vertex 41.6425 -26.7032 27
    endloop
  endfacet
  facet normal 0 0 1
    outer loop
      vertex 37.6301 -25.5605 27
      vertex 40.9511 -19.8084 27
      vertex 40.8073 -19.7173 27
    endloop
  endfacet
  facet normal 0 0 1
    outer loop
      vertex 37.6301 -25.5605 27
      vertex 40.8073 -19.7173 27
      vertex 40.7034 -19.6561 27
    endloop
  endfacet
  facet normal 0 0 1
    outer loop
      vertex 37.6301 -25.5605 27
      vertex 40.7034 -19.6561 27
      vertex 40.619 -19.6107 27
    endloop
  endfacet
  facet normal 0 0 1
    outer loop
      vertex 43.0263 -21.6355 27
      vertex 40.2501 -26.4441 27
      vertex 40.9023 -26.5792 27
    endloop
  endfacet
  facet normal 0 0 1
    outer loop
      vertex 42.6187 -21.2108 27
      vertex 39.6785 -26.3035 27
      vertex 40.2501 -26.4441 27
    endloop
  endfacet
  facet normal 0 0 1
    outer loop
      vertex 42.2473 -20.8509 27
      vertex 39.1811 -26.1618 27
      vertex 39.6785 -26.3035 27
    endloop
  endfacet
  facet normal 0 0 1
    outer loop
      vertex 37.2928 -25.3717 27
      vertex 40.619 -19.6107 27
      vertex 39.0074 -18.8326 27
    endloop
  endfacet
  facet normal 0 0 1
    outer loop
      vertex 41.9127 -20.5489 27
      vertex 38.7522 -26.023 27
      vertex 39.1811 -26.1618 27
    endloop
  endfacet
  facet normal 0 0 1
    outer loop
      vertex 8.14999 0 27
      vertex 39.0233 18.8403 27
      vertex 35.8132 24.3651 27
    endloop
  endfacet
  facet normal 0 -0 1
    outer loop
      vertex 37.2928 -25.3717 27
      vertex 39.0074 -18.8326 27
      vertex 35.8278 -24.375 27
    endloop
  endfacet
  facet normal 0 0 1
    outer loop
      vertex 40.8073 19.7173 27
      vertex 37.6302 25.5605 27
      vertex 40.7034 19.656 27
    endloop
  endfacet
  facet normal 0 0 1
    outer loop
      vertex 40.7034 19.656 27
      vertex 37.6302 25.5605 27
      vertex 40.619 19.6107 27
    endloop
  endfacet
  facet normal -0 0 1
    outer loop
      vertex 7.99339 -1.58998 27
      vertex 42.5525 -8.09505 27
      vertex 8.08026 -1.06378 27
    endloop
  endfacet
  facet normal -0 0 1
    outer loop
      vertex 37.2928 25.3717 27
      vertex 40.619 19.6107 27
      vertex 37.6302 25.5605 27
    endloop
  endfacet
  facet normal 0 0 1
    outer loop
      vertex 40.619 -19.6107 27
      vertex 37.2928 -25.3717 27
      vertex 37.6301 -25.5605 27
    endloop
  endfacet
  facet normal 0 0 1
    outer loop
      vertex 40.619 19.6107 27
      vertex 37.2928 25.3717 27
      vertex 39.0233 18.8403 27
    endloop
  endfacet
  facet normal 0 0 1
    outer loop
      vertex 41.3557 -20.0951 27
      vertex 38.0807 -25.7675 27
      vertex 38.3869 -25.8906 27
    endloop
  endfacet
  facet normal 0 0 1
    outer loop
      vertex 37.2928 25.3717 27
      vertex 37.6302 25.5605 27
      vertex 37.4793 25.4815 27
    endloop
  endfacet
  facet normal 0 0 1
    outer loop
      vertex 41.1341 -19.9331 27
      vertex 37.8296 -25.6566 27
      vertex 38.0807 -25.7675 27
    endloop
  endfacet
  facet normal 0 0 1
    outer loop
      vertex 37.2928 25.3717 27
      vertex 37.4793 25.4815 27
      vertex 37.3744 25.4222 27
    endloop
  endfacet
  facet normal 0 0 1
    outer loop
      vertex 40.9511 -19.8084 27
      vertex 37.6301 -25.5605 27
      vertex 37.8296 -25.6566 27
    endloop
  endfacet
  facet normal 0 0 1
    outer loop
      vertex 39.0233 18.8403 27
      vertex 37.2928 25.3717 27
      vertex 35.8132 24.3651 27
    endloop
  endfacet
  facet normal 0 0 1
    outer loop
      vertex 37.6301 -25.5605 27
      vertex 37.2928 -25.3717 27
      vertex 37.4793 -25.4815 27
    endloop
  endfacet
  facet normal 0 0 1
    outer loop
      vertex 37.4793 -25.4815 27
      vertex 37.2928 -25.3717 27
      vertex 37.3743 -25.4222 27
    endloop
  endfacet
  facet normal 0 0 1
    outer loop
      vertex 41.6154 -20.2988 27
      vertex 38.3869 -25.8906 27
      vertex 38.7522 -26.023 27
    endloop
  endfacet
  facet normal 0 0 1
    outer loop
      vertex 8.14999 0 27
      vertex 35.8132 24.3651 27
      vertex 34.5979 26.0913 27
    endloop
  endfacet
  facet normal -0 0 1
    outer loop
      vertex 7.87228 -2.10938 27
      vertex 42.5525 -8.09505 27
      vertex 7.99339 -1.58998 27
    endloop
  endfacet
  facet normal 0 0 1
    outer loop
      vertex 8.14999 0 27
      vertex 34.5979 26.0913 27
      vertex 32.8174 28.2983 27
    endloop
  endfacet
  facet normal 0 0 1
    outer loop
      vertex 42.5525 -8.09505 27
      vertex 7.87228 -2.10938 27
      vertex 40.9158 -14.2716 27
    endloop
  endfacet
  facet normal 0 0 1
    outer loop
      vertex 34.981 -37.2133 27
      vertex 37.2133 -34.981 27
      vertex 36.8907 -34.0926 27
    endloop
  endfacet
  facet normal 0 0 1
    outer loop
      vertex 34.0925 -36.8907 27
      vertex 36.8907 -34.0926 27
      vertex 36.5712 -33.3123 27
    endloop
  endfacet
  facet normal 0 0 1
    outer loop
      vertex 33.3123 -36.5712 27
      vertex 36.5712 -33.3123 27
      vertex 36.2598 -32.6294 27
    endloop
  endfacet
  facet normal 0 0 1
    outer loop
      vertex 37.2133 -34.981 27
      vertex 34.981 -37.2133 27
      vertex 37.5327 -35.9902 27
    endloop
  endfacet
  facet normal 0 0 1
    outer loop
      vertex 32.6294 -36.2598 27
      vertex 36.2598 -32.6294 27
      vertex 35.9605 -32.0343 27
    endloop
  endfacet
  facet normal 0 0 1
    outer loop
      vertex 32.0343 -35.9605 27
      vertex 35.9605 -32.0343 27
      vertex 35.6768 -31.5186 27
    endloop
  endfacet
  facet normal 0 0 1
    outer loop
      vertex 31.5186 -35.6768 27
      vertex 35.6768 -31.5186 27
      vertex 35.4112 -31.0748 27
    endloop
  endfacet
  facet normal 0 0 1
    outer loop
      vertex 31.0748 -35.4112 27
      vertex 35.4112 -31.0748 27
      vertex 35.1661 -30.6966 27
    endloop
  endfacet
  facet normal 0 0 1
    outer loop
      vertex 37.5327 -35.9902 27
      vertex 34.981 -37.2133 27
      vertex 35.9902 -37.5327 27
    endloop
  endfacet
  facet normal 0 0 1
    outer loop
      vertex 30.6965 -35.1661 27
      vertex 35.1661 -30.6966 27
      vertex 34.9437 -30.378 27
    endloop
  endfacet
  facet normal 0 0 1
    outer loop
      vertex 30.378 -34.9437 27
      vertex 34.9437 -30.378 27
      vertex 34.7455 -30.114 27
    endloop
  endfacet
  facet normal 0 0 1
    outer loop
      vertex 30.114 -34.7455 27
      vertex 34.7455 -30.114 27
      vertex 34.5734 -29.9002 27
    endloop
  endfacet
  facet normal 0 0 1
    outer loop
      vertex 29.9002 -34.5734 27
      vertex 34.5734 -29.9002 27
      vertex 34.4289 -29.7324 27
    endloop
  endfacet
  facet normal 0 0 1
    outer loop
      vertex 29.7324 -34.4289 27
      vertex 34.4289 -29.7324 27
      vertex 34.3136 -29.6071 27
    endloop
  endfacet
  facet normal 0 0 1
    outer loop
      vertex 29.7324 -34.4289 27
      vertex 34.3136 -29.6071 27
      vertex 34.2291 -29.5211 27
    endloop
  endfacet
  facet normal 0 0 1
    outer loop
      vertex 29.7324 -34.4289 27
      vertex 34.2291 -29.5211 27
      vertex 34.1593 -29.4554 27
    endloop
  endfacet
  facet normal 0 0 1
    outer loop
      vertex 36.8907 -34.0926 27
      vertex 34.0925 -36.8907 27
      vertex 34.981 -37.2133 27
    endloop
  endfacet
  facet normal 0 0 1
    outer loop
      vertex 36.5712 -33.3123 27
      vertex 33.3123 -36.5712 27
      vertex 34.0925 -36.8907 27
    endloop
  endfacet
  facet normal 0 0 1
    outer loop
      vertex 29.4554 -34.1593 27
      vertex 34.1593 -29.4554 27
      vertex 32.804 -28.2868 27
    endloop
  endfacet
  facet normal 0 0 1
    outer loop
      vertex 36.2598 -32.6294 27
      vertex 32.6294 -36.2598 27
      vertex 33.3123 -36.5712 27
    endloop
  endfacet
  facet normal 0 0 1
    outer loop
      vertex 8.14999 0 27
      vertex 32.8174 28.2983 27
      vertex 28.2868 32.804 27
    endloop
  endfacet
  facet normal -0 0 1
    outer loop
      vertex 29.9002 34.5734 27
      vertex 34.5734 29.9002 27
      vertex 30.114 34.7455 27
    endloop
  endfacet
  facet normal -0 0 1
    outer loop
      vertex 7.71747 -2.61972 27
      vertex 40.9158 -14.2716 27
      vertex 7.87228 -2.10938 27
    endloop
  endfacet
  facet normal 0 0 1
    outer loop
      vertex 34.5734 29.9002 27
      vertex 29.9002 34.5734 27
      vertex 34.4289 29.7324 27
    endloop
  endfacet
  facet normal 0 -0 1
    outer loop
      vertex 29.4554 -34.1593 27
      vertex 32.804 -28.2868 27
      vertex 28.2983 -32.8174 27
    endloop
  endfacet
  facet normal -0 0 1
    outer loop
      vertex 29.7324 34.4289 27
      vertex 34.4289 29.7324 27
      vertex 29.9002 34.5734 27
    endloop
  endfacet
  facet normal 0 0 1
    outer loop
      vertex 35.9605 -32.0343 27
      vertex 32.0343 -35.9605 27
      vertex 32.6294 -36.2598 27
    endloop
  endfacet
  facet normal 0 0 1
    outer loop
      vertex 34.4289 29.7324 27
      vertex 29.7324 34.4289 27
      vertex 34.3136 29.6071 27
    endloop
  endfacet
  facet normal 0 0 1
    outer loop
      vertex 35.6768 -31.5186 27
      vertex 31.5186 -35.6768 27
      vertex 32.0343 -35.9605 27
    endloop
  endfacet
  facet normal 0 0 1
    outer loop
      vertex 35.1661 -30.6966 27
      vertex 30.6965 -35.1661 27
      vertex 31.0748 -35.4112 27
    endloop
  endfacet
  facet normal 0 0 1
    outer loop
      vertex 34.3136 29.6071 27
      vertex 29.7324 34.4289 27
      vertex 34.2291 29.5211 27
    endloop
  endfacet
  facet normal 0 0 1
    outer loop
      vertex 34.2291 29.5211 27
      vertex 29.7324 34.4289 27
      vertex 34.1593 29.4554 27
    endloop
  endfacet
  facet normal 0 0 1
    outer loop
      vertex 35.4112 -31.0748 27
      vertex 31.0748 -35.4112 27
      vertex 31.5186 -35.6768 27
    endloop
  endfacet
  facet normal -0 0 1
    outer loop
      vertex 29.4554 34.1593 27
      vertex 34.1593 29.4554 27
      vertex 29.7324 34.4289 27
    endloop
  endfacet
  facet normal 0 0 1
    outer loop
      vertex 34.1593 -29.4554 27
      vertex 29.4554 -34.1593 27
      vertex 29.7324 -34.4289 27
    endloop
  endfacet
  facet normal 0 0 1
    outer loop
      vertex 34.1593 29.4554 27
      vertex 29.4554 34.1593 27
      vertex 32.8174 28.2983 27
    endloop
  endfacet
  facet normal 0 0 1
    outer loop
      vertex 34.7455 -30.114 27
      vertex 30.114 -34.7455 27
      vertex 30.378 -34.9437 27
    endloop
  endfacet
  facet normal 0 0 1
    outer loop
      vertex 34.5734 -29.9002 27
      vertex 29.9002 -34.5734 27
      vertex 30.114 -34.7455 27
    endloop
  endfacet
  facet normal 0 0 1
    outer loop
      vertex 29.4554 34.1593 27
      vertex 29.7324 34.4289 27
      vertex 29.6071 34.3136 27
    endloop
  endfacet
  facet normal 0 0 1
    outer loop
      vertex 29.4554 34.1593 27
      vertex 29.6071 34.3136 27
      vertex 29.5211 34.2291 27
    endloop
  endfacet
  facet normal 0 0 1
    outer loop
      vertex 34.4289 -29.7324 27
      vertex 29.7324 -34.4289 27
      vertex 29.9002 -34.5734 27
    endloop
  endfacet
  facet normal 0 0 1
    outer loop
      vertex 32.8174 28.2983 27
      vertex 29.4554 34.1593 27
      vertex 28.2868 32.804 27
    endloop
  endfacet
  facet normal 0 0 1
    outer loop
      vertex 29.7324 -34.4289 27
      vertex 29.4554 -34.1593 27
      vertex 29.6071 -34.3136 27
    endloop
  endfacet
  facet normal 0 0 1
    outer loop
      vertex 29.6071 -34.3136 27
      vertex 29.4554 -34.1593 27
      vertex 29.5211 -34.2291 27
    endloop
  endfacet
  facet normal 0 0 1
    outer loop
      vertex 34.9437 -30.378 27
      vertex 30.378 -34.9437 27
      vertex 30.6965 -35.1661 27
    endloop
  endfacet
  facet normal 0 0 1
    outer loop
      vertex 8.14999 0 27
      vertex 28.2868 32.804 27
      vertex 26.6661 34.1569 27
    endloop
  endfacet
  facet normal -0 0 1
    outer loop
      vertex 7.52962 -3.11887 27
      vertex 40.9158 -14.2716 27
      vertex 7.71747 -2.61972 27
    endloop
  endfacet
  facet normal 0 0 1
    outer loop
      vertex 8.14999 0 27
      vertex 26.6661 34.1569 27
      vertex 24.375 35.8278 27
    endloop
  endfacet
  facet normal 0 0 1
    outer loop
      vertex 40.9158 -14.2716 27
      vertex 7.52962 -3.11887 27
      vertex 39.8948 -16.917 27
    endloop
  endfacet
  facet normal 0 0 1
    outer loop
      vertex 24.1576 -44.999 27
      vertex 26.8915 -43.4206 27
      vertex 26.8099 -42.4789 27
    endloop
  endfacet
  facet normal 0 0 1
    outer loop
      vertex 23.3828 -44.4575 27
      vertex 26.8099 -42.4789 27
      vertex 26.7032 -41.6426 27
    endloop
  endfacet
  facet normal 0 0 1
    outer loop
      vertex 22.7119 -43.9469 27
      vertex 26.7032 -41.6426 27
      vertex 26.5791 -40.9023 27
    endloop
  endfacet
  facet normal 0 0 1
    outer loop
      vertex 22.1329 -43.4694 27
      vertex 26.5791 -40.9023 27
      vertex 26.4441 -40.2501 27
    endloop
  endfacet
  facet normal 0 0 1
    outer loop
      vertex 21.6355 -43.0263 27
      vertex 26.4441 -40.2501 27
      vertex 26.3035 -39.6784 27
    endloop
  endfacet
  facet normal 0 0 1
    outer loop
      vertex 21.2108 -42.6187 27
      vertex 26.3035 -39.6784 27
      vertex 26.1618 -39.1811 27
    endloop
  endfacet
  facet normal 0 0 1
    outer loop
      vertex 20.8509 -42.2473 27
      vertex 26.1618 -39.1811 27
      vertex 26.023 -38.7523 27
    endloop
  endfacet
  facet normal 0 0 1
    outer loop
      vertex 20.5489 -41.9127 27
      vertex 26.023 -38.7523 27
      vertex 25.8906 -38.3869 27
    endloop
  endfacet
  facet normal 0 0 1
    outer loop
      vertex 20.2988 -41.6154 27
      vertex 25.8906 -38.3869 27
      vertex 25.7675 -38.0807 27
    endloop
  endfacet
  facet normal 0 0 1
    outer loop
      vertex 20.0951 -41.3557 27
      vertex 25.7675 -38.0807 27
      vertex 25.6566 -37.8296 27
    endloop
  endfacet
  facet normal 0 0 1
    outer loop
      vertex 19.9331 -41.1341 27
      vertex 25.6566 -37.8296 27
      vertex 25.5605 -37.6302 27
    endloop
  endfacet
  facet normal 0 0 1
    outer loop
      vertex 19.8084 -40.9511 27
      vertex 25.5605 -37.6302 27
      vertex 25.4815 -37.4793 27
    endloop
  endfacet
  facet normal 0 0 1
    outer loop
      vertex 19.8084 -40.9511 27
      vertex 25.4815 -37.4793 27
      vertex 25.4222 -37.3744 27
    endloop
  endfacet
  facet normal 0 0 1
    outer loop
      vertex 19.8084 -40.9511 27
      vertex 25.4222 -37.3744 27
      vertex 25.3717 -37.2928 27
    endloop
  endfacet
  facet normal 0 0 1
    outer loop
      vertex 26.7032 -41.6426 27
      vertex 22.7119 -43.9469 27
      vertex 23.3828 -44.4575 27
    endloop
  endfacet
  facet normal 0 0 1
    outer loop
      vertex 19.6107 -40.619 27
      vertex 25.3717 -37.2928 27
      vertex 24.3651 -35.8132 27
    endloop
  endfacet
  facet normal 0 0 1
    outer loop
      vertex 26.9388 -44.4781 27
      vertex 24.1576 -44.999 27
      vertex 25.0497 -45.5687 27
    endloop
  endfacet
  facet normal 0 0 1
    outer loop
      vertex 8.14999 0 27
      vertex 24.375 35.8278 27
      vertex 18.8326 39.0074 27
    endloop
  endfacet
  facet normal 0 0 1
    outer loop
      vertex 25.8906 38.3869 27
      vertex 20.2988 41.6154 27
      vertex 25.7675 38.0807 27
    endloop
  endfacet
  facet normal 0 0 1
    outer loop
      vertex 39.8948 -16.917 27
      vertex 7.52962 -3.11887 27
      vertex 39.0074 -18.8326 27
    endloop
  endfacet
  facet normal -0 0 1
    outer loop
      vertex 20.0951 41.3557 27
      vertex 25.7675 38.0807 27
      vertex 20.2988 41.6154 27
    endloop
  endfacet
  facet normal 0 -0 1
    outer loop
      vertex 19.6107 -40.619 27
      vertex 24.3651 -35.8132 27
      vertex 18.8403 -39.0233 27
    endloop
  endfacet
  facet normal 0 0 1
    outer loop
      vertex 25.7675 38.0807 27
      vertex 20.0951 41.3557 27
      vertex 25.6566 37.8296 27
    endloop
  endfacet
  facet normal 0 0 1
    outer loop
      vertex 26.8915 -43.4206 27
      vertex 24.1576 -44.999 27
      vertex 26.9388 -44.4781 27
    endloop
  endfacet
  facet normal -0 0 1
    outer loop
      vertex 19.9331 41.1341 27
      vertex 25.6566 37.8296 27
      vertex 20.0951 41.3557 27
    endloop
  endfacet
  facet normal 0 0 1
    outer loop
      vertex 26.8099 -42.4789 27
      vertex 23.3828 -44.4575 27
      vertex 24.1576 -44.999 27
    endloop
  endfacet
  facet normal 0 0 1
    outer loop
      vertex 25.6566 37.8296 27
      vertex 19.9331 41.1341 27
      vertex 25.5605 37.6301 27
    endloop
  endfacet
  facet normal 0 0 1
    outer loop
      vertex 26.5791 -40.9023 27
      vertex 22.1329 -43.4694 27
      vertex 22.7119 -43.9469 27
    endloop
  endfacet
  facet normal -0 0 1
    outer loop
      vertex 19.8084 40.9511 27
      vertex 25.5605 37.6301 27
      vertex 19.9331 41.1341 27
    endloop
  endfacet
  facet normal 0 0 1
    outer loop
      vertex 26.4441 -40.2501 27
      vertex 21.6355 -43.0263 27
      vertex 22.1329 -43.4694 27
    endloop
  endfacet
  facet normal 0 0 1
    outer loop
      vertex 25.5605 37.6301 27
      vertex 19.8084 40.9511 27
      vertex 25.4815 37.4793 27
    endloop
  endfacet
  facet normal 0 0 1
    outer loop
      vertex 26.3035 -39.6784 27
      vertex 21.2108 -42.6187 27
      vertex 21.6355 -43.0263 27
    endloop
  endfacet
  facet normal 0 0 1
    outer loop
      vertex 25.4815 37.4793 27
      vertex 19.8084 40.9511 27
      vertex 25.4222 37.3743 27
    endloop
  endfacet
  facet normal 0 0 1
    outer loop
      vertex 26.1618 -39.1811 27
      vertex 20.8509 -42.2473 27
      vertex 21.2108 -42.6187 27
    endloop
  endfacet
  facet normal 0 0 1
    outer loop
      vertex 25.4222 37.3743 27
      vertex 19.8084 40.9511 27
      vertex 25.3717 37.2928 27
    endloop
  endfacet
  facet normal 0 0 1
    outer loop
      vertex 26.023 -38.7523 27
      vertex 20.5489 -41.9127 27
      vertex 20.8509 -42.2473 27
    endloop
  endfacet
  facet normal -0 0 1
    outer loop
      vertex 19.6107 40.619 27
      vertex 25.3717 37.2928 27
      vertex 19.8084 40.9511 27
    endloop
  endfacet
  facet normal 0 0 1
    outer loop
      vertex 25.3717 -37.2928 27
      vertex 19.6107 -40.619 27
      vertex 19.8084 -40.9511 27
    endloop
  endfacet
  facet normal 0 0 1
    outer loop
      vertex 25.3717 37.2928 27
      vertex 19.6107 40.619 27
      vertex 24.375 35.8278 27
    endloop
  endfacet
  facet normal 0 0 1
    outer loop
      vertex 25.8906 -38.3869 27
      vertex 20.2988 -41.6154 27
      vertex 20.5489 -41.9127 27
    endloop
  endfacet
  facet normal 0 0 1
    outer loop
      vertex 19.6107 40.619 27
      vertex 19.8084 40.9511 27
      vertex 19.7173 40.8073 27
    endloop
  endfacet
  facet normal 0 0 1
    outer loop
      vertex 25.6566 -37.8296 27
      vertex 19.9331 -41.1341 27
      vertex 20.0951 -41.3557 27
    endloop
  endfacet
  facet normal 0 0 1
    outer loop
      vertex 19.6107 40.619 27
      vertex 19.7173 40.8073 27
      vertex 19.6561 40.7034 27
    endloop
  endfacet
  facet normal 0 0 1
    outer loop
      vertex 25.5605 -37.6302 27
      vertex 19.8084 -40.9511 27
      vertex 19.9331 -41.1341 27
    endloop
  endfacet
  facet normal 0 0 1
    outer loop
      vertex 24.375 35.8278 27
      vertex 19.6107 40.619 27
      vertex 18.8326 39.0074 27
    endloop
  endfacet
  facet normal 0 0 1
    outer loop
      vertex 19.8084 -40.9511 27
      vertex 19.6107 -40.619 27
      vertex 19.7173 -40.8073 27
    endloop
  endfacet
  facet normal 0 0 1
    outer loop
      vertex 19.7173 -40.8073 27
      vertex 19.6107 -40.619 27
      vertex 19.656 -40.7034 27
    endloop
  endfacet
  facet normal 0 0 1
    outer loop
      vertex 25.7675 -38.0807 27
      vertex 20.0951 -41.3557 27
      vertex 20.2988 -41.6154 27
    endloop
  endfacet
  facet normal 0 0 1
    outer loop
      vertex 8.14999 0 27
      vertex 18.8326 39.0074 27
      vertex 16.917 39.8948 27
    endloop
  endfacet
  facet normal -0 0 1
    outer loop
      vertex 7.30951 -3.60464 27
      vertex 39.0074 -18.8326 27
      vertex 7.52962 -3.11887 27
    endloop
  endfacet
  facet normal 0 0 1
    outer loop
      vertex 8.14999 0 27
      vertex 16.917 39.8948 27
      vertex 14.2716 40.9158 27
    endloop
  endfacet
  facet normal -0 0 1
    outer loop
      vertex 7.05811 -4.075 27
      vertex 39.0074 -18.8326 27
      vertex 7.30951 -3.60464 27
    endloop
  endfacet
  facet normal 0 0 1
    outer loop
      vertex 3.32614 -44.9824 27
      vertex 3.32798 -45.1988 27
      vertex 3.32904 -45.0782 27
    endloop
  endfacet
  facet normal 0 0 1
    outer loop
      vertex 3.32614 -44.9824 27
      vertex 3.32092 -45.3689 27
      vertex 3.32798 -45.1988 27
    endloop
  endfacet
  facet normal 0 0 1
    outer loop
      vertex -3.32097 -45.3689 27
      vertex 3.32092 -45.3689 27
      vertex 3.32614 -44.9824 27
    endloop
  endfacet
  facet normal 0 0 1
    outer loop
      vertex 3.32092 -45.3689 27
      vertex -3.32097 -45.3689 27
      vertex 3.30447 -45.5897 27
    endloop
  endfacet
  facet normal 0 0 1
    outer loop
      vertex 3.30447 -45.5897 27
      vertex -3.30451 -45.5897 27
      vertex 3.27496 -45.8626 27
    endloop
  endfacet
  facet normal 0 0 1
    outer loop
      vertex -3.32616 -44.9824 27
      vertex 3.32614 -44.9824 27
      vertex 3.19417 -43.1977 27
    endloop
  endfacet
  facet normal 0 -0 1
    outer loop
      vertex -3.32097 -45.3689 27
      vertex 3.32614 -44.9824 27
      vertex -3.32616 -44.9824 27
    endloop
  endfacet
  facet normal -0 0 1
    outer loop
      vertex 2.50007 -31.7416 27
      vertex 8.09834 -42.5699 27
      vertex 2.73943 -31.5701 27
    endloop
  endfacet
  facet normal 0 0 1
    outer loop
      vertex 8.09834 -42.5699 27
      vertex 2.50007 -31.7416 27
      vertex 5.29679 -43.0084 27
    endloop
  endfacet
  facet normal -0 0 1
    outer loop
      vertex 2.25 -31.8971 27
      vertex 5.29679 -43.0084 27
      vertex 2.50007 -31.7416 27
    endloop
  endfacet
  facet normal -0 0 1
    outer loop
      vertex 1.9903 -32.0359 27
      vertex 5.29679 -43.0084 27
      vertex 2.25 -31.8971 27
    endloop
  endfacet
  facet normal -0 0 1
    outer loop
      vertex 1.72207 -32.1575 27
      vertex 5.29679 -43.0084 27
      vertex 1.9903 -32.0359 27
    endloop
  endfacet
  facet normal 0 0 1
    outer loop
      vertex 5.29679 -43.0084 27
      vertex 1.72207 -32.1575 27
      vertex 3.19417 -43.1977 27
    endloop
  endfacet
  facet normal -0 0 1
    outer loop
      vertex 1.44648 -32.2612 27
      vertex 3.19417 -43.1977 27
      vertex 1.72207 -32.1575 27
    endloop
  endfacet
  facet normal -0 0 1
    outer loop
      vertex 1.16469 -32.3467 27
      vertex 3.19417 -43.1977 27
      vertex 1.44648 -32.2612 27
    endloop
  endfacet
  facet normal -0 0 1
    outer loop
      vertex 0.877906 -32.4135 27
      vertex 3.19417 -43.1977 27
      vertex 1.16469 -32.3467 27
    endloop
  endfacet
  facet normal 0 0 1
    outer loop
      vertex -3.32616 -44.9824 27
      vertex 3.19417 -43.1977 27
      vertex -3.1955 -43.2153 27
    endloop
  endfacet
  facet normal -0 -0 1
    outer loop
      vertex -3.27499 -45.8626 27
      vertex 3.27496 -45.8626 27
      vertex -3.30451 -45.5897 27
    endloop
  endfacet
  facet normal 0 0 1
    outer loop
      vertex 3.22841 -46.1894 27
      vertex -3.22845 -46.1894 27
      vertex 3.16046 -46.572 27
    endloop
  endfacet
  facet normal 0 -0 1
    outer loop
      vertex -3.22845 -46.1894 27
      vertex 3.22841 -46.1894 27
      vertex -3.27499 -45.8626 27
    endloop
  endfacet
  facet normal -0 -0 1
    outer loop
      vertex -3.1605 -46.572 27
      vertex 3.16046 -46.572 27
      vertex -3.22845 -46.1894 27
    endloop
  endfacet
  facet normal 0 0 1
    outer loop
      vertex 3.27496 -45.8626 27
      vertex -3.27499 -45.8626 27
      vertex 3.22841 -46.1894 27
    endloop
  endfacet
  facet normal 0 0 1
    outer loop
      vertex 3.30447 -45.5897 27
      vertex -3.32097 -45.3689 27
      vertex -3.30451 -45.5897 27
    endloop
  endfacet
  facet normal 0 -0 1
    outer loop
      vertex -3.06628 -47.0127 27
      vertex 3.06623 -47.0127 27
      vertex -3.1605 -46.572 27
    endloop
  endfacet
  facet normal -0 0 1
    outer loop
      vertex 0.587367 -32.4615 27
      vertex 3.19417 -43.1977 27
      vertex 0.877906 -32.4135 27
    endloop
  endfacet
  facet normal -0 0 1
    outer loop
      vertex 0.294313 -32.4904 27
      vertex 3.19417 -43.1977 27
      vertex 0.587367 -32.4615 27
    endloop
  endfacet
  facet normal -0 0 1
    outer loop
      vertex 0 -32.5 27
      vertex 3.19417 -43.1977 27
      vertex 0.294313 -32.4904 27
    endloop
  endfacet
  facet normal 0 0 1
    outer loop
      vertex 3.19417 -43.1977 27
      vertex 0 -32.5 27
      vertex -3.1955 -43.2153 27
    endloop
  endfacet
  facet normal 0 0 1
    outer loop
      vertex -3.1955 -43.2153 27
      vertex 0 -32.5 27
      vertex -0.294313 -32.4904 27
    endloop
  endfacet
  facet normal 0 0 1
    outer loop
      vertex -3.1955 -43.2153 27
      vertex -0.294313 -32.4904 27
      vertex -0.587367 -32.4615 27
    endloop
  endfacet
  facet normal 0 0 1
    outer loop
      vertex -3.1955 -43.2153 27
      vertex -0.587367 -32.4615 27
      vertex -0.877906 -32.4135 27
    endloop
  endfacet
  facet normal 0 0 1
    outer loop
      vertex 3.06623 -47.0127 27
      vertex -3.06628 -47.0127 27
      vertex 2.94024 -47.5143 27
    endloop
  endfacet
  facet normal 0 0 1
    outer loop
      vertex -3.1955 -43.2153 27
      vertex -0.877906 -32.4135 27
      vertex -1.16469 -32.3467 27
    endloop
  endfacet
  facet normal 0 0 1
    outer loop
      vertex -3.1955 -43.2153 27
      vertex -1.16469 -32.3467 27
      vertex -1.44648 -32.2612 27
    endloop
  endfacet
  facet normal 0 0 1
    outer loop
      vertex 2.94024 -47.5143 27
      vertex -2.94028 -47.5143 27
      vertex 2.77622 -48.0796 27
    endloop
  endfacet
  facet normal 0 0 1
    outer loop
      vertex -3.1955 -43.2153 27
      vertex -1.44648 -32.2612 27
      vertex -1.72207 -32.1575 27
    endloop
  endfacet
  facet normal 0 0 1
    outer loop
      vertex 1.09066 -51.9885 27
      vertex -1.57845 -51.0491 27
      vertex -1.0907 -51.9885 27
    endloop
  endfacet
  facet normal 0 0 1
    outer loop
      vertex -6.01506 -42.9138 27
      vertex -1.72207 -32.1575 27
      vertex -1.9903 -32.0359 27
    endloop
  endfacet
  facet normal 0 0 1
    outer loop
      vertex -6.01506 -42.9138 27
      vertex -1.9903 -32.0359 27
      vertex -2.25 -31.8971 27
    endloop
  endfacet
  facet normal 0 0 1
    outer loop
      vertex 1.57841 -51.0491 27
      vertex -1.57845 -51.0491 27
      vertex 1.09066 -51.9885 27
    endloop
  endfacet
  facet normal 0 0 1
    outer loop
      vertex -6.01506 -42.9138 27
      vertex -2.25 -31.8971 27
      vertex -2.50007 -31.7416 27
    endloop
  endfacet
  facet normal -0 -0 1
    outer loop
      vertex -1.57845 -51.0491 27
      vertex 1.57841 -51.0491 27
      vertex -1.97861 -50.1927 27
    endloop
  endfacet
  facet normal 0 0 1
    outer loop
      vertex -8.09505 -42.5525 27
      vertex -2.50007 -31.7416 27
      vertex -2.73943 -31.5701 27
    endloop
  endfacet
  facet normal 0 0 1
    outer loop
      vertex 1.97856 -50.1927 27
      vertex -1.97861 -50.1927 27
      vertex 1.57841 -51.0491 27
    endloop
  endfacet
  facet normal -0 -0 1
    outer loop
      vertex -1.97861 -50.1927 27
      vertex 1.97856 -50.1927 27
      vertex -2.30438 -49.4151 27
    endloop
  endfacet
  facet normal 0 0 1
    outer loop
      vertex -8.09505 -42.5525 27
      vertex -2.73943 -31.5701 27
      vertex -2.96706 -31.3833 27
    endloop
  endfacet
  facet normal 0 0 1
    outer loop
      vertex 2.30434 -49.4151 27
      vertex -2.30438 -49.4151 27
      vertex 1.97856 -50.1927 27
    endloop
  endfacet
  facet normal 0 -0 1
    outer loop
      vertex -2.30438 -49.4151 27
      vertex 2.30434 -49.4151 27
      vertex -2.56707 -48.712 27
    endloop
  endfacet
  facet normal 0 0 1
    outer loop
      vertex -8.09505 -42.5525 27
      vertex -2.96706 -31.3833 27
      vertex -3.18198 -31.182 27
    endloop
  endfacet
  facet normal 0 0 1
    outer loop
      vertex 2.56701 -48.712 27
      vertex -2.56707 -48.712 27
      vertex 2.30434 -49.4151 27
    endloop
  endfacet
  facet normal 0 -0 1
    outer loop
      vertex -2.56707 -48.712 27
      vertex 2.56701 -48.712 27
      vertex -2.77627 -48.0797 27
    endloop
  endfacet
  facet normal 0 0 1
    outer loop
      vertex 2.77622 -48.0796 27
      vertex -2.77627 -48.0797 27
      vertex 2.56701 -48.712 27
    endloop
  endfacet
  facet normal 0 -0 1
    outer loop
      vertex -2.77627 -48.0797 27
      vertex 2.77622 -48.0796 27
      vertex -2.94028 -47.5143 27
    endloop
  endfacet
  facet normal 0 -0 1
    outer loop
      vertex -2.94028 -47.5143 27
      vertex 2.94024 -47.5143 27
      vertex -3.06628 -47.0127 27
    endloop
  endfacet
  facet normal 0 0 1
    outer loop
      vertex 3.16046 -46.572 27
      vertex -3.1605 -46.572 27
      vertex 3.06623 -47.0127 27
    endloop
  endfacet
  facet normal 0 0 1
    outer loop
      vertex -3.32616 -44.9824 27
      vertex -3.32802 -45.1988 27
      vertex -3.32097 -45.3689 27
    endloop
  endfacet
  facet normal 0 -0 1
    outer loop
      vertex -3.32802 -45.1988 27
      vertex -3.32616 -44.9824 27
      vertex -3.3291 -45.0782 27
    endloop
  endfacet
  facet normal 0 0 1
    outer loop
      vertex -8.13254 0.533035 27
      vertex -43.2153 3.1955 27
      vertex -8.14999 0 27
    endloop
  endfacet
  facet normal 0 -0 1
    outer loop
      vertex -43.0084 -5.29679 27
      vertex -8.14999 0 27
      vertex -43.1977 -3.19417 27
    endloop
  endfacet
  facet normal 0 0 1
    outer loop
      vertex -8.14999 0 27
      vertex -43.0084 -5.29679 27
      vertex -42.5699 -8.09834 27
    endloop
  endfacet
  facet normal 0 0 1
    outer loop
      vertex -8.14999 0 27
      vertex -43.2153 3.1955 27
      vertex -43.1977 -3.19417 27
    endloop
  endfacet
  facet normal 0 0 1
    outer loop
      vertex -44.9824 3.32616 27
      vertex -43.1977 -3.19417 27
      vertex -43.2153 3.1955 27
    endloop
  endfacet
  facet normal 0 0 1
    outer loop
      vertex -44.9824 3.32616 27
      vertex -44.9824 -3.32614 27
      vertex -43.1977 -3.19417 27
    endloop
  endfacet
  facet normal 0 0 1
    outer loop
      vertex -45.0782 3.3291 27
      vertex -44.9824 -3.32614 27
      vertex -44.9824 3.32616 27
    endloop
  endfacet
  facet normal 0 0 1
    outer loop
      vertex -45.0782 3.3291 27
      vertex -45.0782 -3.32904 27
      vertex -44.9824 -3.32614 27
    endloop
  endfacet
  facet normal -0 0 1
    outer loop
      vertex -45.1988 3.32802 27
      vertex -45.0782 -3.32904 27
      vertex -45.0782 3.3291 27
    endloop
  endfacet
  facet normal 0 0 1
    outer loop
      vertex -45.1988 3.32802 27
      vertex -45.1988 -3.32798 27
      vertex -45.0782 -3.32904 27
    endloop
  endfacet
  facet normal 0 0 1
    outer loop
      vertex -45.1988 3.32802 27
      vertex -45.3689 -3.32092 27
      vertex -45.1988 -3.32798 27
    endloop
  endfacet
  facet normal -0 0 1
    outer loop
      vertex -45.3689 3.32097 27
      vertex -45.3689 -3.32092 27
      vertex -45.1988 3.32802 27
    endloop
  endfacet
  facet normal -0 0 1
    outer loop
      vertex -45.5897 3.30451 27
      vertex -45.3689 -3.32092 27
      vertex -45.3689 3.32097 27
    endloop
  endfacet
  facet normal 0 0 1
    outer loop
      vertex -45.5897 3.30451 27
      vertex -45.5897 -3.30447 27
      vertex -45.3689 -3.32092 27
    endloop
  endfacet
  facet normal -0 0 1
    outer loop
      vertex -45.8626 3.27499 27
      vertex -45.5897 -3.30447 27
      vertex -45.5897 3.30451 27
    endloop
  endfacet
  facet normal 0 0 1
    outer loop
      vertex -45.8626 3.27499 27
      vertex -45.8626 -3.27496 27
      vertex -45.5897 -3.30447 27
    endloop
  endfacet
  facet normal 0 0 1
    outer loop
      vertex -45.8626 3.27499 27
      vertex -46.1894 -3.22841 27
      vertex -45.8626 -3.27496 27
    endloop
  endfacet
  facet normal -0 0 1
    outer loop
      vertex -46.1894 3.22845 27
      vertex -46.1894 -3.22841 27
      vertex -45.8626 3.27499 27
    endloop
  endfacet
  facet normal -0 0 1
    outer loop
      vertex -46.572 3.1605 27
      vertex -46.1894 -3.22841 27
      vertex -46.1894 3.22845 27
    endloop
  endfacet
  facet normal 0 0 1
    outer loop
      vertex -46.572 3.1605 27
      vertex -46.572 -3.16046 27
      vertex -46.1894 -3.22841 27
    endloop
  endfacet
  facet normal -0 0 1
    outer loop
      vertex -47.0127 3.06628 27
      vertex -46.572 -3.16046 27
      vertex -46.572 3.1605 27
    endloop
  endfacet
  facet normal 0 0 1
    outer loop
      vertex -47.0127 3.06628 27
      vertex -47.0127 -3.06623 27
      vertex -46.572 -3.16046 27
    endloop
  endfacet
  facet normal 0 0 1
    outer loop
      vertex -47.0127 3.06628 27
      vertex -47.5143 -2.94024 27
      vertex -47.0127 -3.06623 27
    endloop
  endfacet
  facet normal -0 0 1
    outer loop
      vertex -47.5143 2.94028 27
      vertex -47.5143 -2.94024 27
      vertex -47.0127 3.06628 27
    endloop
  endfacet
  facet normal 0 0 1
    outer loop
      vertex -47.5143 2.94028 27
      vertex -48.0796 -2.77622 27
      vertex -47.5143 -2.94024 27
    endloop
  endfacet
  facet normal -0 0 1
    outer loop
      vertex -48.0797 2.77627 27
      vertex -48.0796 -2.77622 27
      vertex -47.5143 2.94028 27
    endloop
  endfacet
  facet normal 0 0 1
    outer loop
      vertex -48.0797 2.77627 27
      vertex -48.712 -2.56701 27
      vertex -48.0796 -2.77622 27
    endloop
  endfacet
  facet normal -0 0 1
    outer loop
      vertex -48.712 2.56707 27
      vertex -48.712 -2.56701 27
      vertex -48.0797 2.77627 27
    endloop
  endfacet
  facet normal 0 0 1
    outer loop
      vertex -48.712 2.56707 27
      vertex -49.4151 -2.30434 27
      vertex -48.712 -2.56701 27
    endloop
  endfacet
  facet normal -0 0 1
    outer loop
      vertex -49.4151 2.30438 27
      vertex -49.4151 -2.30434 27
      vertex -48.712 2.56707 27
    endloop
  endfacet
  facet normal -0 0 1
    outer loop
      vertex -50.1927 1.97861 27
      vertex -49.4151 -2.30434 27
      vertex -49.4151 2.30438 27
    endloop
  endfacet
  facet normal 0 0 1
    outer loop
      vertex -50.1927 1.97861 27
      vertex -50.1927 -1.97856 27
      vertex -49.4151 -2.30434 27
    endloop
  endfacet
  facet normal -0 0 1
    outer loop
      vertex -51.0491 1.57845 27
      vertex -50.1927 -1.97856 27
      vertex -50.1927 1.97861 27
    endloop
  endfacet
  facet normal 0 0 1
    outer loop
      vertex -51.0491 1.57845 27
      vertex -51.0491 -1.57841 27
      vertex -50.1927 -1.97856 27
    endloop
  endfacet
  facet normal -0 0 1
    outer loop
      vertex -51.9885 1.0907 27
      vertex -51.0491 -1.57841 27
      vertex -51.0491 1.57845 27
    endloop
  endfacet
  facet normal 0 0 1
    outer loop
      vertex -51.0491 -1.57841 27
      vertex -51.9885 1.0907 27
      vertex -51.9885 -1.09066 27
    endloop
  endfacet
  facet normal 0 0 1
    outer loop
      vertex -42.5888 14.8551 27
      vertex -42.5525 8.09505 27
      vertex -40.9158 14.2716 27
    endloop
  endfacet
  facet normal 0 0 1
    outer loop
      vertex -44.3106 8.42949 27
      vertex -42.5888 14.8551 27
      vertex -42.6806 14.8827 27
    endloop
  endfacet
  facet normal 0 0 1
    outer loop
      vertex -44.3106 8.42949 27
      vertex -42.6806 14.8827 27
      vertex -42.7973 14.9129 27
    endloop
  endfacet
  facet normal 0 0 1
    outer loop
      vertex -44.3106 8.42949 27
      vertex -42.7973 14.9129 27
      vertex -42.9635 14.9501 27
    endloop
  endfacet
  facet normal 0 0 1
    outer loop
      vertex -44.6825 8.53455 27
      vertex -42.9635 14.9501 27
      vertex -43.181 14.9914 27
    endloop
  endfacet
  facet normal 0 0 1
    outer loop
      vertex -44.8915 8.6076 27
      vertex -43.181 14.9914 27
      vertex -43.4523 15.0335 27
    endloop
  endfacet
  facet normal 0 0 1
    outer loop
      vertex -45.1475 8.70673 27
      vertex -43.4523 15.0335 27
      vertex -43.7799 15.0731 27
    endloop
  endfacet
  facet normal 0 0 1
    outer loop
      vertex -45.4511 8.83626 27
      vertex -43.7799 15.0731 27
      vertex -44.1671 15.1065 27
    endloop
  endfacet
  facet normal 0 0 1
    outer loop
      vertex -42.5888 14.8551 27
      vertex -44.3106 8.42949 27
      vertex -42.5525 8.09505 27
    endloop
  endfacet
  facet normal 0 0 1
    outer loop
      vertex -42.9635 14.9501 27
      vertex -44.4038 8.45147 27
      vertex -44.3106 8.42949 27
    endloop
  endfacet
  facet normal 0 0 1
    outer loop
      vertex -42.9635 14.9501 27
      vertex -44.52 8.48372 27
      vertex -44.4038 8.45147 27
    endloop
  endfacet
  facet normal 0 0 1
    outer loop
      vertex -45.8031 9.00091 27
      vertex -44.1671 15.1065 27
      vertex -44.6172 15.1296 27
    endloop
  endfacet
  facet normal 0 0 1
    outer loop
      vertex -42.9635 14.9501 27
      vertex -44.6825 8.53455 27
      vertex -44.52 8.48372 27
    endloop
  endfacet
  facet normal 0 0 1
    outer loop
      vertex -43.181 14.9914 27
      vertex -44.8915 8.6076 27
      vertex -44.6825 8.53455 27
    endloop
  endfacet
  facet normal 0 0 1
    outer loop
      vertex -46.2044 9.20602 27
      vertex -44.6172 15.1296 27
      vertex -45.1343 15.1377 27
    endloop
  endfacet
  facet normal 0 0 1
    outer loop
      vertex -43.4523 15.0335 27
      vertex -45.1475 8.70673 27
      vertex -44.8915 8.6076 27
    endloop
  endfacet
  facet normal 0 0 1
    outer loop
      vertex -43.7799 15.0731 27
      vertex -45.4511 8.83626 27
      vertex -45.1475 8.70673 27
    endloop
  endfacet
  facet normal 0 0 1
    outer loop
      vertex -46.6563 9.45753 27
      vertex -45.1343 15.1377 27
      vertex -45.7228 15.1256 27
    endloop
  endfacet
  facet normal 0 0 1
    outer loop
      vertex -44.1671 15.1065 27
      vertex -45.8031 9.00091 27
      vertex -45.4511 8.83626 27
    endloop
  endfacet
  facet normal 0 0 1
    outer loop
      vertex -44.6172 15.1296 27
      vertex -46.2044 9.20602 27
      vertex -45.8031 9.00091 27
    endloop
  endfacet
  facet normal 0 0 1
    outer loop
      vertex -47.1599 9.76228 27
      vertex -45.7228 15.1256 27
      vertex -46.3878 15.0872 27
    endloop
  endfacet
  facet normal 0 0 1
    outer loop
      vertex -45.1343 15.1377 27
      vertex -46.6563 9.45753 27
      vertex -46.2044 9.20602 27
    endloop
  endfacet
  facet normal 0 0 1
    outer loop
      vertex -47.7166 10.128 27
      vertex -46.3878 15.0872 27
      vertex -47.1349 15.0154 27
    endloop
  endfacet
  facet normal 0 0 1
    outer loop
      vertex -45.7228 15.1256 27
      vertex -47.1599 9.76228 27
      vertex -46.6563 9.45753 27
    endloop
  endfacet
  facet normal 0 0 1
    outer loop
      vertex -46.3878 15.0872 27
      vertex -47.7166 10.128 27
      vertex -47.1599 9.76228 27
    endloop
  endfacet
  facet normal 0 0 1
    outer loop
      vertex -48.3277 10.5637 27
      vertex -47.1349 15.0154 27
      vertex -47.9704 14.902 27
    endloop
  endfacet
  facet normal 0 0 1
    outer loop
      vertex -47.1349 15.0154 27
      vertex -48.3277 10.5637 27
      vertex -47.7166 10.128 27
    endloop
  endfacet
  facet normal 0 0 1
    outer loop
      vertex -48.9946 11.0797 27
      vertex -47.9704 14.902 27
      vertex -48.9011 14.7371 27
    endloop
  endfacet
  facet normal 0 0 1
    outer loop
      vertex -47.9704 14.902 27
      vertex -48.9946 11.0797 27
      vertex -48.3277 10.5637 27
    endloop
  endfacet
  facet normal 0 0 1
    outer loop
      vertex -48.9011 14.7371 27
      vertex -49.7182 11.6878 27
      vertex -48.9946 11.0797 27
    endloop
  endfacet
  facet normal -0 0 1
    outer loop
      vertex -49.9348 14.5091 27
      vertex -49.7182 11.6878 27
      vertex -48.9011 14.7371 27
    endloop
  endfacet
  facet normal 0 0 1
    outer loop
      vertex -49.7182 11.6878 27
      vertex -49.9348 14.5091 27
      vertex -50.4994 12.4021 27
    endloop
  endfacet
  facet normal -0 0 1
    outer loop
      vertex -42.9138 6.01506 27
      vertex -8.08026 1.06378 27
      vertex -42.5525 8.09505 27
    endloop
  endfacet
  facet normal 0 0 1
    outer loop
      vertex -8.14999 0 27
      vertex -40.172 -16.2477 27
      vertex -39.0233 -18.8403 27
    endloop
  endfacet
  facet normal 0 0 1
    outer loop
      vertex -8.14999 0 27
      vertex -40.8991 -14.2657 27
      vertex -40.172 -16.2477 27
    endloop
  endfacet
  facet normal -0 0 1
    outer loop
      vertex -43.2153 3.1955 27
      vertex -8.08026 1.06378 27
      vertex -42.9138 6.01506 27
    endloop
  endfacet
  facet normal 0 0 1
    outer loop
      vertex -8.08026 1.06378 27
      vertex -43.2153 3.1955 27
      vertex -8.13254 0.533035 27
    endloop
  endfacet
  facet normal 0 0 1
    outer loop
      vertex -8.14999 0 27
      vertex -42.5699 -8.09834 27
      vertex -40.8991 -14.2657 27
    endloop
  endfacet
  facet normal 0 0 1
    outer loop
      vertex -42.5699 -8.09834 27
      vertex -42.5888 -14.8551 27
      vertex -40.8991 -14.2657 27
    endloop
  endfacet
  facet normal -0 0 1
    outer loop
      vertex -44.3106 -8.42948 27
      vertex -42.5888 -14.8551 27
      vertex -42.5699 -8.09834 27
    endloop
  endfacet
  facet normal 0 0 1
    outer loop
      vertex -42.5888 -14.8551 27
      vertex -44.3106 -8.42948 27
      vertex -42.6806 -14.8827 27
    endloop
  endfacet
  facet normal 0 0 1
    outer loop
      vertex -42.6806 -14.8827 27
      vertex -44.3106 -8.42948 27
      vertex -42.7973 -14.9129 27
    endloop
  endfacet
  facet normal 0 0 1
    outer loop
      vertex -42.7973 -14.9129 27
      vertex -44.3106 -8.42948 27
      vertex -42.9635 -14.9501 27
    endloop
  endfacet
  facet normal -0 0 1
    outer loop
      vertex -44.4038 -8.45145 27
      vertex -42.9635 -14.9501 27
      vertex -44.3106 -8.42948 27
    endloop
  endfacet
  facet normal -0 0 1
    outer loop
      vertex -44.52 -8.4837 27
      vertex -42.9635 -14.9501 27
      vertex -44.4038 -8.45145 27
    endloop
  endfacet
  facet normal -0 0 1
    outer loop
      vertex -44.6825 -8.53454 27
      vertex -42.9635 -14.9501 27
      vertex -44.52 -8.4837 27
    endloop
  endfacet
  facet normal 0 0 1
    outer loop
      vertex -42.9635 -14.9501 27
      vertex -44.6825 -8.53454 27
      vertex -43.181 -14.9914 27
    endloop
  endfacet
  facet normal -0 0 1
    outer loop
      vertex -44.8915 -8.60758 27
      vertex -43.181 -14.9914 27
      vertex -44.6825 -8.53454 27
    endloop
  endfacet
  facet normal 0 0 1
    outer loop
      vertex -43.181 -14.9914 27
      vertex -44.8915 -8.60758 27
      vertex -43.4523 -15.0335 27
    endloop
  endfacet
  facet normal -0 0 1
    outer loop
      vertex -45.1475 -8.70672 27
      vertex -43.4523 -15.0335 27
      vertex -44.8915 -8.60758 27
    endloop
  endfacet
  facet normal 0 0 1
    outer loop
      vertex -43.4523 -15.0335 27
      vertex -45.1475 -8.70672 27
      vertex -43.7799 -15.0731 27
    endloop
  endfacet
  facet normal -0 0 1
    outer loop
      vertex -45.4511 -8.83626 27
      vertex -43.7799 -15.0731 27
      vertex -45.1475 -8.70672 27
    endloop
  endfacet
  facet normal 0 0 1
    outer loop
      vertex -43.7799 -15.0731 27
      vertex -45.4511 -8.83626 27
      vertex -44.1671 -15.1065 27
    endloop
  endfacet
  facet normal -0 0 1
    outer loop
      vertex -45.803 -9.00091 27
      vertex -44.1671 -15.1065 27
      vertex -45.4511 -8.83626 27
    endloop
  endfacet
  facet normal 0 0 1
    outer loop
      vertex -44.1671 -15.1065 27
      vertex -45.803 -9.00091 27
      vertex -44.6172 -15.1295 27
    endloop
  endfacet
  facet normal -0 0 1
    outer loop
      vertex -46.2044 -9.206 27
      vertex -44.6172 -15.1295 27
      vertex -45.803 -9.00091 27
    endloop
  endfacet
  facet normal 0 0 1
    outer loop
      vertex -44.6172 -15.1295 27
      vertex -46.2044 -9.206 27
      vertex -45.1343 -15.1377 27
    endloop
  endfacet
  facet normal -0 0 1
    outer loop
      vertex -46.6563 -9.45752 27
      vertex -45.1343 -15.1377 27
      vertex -46.2044 -9.206 27
    endloop
  endfacet
  facet normal 0 0 1
    outer loop
      vertex -45.1343 -15.1377 27
      vertex -46.6563 -9.45752 27
      vertex -45.7228 -15.1256 27
    endloop
  endfacet
  facet normal -0 0 1
    outer loop
      vertex -47.1599 -9.76227 27
      vertex -45.7228 -15.1256 27
      vertex -46.6563 -9.45752 27
    endloop
  endfacet
  facet normal 0 0 1
    outer loop
      vertex -45.7228 -15.1256 27
      vertex -47.1599 -9.76227 27
      vertex -46.3878 -15.0872 27
    endloop
  endfacet
  facet normal -0 0 1
    outer loop
      vertex -47.7166 -10.128 27
      vertex -46.3878 -15.0872 27
      vertex -47.1599 -9.76227 27
    endloop
  endfacet
  facet normal 0 0 1
    outer loop
      vertex -46.3878 -15.0872 27
      vertex -47.7166 -10.128 27
      vertex -47.1349 -15.0154 27
    endloop
  endfacet
  facet normal -0 0 1
    outer loop
      vertex -48.3277 -10.5637 27
      vertex -47.1349 -15.0154 27
      vertex -47.7166 -10.128 27
    endloop
  endfacet
  facet normal 0 0 1
    outer loop
      vertex -47.1349 -15.0154 27
      vertex -48.3277 -10.5637 27
      vertex -47.9704 -14.902 27
    endloop
  endfacet
  facet normal -0 0 1
    outer loop
      vertex -48.9946 -11.0797 27
      vertex -47.9704 -14.902 27
      vertex -48.3277 -10.5637 27
    endloop
  endfacet
  facet normal 0 0 1
    outer loop
      vertex -47.9704 -14.902 27
      vertex -48.9946 -11.0797 27
      vertex -48.9011 -14.7371 27
    endloop
  endfacet
  facet normal -0 0 1
    outer loop
      vertex -49.7182 -11.6878 27
      vertex -48.9011 -14.7371 27
      vertex -48.9946 -11.0797 27
    endloop
  endfacet
  facet normal 0 0 1
    outer loop
      vertex -49.7182 -11.6878 27
      vertex -49.9348 -14.5091 27
      vertex -48.9011 -14.7371 27
    endloop
  endfacet
  facet normal 0 -0 1
    outer loop
      vertex -49.9348 -14.5091 27
      vertex -49.7182 -11.6878 27
      vertex -50.4994 -12.4021 27
    endloop
  endfacet
  facet normal -0 0 1
    outer loop
      vertex -42.5525 8.09505 27
      vertex -7.87228 2.10938 27
      vertex -40.9158 14.2716 27
    endloop
  endfacet
  facet normal 0 0 1
    outer loop
      vertex -8.14999 0 27
      vertex -34.5979 -26.0913 27
      vertex -32.8174 -28.2983 27
    endloop
  endfacet
  facet normal 0 0 1
    outer loop
      vertex -8.14999 0 27
      vertex -35.8132 -24.3651 27
      vertex -34.5979 -26.0913 27
    endloop
  endfacet
  facet normal 0 0 1
    outer loop
      vertex -7.87228 2.10938 27
      vertex -42.5525 8.09505 27
      vertex -7.99339 1.58998 27
    endloop
  endfacet
  facet normal 0 0 1
    outer loop
      vertex -39.0074 18.8326 27
      vertex -35.8278 24.375 27
      vertex -37.2928 25.3717 27
    endloop
  endfacet
  facet normal 0 0 1
    outer loop
      vertex -7.99339 1.58998 27
      vertex -42.5525 8.09505 27
      vertex -8.08026 1.06378 27
    endloop
  endfacet
  facet normal 0 0 1
    outer loop
      vertex -40.619 19.6107 27
      vertex -37.2928 25.3717 27
      vertex -37.3743 25.4222 27
    endloop
  endfacet
  facet normal 0 0 1
    outer loop
      vertex -8.14999 0 27
      vertex -39.0233 -18.8403 27
      vertex -35.8132 -24.3651 27
    endloop
  endfacet
  facet normal 0 0 1
    outer loop
      vertex -40.619 19.6107 27
      vertex -37.3743 25.4222 27
      vertex -37.4793 25.4815 27
    endloop
  endfacet
  facet normal 0 0 1
    outer loop
      vertex -35.8132 -24.3651 27
      vertex -39.0233 -18.8403 27
      vertex -37.2928 -25.3717 27
    endloop
  endfacet
  facet normal 0 0 1
    outer loop
      vertex -40.619 19.6107 27
      vertex -37.4793 25.4815 27
      vertex -37.6301 25.5605 27
    endloop
  endfacet
  facet normal -0 0 1
    outer loop
      vertex -40.619 -19.6107 27
      vertex -37.2928 -25.3717 27
      vertex -39.0233 -18.8403 27
    endloop
  endfacet
  facet normal 0 0 1
    outer loop
      vertex -40.9511 19.8084 27
      vertex -37.6301 25.5605 27
      vertex -37.8296 25.6566 27
    endloop
  endfacet
  facet normal 0 0 1
    outer loop
      vertex -37.2928 -25.3717 27
      vertex -40.619 -19.6107 27
      vertex -37.3744 -25.4222 27
    endloop
  endfacet
  facet normal 0 0 1
    outer loop
      vertex -41.1341 19.9331 27
      vertex -37.8296 25.6566 27
      vertex -38.0807 25.7675 27
    endloop
  endfacet
  facet normal 0 0 1
    outer loop
      vertex -37.3744 -25.4222 27
      vertex -40.619 -19.6107 27
      vertex -37.4793 -25.4815 27
    endloop
  endfacet
  facet normal -0 0 1
    outer loop
      vertex -40.8073 -19.7173 27
      vertex -37.6302 -25.5605 27
      vertex -40.619 -19.6107 27
    endloop
  endfacet
  facet normal 0 0 1
    outer loop
      vertex -41.3557 20.0951 27
      vertex -38.0807 25.7675 27
      vertex -38.3869 25.8906 27
    endloop
  endfacet
  facet normal 0 0 1
    outer loop
      vertex -41.6154 20.2988 27
      vertex -38.3869 25.8906 27
      vertex -38.7522 26.023 27
    endloop
  endfacet
  facet normal 0 0 1
    outer loop
      vertex -37.4793 -25.4815 27
      vertex -40.619 -19.6107 27
      vertex -37.6302 -25.5605 27
    endloop
  endfacet
  facet normal -0 0 1
    outer loop
      vertex -40.9511 -19.8084 27
      vertex -37.6302 -25.5605 27
      vertex -40.8073 -19.7173 27
    endloop
  endfacet
  facet normal 0 0 1
    outer loop
      vertex -41.9127 20.5489 27
      vertex -38.7522 26.023 27
      vertex -39.1811 26.1618 27
    endloop
  endfacet
  facet normal 0 0 1
    outer loop
      vertex -42.2473 20.8509 27
      vertex -39.1811 26.1618 27
      vertex -39.6785 26.3035 27
    endloop
  endfacet
  facet normal 0 0 1
    outer loop
      vertex -42.6187 21.2108 27
      vertex -39.6785 26.3035 27
      vertex -40.2501 26.4441 27
    endloop
  endfacet
  facet normal 0 0 1
    outer loop
      vertex -37.2928 25.3717 27
      vertex -40.619 19.6107 27
      vertex -39.0074 18.8326 27
    endloop
  endfacet
  facet normal 0 0 1
    outer loop
      vertex -37.6301 25.5605 27
      vertex -40.8073 19.7173 27
      vertex -40.619 19.6107 27
    endloop
  endfacet
  facet normal 0 0 1
    outer loop
      vertex -40.619 19.6107 27
      vertex -40.8073 19.7173 27
      vertex -40.7034 19.6561 27
    endloop
  endfacet
  facet normal 0 0 1
    outer loop
      vertex -43.0263 21.6355 27
      vertex -40.2501 26.4441 27
      vertex -40.9023 26.5792 27
    endloop
  endfacet
  facet normal 0 0 1
    outer loop
      vertex -37.6301 25.5605 27
      vertex -40.9511 19.8084 27
      vertex -40.8073 19.7173 27
    endloop
  endfacet
  facet normal 0 0 1
    outer loop
      vertex -37.8296 25.6566 27
      vertex -41.1341 19.9331 27
      vertex -40.9511 19.8084 27
    endloop
  endfacet
  facet normal 0 0 1
    outer loop
      vertex -38.0807 25.7675 27
      vertex -41.3557 20.0951 27
      vertex -41.1341 19.9331 27
    endloop
  endfacet
  facet normal 0 0 1
    outer loop
      vertex -38.3869 25.8906 27
      vertex -41.6154 20.2988 27
      vertex -41.3557 20.0951 27
    endloop
  endfacet
  facet normal 0 0 1
    outer loop
      vertex -43.4694 22.1329 27
      vertex -40.9023 26.5792 27
      vertex -41.6425 26.7032 27
    endloop
  endfacet
  facet normal 0 0 1
    outer loop
      vertex -38.7522 26.023 27
      vertex -41.9127 20.5489 27
      vertex -41.6154 20.2988 27
    endloop
  endfacet
  facet normal 0 0 1
    outer loop
      vertex -39.1811 26.1618 27
      vertex -42.2473 20.8509 27
      vertex -41.9127 20.5489 27
    endloop
  endfacet
  facet normal 0 0 1
    outer loop
      vertex -43.9469 22.7119 27
      vertex -41.6425 26.7032 27
      vertex -42.4789 26.8099 27
    endloop
  endfacet
  facet normal 0 0 1
    outer loop
      vertex -39.6785 26.3035 27
      vertex -42.6187 21.2108 27
      vertex -42.2473 20.8509 27
    endloop
  endfacet
  facet normal 0 0 1
    outer loop
      vertex -40.2501 26.4441 27
      vertex -43.0263 21.6355 27
      vertex -42.6187 21.2108 27
    endloop
  endfacet
  facet normal 0 0 1
    outer loop
      vertex -44.4575 23.3829 27
      vertex -42.4789 26.8099 27
      vertex -43.4206 26.8915 27
    endloop
  endfacet
  facet normal 0 0 1
    outer loop
      vertex -40.9023 26.5792 27
      vertex -43.4694 22.1329 27
      vertex -43.0263 21.6355 27
    endloop
  endfacet
  facet normal 0 0 1
    outer loop
      vertex -41.6425 26.7032 27
      vertex -43.9469 22.7119 27
      vertex -43.4694 22.1329 27
    endloop
  endfacet
  facet normal 0 0 1
    outer loop
      vertex -42.4789 26.8099 27
      vertex -44.4575 23.3829 27
      vertex -43.9469 22.7119 27
    endloop
  endfacet
  facet normal 0 0 1
    outer loop
      vertex -44.999 24.1576 27
      vertex -43.4206 26.8915 27
      vertex -44.478 26.9388 27
    endloop
  endfacet
  facet normal 0 0 1
    outer loop
      vertex -43.4206 26.8915 27
      vertex -44.999 24.1576 27
      vertex -44.4575 23.3829 27
    endloop
  endfacet
  facet normal 0 -0 1
    outer loop
      vertex -44.999 24.1576 27
      vertex -44.478 26.9388 27
      vertex -45.5687 25.0497 27
    endloop
  endfacet
  facet normal -0 0 1
    outer loop
      vertex -40.9158 14.2716 27
      vertex -7.52962 3.11887 27
      vertex -39.8948 16.917 27
    endloop
  endfacet
  facet normal 0 0 1
    outer loop
      vertex -8.14999 0 27
      vertex -26.6661 -34.1569 27
      vertex -24.375 -35.8278 27
    endloop
  endfacet
  facet normal 0 0 1
    outer loop
      vertex -8.14999 0 27
      vertex -28.2868 -32.804 27
      vertex -26.6661 -34.1569 27
    endloop
  endfacet
  facet normal 0 0 1
    outer loop
      vertex -7.52962 3.11887 27
      vertex -40.9158 14.2716 27
      vertex -7.71747 2.61972 27
    endloop
  endfacet
  facet normal 0 0 1
    outer loop
      vertex -32.804 28.2868 27
      vertex -28.2983 32.8174 27
      vertex -29.4554 34.1593 27
    endloop
  endfacet
  facet normal 0 0 1
    outer loop
      vertex -7.71747 2.61972 27
      vertex -40.9158 14.2716 27
      vertex -7.87228 2.10938 27
    endloop
  endfacet
  facet normal 0 0 1
    outer loop
      vertex -34.1593 29.4554 27
      vertex -29.4554 34.1593 27
      vertex -29.5211 34.2291 27
    endloop
  endfacet
  facet normal 0 0 1
    outer loop
      vertex -8.14999 0 27
      vertex -32.8174 -28.2983 27
      vertex -28.2868 -32.804 27
    endloop
  endfacet
  facet normal -0 0 1
    outer loop
      vertex -34.1593 -29.4554 27
      vertex -29.4554 -34.1593 27
      vertex -32.8174 -28.2983 27
    endloop
  endfacet
  facet normal 0 0 1
    outer loop
      vertex -34.1593 29.4554 27
      vertex -29.5211 34.2291 27
      vertex -29.6071 34.3136 27
    endloop
  endfacet
  facet normal 0 0 1
    outer loop
      vertex -34.1593 29.4554 27
      vertex -29.6071 34.3136 27
      vertex -29.7324 34.4289 27
    endloop
  endfacet
  facet normal 0 0 1
    outer loop
      vertex -28.2868 -32.804 27
      vertex -32.8174 -28.2983 27
      vertex -29.4554 -34.1593 27
    endloop
  endfacet
  facet normal 0 0 1
    outer loop
      vertex -34.4289 29.7324 27
      vertex -29.7324 34.4289 27
      vertex -29.9002 34.5734 27
    endloop
  endfacet
  facet normal 0 0 1
    outer loop
      vertex -29.4554 -34.1593 27
      vertex -34.1593 -29.4554 27
      vertex -29.5211 -34.2291 27
    endloop
  endfacet
  facet normal 0 0 1
    outer loop
      vertex -34.5734 29.9002 27
      vertex -29.9002 34.5734 27
      vertex -30.114 34.7455 27
    endloop
  endfacet
  facet normal 0 0 1
    outer loop
      vertex -29.5211 -34.2291 27
      vertex -34.1593 -29.4554 27
      vertex -29.6071 -34.3136 27
    endloop
  endfacet
  facet normal -0 0 1
    outer loop
      vertex -34.4289 -29.7324 27
      vertex -29.7324 -34.4289 27
      vertex -34.1593 -29.4554 27
    endloop
  endfacet
  facet normal 0 0 1
    outer loop
      vertex -34.7455 30.114 27
      vertex -30.114 34.7455 27
      vertex -30.378 34.9437 27
    endloop
  endfacet
  facet normal 0 0 1
    outer loop
      vertex -34.9437 30.378 27
      vertex -30.378 34.9437 27
      vertex -30.6965 35.1661 27
    endloop
  endfacet
  facet normal 0 0 1
    outer loop
      vertex -29.6071 -34.3136 27
      vertex -34.1593 -29.4554 27
      vertex -29.7324 -34.4289 27
    endloop
  endfacet
  facet normal 0 0 1
    outer loop
      vertex -35.1661 30.6966 27
      vertex -30.6965 35.1661 27
      vertex -31.0748 35.4112 27
    endloop
  endfacet
  facet normal 0 0 1
    outer loop
      vertex -29.7324 -34.4289 27
      vertex -34.4289 -29.7324 27
      vertex -29.9002 -34.5734 27
    endloop
  endfacet
  facet normal 0 0 1
    outer loop
      vertex -35.4112 31.0748 27
      vertex -31.0748 35.4112 27
      vertex -31.5186 35.6768 27
    endloop
  endfacet
  facet normal -0 0 1
    outer loop
      vertex -34.5734 -29.9002 27
      vertex -29.9002 -34.5734 27
      vertex -34.4289 -29.7324 27
    endloop
  endfacet
  facet normal 0 0 1
    outer loop
      vertex -35.6768 31.5186 27
      vertex -31.5186 35.6768 27
      vertex -32.0343 35.9605 27
    endloop
  endfacet
  facet normal 0 0 1
    outer loop
      vertex -29.9002 -34.5734 27
      vertex -34.5734 -29.9002 27
      vertex -30.114 -34.7455 27
    endloop
  endfacet
  facet normal 0 0 1
    outer loop
      vertex -35.9605 32.0343 27
      vertex -32.0343 35.9605 27
      vertex -32.6294 36.2598 27
    endloop
  endfacet
  facet normal -0 0 1
    outer loop
      vertex -34.7455 -30.114 27
      vertex -30.114 -34.7455 27
      vertex -34.5734 -29.9002 27
    endloop
  endfacet
  facet normal 0 0 1
    outer loop
      vertex -30.114 -34.7455 27
      vertex -34.7455 -30.114 27
      vertex -30.378 -34.9437 27
    endloop
  endfacet
  facet normal 0 0 1
    outer loop
      vertex -36.2598 32.6294 27
      vertex -32.6294 36.2598 27
      vertex -33.3123 36.5712 27
    endloop
  endfacet
  facet normal 0 0 1
    outer loop
      vertex -36.5712 33.3123 27
      vertex -33.3123 36.5712 27
      vertex -34.0925 36.8907 27
    endloop
  endfacet
  facet normal 0 0 1
    outer loop
      vertex -29.4554 34.1593 27
      vertex -34.1593 29.4554 27
      vertex -32.804 28.2868 27
    endloop
  endfacet
  facet normal 0 0 1
    outer loop
      vertex -29.7324 34.4289 27
      vertex -34.4289 29.7324 27
      vertex -34.1593 29.4554 27
    endloop
  endfacet
  facet normal 0 0 1
    outer loop
      vertex -34.1593 29.4554 27
      vertex -34.3136 29.6071 27
      vertex -34.2291 29.5211 27
    endloop
  endfacet
  facet normal 0 0 1
    outer loop
      vertex -34.1593 29.4554 27
      vertex -34.4289 29.7324 27
      vertex -34.3136 29.6071 27
    endloop
  endfacet
  facet normal 0 0 1
    outer loop
      vertex -29.9002 34.5734 27
      vertex -34.5734 29.9002 27
      vertex -34.4289 29.7324 27
    endloop
  endfacet
  facet normal 0 0 1
    outer loop
      vertex -30.114 34.7455 27
      vertex -34.7455 30.114 27
      vertex -34.5734 29.9002 27
    endloop
  endfacet
  facet normal 0 0 1
    outer loop
      vertex -30.378 34.9437 27
      vertex -34.9437 30.378 27
      vertex -34.7455 30.114 27
    endloop
  endfacet
  facet normal 0 0 1
    outer loop
      vertex -36.8907 34.0926 27
      vertex -34.0925 36.8907 27
      vertex -34.981 37.2133 27
    endloop
  endfacet
  facet normal 0 0 1
    outer loop
      vertex -30.6965 35.1661 27
      vertex -35.1661 30.6966 27
      vertex -34.9437 30.378 27
    endloop
  endfacet
  facet normal 0 0 1
    outer loop
      vertex -31.0748 35.4112 27
      vertex -35.4112 31.0748 27
      vertex -35.1661 30.6966 27
    endloop
  endfacet
  facet normal 0 0 1
    outer loop
      vertex -31.5186 35.6768 27
      vertex -35.6768 31.5186 27
      vertex -35.4112 31.0748 27
    endloop
  endfacet
  facet normal 0 0 1
    outer loop
      vertex -32.0343 35.9605 27
      vertex -35.9605 32.0343 27
      vertex -35.6768 31.5186 27
    endloop
  endfacet
  facet normal 0 0 1
    outer loop
      vertex -37.2133 34.981 27
      vertex -34.981 37.2133 27
      vertex -35.9902 37.5327 27
    endloop
  endfacet
  facet normal 0 0 1
    outer loop
      vertex -32.6294 36.2598 27
      vertex -36.2598 32.6294 27
      vertex -35.9605 32.0343 27
    endloop
  endfacet
  facet normal 0 0 1
    outer loop
      vertex -33.3123 36.5712 27
      vertex -36.5712 33.3123 27
      vertex -36.2598 32.6294 27
    endloop
  endfacet
  facet normal 0 0 1
    outer loop
      vertex -34.0925 36.8907 27
      vertex -36.8907 34.0926 27
      vertex -36.5712 33.3123 27
    endloop
  endfacet
  facet normal 0 0 1
    outer loop
      vertex -34.981 37.2133 27
      vertex -37.2133 34.981 27
      vertex -36.8907 34.0926 27
    endloop
  endfacet
  facet normal 0 -0 1
    outer loop
      vertex -37.2133 34.981 27
      vertex -35.9902 37.5327 27
      vertex -37.5327 35.9902 27
    endloop
  endfacet
  facet normal 0 0 1
    outer loop
      vertex -7.05811 4.075 27
      vertex -39.0074 18.8326 27
      vertex -7.30951 3.60464 27
    endloop
  endfacet
  facet normal 0 0 1
    outer loop
      vertex -8.14999 0 27
      vertex -16.917 -39.8948 27
      vertex -14.2716 -40.9158 27
    endloop
  endfacet
  facet normal 0 0 1
    outer loop
      vertex -8.14999 0 27
      vertex -18.8326 -39.0074 27
      vertex -16.917 -39.8948 27
    endloop
  endfacet
  facet normal 0 0 1
    outer loop
      vertex -7.30951 3.60464 27
      vertex -39.0074 18.8326 27
      vertex -7.52962 3.11887 27
    endloop
  endfacet
  facet normal 0 0 1
    outer loop
      vertex -24.3651 35.8132 27
      vertex -18.8403 39.0233 27
      vertex -19.6107 40.619 27
    endloop
  endfacet
  facet normal -0 0 1
    outer loop
      vertex -39.8948 16.917 27
      vertex -7.52962 3.11887 27
      vertex -39.0074 18.8326 27
    endloop
  endfacet
  facet normal 0 0 1
    outer loop
      vertex -25.3717 37.2928 27
      vertex -19.6107 40.619 27
      vertex -19.656 40.7034 27
    endloop
  endfacet
  facet normal 0 0 1
    outer loop
      vertex -8.14999 0 27
      vertex -24.375 -35.8278 27
      vertex -18.8326 -39.0074 27
    endloop
  endfacet
  facet normal 0 0 1
    outer loop
      vertex -25.3717 37.2928 27
      vertex -19.656 40.7034 27
      vertex -19.7173 40.8073 27
    endloop
  endfacet
  facet normal 0 0 1
    outer loop
      vertex -18.8326 -39.0074 27
      vertex -24.375 -35.8278 27
      vertex -19.6107 -40.619 27
    endloop
  endfacet
  facet normal 0 0 1
    outer loop
      vertex -25.3717 37.2928 27
      vertex -19.7173 40.8073 27
      vertex -19.8084 40.9511 27
    endloop
  endfacet
  facet normal -0 0 1
    outer loop
      vertex -25.3717 -37.2928 27
      vertex -19.6107 -40.619 27
      vertex -24.375 -35.8278 27
    endloop
  endfacet
  facet normal 0 0 1
    outer loop
      vertex -25.5605 37.6302 27
      vertex -19.8084 40.9511 27
      vertex -19.9331 41.1341 27
    endloop
  endfacet
  facet normal 0 0 1
    outer loop
      vertex -19.6107 -40.619 27
      vertex -25.3717 -37.2928 27
      vertex -19.6561 -40.7034 27
    endloop
  endfacet
  facet normal 0 0 1
    outer loop
      vertex -25.6566 37.8296 27
      vertex -19.9331 41.1341 27
      vertex -20.0951 41.3557 27
    endloop
  endfacet
  facet normal 0 0 1
    outer loop
      vertex -19.6561 -40.7034 27
      vertex -25.3717 -37.2928 27
      vertex -19.7173 -40.8073 27
    endloop
  endfacet
  facet normal 0 0 1
    outer loop
      vertex -25.7675 38.0807 27
      vertex -20.0951 41.3557 27
      vertex -20.2988 41.6154 27
    endloop
  endfacet
  facet normal 0 0 1
    outer loop
      vertex -19.7173 -40.8073 27
      vertex -25.3717 -37.2928 27
      vertex -19.8084 -40.9511 27
    endloop
  endfacet
  facet normal 0 0 1
    outer loop
      vertex -25.8906 38.3869 27
      vertex -20.2988 41.6154 27
      vertex -20.5489 41.9127 27
    endloop
  endfacet
  facet normal -0 0 1
    outer loop
      vertex -25.5605 -37.6301 27
      vertex -19.8084 -40.9511 27
      vertex -25.3717 -37.2928 27
    endloop
  endfacet
  facet normal 0 0 1
    outer loop
      vertex -26.023 38.7523 27
      vertex -20.5489 41.9127 27
      vertex -20.8509 42.2473 27
    endloop
  endfacet
  facet normal 0 0 1
    outer loop
      vertex -19.8084 -40.9511 27
      vertex -25.5605 -37.6301 27
      vertex -19.9331 -41.1341 27
    endloop
  endfacet
  facet normal 0 0 1
    outer loop
      vertex -26.1618 39.1811 27
      vertex -20.8509 42.2473 27
      vertex -21.2108 42.6187 27
    endloop
  endfacet
  facet normal -0 0 1
    outer loop
      vertex -25.6566 -37.8296 27
      vertex -19.9331 -41.1341 27
      vertex -25.5605 -37.6301 27
    endloop
  endfacet
  facet normal 0 0 1
    outer loop
      vertex -26.3035 39.6784 27
      vertex -21.2108 42.6187 27
      vertex -21.6355 43.0263 27
    endloop
  endfacet
  facet normal 0 0 1
    outer loop
      vertex -19.9331 -41.1341 27
      vertex -25.6566 -37.8296 27
      vertex -20.0951 -41.3557 27
    endloop
  endfacet
  facet normal 0 0 1
    outer loop
      vertex -26.4441 40.2501 27
      vertex -21.6355 43.0263 27
      vertex -22.1329 43.4694 27
    endloop
  endfacet
  facet normal -0 0 1
    outer loop
      vertex -25.7675 -38.0807 27
      vertex -20.0951 -41.3557 27
      vertex -25.6566 -37.8296 27
    endloop
  endfacet
  facet normal 0 0 1
    outer loop
      vertex -26.5791 40.9023 27
      vertex -22.1329 43.4694 27
      vertex -22.7119 43.9469 27
    endloop
  endfacet
  facet normal 0 0 1
    outer loop
      vertex -20.0951 -41.3557 27
      vertex -25.7675 -38.0807 27
      vertex -20.2988 -41.6154 27
    endloop
  endfacet
  facet normal 0 0 1
    outer loop
      vertex -26.7032 41.6426 27
      vertex -22.7119 43.9469 27
      vertex -23.3828 44.4575 27
    endloop
  endfacet
  facet normal -0 0 1
    outer loop
      vertex -25.8906 -38.3869 27
      vertex -20.2988 -41.6154 27
      vertex -25.7675 -38.0807 27
    endloop
  endfacet
  facet normal 0 0 1
    outer loop
      vertex -26.8099 42.4789 27
      vertex -23.3828 44.4575 27
      vertex -24.1576 44.999 27
    endloop
  endfacet
  facet normal 0 0 1
    outer loop
      vertex -20.2988 -41.6154 27
      vertex -25.8906 -38.3869 27
      vertex -20.5489 -41.9127 27
    endloop
  endfacet
  facet normal -0 0 1
    outer loop
      vertex -26.023 -38.7522 27
      vertex -20.5489 -41.9127 27
      vertex -25.8906 -38.3869 27
    endloop
  endfacet
  facet normal 0 0 1
    outer loop
      vertex -26.8915 43.4206 27
      vertex -24.1576 44.999 27
      vertex -25.0497 45.5687 27
    endloop
  endfacet
  facet normal 0 0 1
    outer loop
      vertex -19.6107 40.619 27
      vertex -25.3717 37.2928 27
      vertex -24.3651 35.8132 27
    endloop
  endfacet
  facet normal 0 0 1
    outer loop
      vertex -20.0951 41.3557 27
      vertex -25.7675 38.0807 27
      vertex -25.6566 37.8296 27
    endloop
  endfacet
  facet normal 0 0 1
    outer loop
      vertex -19.8084 40.9511 27
      vertex -25.5605 37.6302 27
      vertex -25.3717 37.2928 27
    endloop
  endfacet
  facet normal 0 0 1
    outer loop
      vertex -25.3717 37.2928 27
      vertex -25.4815 37.4793 27
      vertex -25.4222 37.3744 27
    endloop
  endfacet
  facet normal -0 -0 1
    outer loop
      vertex -25.4815 37.4793 27
      vertex -25.3717 37.2928 27
      vertex -25.5605 37.6302 27
    endloop
  endfacet
  facet normal 0 0 1
    outer loop
      vertex -19.9331 41.1341 27
      vertex -25.6566 37.8296 27
      vertex -25.5605 37.6302 27
    endloop
  endfacet
  facet normal 0 0 1
    outer loop
      vertex -20.2988 41.6154 27
      vertex -25.8906 38.3869 27
      vertex -25.7675 38.0807 27
    endloop
  endfacet
  facet normal 0 0 1
    outer loop
      vertex -20.5489 41.9127 27
      vertex -26.023 38.7523 27
      vertex -25.8906 38.3869 27
    endloop
  endfacet
  facet normal 0 0 1
    outer loop
      vertex -20.8509 42.2473 27
      vertex -26.1618 39.1811 27
      vertex -26.023 38.7523 27
    endloop
  endfacet
  facet normal 0 0 1
    outer loop
      vertex -21.2108 42.6187 27
      vertex -26.3035 39.6784 27
      vertex -26.1618 39.1811 27
    endloop
  endfacet
  facet normal 0 0 1
    outer loop
      vertex -21.6355 43.0263 27
      vertex -26.4441 40.2501 27
      vertex -26.3035 39.6784 27
    endloop
  endfacet
  facet normal 0 0 1
    outer loop
      vertex -22.1329 43.4694 27
      vertex -26.5791 40.9023 27
      vertex -26.4441 40.2501 27
    endloop
  endfacet
  facet normal 0 0 1
    outer loop
      vertex -22.7119 43.9469 27
      vertex -26.7032 41.6426 27
      vertex -26.5791 40.9023 27
    endloop
  endfacet
  facet normal 0 0 1
    outer loop
      vertex -23.3828 44.4575 27
      vertex -26.8099 42.4789 27
      vertex -26.7032 41.6426 27
    endloop
  endfacet
  facet normal 0 0 1
    outer loop
      vertex -24.1576 44.999 27
      vertex -26.8915 43.4206 27
      vertex -26.8099 42.4789 27
    endloop
  endfacet
  facet normal 0 -0 1
    outer loop
      vertex -26.8915 43.4206 27
      vertex -25.0497 45.5687 27
      vertex -26.9388 44.4781 27
    endloop
  endfacet
  facet normal 0 0 1
    outer loop
      vertex -14.902 47.9704 27
      vertex -11.0797 48.9946 27
      vertex -14.7371 48.9011 27
    endloop
  endfacet
  facet normal 0 0 1
    outer loop
      vertex -11.0797 48.9946 27
      vertex -14.902 47.9704 27
      vertex -10.5637 48.3277 27
    endloop
  endfacet
  facet normal 0 0 1
    outer loop
      vertex -15.0154 47.1349 27
      vertex -10.5637 48.3277 27
      vertex -14.902 47.9704 27
    endloop
  endfacet
  facet normal 0 0 1
    outer loop
      vertex -15.0872 46.3878 27
      vertex -10.5637 48.3277 27
      vertex -15.0154 47.1349 27
    endloop
  endfacet
  facet normal 0 0 1
    outer loop
      vertex -15.1256 45.7228 27
      vertex -10.5637 48.3277 27
      vertex -15.0872 46.3878 27
    endloop
  endfacet
  facet normal 0 0 1
    outer loop
      vertex -15.1377 45.1343 27
      vertex -10.5637 48.3277 27
      vertex -15.1256 45.7228 27
    endloop
  endfacet
  facet normal 0 -0 1
    outer loop
      vertex -15.1295 44.6172 27
      vertex -10.5637 48.3277 27
      vertex -15.1377 45.1343 27
    endloop
  endfacet
  facet normal 0 -0 1
    outer loop
      vertex -15.1065 44.1671 27
      vertex -10.5637 48.3277 27
      vertex -15.1295 44.6172 27
    endloop
  endfacet
  facet normal 0 0 1
    outer loop
      vertex -10.5637 48.3277 27
      vertex -14.8551 42.5888 27
      vertex -14.2657 40.8991 27
    endloop
  endfacet
  facet normal 0 -0 1
    outer loop
      vertex -15.0335 43.4523 27
      vertex -10.5637 48.3277 27
      vertex -15.0731 43.7799 27
    endloop
  endfacet
  facet normal 0 -0 1
    outer loop
      vertex -14.9914 43.181 27
      vertex -10.5637 48.3277 27
      vertex -15.0335 43.4523 27
    endloop
  endfacet
  facet normal 0 0 1
    outer loop
      vertex -14.8551 42.5888 27
      vertex -14.9914 43.181 27
      vertex -14.9501 42.9635 27
    endloop
  endfacet
  facet normal 0 0 1
    outer loop
      vertex -14.8551 42.5888 27
      vertex -14.9501 42.9635 27
      vertex -14.9129 42.7973 27
    endloop
  endfacet
  facet normal 0 0 1
    outer loop
      vertex -14.8551 42.5888 27
      vertex -14.9129 42.7973 27
      vertex -14.8827 42.6806 27
    endloop
  endfacet
  facet normal 0 0 1
    outer loop
      vertex -10.5637 48.3277 27
      vertex -14.9914 43.181 27
      vertex -14.8551 42.5888 27
    endloop
  endfacet
  facet normal 0 -0 1
    outer loop
      vertex -15.0731 43.7799 27
      vertex -10.5637 48.3277 27
      vertex -15.1065 44.1671 27
    endloop
  endfacet
  facet normal -0 0 1
    outer loop
      vertex -26.1618 -39.1811 27
      vertex -20.8509 -42.2473 27
      vertex -26.023 -38.7522 27
    endloop
  endfacet
  facet normal 0 0 1
    outer loop
      vertex -20.8509 -42.2473 27
      vertex -26.1618 -39.1811 27
      vertex -21.2108 -42.6187 27
    endloop
  endfacet
  facet normal 0 0 1
    outer loop
      vertex -21.2108 -42.6187 27
      vertex -26.3035 -39.6785 27
      vertex -21.6355 -43.0263 27
    endloop
  endfacet
  facet normal 0 0 1
    outer loop
      vertex -25.4815 -37.4793 27
      vertex -25.3717 -37.2928 27
      vertex -25.4222 -37.3743 27
    endloop
  endfacet
  facet normal 0 0 1
    outer loop
      vertex -25.3717 -37.2928 27
      vertex -25.4815 -37.4793 27
      vertex -25.5605 -37.6301 27
    endloop
  endfacet
  facet normal 0 0 1
    outer loop
      vertex -20.5489 -41.9127 27
      vertex -26.023 -38.7522 27
      vertex -20.8509 -42.2473 27
    endloop
  endfacet
  facet normal -0 0 1
    outer loop
      vertex -26.3035 -39.6785 27
      vertex -21.2108 -42.6187 27
      vertex -26.1618 -39.1811 27
    endloop
  endfacet
  facet normal -0 0 1
    outer loop
      vertex -26.4441 -40.2501 27
      vertex -21.6355 -43.0263 27
      vertex -26.3035 -39.6785 27
    endloop
  endfacet
  facet normal 0 0 1
    outer loop
      vertex -21.6355 -43.0263 27
      vertex -26.4441 -40.2501 27
      vertex -22.1329 -43.4694 27
    endloop
  endfacet
  facet normal -0 0 1
    outer loop
      vertex -26.5792 -40.9023 27
      vertex -22.1329 -43.4694 27
      vertex -26.4441 -40.2501 27
    endloop
  endfacet
  facet normal 0 0 1
    outer loop
      vertex -22.1329 -43.4694 27
      vertex -26.5792 -40.9023 27
      vertex -22.7119 -43.9469 27
    endloop
  endfacet
  facet normal -0 0 1
    outer loop
      vertex -26.7032 -41.6425 27
      vertex -22.7119 -43.9469 27
      vertex -26.5792 -40.9023 27
    endloop
  endfacet
  facet normal 0 0 1
    outer loop
      vertex -22.7119 -43.9469 27
      vertex -26.7032 -41.6425 27
      vertex -23.3829 -44.4575 27
    endloop
  endfacet
  facet normal -0 0 1
    outer loop
      vertex -26.8099 -42.4789 27
      vertex -23.3829 -44.4575 27
      vertex -26.7032 -41.6425 27
    endloop
  endfacet
  facet normal 0 0 1
    outer loop
      vertex -23.3829 -44.4575 27
      vertex -26.8099 -42.4789 27
      vertex -24.1576 -44.999 27
    endloop
  endfacet
  facet normal -0 0 1
    outer loop
      vertex -26.8915 -43.4206 27
      vertex -24.1576 -44.999 27
      vertex -26.8099 -42.4789 27
    endloop
  endfacet
  facet normal 0 0 1
    outer loop
      vertex -24.1576 -44.999 27
      vertex -26.8915 -43.4206 27
      vertex -25.0497 -45.5687 27
    endloop
  endfacet
  facet normal 0 0 1
    outer loop
      vertex -25.0497 -45.5687 27
      vertex -26.8915 -43.4206 27
      vertex -26.9388 -44.478 27
    endloop
  endfacet
  facet normal -0 0 1
    outer loop
      vertex -34.9437 -30.378 27
      vertex -30.378 -34.9437 27
      vertex -34.7455 -30.114 27
    endloop
  endfacet
  facet normal 0 0 1
    outer loop
      vertex -30.378 -34.9437 27
      vertex -34.9437 -30.378 27
      vertex -30.6966 -35.1661 27
    endloop
  endfacet
  facet normal -0 0 1
    outer loop
      vertex -35.1661 -30.6965 27
      vertex -30.6966 -35.1661 27
      vertex -34.9437 -30.378 27
    endloop
  endfacet
  facet normal 0 0 1
    outer loop
      vertex -30.6966 -35.1661 27
      vertex -35.1661 -30.6965 27
      vertex -31.0748 -35.4112 27
    endloop
  endfacet
  facet normal 0 0 1
    outer loop
      vertex -34.3136 -29.6071 27
      vertex -34.1593 -29.4554 27
      vertex -34.2291 -29.5211 27
    endloop
  endfacet
  facet normal 0 0 1
    outer loop
      vertex -34.4289 -29.7324 27
      vertex -34.1593 -29.4554 27
      vertex -34.3136 -29.6071 27
    endloop
  endfacet
  facet normal -0 0 1
    outer loop
      vertex -35.4112 -31.0748 27
      vertex -31.0748 -35.4112 27
      vertex -35.1661 -30.6965 27
    endloop
  endfacet
  facet normal 0 0 1
    outer loop
      vertex -31.0748 -35.4112 27
      vertex -35.4112 -31.0748 27
      vertex -31.5186 -35.6768 27
    endloop
  endfacet
  facet normal -0 0 1
    outer loop
      vertex -35.6768 -31.5186 27
      vertex -31.5186 -35.6768 27
      vertex -35.4112 -31.0748 27
    endloop
  endfacet
  facet normal 0 0 1
    outer loop
      vertex -31.5186 -35.6768 27
      vertex -35.6768 -31.5186 27
      vertex -32.0343 -35.9605 27
    endloop
  endfacet
  facet normal -0 0 1
    outer loop
      vertex -35.9605 -32.0343 27
      vertex -32.0343 -35.9605 27
      vertex -35.6768 -31.5186 27
    endloop
  endfacet
  facet normal 0 0 1
    outer loop
      vertex -32.0343 -35.9605 27
      vertex -35.9605 -32.0343 27
      vertex -32.6294 -36.2598 27
    endloop
  endfacet
  facet normal -0 0 1
    outer loop
      vertex -36.2598 -32.6294 27
      vertex -32.6294 -36.2598 27
      vertex -35.9605 -32.0343 27
    endloop
  endfacet
  facet normal 0 0 1
    outer loop
      vertex -32.6294 -36.2598 27
      vertex -36.2598 -32.6294 27
      vertex -33.3123 -36.5712 27
    endloop
  endfacet
  facet normal -0 0 1
    outer loop
      vertex -36.5712 -33.3123 27
      vertex -33.3123 -36.5712 27
      vertex -36.2598 -32.6294 27
    endloop
  endfacet
  facet normal 0 0 1
    outer loop
      vertex -33.3123 -36.5712 27
      vertex -36.5712 -33.3123 27
      vertex -34.0926 -36.8907 27
    endloop
  endfacet
  facet normal -0 0 1
    outer loop
      vertex -36.8907 -34.0925 27
      vertex -34.0926 -36.8907 27
      vertex -36.5712 -33.3123 27
    endloop
  endfacet
  facet normal 0 0 1
    outer loop
      vertex -34.0926 -36.8907 27
      vertex -36.8907 -34.0925 27
      vertex -34.981 -37.2133 27
    endloop
  endfacet
  facet normal -0 0 1
    outer loop
      vertex -37.2133 -34.981 27
      vertex -34.981 -37.2133 27
      vertex -36.8907 -34.0925 27
    endloop
  endfacet
  facet normal 0 0 1
    outer loop
      vertex -34.981 -37.2133 27
      vertex -37.2133 -34.981 27
      vertex -35.9902 -37.5327 27
    endloop
  endfacet
  facet normal 0 0 1
    outer loop
      vertex -35.9902 -37.5327 27
      vertex -37.2133 -34.981 27
      vertex -37.5327 -35.9902 27
    endloop
  endfacet
  facet normal 0 0 1
    outer loop
      vertex -37.6302 -25.5605 27
      vertex -40.9511 -19.8084 27
      vertex -37.8296 -25.6566 27
    endloop
  endfacet
  facet normal -0 0 1
    outer loop
      vertex -41.1341 -19.9331 27
      vertex -37.8296 -25.6566 27
      vertex -40.9511 -19.8084 27
    endloop
  endfacet
  facet normal 0 0 1
    outer loop
      vertex -37.8296 -25.6566 27
      vertex -41.1341 -19.9331 27
      vertex -38.0807 -25.7675 27
    endloop
  endfacet
  facet normal -0 0 1
    outer loop
      vertex -41.3557 -20.0951 27
      vertex -38.0807 -25.7675 27
      vertex -41.1341 -19.9331 27
    endloop
  endfacet
  facet normal 0 0 1
    outer loop
      vertex -38.0807 -25.7675 27
      vertex -41.3557 -20.0951 27
      vertex -38.3869 -25.8906 27
    endloop
  endfacet
  facet normal 0 0 1
    outer loop
      vertex -40.8073 -19.7173 27
      vertex -40.619 -19.6107 27
      vertex -40.7034 -19.656 27
    endloop
  endfacet
  facet normal -0 0 1
    outer loop
      vertex -41.6154 -20.2988 27
      vertex -38.3869 -25.8906 27
      vertex -41.3557 -20.0951 27
    endloop
  endfacet
  facet normal 0 0 1
    outer loop
      vertex -38.3869 -25.8906 27
      vertex -41.6154 -20.2988 27
      vertex -38.7523 -26.023 27
    endloop
  endfacet
  facet normal -0 0 1
    outer loop
      vertex -41.9127 -20.5489 27
      vertex -38.7523 -26.023 27
      vertex -41.6154 -20.2988 27
    endloop
  endfacet
  facet normal 0 0 1
    outer loop
      vertex -38.7523 -26.023 27
      vertex -41.9127 -20.5489 27
      vertex -39.1811 -26.1618 27
    endloop
  endfacet
  facet normal -0 0 1
    outer loop
      vertex -42.2473 -20.8509 27
      vertex -39.1811 -26.1618 27
      vertex -41.9127 -20.5489 27
    endloop
  endfacet
  facet normal 0 0 1
    outer loop
      vertex -39.1811 -26.1618 27
      vertex -42.2473 -20.8509 27
      vertex -39.6784 -26.3035 27
    endloop
  endfacet
  facet normal -0 0 1
    outer loop
      vertex -42.6187 -21.2108 27
      vertex -39.6784 -26.3035 27
      vertex -42.2473 -20.8509 27
    endloop
  endfacet
  facet normal 0 0 1
    outer loop
      vertex -39.6784 -26.3035 27
      vertex -42.6187 -21.2108 27
      vertex -40.2501 -26.4441 27
    endloop
  endfacet
  facet normal -0 0 1
    outer loop
      vertex -43.0263 -21.6355 27
      vertex -40.2501 -26.4441 27
      vertex -42.6187 -21.2108 27
    endloop
  endfacet
  facet normal 0 0 1
    outer loop
      vertex -40.2501 -26.4441 27
      vertex -43.0263 -21.6355 27
      vertex -40.9023 -26.5791 27
    endloop
  endfacet
  facet normal -0 0 1
    outer loop
      vertex -43.4694 -22.1329 27
      vertex -40.9023 -26.5791 27
      vertex -43.0263 -21.6355 27
    endloop
  endfacet
  facet normal 0 0 1
    outer loop
      vertex -40.9023 -26.5791 27
      vertex -43.4694 -22.1329 27
      vertex -41.6426 -26.7032 27
    endloop
  endfacet
  facet normal -0 0 1
    outer loop
      vertex -43.9469 -22.7119 27
      vertex -41.6426 -26.7032 27
      vertex -43.4694 -22.1329 27
    endloop
  endfacet
  facet normal 0 0 1
    outer loop
      vertex -41.6426 -26.7032 27
      vertex -43.9469 -22.7119 27
      vertex -42.4789 -26.8099 27
    endloop
  endfacet
  facet normal -0 0 1
    outer loop
      vertex -44.4575 -23.3828 27
      vertex -42.4789 -26.8099 27
      vertex -43.9469 -22.7119 27
    endloop
  endfacet
  facet normal 0 0 1
    outer loop
      vertex -42.4789 -26.8099 27
      vertex -44.4575 -23.3828 27
      vertex -43.4206 -26.8915 27
    endloop
  endfacet
  facet normal -0 0 1
    outer loop
      vertex -44.999 -24.1576 27
      vertex -43.4206 -26.8915 27
      vertex -44.4575 -23.3828 27
    endloop
  endfacet
  facet normal 0 0 1
    outer loop
      vertex -43.4206 -26.8915 27
      vertex -44.999 -24.1576 27
      vertex -44.4781 -26.9388 27
    endloop
  endfacet
  facet normal 0 0 1
    outer loop
      vertex -44.4781 -26.9388 27
      vertex -44.999 -24.1576 27
      vertex -45.5687 -25.0497 27
    endloop
  endfacet
  facet normal 0 0 1
    outer loop
      vertex -8.09505 -42.5525 27
      vertex -3.18198 -31.182 27
      vertex -3.38328 -30.9671 27
    endloop
  endfacet
  facet normal 0 0 1
    outer loop
      vertex -8.09505 -42.5525 27
      vertex -3.38328 -30.9671 27
      vertex -3.57009 -30.7394 27
    endloop
  endfacet
  facet normal 0 0 1
    outer loop
      vertex -14.2716 -40.9158 27
      vertex -3.57009 -30.7394 27
      vertex -3.74161 -30.5001 27
    endloop
  endfacet
  facet normal 0 0 1
    outer loop
      vertex -14.2716 -40.9158 27
      vertex -3.74161 -30.5001 27
      vertex -3.89711 -30.25 27
    endloop
  endfacet
  facet normal 0 0 1
    outer loop
      vertex -14.2716 -40.9158 27
      vertex -3.89711 -30.25 27
      vertex -4.03593 -29.9903 27
    endloop
  endfacet
  facet normal 0 0 1
    outer loop
      vertex -14.2716 -40.9158 27
      vertex -4.03593 -29.9903 27
      vertex -4.15746 -29.7221 27
    endloop
  endfacet
  facet normal 0 0 1
    outer loop
      vertex -14.2716 -40.9158 27
      vertex -4.15746 -29.7221 27
      vertex -4.26118 -29.4465 27
    endloop
  endfacet
  facet normal 0 0 1
    outer loop
      vertex -14.2716 -40.9158 27
      vertex -4.26118 -29.4465 27
      vertex -4.34667 -29.1647 27
    endloop
  endfacet
  facet normal 0 0 1
    outer loop
      vertex -14.2716 -40.9158 27
      vertex -4.34667 -29.1647 27
      vertex -4.41353 -28.8779 27
    endloop
  endfacet
  facet normal 0 0 1
    outer loop
      vertex -14.2716 -40.9158 27
      vertex -4.41353 -28.8779 27
      vertex -4.4615 -28.5874 27
    endloop
  endfacet
  facet normal 0 0 1
    outer loop
      vertex -14.2716 -40.9158 27
      vertex -4.4615 -28.5874 27
      vertex -4.49037 -28.2943 27
    endloop
  endfacet
  facet normal 0 0 1
    outer loop
      vertex -4.15746 -26.2779 27
      vertex -6.77647 -4.52789 27
      vertex -4.26118 -26.5535 27
    endloop
  endfacet
  facet normal 0 0 1
    outer loop
      vertex -7.05811 -4.075 27
      vertex -4.26118 -26.5535 27
      vertex -6.77647 -4.52789 27
    endloop
  endfacet
  facet normal 0 0 1
    outer loop
      vertex -4.26118 -26.5535 27
      vertex -7.05811 -4.075 27
      vertex -4.34667 -26.8353 27
    endloop
  endfacet
  facet normal 0 0 1
    outer loop
      vertex -14.2716 -40.9158 27
      vertex -4.34667 -26.8353 27
      vertex -7.05811 -4.075 27
    endloop
  endfacet
  facet normal 0 0 1
    outer loop
      vertex -1.72207 -32.1575 27
      vertex -6.01506 -42.9138 27
      vertex -3.1955 -43.2153 27
    endloop
  endfacet
  facet normal 0 0 1
    outer loop
      vertex -4.34667 -26.8353 27
      vertex -14.2716 -40.9158 27
      vertex -4.41353 -27.1221 27
    endloop
  endfacet
  facet normal 0 0 1
    outer loop
      vertex -4.41353 -27.1221 27
      vertex -14.2716 -40.9158 27
      vertex -4.4615 -27.4126 27
    endloop
  endfacet
  facet normal 0 0 1
    outer loop
      vertex -4.49037 -27.7057 27
      vertex -14.2716 -40.9158 27
      vertex -4.5 -28 27
    endloop
  endfacet
  facet normal 0 0 1
    outer loop
      vertex -4.5 -28 27
      vertex -14.2716 -40.9158 27
      vertex -4.49037 -28.2943 27
    endloop
  endfacet
  facet normal 0 0 1
    outer loop
      vertex -4.4615 -27.4126 27
      vertex -14.2716 -40.9158 27
      vertex -4.49037 -27.7057 27
    endloop
  endfacet
  facet normal 0 0 1
    outer loop
      vertex -14.2716 -40.9158 27
      vertex -7.05811 -4.075 27
      vertex -7.30951 -3.60464 27
    endloop
  endfacet
  facet normal 0 0 1
    outer loop
      vertex -14.2716 -40.9158 27
      vertex -7.30951 -3.60464 27
      vertex -7.52962 -3.11887 27
    endloop
  endfacet
  facet normal 0 0 1
    outer loop
      vertex -14.2716 -40.9158 27
      vertex -7.52962 -3.11887 27
      vertex -7.71747 -2.61972 27
    endloop
  endfacet
  facet normal 0 0 1
    outer loop
      vertex -14.2716 -40.9158 27
      vertex -7.71747 -2.61972 27
      vertex -7.87228 -2.10938 27
    endloop
  endfacet
  facet normal 0 0 1
    outer loop
      vertex -14.2716 -40.9158 27
      vertex -7.87228 -2.10938 27
      vertex -7.99339 -1.58998 27
    endloop
  endfacet
  facet normal 0 0 1
    outer loop
      vertex -14.2716 -40.9158 27
      vertex -7.99339 -1.58998 27
      vertex -8.08026 -1.06378 27
    endloop
  endfacet
  facet normal 0 0 1
    outer loop
      vertex -2.50007 -31.7416 27
      vertex -8.09505 -42.5525 27
      vertex -6.01506 -42.9138 27
    endloop
  endfacet
  facet normal 0 0 1
    outer loop
      vertex -14.2716 -40.9158 27
      vertex -8.08026 -1.06378 27
      vertex -8.13254 -0.533035 27
    endloop
  endfacet
  facet normal 0 0 1
    outer loop
      vertex -14.2716 -40.9158 27
      vertex -8.13254 -0.533035 27
      vertex -8.14999 0 27
    endloop
  endfacet
  facet normal 0 0 1
    outer loop
      vertex -6.77647 4.52789 27
      vertex -35.8278 24.375 27
      vertex -7.05811 4.075 27
    endloop
  endfacet
  facet normal -0 0 1
    outer loop
      vertex -39.0074 18.8326 27
      vertex -7.05811 4.075 27
      vertex -35.8278 24.375 27
    endloop
  endfacet
  facet normal 0 0 1
    outer loop
      vertex -14.2657 40.8991 27
      vertex -8.42948 44.3106 27
      vertex -8.45145 44.4038 27
    endloop
  endfacet
  facet normal 0 0 1
    outer loop
      vertex -3.57009 -30.7394 27
      vertex -14.2716 -40.9158 27
      vertex -8.09505 -42.5525 27
    endloop
  endfacet
  facet normal 0 0 1
    outer loop
      vertex -14.2657 40.8991 27
      vertex -8.45145 44.4038 27
      vertex -8.4837 44.52 27
    endloop
  endfacet
  facet normal 0 0 1
    outer loop
      vertex -8.09505 -42.5525 27
      vertex -14.2716 -40.9158 27
      vertex -8.42949 -44.3106 27
    endloop
  endfacet
  facet normal 0 0 1
    outer loop
      vertex -14.2657 40.8991 27
      vertex -8.4837 44.52 27
      vertex -8.53454 44.6825 27
    endloop
  endfacet
  facet normal -0 0 1
    outer loop
      vertex -14.8551 -42.5888 27
      vertex -8.42949 -44.3106 27
      vertex -14.2716 -40.9158 27
    endloop
  endfacet
  facet normal 0 0 1
    outer loop
      vertex -14.2657 40.8991 27
      vertex -8.53454 44.6825 27
      vertex -8.60758 44.8915 27
    endloop
  endfacet
  facet normal 0 0 1
    outer loop
      vertex -8.42949 -44.3106 27
      vertex -14.8551 -42.5888 27
      vertex -8.45147 -44.4038 27
    endloop
  endfacet
  facet normal 0 0 1
    outer loop
      vertex -14.2657 40.8991 27
      vertex -8.60758 44.8915 27
      vertex -8.70672 45.1475 27
    endloop
  endfacet
  facet normal 0 0 1
    outer loop
      vertex -8.45147 -44.4038 27
      vertex -14.8551 -42.5888 27
      vertex -8.48372 -44.52 27
    endloop
  endfacet
  facet normal 0 0 1
    outer loop
      vertex -14.2657 40.8991 27
      vertex -8.70672 45.1475 27
      vertex -8.83626 45.4511 27
    endloop
  endfacet
  facet normal 0 0 1
    outer loop
      vertex -8.48372 -44.52 27
      vertex -14.8551 -42.5888 27
      vertex -8.53455 -44.6825 27
    endloop
  endfacet
  facet normal 0 0 1
    outer loop
      vertex -14.2657 40.8991 27
      vertex -8.83626 45.4511 27
      vertex -9.00091 45.803 27
    endloop
  endfacet
  facet normal -0 0 1
    outer loop
      vertex -14.9501 -42.9635 27
      vertex -8.53455 -44.6825 27
      vertex -14.8551 -42.5888 27
    endloop
  endfacet
  facet normal 0 0 1
    outer loop
      vertex -14.2657 40.8991 27
      vertex -9.00091 45.803 27
      vertex -9.206 46.2044 27
    endloop
  endfacet
  facet normal 0 0 1
    outer loop
      vertex -8.53455 -44.6825 27
      vertex -14.9501 -42.9635 27
      vertex -8.6076 -44.8915 27
    endloop
  endfacet
  facet normal 0 0 1
    outer loop
      vertex -14.2657 40.8991 27
      vertex -9.206 46.2044 27
      vertex -9.45752 46.6563 27
    endloop
  endfacet
  facet normal -0 0 1
    outer loop
      vertex -14.9914 -43.181 27
      vertex -8.6076 -44.8915 27
      vertex -14.9501 -42.9635 27
    endloop
  endfacet
  facet normal 0 0 1
    outer loop
      vertex -14.2657 40.8991 27
      vertex -9.45752 46.6563 27
      vertex -9.76227 47.1599 27
    endloop
  endfacet
  facet normal 0 0 1
    outer loop
      vertex -8.6076 -44.8915 27
      vertex -14.9914 -43.181 27
      vertex -8.70673 -45.1475 27
    endloop
  endfacet
  facet normal 0 0 1
    outer loop
      vertex -14.2657 40.8991 27
      vertex -9.76227 47.1599 27
      vertex -10.128 47.7166 27
    endloop
  endfacet
  facet normal -0 0 1
    outer loop
      vertex -15.0335 -43.4523 27
      vertex -8.70673 -45.1475 27
      vertex -14.9914 -43.181 27
    endloop
  endfacet
  facet normal 0 0 1
    outer loop
      vertex -14.2657 40.8991 27
      vertex -10.128 47.7166 27
      vertex -10.5637 48.3277 27
    endloop
  endfacet
  facet normal 0 0 1
    outer loop
      vertex -8.70673 -45.1475 27
      vertex -15.0335 -43.4523 27
      vertex -8.83626 -45.4511 27
    endloop
  endfacet
  facet normal 0 0 1
    outer loop
      vertex -11.6878 49.7182 27
      vertex -14.7371 48.9011 27
      vertex -11.0797 48.9946 27
    endloop
  endfacet
  facet normal -0 0 1
    outer loop
      vertex -15.0731 -43.7799 27
      vertex -8.83626 -45.4511 27
      vertex -15.0335 -43.4523 27
    endloop
  endfacet
  facet normal 0 0 1
    outer loop
      vertex -14.7371 48.9011 27
      vertex -11.6878 49.7182 27
      vertex -14.5091 49.9348 27
    endloop
  endfacet
  facet normal 0 0 1
    outer loop
      vertex -8.83626 -45.4511 27
      vertex -15.0731 -43.7799 27
      vertex -9.00091 -45.8031 27
    endloop
  endfacet
  facet normal -0 0 1
    outer loop
      vertex -15.1296 -44.6172 27
      vertex -9.20602 -46.2044 27
      vertex -15.1065 -44.1671 27
    endloop
  endfacet
  facet normal -0 0 1
    outer loop
      vertex -14.5091 49.9348 27
      vertex -11.6878 49.7182 27
      vertex -12.4021 50.4994 27
    endloop
  endfacet
  facet normal -0 0 1
    outer loop
      vertex -15.1065 -44.1671 27
      vertex -9.00091 -45.8031 27
      vertex -15.0731 -43.7799 27
    endloop
  endfacet
  facet normal 0 0 1
    outer loop
      vertex -9.20602 -46.2044 27
      vertex -15.1296 -44.6172 27
      vertex -9.45753 -46.6563 27
    endloop
  endfacet
  facet normal 0 0 1
    outer loop
      vertex -9.45753 -46.6563 27
      vertex -15.1377 -45.1343 27
      vertex -9.76228 -47.1599 27
    endloop
  endfacet
  facet normal 0 0 1
    outer loop
      vertex -12.4021 -50.4994 27
      vertex -14.7371 -48.9011 27
      vertex -14.5091 -49.9348 27
    endloop
  endfacet
  facet normal -0 -0 1
    outer loop
      vertex -15.0872 -46.3878 27
      vertex -10.128 -47.7166 27
      vertex -15.1256 -45.7228 27
    endloop
  endfacet
  facet normal 0 0 1
    outer loop
      vertex -14.9129 -42.7973 27
      vertex -14.8551 -42.5888 27
      vertex -14.8827 -42.6806 27
    endloop
  endfacet
  facet normal 0 0 1
    outer loop
      vertex -11.6878 -49.7182 27
      vertex -14.7371 -48.9011 27
      vertex -12.4021 -50.4994 27
    endloop
  endfacet
  facet normal 0 0 1
    outer loop
      vertex -14.9501 -42.9635 27
      vertex -14.8551 -42.5888 27
      vertex -14.9129 -42.7973 27
    endloop
  endfacet
  facet normal 0 0 1
    outer loop
      vertex -9.00091 -45.8031 27
      vertex -15.1065 -44.1671 27
      vertex -9.20602 -46.2044 27
    endloop
  endfacet
  facet normal -0 0 1
    outer loop
      vertex -15.1377 -45.1343 27
      vertex -9.45753 -46.6563 27
      vertex -15.1296 -44.6172 27
    endloop
  endfacet
  facet normal -0 -0 1
    outer loop
      vertex -14.7371 -48.9011 27
      vertex -11.6878 -49.7182 27
      vertex -14.902 -47.9704 27
    endloop
  endfacet
  facet normal -0 -0 1
    outer loop
      vertex -15.1256 -45.7228 27
      vertex -9.76228 -47.1599 27
      vertex -15.1377 -45.1343 27
    endloop
  endfacet
  facet normal 0 0 1
    outer loop
      vertex -9.76228 -47.1599 27
      vertex -15.1256 -45.7228 27
      vertex -10.128 -47.7166 27
    endloop
  endfacet
  facet normal 0 0 1
    outer loop
      vertex -11.0797 -48.9946 27
      vertex -14.902 -47.9704 27
      vertex -11.6878 -49.7182 27
    endloop
  endfacet
  facet normal 0 0 1
    outer loop
      vertex -10.128 -47.7166 27
      vertex -15.0872 -46.3878 27
      vertex -10.5637 -48.3277 27
    endloop
  endfacet
  facet normal -0 -0 1
    outer loop
      vertex -14.902 -47.9704 27
      vertex -11.0797 -48.9946 27
      vertex -15.0154 -47.1349 27
    endloop
  endfacet
  facet normal -0 -0 1
    outer loop
      vertex -15.0154 -47.1349 27
      vertex -10.5637 -48.3277 27
      vertex -15.0872 -46.3878 27
    endloop
  endfacet
  facet normal 0 0 1
    outer loop
      vertex -10.5637 -48.3277 27
      vertex -15.0154 -47.1349 27
      vertex -11.0797 -48.9946 27
    endloop
  endfacet
  facet normal 0 0 1
    outer loop
      vertex 2.61972 7.71747 27
      vertex 2.55 11.15 27
      vertex 2.55 7.73862 27
    endloop
  endfacet
  facet normal 0 0 1
    outer loop
      vertex -2.73943 31.5701 27
      vertex -8.09834 42.5699 27
      vertex -2.96706 31.3833 27
    endloop
  endfacet
  facet normal 0 0 1
    outer loop
      vertex -2.96706 31.3833 27
      vertex -8.09834 42.5699 27
      vertex -3.18198 31.182 27
    endloop
  endfacet
  facet normal 0 0 1
    outer loop
      vertex -3.18198 31.182 27
      vertex -8.09834 42.5699 27
      vertex -3.38328 30.9671 27
    endloop
  endfacet
  facet normal 0 0 1
    outer loop
      vertex -3.38328 30.9671 27
      vertex -8.09834 42.5699 27
      vertex -3.57009 30.7394 27
    endloop
  endfacet
  facet normal -0 0 1
    outer loop
      vertex -14.2657 40.8991 27
      vertex -3.57009 30.7394 27
      vertex -8.09834 42.5699 27
    endloop
  endfacet
  facet normal 0 0 1
    outer loop
      vertex -3.57009 30.7394 27
      vertex -14.2657 40.8991 27
      vertex -3.74161 30.5001 27
    endloop
  endfacet
  facet normal 0 0 1
    outer loop
      vertex -3.74161 30.5001 27
      vertex -14.2657 40.8991 27
      vertex -3.89711 30.25 27
    endloop
  endfacet
  facet normal 0 0 1
    outer loop
      vertex -3.89711 30.25 27
      vertex -14.2657 40.8991 27
      vertex -4.03593 29.9903 27
    endloop
  endfacet
  facet normal 0 0 1
    outer loop
      vertex -4.03593 29.9903 27
      vertex -14.2657 40.8991 27
      vertex -4.15746 29.7221 27
    endloop
  endfacet
  facet normal 0 0 1
    outer loop
      vertex -4.15746 29.7221 27
      vertex -14.2657 40.8991 27
      vertex -4.26118 29.4465 27
    endloop
  endfacet
  facet normal -0 0 1
    outer loop
      vertex -16.2477 40.172 27
      vertex -4.26118 29.4465 27
      vertex -14.2657 40.8991 27
    endloop
  endfacet
  facet normal 0 0 1
    outer loop
      vertex -2.55 11.15 27
      vertex -4.9614 6.46582 27
      vertex -4.52789 6.77647 27
    endloop
  endfacet
  facet normal 0 0 1
    outer loop
      vertex -4.26118 29.4465 27
      vertex -16.2477 40.172 27
      vertex -4.34667 29.1647 27
    endloop
  endfacet
  facet normal 0 0 1
    outer loop
      vertex -4.34667 29.1647 27
      vertex -16.2477 40.172 27
      vertex -4.41353 28.8779 27
    endloop
  endfacet
  facet normal -0 0 1
    outer loop
      vertex -18.8403 39.0233 27
      vertex -4.41353 28.8779 27
      vertex -16.2477 40.172 27
    endloop
  endfacet
  facet normal 0 0 1
    outer loop
      vertex -4.41353 28.8779 27
      vertex -18.8403 39.0233 27
      vertex -4.4615 28.5874 27
    endloop
  endfacet
  facet normal 0 0 1
    outer loop
      vertex -2.55 11.15 27
      vertex -5.37366 6.12749 27
      vertex -4.9614 6.46582 27
    endloop
  endfacet
  facet normal 0 0 1
    outer loop
      vertex -2.55 11.15 27
      vertex -5.76291 5.76291 27
      vertex -5.37366 6.12749 27
    endloop
  endfacet
  facet normal 0 0 1
    outer loop
      vertex -2.55 11.15 27
      vertex -6.12749 5.37366 27
      vertex -5.76291 5.76291 27
    endloop
  endfacet
  facet normal 0 0 1
    outer loop
      vertex -4.41353 27.1221 27
      vertex -24.3651 35.8132 27
      vertex -26.0913 34.5979 27
    endloop
  endfacet
  facet normal -0 0 1
    outer loop
      vertex -24.3651 35.8132 27
      vertex -4.5 28 27
      vertex -18.8403 39.0233 27
    endloop
  endfacet
  facet normal 0 0 1
    outer loop
      vertex -4.49037 28.2943 27
      vertex -18.8403 39.0233 27
      vertex -4.5 28 27
    endloop
  endfacet
  facet normal 0 0 1
    outer loop
      vertex -4.4615 28.5874 27
      vertex -18.8403 39.0233 27
      vertex -4.49037 28.2943 27
    endloop
  endfacet
  facet normal 0 0 1
    outer loop
      vertex -4.34667 26.8353 27
      vertex -26.0913 34.5979 27
      vertex -28.2983 32.8174 27
    endloop
  endfacet
  facet normal 0 0 1
    outer loop
      vertex -4.03593 26.0097 27
      vertex -28.2983 32.8174 27
      vertex -32.804 28.2868 27
    endloop
  endfacet
  facet normal 0 0 1
    outer loop
      vertex -3.89711 25.75 27
      vertex -32.804 28.2868 27
      vertex -6.12749 5.37366 27
    endloop
  endfacet
  facet normal 0 0 1
    outer loop
      vertex -6.12749 5.37366 27
      vertex -32.804 28.2868 27
      vertex -6.46582 4.9614 27
    endloop
  endfacet
  facet normal 0 0 1
    outer loop
      vertex -14.2657 40.8991 27
      vertex -8.09834 42.5699 27
      vertex -8.42948 44.3106 27
    endloop
  endfacet
  facet normal -0 0 1
    outer loop
      vertex -34.1569 26.6661 27
      vertex -6.46582 4.9614 27
      vertex -32.804 28.2868 27
    endloop
  endfacet
  facet normal -0 0 1
    outer loop
      vertex -35.8278 24.375 27
      vertex -6.46582 4.9614 27
      vertex -34.1569 26.6661 27
    endloop
  endfacet
  facet normal 0 0 1
    outer loop
      vertex -6.46582 4.9614 27
      vertex -35.8278 24.375 27
      vertex -6.77647 4.52789 27
    endloop
  endfacet
  facet normal 0.887511 -0.460786 0
    outer loop
      vertex 1.09066 -51.9885 27
      vertex 1.57841 -51.0491 0
      vertex 1.57841 -51.0491 27
    endloop
  endfacet
  facet normal 0.887511 -0.460786 0
    outer loop
      vertex 1.57841 -51.0491 0
      vertex 1.09066 -51.9885 27
      vertex 1.09066 -51.9885 0
    endloop
  endfacet
  facet normal 0.905975 -0.423332 0
    outer loop
      vertex 1.57841 -51.0491 27
      vertex 1.97856 -50.1927 0
      vertex 1.97856 -50.1927 27
    endloop
  endfacet
  facet normal 0.905975 -0.423332 0
    outer loop
      vertex 1.97856 -50.1927 0
      vertex 1.57841 -51.0491 27
      vertex 1.57841 -51.0491 0
    endloop
  endfacet
  facet normal 0.922333 -0.386396 0
    outer loop
      vertex 1.97856 -50.1927 27
      vertex 2.30434 -49.4151 0
      vertex 2.30434 -49.4151 27
    endloop
  endfacet
  facet normal 0.922333 -0.386396 0
    outer loop
      vertex 2.30434 -49.4151 0
      vertex 1.97856 -50.1927 27
      vertex 1.97856 -50.1927 0
    endloop
  endfacet
  facet normal 0.936755 -0.349985 0
    outer loop
      vertex 2.30434 -49.4151 27
      vertex 2.56701 -48.712 0
      vertex 2.56701 -48.712 27
    endloop
  endfacet
  facet normal 0.936755 -0.349985 0
    outer loop
      vertex 2.56701 -48.712 0
      vertex 2.30434 -49.4151 27
      vertex 2.30434 -49.4151 0
    endloop
  endfacet
  facet normal 0.949398 -0.314076 0
    outer loop
      vertex 2.56701 -48.712 27
      vertex 2.77622 -48.0796 0
      vertex 2.77622 -48.0796 27
    endloop
  endfacet
  facet normal 0.949398 -0.314076 0
    outer loop
      vertex 2.77622 -48.0796 0
      vertex 2.56701 -48.712 27
      vertex 2.56701 -48.712 0
    endloop
  endfacet
  facet normal 0.960397 -0.278635 0
    outer loop
      vertex 2.77622 -48.0796 27
      vertex 2.94024 -47.5143 0
      vertex 2.94024 -47.5143 27
    endloop
  endfacet
  facet normal 0.960397 -0.278635 0
    outer loop
      vertex 2.94024 -47.5143 0
      vertex 2.77622 -48.0796 27
      vertex 2.77622 -48.0796 0
    endloop
  endfacet
  facet normal 0.969872 -0.243613 0
    outer loop
      vertex 2.94024 -47.5143 27
      vertex 3.06623 -47.0127 0
      vertex 3.06623 -47.0127 27
    endloop
  endfacet
  facet normal 0.969872 -0.243613 0
    outer loop
      vertex 3.06623 -47.0127 0
      vertex 2.94024 -47.5143 27
      vertex 2.94024 -47.5143 0
    endloop
  endfacet
  facet normal 0.977898 -0.209082 0
    outer loop
      vertex 3.06623 -47.0127 27
      vertex 3.16046 -46.572 0
      vertex 3.16046 -46.572 27
    endloop
  endfacet
  facet normal 0.977898 -0.209082 0
    outer loop
      vertex 3.16046 -46.572 0
      vertex 3.06623 -47.0127 27
      vertex 3.06623 -47.0127 0
    endloop
  endfacet
  facet normal 0.984592 -0.174865 0
    outer loop
      vertex 3.16046 -46.572 27
      vertex 3.22841 -46.1894 0
      vertex 3.22841 -46.1894 27
    endloop
  endfacet
  facet normal 0.984592 -0.174865 0
    outer loop
      vertex 3.22841 -46.1894 0
      vertex 3.16046 -46.572 27
      vertex 3.16046 -46.572 0
    endloop
  endfacet
  facet normal 0.990006 -0.141027 0
    outer loop
      vertex 3.22841 -46.1894 27
      vertex 3.27496 -45.8626 0
      vertex 3.27496 -45.8626 27
    endloop
  endfacet
  facet normal 0.990006 -0.141027 0
    outer loop
      vertex 3.27496 -45.8626 0
      vertex 3.22841 -46.1894 27
      vertex 3.22841 -46.1894 0
    endloop
  endfacet
  facet normal 0.994203 -0.107515 0
    outer loop
      vertex 3.27496 -45.8626 27
      vertex 3.30447 -45.5897 0
      vertex 3.30447 -45.5897 27
    endloop
  endfacet
  facet normal 0.994203 -0.107515 0
    outer loop
      vertex 3.30447 -45.5897 0
      vertex 3.27496 -45.8626 27
      vertex 3.27496 -45.8626 0
    endloop
  endfacet
  facet normal 0.997237 -0.0742923 0
    outer loop
      vertex 3.30447 -45.5897 27
      vertex 3.32092 -45.3689 0
      vertex 3.32092 -45.3689 27
    endloop
  endfacet
  facet normal 0.997237 -0.0742923 0
    outer loop
      vertex 3.32092 -45.3689 0
      vertex 3.30447 -45.5897 27
      vertex 3.30447 -45.5897 0
    endloop
  endfacet
  facet normal 0.999141 -0.0414395 0
    outer loop
      vertex 3.32092 -45.3689 27
      vertex 3.32798 -45.1988 0
      vertex 3.32798 -45.1988 27
    endloop
  endfacet
  facet normal 0.999141 -0.0414395 0
    outer loop
      vertex 3.32798 -45.1988 0
      vertex 3.32092 -45.3689 27
      vertex 3.32092 -45.3689 0
    endloop
  endfacet
  facet normal 0.999961 -0.00884998 0
    outer loop
      vertex 3.32798 -45.1988 27
      vertex 3.32904 -45.0782 0
      vertex 3.32904 -45.0782 27
    endloop
  endfacet
  facet normal 0.999961 -0.00884998 0
    outer loop
      vertex 3.32904 -45.0782 0
      vertex 3.32798 -45.1988 27
      vertex 3.32798 -45.1988 0
    endloop
  endfacet
  facet normal 0.99954 0.0303388 0
    outer loop
      vertex 3.32904 -45.0782 27
      vertex 3.32614 -44.9824 0
      vertex 3.32614 -44.9824 27
    endloop
  endfacet
  facet normal 0.99954 0.0303388 0
    outer loop
      vertex 3.32614 -44.9824 0
      vertex 3.32904 -45.0782 27
      vertex 3.32904 -45.0782 0
    endloop
  endfacet
  facet normal 0.997277 0.0737413 0
    outer loop
      vertex 3.32614 -44.9824 27
      vertex 3.19417 -43.1977 0
      vertex 3.19417 -43.1977 27
    endloop
  endfacet
  facet normal 0.997277 0.0737413 0
    outer loop
      vertex 3.19417 -43.1977 0
      vertex 3.32614 -44.9824 27
      vertex 3.32614 -44.9824 0
    endloop
  endfacet
  facet normal 0.0896915 -0.99597 0
    outer loop
      vertex 3.19417 -43.1977 0
      vertex 5.29679 -43.0084 27
      vertex 3.19417 -43.1977 27
    endloop
  endfacet
  facet normal 0.0896915 -0.99597 0
    outer loop
      vertex 5.29679 -43.0084 27
      vertex 3.19417 -43.1977 0
      vertex 5.29679 -43.0084 0
    endloop
  endfacet
  facet normal 0.15464 -0.987971 0
    outer loop
      vertex 5.29679 -43.0084 0
      vertex 8.09834 -42.5699 27
      vertex 5.29679 -43.0084 27
    endloop
  endfacet
  facet normal 0.15464 -0.987971 0
    outer loop
      vertex 8.09834 -42.5699 27
      vertex 5.29679 -43.0084 0
      vertex 8.09834 -42.5699 0
    endloop
  endfacet
  facet normal -0.982382 -0.186884 0
    outer loop
      vertex 8.42948 -44.3106 0
      vertex 8.09834 -42.5699 27
      vertex 8.09834 -42.5699 0
    endloop
  endfacet
  facet normal -0.982382 -0.186884 0
    outer loop
      vertex 8.09834 -42.5699 27
      vertex 8.42948 -44.3106 0
      vertex 8.42948 -44.3106 27
    endloop
  endfacet
  facet normal -0.973352 -0.229316 0
    outer loop
      vertex 8.45145 -44.4038 0
      vertex 8.42948 -44.3106 27
      vertex 8.42948 -44.3106 0
    endloop
  endfacet
  facet normal -0.973352 -0.229316 0
    outer loop
      vertex 8.42948 -44.3106 27
      vertex 8.45145 -44.4038 0
      vertex 8.45145 -44.4038 27
    endloop
  endfacet
  facet normal -0.963591 -0.267382 0
    outer loop
      vertex 8.4837 -44.52 0
      vertex 8.45145 -44.4038 27
      vertex 8.45145 -44.4038 0
    endloop
  endfacet
  facet normal -0.963591 -0.267382 0
    outer loop
      vertex 8.45145 -44.4038 27
      vertex 8.4837 -44.52 0
      vertex 8.4837 -44.52 27
    endloop
  endfacet
  facet normal -0.954376 -0.298608 0
    outer loop
      vertex 8.53454 -44.6825 0
      vertex 8.4837 -44.52 27
      vertex 8.4837 -44.52 0
    endloop
  endfacet
  facet normal -0.954376 -0.298608 0
    outer loop
      vertex 8.4837 -44.52 27
      vertex 8.53454 -44.6825 0
      vertex 8.53454 -44.6825 27
    endloop
  endfacet
  facet normal -0.94402 -0.329889 0
    outer loop
      vertex 8.60758 -44.8915 0
      vertex 8.53454 -44.6825 27
      vertex 8.53454 -44.6825 0
    endloop
  endfacet
  facet normal -0.94402 -0.329889 0
    outer loop
      vertex 8.53454 -44.6825 27
      vertex 8.60758 -44.8915 0
      vertex 8.60758 -44.8915 27
    endloop
  endfacet
  facet normal -0.932491 -0.361194 0
    outer loop
      vertex 8.70672 -45.1475 0
      vertex 8.60758 -44.8915 27
      vertex 8.60758 -44.8915 0
    endloop
  endfacet
  facet normal -0.932491 -0.361194 0
    outer loop
      vertex 8.60758 -44.8915 27
      vertex 8.70672 -45.1475 0
      vertex 8.70672 -45.1475 27
    endloop
  endfacet
  facet normal -0.91977 -0.392457 0
    outer loop
      vertex 8.83626 -45.4511 0
      vertex 8.70672 -45.1475 27
      vertex 8.70672 -45.1475 0
    endloop
  endfacet
  facet normal -0.91977 -0.392457 0
    outer loop
      vertex 8.70672 -45.1475 27
      vertex 8.83626 -45.4511 0
      vertex 8.83626 -45.4511 27
    endloop
  endfacet
  facet normal -0.905782 -0.423743 0
    outer loop
      vertex 9.00091 -45.803 0
      vertex 8.83626 -45.4511 27
      vertex 8.83626 -45.4511 0
    endloop
  endfacet
  facet normal -0.905782 -0.423743 0
    outer loop
      vertex 8.83626 -45.4511 27
      vertex 9.00091 -45.803 0
      vertex 9.00091 -45.803 27
    endloop
  endfacet
  facet normal -0.890479 -0.455023 0
    outer loop
      vertex 9.206 -46.2044 0
      vertex 9.00091 -45.803 27
      vertex 9.00091 -45.803 0
    endloop
  endfacet
  facet normal -0.890479 -0.455023 0
    outer loop
      vertex 9.00091 -45.803 27
      vertex 9.206 -46.2044 0
      vertex 9.206 -46.2044 27
    endloop
  endfacet
  facet normal -0.87376 -0.486358 0
    outer loop
      vertex 9.45752 -46.6563 0
      vertex 9.206 -46.2044 27
      vertex 9.206 -46.2044 0
    endloop
  endfacet
  facet normal -0.87376 -0.486358 0
    outer loop
      vertex 9.206 -46.2044 27
      vertex 9.45752 -46.6563 0
      vertex 9.45752 -46.6563 27
    endloop
  endfacet
  facet normal -0.855563 -0.517698 0
    outer loop
      vertex 9.76227 -47.1599 0
      vertex 9.45752 -46.6563 27
      vertex 9.45752 -46.6563 0
    endloop
  endfacet
  facet normal -0.855563 -0.517698 0
    outer loop
      vertex 9.45752 -46.6563 27
      vertex 9.76227 -47.1599 0
      vertex 9.76227 -47.1599 27
    endloop
  endfacet
  facet normal -0.83577 -0.54908 0
    outer loop
      vertex 10.128 -47.7166 0
      vertex 9.76227 -47.1599 27
      vertex 9.76227 -47.1599 0
    endloop
  endfacet
  facet normal -0.83577 -0.54908 0
    outer loop
      vertex 9.76227 -47.1599 27
      vertex 10.128 -47.7166 0
      vertex 10.128 -47.7166 27
    endloop
  endfacet
  facet normal -0.814239 -0.58053 0
    outer loop
      vertex 10.5637 -48.3277 0
      vertex 10.128 -47.7166 27
      vertex 10.128 -47.7166 0
    endloop
  endfacet
  facet normal -0.814239 -0.58053 0
    outer loop
      vertex 10.128 -47.7166 27
      vertex 10.5637 -48.3277 0
      vertex 10.5637 -48.3277 27
    endloop
  endfacet
  facet normal -0.790907 -0.611936 0
    outer loop
      vertex 11.0797 -48.9946 0
      vertex 10.5637 -48.3277 27
      vertex 10.5637 -48.3277 0
    endloop
  endfacet
  facet normal -0.790907 -0.611936 0
    outer loop
      vertex 10.5637 -48.3277 27
      vertex 11.0797 -48.9946 0
      vertex 11.0797 -48.9946 27
    endloop
  endfacet
  facet normal -0.765531 -0.643398 0
    outer loop
      vertex 11.6878 -49.7182 0
      vertex 11.0797 -48.9946 27
      vertex 11.0797 -48.9946 0
    endloop
  endfacet
  facet normal -0.765531 -0.643398 0
    outer loop
      vertex 11.0797 -48.9946 27
      vertex 11.6878 -49.7182 0
      vertex 11.6878 -49.7182 27
    endloop
  endfacet
  facet normal -0.738006 -0.674794 0
    outer loop
      vertex 12.4021 -50.4994 0
      vertex 11.6878 -49.7182 27
      vertex 11.6878 -49.7182 0
    endloop
  endfacet
  facet normal -0.738006 -0.674794 0
    outer loop
      vertex 11.6878 -49.7182 27
      vertex 12.4021 -50.4994 0
      vertex 12.4021 -50.4994 27
    endloop
  endfacet
  facet normal 0.258818 -0.965926 0
    outer loop
      vertex 12.4021 -50.4994 0
      vertex 14.5091 -49.9348 27
      vertex 12.4021 -50.4994 27
    endloop
  endfacet
  facet normal 0.258818 -0.965926 0
    outer loop
      vertex 14.5091 -49.9348 27
      vertex 12.4021 -50.4994 0
      vertex 14.5091 -49.9348 0
    endloop
  endfacet
  facet normal 0.97653 -0.21538 0
    outer loop
      vertex 14.5091 -49.9348 27
      vertex 14.7371 -48.9011 0
      vertex 14.7371 -48.9011 27
    endloop
  endfacet
  facet normal 0.97653 -0.21538 0
    outer loop
      vertex 14.7371 -48.9011 0
      vertex 14.5091 -49.9348 27
      vertex 14.5091 -49.9348 0
    endloop
  endfacet
  facet normal 0.984669 -0.174432 0
    outer loop
      vertex 14.7371 -48.9011 27
      vertex 14.902 -47.9704 0
      vertex 14.902 -47.9704 27
    endloop
  endfacet
  facet normal 0.984669 -0.174432 0
    outer loop
      vertex 14.902 -47.9704 0
      vertex 14.7371 -48.9011 27
      vertex 14.7371 -48.9011 0
    endloop
  endfacet
  facet normal 0.990913 -0.134501 0
    outer loop
      vertex 14.902 -47.9704 27
      vertex 15.0154 -47.1349 0
      vertex 15.0154 -47.1349 27
    endloop
  endfacet
  facet normal 0.990913 -0.134501 0
    outer loop
      vertex 15.0154 -47.1349 0
      vertex 14.902 -47.9704 27
      vertex 14.902 -47.9704 0
    endloop
  endfacet
  facet normal 0.995418 -0.0956213 0
    outer loop
      vertex 15.0154 -47.1349 27
      vertex 15.0872 -46.3878 0
      vertex 15.0872 -46.3878 27
    endloop
  endfacet
  facet normal 0.995418 -0.0956213 0
    outer loop
      vertex 15.0872 -46.3878 0
      vertex 15.0154 -47.1349 27
      vertex 15.0154 -47.1349 0
    endloop
  endfacet
  facet normal 0.998337 -0.0576496 0
    outer loop
      vertex 15.0872 -46.3878 27
      vertex 15.1256 -45.7228 0
      vertex 15.1256 -45.7228 27
    endloop
  endfacet
  facet normal 0.998337 -0.0576496 0
    outer loop
      vertex 15.1256 -45.7228 0
      vertex 15.0872 -46.3878 27
      vertex 15.0872 -46.3878 0
    endloop
  endfacet
  facet normal 0.999788 -0.0205667 0
    outer loop
      vertex 15.1256 -45.7228 27
      vertex 15.1377 -45.1343 0
      vertex 15.1377 -45.1343 27
    endloop
  endfacet
  facet normal 0.999788 -0.0205667 0
    outer loop
      vertex 15.1377 -45.1343 0
      vertex 15.1256 -45.7228 27
      vertex 15.1256 -45.7228 0
    endloop
  endfacet
  facet normal 0.999877 0.0157118 0
    outer loop
      vertex 15.1377 -45.1343 27
      vertex 15.1295 -44.6172 0
      vertex 15.1295 -44.6172 27
    endloop
  endfacet
  facet normal 0.999877 0.0157118 0
    outer loop
      vertex 15.1295 -44.6172 0
      vertex 15.1377 -45.1343 27
      vertex 15.1377 -45.1343 0
    endloop
  endfacet
  facet normal 0.998691 0.0511453 0
    outer loop
      vertex 15.1295 -44.6172 27
      vertex 15.1065 -44.1671 0
      vertex 15.1065 -44.1671 27
    endloop
  endfacet
  facet normal 0.998691 0.0511453 0
    outer loop
      vertex 15.1065 -44.1671 0
      vertex 15.1295 -44.6172 27
      vertex 15.1295 -44.6172 0
    endloop
  endfacet
  facet normal 0.996303 0.0859138 0
    outer loop
      vertex 15.1065 -44.1671 27
      vertex 15.0731 -43.7799 0
      vertex 15.0731 -43.7799 27
    endloop
  endfacet
  facet normal 0.996303 0.0859138 0
    outer loop
      vertex 15.0731 -43.7799 0
      vertex 15.1065 -44.1671 27
      vertex 15.1065 -44.1671 0
    endloop
  endfacet
  facet normal 0.992773 0.120006 0
    outer loop
      vertex 15.0731 -43.7799 27
      vertex 15.0335 -43.4523 0
      vertex 15.0335 -43.4523 27
    endloop
  endfacet
  facet normal 0.992773 0.120006 0
    outer loop
      vertex 15.0335 -43.4523 0
      vertex 15.0731 -43.7799 27
      vertex 15.0731 -43.7799 0
    endloop
  endfacet
  facet normal 0.988155 0.153461 0
    outer loop
      vertex 15.0335 -43.4523 27
      vertex 14.9914 -43.181 0
      vertex 14.9914 -43.181 27
    endloop
  endfacet
  facet normal 0.988155 0.153461 0
    outer loop
      vertex 14.9914 -43.181 0
      vertex 15.0335 -43.4523 27
      vertex 15.0335 -43.4523 0
    endloop
  endfacet
  facet normal 0.982486 0.186336 0
    outer loop
      vertex 14.9914 -43.181 27
      vertex 14.9501 -42.9635 0
      vertex 14.9501 -42.9635 27
    endloop
  endfacet
  facet normal 0.982486 0.186336 0
    outer loop
      vertex 14.9501 -42.9635 0
      vertex 14.9914 -43.181 27
      vertex 14.9914 -43.181 0
    endloop
  endfacet
  facet normal 0.975818 0.218584 0
    outer loop
      vertex 14.9501 -42.9635 27
      vertex 14.9129 -42.7973 0
      vertex 14.9129 -42.7973 27
    endloop
  endfacet
  facet normal 0.975818 0.218584 0
    outer loop
      vertex 14.9129 -42.7973 0
      vertex 14.9501 -42.9635 27
      vertex 14.9501 -42.9635 0
    endloop
  endfacet
  facet normal 0.968169 0.250298 0
    outer loop
      vertex 14.9129 -42.7973 27
      vertex 14.8827 -42.6806 0
      vertex 14.8827 -42.6806 27
    endloop
  endfacet
  facet normal 0.968169 0.250298 0
    outer loop
      vertex 14.8827 -42.6806 0
      vertex 14.9129 -42.7973 27
      vertex 14.9129 -42.7973 0
    endloop
  endfacet
  facet normal 0.957612 0.28806 0
    outer loop
      vertex 14.8827 -42.6806 27
      vertex 14.8551 -42.5888 0
      vertex 14.8551 -42.5888 27
    endloop
  endfacet
  facet normal 0.957612 0.28806 0
    outer loop
      vertex 14.8551 -42.5888 0
      vertex 14.8827 -42.6806 27
      vertex 14.8827 -42.6806 0
    endloop
  endfacet
  facet normal 0.944211 0.329342 0
    outer loop
      vertex 14.8551 -42.5888 27
      vertex 14.2657 -40.8991 0
      vertex 14.2657 -40.8991 27
    endloop
  endfacet
  facet normal 0.944211 0.329342 0
    outer loop
      vertex 14.2657 -40.8991 0
      vertex 14.8551 -42.5888 27
      vertex 14.8551 -42.5888 0
    endloop
  endfacet
  facet normal 0.344421 -0.938815 0
    outer loop
      vertex 14.2657 -40.8991 0
      vertex 16.2477 -40.172 27
      vertex 14.2657 -40.8991 27
    endloop
  endfacet
  facet normal 0.344421 -0.938815 0
    outer loop
      vertex 16.2477 -40.172 27
      vertex 14.2657 -40.8991 0
      vertex 16.2477 -40.172 0
    endloop
  endfacet
  facet normal 0.405079 -0.914282 0
    outer loop
      vertex 16.2477 -40.172 0
      vertex 18.8403 -39.0233 27
      vertex 16.2477 -40.172 27
    endloop
  endfacet
  facet normal 0.405079 -0.914282 0
    outer loop
      vertex 18.8403 -39.0233 27
      vertex 16.2477 -40.172 0
      vertex 18.8403 -39.0233 0
    endloop
  endfacet
  facet normal -0.900538 -0.434778 0
    outer loop
      vertex 19.6107 -40.619 0
      vertex 18.8403 -39.0233 27
      vertex 18.8403 -39.0233 0
    endloop
  endfacet
  facet normal -0.900538 -0.434778 0
    outer loop
      vertex 18.8403 -39.0233 27
      vertex 19.6107 -40.619 0
      vertex 19.6107 -40.619 27
    endloop
  endfacet
  facet normal -0.880899 -0.473303 0
    outer loop
      vertex 19.656 -40.7034 0
      vertex 19.6107 -40.619 27
      vertex 19.6107 -40.619 0
    endloop
  endfacet
  facet normal -0.880899 -0.473303 0
    outer loop
      vertex 19.6107 -40.619 27
      vertex 19.656 -40.7034 0
      vertex 19.656 -40.7034 27
    endloop
  endfacet
  facet normal -0.861498 -0.50776 0
    outer loop
      vertex 19.7173 -40.8073 0
      vertex 19.656 -40.7034 27
      vertex 19.656 -40.7034 0
    endloop
  endfacet
  facet normal -0.861498 -0.50776 0
    outer loop
      vertex 19.656 -40.7034 27
      vertex 19.7173 -40.8073 0
      vertex 19.7173 -40.8073 27
    endloop
  endfacet
  facet normal -0.844562 -0.535458 0
    outer loop
      vertex 19.8084 -40.9511 0
      vertex 19.7173 -40.8073 27
      vertex 19.7173 -40.8073 0
    endloop
  endfacet
  facet normal -0.844562 -0.535458 0
    outer loop
      vertex 19.7173 -40.8073 27
      vertex 19.8084 -40.9511 0
      vertex 19.8084 -40.9511 27
    endloop
  endfacet
  facet normal -0.826463 -0.56299 0
    outer loop
      vertex 19.9331 -41.1341 0
      vertex 19.8084 -40.9511 27
      vertex 19.8084 -40.9511 0
    endloop
  endfacet
  facet normal -0.826463 -0.56299 0
    outer loop
      vertex 19.8084 -40.9511 27
      vertex 19.9331 -41.1341 0
      vertex 19.9331 -41.1341 27
    endloop
  endfacet
  facet normal -0.807253 -0.590206 0
    outer loop
      vertex 20.0951 -41.3557 0
      vertex 19.9331 -41.1341 27
      vertex 19.9331 -41.1341 0
    endloop
  endfacet
  facet normal -0.807253 -0.590206 0
    outer loop
      vertex 19.9331 -41.1341 27
      vertex 20.0951 -41.3557 0
      vertex 20.0951 -41.3557 27
    endloop
  endfacet
  facet normal -0.786866 -0.617124 0
    outer loop
      vertex 20.2988 -41.6154 0
      vertex 20.0951 -41.3557 27
      vertex 20.0951 -41.3557 0
    endloop
  endfacet
  facet normal -0.786866 -0.617124 0
    outer loop
      vertex 20.0951 -41.3557 27
      vertex 20.2988 -41.6154 0
      vertex 20.2988 -41.6154 27
    endloop
  endfacet
  facet normal -0.765226 -0.643762 0
    outer loop
      vertex 20.5489 -41.9127 0
      vertex 20.2988 -41.6154 27
      vertex 20.2988 -41.6154 0
    endloop
  endfacet
  facet normal -0.765226 -0.643762 0
    outer loop
      vertex 20.2988 -41.6154 27
      vertex 20.5489 -41.9127 0
      vertex 20.5489 -41.9127 27
    endloop
  endfacet
  facet normal -0.742392 -0.669966 0
    outer loop
      vertex 20.8509 -42.2473 0
      vertex 20.5489 -41.9127 27
      vertex 20.5489 -41.9127 0
    endloop
  endfacet
  facet normal -0.742392 -0.669966 0
    outer loop
      vertex 20.5489 -41.9127 27
      vertex 20.8509 -42.2473 0
      vertex 20.8509 -42.2473 27
    endloop
  endfacet
  facet normal -0.718101 -0.695939 0
    outer loop
      vertex 21.2108 -42.6187 0
      vertex 20.8509 -42.2473 27
      vertex 20.8509 -42.2473 0
    endloop
  endfacet
  facet normal -0.718101 -0.695939 0
    outer loop
      vertex 20.8509 -42.2473 27
      vertex 21.2108 -42.6187 0
      vertex 21.2108 -42.6187 27
    endloop
  endfacet
  facet normal -0.69242 -0.721494 0
    outer loop
      vertex 21.2108 -42.6187 0
      vertex 21.6355 -43.0263 27
      vertex 21.2108 -42.6187 27
    endloop
  endfacet
  facet normal -0.69242 -0.721494 -0
    outer loop
      vertex 21.6355 -43.0263 27
      vertex 21.2108 -42.6187 0
      vertex 21.6355 -43.0263 0
    endloop
  endfacet
  facet normal -0.665169 -0.746693 0
    outer loop
      vertex 21.6355 -43.0263 0
      vertex 22.1329 -43.4694 27
      vertex 21.6355 -43.0263 27
    endloop
  endfacet
  facet normal -0.665169 -0.746693 -0
    outer loop
      vertex 22.1329 -43.4694 27
      vertex 21.6355 -43.0263 0
      vertex 22.1329 -43.4694 0
    endloop
  endfacet
  facet normal -0.636258 -0.771477 0
    outer loop
      vertex 22.1329 -43.4694 0
      vertex 22.7119 -43.9469 27
      vertex 22.1329 -43.4694 27
    endloop
  endfacet
  facet normal -0.636258 -0.771477 -0
    outer loop
      vertex 22.7119 -43.9469 27
      vertex 22.1329 -43.4694 0
      vertex 22.7119 -43.9469 0
    endloop
  endfacet
  facet normal -0.605569 -0.795793 0
    outer loop
      vertex 22.7119 -43.9469 0
      vertex 23.3828 -44.4575 27
      vertex 22.7119 -43.9469 27
    endloop
  endfacet
  facet normal -0.605569 -0.795793 -0
    outer loop
      vertex 23.3828 -44.4575 27
      vertex 22.7119 -43.9469 0
      vertex 23.3828 -44.4575 0
    endloop
  endfacet
  facet normal -0.572922 -0.81961 0
    outer loop
      vertex 23.3828 -44.4575 0
      vertex 24.1576 -44.999 27
      vertex 23.3828 -44.4575 27
    endloop
  endfacet
  facet normal -0.572922 -0.81961 -0
    outer loop
      vertex 24.1576 -44.999 27
      vertex 23.3828 -44.4575 0
      vertex 24.1576 -44.999 0
    endloop
  endfacet
  facet normal -0.538209 -0.842811 0
    outer loop
      vertex 24.1576 -44.999 0
      vertex 25.0497 -45.5687 27
      vertex 24.1576 -44.999 27
    endloop
  endfacet
  facet normal -0.538209 -0.842811 -0
    outer loop
      vertex 25.0497 -45.5687 27
      vertex 24.1576 -44.999 0
      vertex 25.0497 -45.5687 0
    endloop
  endfacet
  facet normal 0.5 -0.866025 0
    outer loop
      vertex 25.0497 -45.5687 0
      vertex 26.9388 -44.4781 27
      vertex 25.0497 -45.5687 27
    endloop
  endfacet
  facet normal 0.5 -0.866025 0
    outer loop
      vertex 26.9388 -44.4781 27
      vertex 25.0497 -45.5687 0
      vertex 26.9388 -44.4781 0
    endloop
  endfacet
  facet normal 0.999 0.0447018 0
    outer loop
      vertex 26.9388 -44.4781 27
      vertex 26.8915 -43.4206 0
      vertex 26.8915 -43.4206 27
    endloop
  endfacet
  facet normal 0.999 0.0447018 0
    outer loop
      vertex 26.8915 -43.4206 0
      vertex 26.9388 -44.4781 27
      vertex 26.9388 -44.4781 0
    endloop
  endfacet
  facet normal 0.996263 0.0863756 0
    outer loop
      vertex 26.8915 -43.4206 27
      vertex 26.8099 -42.4789 0
      vertex 26.8099 -42.4789 27
    endloop
  endfacet
  facet normal 0.996263 0.0863756 0
    outer loop
      vertex 26.8099 -42.4789 0
      vertex 26.8915 -43.4206 27
      vertex 26.8915 -43.4206 0
    endloop
  endfacet
  facet normal 0.991963 0.126525 0
    outer loop
      vertex 26.8099 -42.4789 27
      vertex 26.7032 -41.6426 0
      vertex 26.7032 -41.6426 27
    endloop
  endfacet
  facet normal 0.991963 0.126525 0
    outer loop
      vertex 26.7032 -41.6426 0
      vertex 26.8099 -42.4789 27
      vertex 26.8099 -42.4789 0
    endloop
  endfacet
  facet normal 0.986245 0.165287 0
    outer loop
      vertex 26.7032 -41.6426 27
      vertex 26.5791 -40.9023 0
      vertex 26.5791 -40.9023 27
    endloop
  endfacet
  facet normal 0.986245 0.165287 0
    outer loop
      vertex 26.5791 -40.9023 0
      vertex 26.7032 -41.6426 27
      vertex 26.7032 -41.6426 0
    endloop
  endfacet
  facet normal 0.979241 0.202701 0
    outer loop
      vertex 26.5791 -40.9023 27
      vertex 26.4441 -40.2501 0
      vertex 26.4441 -40.2501 27
    endloop
  endfacet
  facet normal 0.979241 0.202701 0
    outer loop
      vertex 26.4441 -40.2501 0
      vertex 26.5791 -40.9023 27
      vertex 26.5791 -40.9023 0
    endloop
  endfacet
  facet normal 0.971044 0.2389 0
    outer loop
      vertex 26.4441 -40.2501 27
      vertex 26.3035 -39.6784 0
      vertex 26.3035 -39.6784 27
    endloop
  endfacet
  facet normal 0.971044 0.2389 0
    outer loop
      vertex 26.3035 -39.6784 0
      vertex 26.4441 -40.2501 27
      vertex 26.4441 -40.2501 0
    endloop
  endfacet
  facet normal 0.961744 0.273949 0
    outer loop
      vertex 26.3035 -39.6784 27
      vertex 26.1618 -39.1811 0
      vertex 26.1618 -39.1811 27
    endloop
  endfacet
  facet normal 0.961744 0.273949 0
    outer loop
      vertex 26.1618 -39.1811 0
      vertex 26.3035 -39.6784 27
      vertex 26.3035 -39.6784 0
    endloop
  endfacet
  facet normal 0.951423 0.307886 0
    outer loop
      vertex 26.1618 -39.1811 27
      vertex 26.023 -38.7523 0
      vertex 26.023 -38.7523 27
    endloop
  endfacet
  facet normal 0.951423 0.307886 0
    outer loop
      vertex 26.023 -38.7523 0
      vertex 26.1618 -39.1811 27
      vertex 26.1618 -39.1811 0
    endloop
  endfacet
  facet normal 0.940117 0.340853 0
    outer loop
      vertex 26.023 -38.7523 27
      vertex 25.8906 -38.3869 0
      vertex 25.8906 -38.3869 27
    endloop
  endfacet
  facet normal 0.940117 0.340853 0
    outer loop
      vertex 25.8906 -38.3869 0
      vertex 26.023 -38.7523 27
      vertex 26.023 -38.7523 0
    endloop
  endfacet
  facet normal 0.927881 0.372877 0
    outer loop
      vertex 25.8906 -38.3869 27
      vertex 25.7675 -38.0807 0
      vertex 25.7675 -38.0807 27
    endloop
  endfacet
  facet normal 0.927881 0.372877 0
    outer loop
      vertex 25.7675 -38.0807 0
      vertex 25.8906 -38.3869 27
      vertex 25.8906 -38.3869 0
    endloop
  endfacet
  facet normal 0.914767 0.403983 0
    outer loop
      vertex 25.7675 -38.0807 27
      vertex 25.6566 -37.8296 0
      vertex 25.6566 -37.8296 27
    endloop
  endfacet
  facet normal 0.914767 0.403983 0
    outer loop
      vertex 25.6566 -37.8296 0
      vertex 25.7675 -38.0807 27
      vertex 25.7675 -38.0807 0
    endloop
  endfacet
  facet normal 0.900771 0.434295 0
    outer loop
      vertex 25.6566 -37.8296 27
      vertex 25.5605 -37.6302 0
      vertex 25.5605 -37.6302 27
    endloop
  endfacet
  facet normal 0.900771 0.434295 0
    outer loop
      vertex 25.5605 -37.6302 0
      vertex 25.6566 -37.8296 27
      vertex 25.6566 -37.8296 0
    endloop
  endfacet
  facet normal 0.885978 0.463726 0
    outer loop
      vertex 25.5605 -37.6302 27
      vertex 25.4815 -37.4793 0
      vertex 25.4815 -37.4793 27
    endloop
  endfacet
  facet normal 0.885978 0.463726 0
    outer loop
      vertex 25.4815 -37.4793 0
      vertex 25.5605 -37.6302 27
      vertex 25.5605 -37.6302 0
    endloop
  endfacet
  facet normal 0.870427 0.492298 0
    outer loop
      vertex 25.4815 -37.4793 27
      vertex 25.4222 -37.3744 0
      vertex 25.4222 -37.3744 27
    endloop
  endfacet
  facet normal 0.870427 0.492298 0
    outer loop
      vertex 25.4222 -37.3744 0
      vertex 25.4815 -37.4793 27
      vertex 25.4815 -37.4793 0
    endloop
  endfacet
  facet normal 0.850486 0.525997 0
    outer loop
      vertex 25.4222 -37.3744 27
      vertex 25.3717 -37.2928 0
      vertex 25.3717 -37.2928 27
    endloop
  endfacet
  facet normal 0.850486 0.525997 0
    outer loop
      vertex 25.3717 -37.2928 0
      vertex 25.4222 -37.3744 27
      vertex 25.4222 -37.3744 0
    endloop
  endfacet
  facet normal 0.826796 0.562502 0
    outer loop
      vertex 25.3717 -37.2928 27
      vertex 24.3651 -35.8132 0
      vertex 24.3651 -35.8132 27
    endloop
  endfacet
  facet normal 0.826796 0.562502 0
    outer loop
      vertex 24.3651 -35.8132 0
      vertex 25.3717 -37.2928 27
      vertex 25.3717 -37.2928 0
    endloop
  endfacet
  facet normal 0.57566 -0.817689 0
    outer loop
      vertex 24.3651 -35.8132 0
      vertex 26.0913 -34.5979 27
      vertex 24.3651 -35.8132 27
    endloop
  endfacet
  facet normal 0.57566 -0.817689 0
    outer loop
      vertex 26.0913 -34.5979 27
      vertex 24.3651 -35.8132 0
      vertex 26.0913 -34.5979 0
    endloop
  endfacet
  facet normal 0.627909 -0.778287 0
    outer loop
      vertex 26.0913 -34.5979 0
      vertex 28.2983 -32.8174 27
      vertex 26.0913 -34.5979 27
    endloop
  endfacet
  facet normal 0.627909 -0.778287 0
    outer loop
      vertex 28.2983 -32.8174 27
      vertex 26.0913 -34.5979 0
      vertex 28.2983 -32.8174 0
    endloop
  endfacet
  facet normal -0.757325 -0.653038 0
    outer loop
      vertex 29.4554 -34.1593 0
      vertex 28.2983 -32.8174 27
      vertex 28.2983 -32.8174 0
    endloop
  endfacet
  facet normal -0.757325 -0.653038 0
    outer loop
      vertex 28.2983 -32.8174 27
      vertex 29.4554 -34.1593 0
      vertex 29.4554 -34.1593 27
    endloop
  endfacet
  facet normal -0.728301 -0.685257 0
    outer loop
      vertex 29.5211 -34.2291 0
      vertex 29.4554 -34.1593 27
      vertex 29.4554 -34.1593 0
    endloop
  endfacet
  facet normal -0.728301 -0.685257 0
    outer loop
      vertex 29.4554 -34.1593 27
      vertex 29.5211 -34.2291 0
      vertex 29.5211 -34.2291 27
    endloop
  endfacet
  facet normal -0.700752 -0.713405 0
    outer loop
      vertex 29.5211 -34.2291 0
      vertex 29.6071 -34.3136 27
      vertex 29.5211 -34.2291 27
    endloop
  endfacet
  facet normal -0.700752 -0.713405 -0
    outer loop
      vertex 29.6071 -34.3136 27
      vertex 29.5211 -34.2291 0
      vertex 29.6071 -34.3136 0
    endloop
  endfacet
  facet normal -0.677268 -0.735737 0
    outer loop
      vertex 29.6071 -34.3136 0
      vertex 29.7324 -34.4289 27
      vertex 29.6071 -34.3136 27
    endloop
  endfacet
  facet normal -0.677268 -0.735737 -0
    outer loop
      vertex 29.7324 -34.4289 27
      vertex 29.6071 -34.3136 0
      vertex 29.7324 -34.4289 0
    endloop
  endfacet
  facet normal -0.652555 -0.757742 0
    outer loop
      vertex 29.7324 -34.4289 0
      vertex 29.9002 -34.5734 27
      vertex 29.7324 -34.4289 27
    endloop
  endfacet
  facet normal -0.652555 -0.757742 -0
    outer loop
      vertex 29.9002 -34.5734 27
      vertex 29.7324 -34.4289 0
      vertex 29.9002 -34.5734 0
    endloop
  endfacet
  facet normal -0.626973 -0.779041 0
    outer loop
      vertex 29.9002 -34.5734 0
      vertex 30.114 -34.7455 27
      vertex 29.9002 -34.5734 27
    endloop
  endfacet
  facet normal -0.626973 -0.779041 -0
    outer loop
      vertex 30.114 -34.7455 27
      vertex 29.9002 -34.5734 0
      vertex 30.114 -34.7455 0
    endloop
  endfacet
  facet normal -0.600326 -0.799755 0
    outer loop
      vertex 30.114 -34.7455 0
      vertex 30.378 -34.9437 27
      vertex 30.114 -34.7455 27
    endloop
  endfacet
  facet normal -0.600326 -0.799755 -0
    outer loop
      vertex 30.378 -34.9437 27
      vertex 30.114 -34.7455 0
      vertex 30.378 -34.9437 0
    endloop
  endfacet
  facet normal -0.572557 -0.819865 0
    outer loop
      vertex 30.378 -34.9437 0
      vertex 30.6965 -35.1661 27
      vertex 30.378 -34.9437 27
    endloop
  endfacet
  facet normal -0.572557 -0.819865 -0
    outer loop
      vertex 30.6965 -35.1661 27
      vertex 30.378 -34.9437 0
      vertex 30.6965 -35.1661 0
    endloop
  endfacet
  facet normal -0.54368 -0.839293 0
    outer loop
      vertex 30.6965 -35.1661 0
      vertex 31.0748 -35.4112 27
      vertex 30.6965 -35.1661 27
    endloop
  endfacet
  facet normal -0.54368 -0.839293 -0
    outer loop
      vertex 31.0748 -35.4112 27
      vertex 30.6965 -35.1661 0
      vertex 31.0748 -35.4112 0
    endloop
  endfacet
  facet normal -0.513518 -0.858079 0
    outer loop
      vertex 31.0748 -35.4112 0
      vertex 31.5186 -35.6768 27
      vertex 31.0748 -35.4112 27
    endloop
  endfacet
  facet normal -0.513518 -0.858079 -0
    outer loop
      vertex 31.5186 -35.6768 27
      vertex 31.0748 -35.4112 0
      vertex 31.5186 -35.6768 0
    endloop
  endfacet
  facet normal -0.482083 -0.876125 0
    outer loop
      vertex 31.5186 -35.6768 0
      vertex 32.0343 -35.9605 27
      vertex 31.5186 -35.6768 27
    endloop
  endfacet
  facet normal -0.482083 -0.876125 -0
    outer loop
      vertex 32.0343 -35.9605 27
      vertex 31.5186 -35.6768 0
      vertex 32.0343 -35.9605 0
    endloop
  endfacet
  facet normal -0.449247 -0.893408 0
    outer loop
      vertex 32.0343 -35.9605 0
      vertex 32.6294 -36.2598 27
      vertex 32.0343 -35.9605 27
    endloop
  endfacet
  facet normal -0.449247 -0.893408 -0
    outer loop
      vertex 32.6294 -36.2598 27
      vertex 32.0343 -35.9605 0
      vertex 32.6294 -36.2598 0
    endloop
  endfacet
  facet normal -0.414906 -0.909864 0
    outer loop
      vertex 32.6294 -36.2598 0
      vertex 33.3123 -36.5712 27
      vertex 32.6294 -36.2598 27
    endloop
  endfacet
  facet normal -0.414906 -0.909864 -0
    outer loop
      vertex 33.3123 -36.5712 27
      vertex 32.6294 -36.2598 0
      vertex 33.3123 -36.5712 0
    endloop
  endfacet
  facet normal -0.378969 -0.925409 0
    outer loop
      vertex 33.3123 -36.5712 0
      vertex 34.0925 -36.8907 27
      vertex 33.3123 -36.5712 27
    endloop
  endfacet
  facet normal -0.378969 -0.925409 -0
    outer loop
      vertex 34.0925 -36.8907 27
      vertex 33.3123 -36.5712 0
      vertex 34.0925 -36.8907 0
    endloop
  endfacet
  facet normal -0.341264 -0.939967 0
    outer loop
      vertex 34.0925 -36.8907 0
      vertex 34.981 -37.2133 27
      vertex 34.0925 -36.8907 27
    endloop
  endfacet
  facet normal -0.341264 -0.939967 -0
    outer loop
      vertex 34.981 -37.2133 27
      vertex 34.0925 -36.8907 0
      vertex 34.981 -37.2133 0
    endloop
  endfacet
  facet normal -0.30174 -0.95339 0
    outer loop
      vertex 34.981 -37.2133 0
      vertex 35.9902 -37.5327 27
      vertex 34.981 -37.2133 27
    endloop
  endfacet
  facet normal -0.30174 -0.95339 -0
    outer loop
      vertex 35.9902 -37.5327 27
      vertex 34.981 -37.2133 0
      vertex 35.9902 -37.5327 0
    endloop
  endfacet
  facet normal 0.707108 -0.707106 0
    outer loop
      vertex 35.9902 -37.5327 27
      vertex 37.5327 -35.9902 0
      vertex 37.5327 -35.9902 27
    endloop
  endfacet
  facet normal 0.707108 -0.707106 0
    outer loop
      vertex 37.5327 -35.9902 0
      vertex 35.9902 -37.5327 27
      vertex 35.9902 -37.5327 0
    endloop
  endfacet
  facet normal 0.953391 0.301736 0
    outer loop
      vertex 37.5327 -35.9902 27
      vertex 37.2133 -34.981 0
      vertex 37.2133 -34.981 27
    endloop
  endfacet
  facet normal 0.953391 0.301736 0
    outer loop
      vertex 37.2133 -34.981 0
      vertex 37.5327 -35.9902 27
      vertex 37.5327 -35.9902 0
    endloop
  endfacet
  facet normal 0.939957 0.341294 0
    outer loop
      vertex 37.2133 -34.981 27
      vertex 36.8907 -34.0926 0
      vertex 36.8907 -34.0926 27
    endloop
  endfacet
  facet normal 0.939957 0.341294 0
    outer loop
      vertex 36.8907 -34.0926 0
      vertex 37.2133 -34.981 27
      vertex 37.2133 -34.981 0
    endloop
  endfacet
  facet normal 0.925415 0.378956 0
    outer loop
      vertex 36.8907 -34.0926 27
      vertex 36.5712 -33.3123 0
      vertex 36.5712 -33.3123 27
    endloop
  endfacet
  facet normal 0.925415 0.378956 0
    outer loop
      vertex 36.5712 -33.3123 0
      vertex 36.8907 -34.0926 27
      vertex 36.8907 -34.0926 0
    endloop
  endfacet
  facet normal 0.90986 0.414916 0
    outer loop
      vertex 36.5712 -33.3123 27
      vertex 36.2598 -32.6294 0
      vertex 36.2598 -32.6294 27
    endloop
  endfacet
  facet normal 0.90986 0.414916 0
    outer loop
      vertex 36.2598 -32.6294 0
      vertex 36.5712 -33.3123 27
      vertex 36.5712 -33.3123 0
    endloop
  endfacet
  facet normal 0.893414 0.449235 0
    outer loop
      vertex 36.2598 -32.6294 27
      vertex 35.9605 -32.0343 0
      vertex 35.9605 -32.0343 27
    endloop
  endfacet
  facet normal 0.893414 0.449235 0
    outer loop
      vertex 35.9605 -32.0343 0
      vertex 36.2598 -32.6294 27
      vertex 36.2598 -32.6294 0
    endloop
  endfacet
  facet normal 0.876131 0.482072 0
    outer loop
      vertex 35.9605 -32.0343 27
      vertex 35.6768 -31.5186 0
      vertex 35.6768 -31.5186 27
    endloop
  endfacet
  facet normal 0.876131 0.482072 0
    outer loop
      vertex 35.6768 -31.5186 0
      vertex 35.9605 -32.0343 27
      vertex 35.9605 -32.0343 0
    endloop
  endfacet
  facet normal 0.858065 0.513541 0
    outer loop
      vertex 35.6768 -31.5186 27
      vertex 35.4112 -31.0748 0
      vertex 35.4112 -31.0748 27
    endloop
  endfacet
  facet normal 0.858065 0.513541 0
    outer loop
      vertex 35.4112 -31.0748 0
      vertex 35.6768 -31.5186 27
      vertex 35.6768 -31.5186 0
    endloop
  endfacet
  facet normal 0.83931 0.543654 0
    outer loop
      vertex 35.4112 -31.0748 27
      vertex 35.1661 -30.6966 0
      vertex 35.1661 -30.6966 27
    endloop
  endfacet
  facet normal 0.83931 0.543654 0
    outer loop
      vertex 35.1661 -30.6966 0
      vertex 35.4112 -31.0748 27
      vertex 35.4112 -31.0748 0
    endloop
  endfacet
  facet normal 0.819866 0.572556 0
    outer loop
      vertex 35.1661 -30.6966 27
      vertex 34.9437 -30.378 0
      vertex 34.9437 -30.378 27
    endloop
  endfacet
  facet normal 0.819866 0.572556 0
    outer loop
      vertex 34.9437 -30.378 0
      vertex 35.1661 -30.6966 27
      vertex 35.1661 -30.6966 0
    endloop
  endfacet
  facet normal 0.799744 0.600341 0
    outer loop
      vertex 34.9437 -30.378 27
      vertex 34.7455 -30.114 0
      vertex 34.7455 -30.114 27
    endloop
  endfacet
  facet normal 0.799744 0.600341 0
    outer loop
      vertex 34.7455 -30.114 0
      vertex 34.9437 -30.378 27
      vertex 34.9437 -30.378 0
    endloop
  endfacet
  facet normal 0.779066 0.626941 0
    outer loop
      vertex 34.7455 -30.114 27
      vertex 34.5734 -29.9002 0
      vertex 34.5734 -29.9002 27
    endloop
  endfacet
  facet normal 0.779066 0.626941 0
    outer loop
      vertex 34.5734 -29.9002 0
      vertex 34.7455 -30.114 27
      vertex 34.7455 -30.114 0
    endloop
  endfacet
  facet normal 0.757676 0.652631 0
    outer loop
      vertex 34.5734 -29.9002 27
      vertex 34.4289 -29.7324 0
      vertex 34.4289 -29.7324 27
    endloop
  endfacet
  facet normal 0.757676 0.652631 0
    outer loop
      vertex 34.4289 -29.7324 0
      vertex 34.5734 -29.9002 27
      vertex 34.5734 -29.9002 0
    endloop
  endfacet
  facet normal 0.73582 0.677177 0
    outer loop
      vertex 34.4289 -29.7324 27
      vertex 34.3136 -29.6071 0
      vertex 34.3136 -29.6071 27
    endloop
  endfacet
  facet normal 0.73582 0.677177 0
    outer loop
      vertex 34.3136 -29.6071 0
      vertex 34.4289 -29.7324 27
      vertex 34.4289 -29.7324 0
    endloop
  endfacet
  facet normal 0.713312 0.700847 0
    outer loop
      vertex 34.3136 -29.6071 27
      vertex 34.2291 -29.5211 0
      vertex 34.2291 -29.5211 27
    endloop
  endfacet
  facet normal 0.713312 0.700847 0
    outer loop
      vertex 34.2291 -29.5211 0
      vertex 34.3136 -29.6071 27
      vertex 34.3136 -29.6071 0
    endloop
  endfacet
  facet normal 0.68537 0.728195 -0
    outer loop
      vertex 34.2291 -29.5211 0
      vertex 34.1593 -29.4554 27
      vertex 34.2291 -29.5211 27
    endloop
  endfacet
  facet normal 0.68537 0.728195 0
    outer loop
      vertex 34.1593 -29.4554 27
      vertex 34.2291 -29.5211 0
      vertex 34.1593 -29.4554 0
    endloop
  endfacet
  facet normal 0.653039 0.757324 -0
    outer loop
      vertex 34.1593 -29.4554 0
      vertex 32.804 -28.2868 27
      vertex 34.1593 -29.4554 27
    endloop
  endfacet
  facet normal 0.653039 0.757324 0
    outer loop
      vertex 32.804 -28.2868 27
      vertex 34.1593 -29.4554 0
      vertex 32.804 -28.2868 0
    endloop
  endfacet
  facet normal 0.767675 -0.640839 0
    outer loop
      vertex 32.804 -28.2868 27
      vertex 34.1569 -26.6661 0
      vertex 34.1569 -26.6661 27
    endloop
  endfacet
  facet normal 0.767675 -0.640839 0
    outer loop
      vertex 34.1569 -26.6661 0
      vertex 32.804 -28.2868 27
      vertex 32.804 -28.2868 0
    endloop
  endfacet
  facet normal 0.807952 -0.589248 0
    outer loop
      vertex 34.1569 -26.6661 27
      vertex 35.8278 -24.375 0
      vertex 35.8278 -24.375 27
    endloop
  endfacet
  facet normal 0.807952 -0.589248 0
    outer loop
      vertex 35.8278 -24.375 0
      vertex 34.1569 -26.6661 27
      vertex 34.1569 -26.6661 0
    endloop
  endfacet
  facet normal -0.562502 -0.826796 0
    outer loop
      vertex 35.8278 -24.375 0
      vertex 37.2928 -25.3717 27
      vertex 35.8278 -24.375 27
    endloop
  endfacet
  facet normal -0.562502 -0.826796 -0
    outer loop
      vertex 37.2928 -25.3717 27
      vertex 35.8278 -24.375 0
      vertex 37.2928 -25.3717 0
    endloop
  endfacet
  facet normal -0.526133 -0.850402 0
    outer loop
      vertex 37.2928 -25.3717 0
      vertex 37.3743 -25.4222 27
      vertex 37.2928 -25.3717 27
    endloop
  endfacet
  facet normal -0.526133 -0.850402 -0
    outer loop
      vertex 37.3743 -25.4222 27
      vertex 37.2928 -25.3717 0
      vertex 37.3743 -25.4222 0
    endloop
  endfacet
  facet normal -0.49225 -0.870454 0
    outer loop
      vertex 37.3743 -25.4222 0
      vertex 37.4793 -25.4815 27
      vertex 37.3743 -25.4222 27
    endloop
  endfacet
  facet normal -0.49225 -0.870454 -0
    outer loop
      vertex 37.4793 -25.4815 27
      vertex 37.3743 -25.4222 0
      vertex 37.4793 -25.4815 0
    endloop
  endfacet
  facet normal -0.463717 -0.885983 0
    outer loop
      vertex 37.4793 -25.4815 0
      vertex 37.6301 -25.5605 27
      vertex 37.4793 -25.4815 27
    endloop
  endfacet
  facet normal -0.463717 -0.885983 -0
    outer loop
      vertex 37.6301 -25.5605 27
      vertex 37.4793 -25.4815 0
      vertex 37.6301 -25.5605 0
    endloop
  endfacet
  facet normal -0.434238 -0.900798 0
    outer loop
      vertex 37.6301 -25.5605 0
      vertex 37.8296 -25.6566 27
      vertex 37.6301 -25.5605 27
    endloop
  endfacet
  facet normal -0.434238 -0.900798 -0
    outer loop
      vertex 37.8296 -25.6566 27
      vertex 37.6301 -25.5605 0
      vertex 37.8296 -25.6566 0
    endloop
  endfacet
  facet normal -0.403968 -0.914773 0
    outer loop
      vertex 37.8296 -25.6566 0
      vertex 38.0807 -25.7675 27
      vertex 37.8296 -25.6566 27
    endloop
  endfacet
  facet normal -0.403968 -0.914773 -0
    outer loop
      vertex 38.0807 -25.7675 27
      vertex 37.8296 -25.6566 0
      vertex 38.0807 -25.7675 0
    endloop
  endfacet
  facet normal -0.372904 -0.92787 0
    outer loop
      vertex 38.0807 -25.7675 0
      vertex 38.3869 -25.8906 27
      vertex 38.0807 -25.7675 27
    endloop
  endfacet
  facet normal -0.372904 -0.92787 -0
    outer loop
      vertex 38.3869 -25.8906 27
      vertex 38.0807 -25.7675 0
      vertex 38.3869 -25.8906 0
    endloop
  endfacet
  facet normal -0.340827 -0.940126 0
    outer loop
      vertex 38.3869 -25.8906 0
      vertex 38.7522 -26.023 27
      vertex 38.3869 -25.8906 27
    endloop
  endfacet
  facet normal -0.340827 -0.940126 -0
    outer loop
      vertex 38.7522 -26.023 27
      vertex 38.3869 -25.8906 0
      vertex 38.7522 -26.023 0
    endloop
  endfacet
  facet normal -0.307935 -0.951407 0
    outer loop
      vertex 38.7522 -26.023 0
      vertex 39.1811 -26.1618 27
      vertex 38.7522 -26.023 27
    endloop
  endfacet
  facet normal -0.307935 -0.951407 -0
    outer loop
      vertex 39.1811 -26.1618 27
      vertex 38.7522 -26.023 0
      vertex 39.1811 -26.1618 0
    endloop
  endfacet
  facet normal -0.273926 -0.961751 0
    outer loop
      vertex 39.1811 -26.1618 0
      vertex 39.6785 -26.3035 27
      vertex 39.1811 -26.1618 27
    endloop
  endfacet
  facet normal -0.273926 -0.961751 -0
    outer loop
      vertex 39.6785 -26.3035 27
      vertex 39.1811 -26.1618 0
      vertex 39.6785 -26.3035 0
    endloop
  endfacet
  facet normal -0.238905 -0.971043 0
    outer loop
      vertex 39.6785 -26.3035 0
      vertex 40.2501 -26.4441 27
      vertex 39.6785 -26.3035 27
    endloop
  endfacet
  facet normal -0.238905 -0.971043 -0
    outer loop
      vertex 40.2501 -26.4441 27
      vertex 39.6785 -26.3035 0
      vertex 40.2501 -26.4441 0
    endloop
  endfacet
  facet normal -0.20272 -0.979237 0
    outer loop
      vertex 40.2501 -26.4441 0
      vertex 40.9023 -26.5792 27
      vertex 40.2501 -26.4441 27
    endloop
  endfacet
  facet normal -0.20272 -0.979237 -0
    outer loop
      vertex 40.9023 -26.5792 27
      vertex 40.2501 -26.4441 0
      vertex 40.9023 -26.5792 0
    endloop
  endfacet
  facet normal -0.165274 -0.986248 0
    outer loop
      vertex 40.9023 -26.5792 0
      vertex 41.6425 -26.7032 27
      vertex 40.9023 -26.5792 27
    endloop
  endfacet
  facet normal -0.165274 -0.986248 -0
    outer loop
      vertex 41.6425 -26.7032 27
      vertex 40.9023 -26.5792 0
      vertex 41.6425 -26.7032 0
    endloop
  endfacet
  facet normal -0.126539 -0.991962 0
    outer loop
      vertex 41.6425 -26.7032 0
      vertex 42.4789 -26.8099 27
      vertex 41.6425 -26.7032 27
    endloop
  endfacet
  facet normal -0.126539 -0.991962 -0
    outer loop
      vertex 42.4789 -26.8099 27
      vertex 41.6425 -26.7032 0
      vertex 42.4789 -26.8099 0
    endloop
  endfacet
  facet normal -0.0863582 -0.996264 0
    outer loop
      vertex 42.4789 -26.8099 0
      vertex 43.4206 -26.8915 27
      vertex 42.4789 -26.8099 27
    endloop
  endfacet
  facet normal -0.0863582 -0.996264 -0
    outer loop
      vertex 43.4206 -26.8915 27
      vertex 42.4789 -26.8099 0
      vertex 43.4206 -26.8915 0
    endloop
  endfacet
  facet normal -0.0447003 -0.999 0
    outer loop
      vertex 43.4206 -26.8915 0
      vertex 44.478 -26.9388 27
      vertex 43.4206 -26.8915 27
    endloop
  endfacet
  facet normal -0.0447003 -0.999 -0
    outer loop
      vertex 44.478 -26.9388 27
      vertex 43.4206 -26.8915 0
      vertex 44.478 -26.9388 0
    endloop
  endfacet
  facet normal 0.866023 -0.500003 0
    outer loop
      vertex 44.478 -26.9388 27
      vertex 45.5687 -25.0497 0
      vertex 45.5687 -25.0497 27
    endloop
  endfacet
  facet normal 0.866023 -0.500003 0
    outer loop
      vertex 45.5687 -25.0497 0
      vertex 44.478 -26.9388 27
      vertex 44.478 -26.9388 0
    endloop
  endfacet
  facet normal 0.842808 0.538214 0
    outer loop
      vertex 45.5687 -25.0497 27
      vertex 44.999 -24.1576 0
      vertex 44.999 -24.1576 27
    endloop
  endfacet
  facet normal 0.842808 0.538214 0
    outer loop
      vertex 44.999 -24.1576 0
      vertex 45.5687 -25.0497 27
      vertex 45.5687 -25.0497 0
    endloop
  endfacet
  facet normal 0.819607 0.572926 0
    outer loop
      vertex 44.999 -24.1576 27
      vertex 44.4575 -23.3829 0
      vertex 44.4575 -23.3829 27
    endloop
  endfacet
  facet normal 0.819607 0.572926 0
    outer loop
      vertex 44.4575 -23.3829 0
      vertex 44.999 -24.1576 27
      vertex 44.999 -24.1576 0
    endloop
  endfacet
  facet normal 0.795799 0.605561 0
    outer loop
      vertex 44.4575 -23.3829 27
      vertex 43.9469 -22.7119 0
      vertex 43.9469 -22.7119 27
    endloop
  endfacet
  facet normal 0.795799 0.605561 0
    outer loop
      vertex 43.9469 -22.7119 0
      vertex 44.4575 -23.3829 27
      vertex 44.4575 -23.3829 0
    endloop
  endfacet
  facet normal 0.77147 0.636266 0
    outer loop
      vertex 43.9469 -22.7119 27
      vertex 43.4694 -22.1329 0
      vertex 43.4694 -22.1329 27
    endloop
  endfacet
  facet normal 0.77147 0.636266 0
    outer loop
      vertex 43.4694 -22.1329 0
      vertex 43.9469 -22.7119 27
      vertex 43.9469 -22.7119 0
    endloop
  endfacet
  facet normal 0.746692 0.66517 0
    outer loop
      vertex 43.4694 -22.1329 27
      vertex 43.0263 -21.6355 0
      vertex 43.0263 -21.6355 27
    endloop
  endfacet
  facet normal 0.746692 0.66517 0
    outer loop
      vertex 43.0263 -21.6355 0
      vertex 43.4694 -22.1329 27
      vertex 43.4694 -22.1329 0
    endloop
  endfacet
  facet normal 0.721502 0.692412 0
    outer loop
      vertex 43.0263 -21.6355 27
      vertex 42.6187 -21.2108 0
      vertex 42.6187 -21.2108 27
    endloop
  endfacet
  facet normal 0.721502 0.692412 0
    outer loop
      vertex 42.6187 -21.2108 0
      vertex 43.0263 -21.6355 27
      vertex 43.0263 -21.6355 0
    endloop
  endfacet
  facet normal 0.695913 0.718126 -0
    outer loop
      vertex 42.6187 -21.2108 0
      vertex 42.2473 -20.8509 27
      vertex 42.6187 -21.2108 27
    endloop
  endfacet
  facet normal 0.695913 0.718126 0
    outer loop
      vertex 42.2473 -20.8509 27
      vertex 42.6187 -21.2108 0
      vertex 42.2473 -20.8509 0
    endloop
  endfacet
  facet normal 0.670018 0.742345 -0
    outer loop
      vertex 42.2473 -20.8509 0
      vertex 41.9127 -20.5489 27
      vertex 42.2473 -20.8509 27
    endloop
  endfacet
  facet normal 0.670018 0.742345 0
    outer loop
      vertex 41.9127 -20.5489 27
      vertex 42.2473 -20.8509 0
      vertex 41.9127 -20.5489 0
    endloop
  endfacet
  facet normal 0.643736 0.765248 -0
    outer loop
      vertex 41.9127 -20.5489 0
      vertex 41.6154 -20.2988 27
      vertex 41.9127 -20.5489 27
    endloop
  endfacet
  facet normal 0.643736 0.765248 0
    outer loop
      vertex 41.6154 -20.2988 27
      vertex 41.9127 -20.5489 0
      vertex 41.6154 -20.2988 0
    endloop
  endfacet
  facet normal 0.61714 0.786853 -0
    outer loop
      vertex 41.6154 -20.2988 0
      vertex 41.3557 -20.0951 27
      vertex 41.6154 -20.2988 27
    endloop
  endfacet
  facet normal 0.61714 0.786853 0
    outer loop
      vertex 41.3557 -20.0951 27
      vertex 41.6154 -20.2988 0
      vertex 41.3557 -20.0951 0
    endloop
  endfacet
  facet normal 0.59023 0.807235 -0
    outer loop
      vertex 41.3557 -20.0951 0
      vertex 41.1341 -19.9331 27
      vertex 41.3557 -20.0951 27
    endloop
  endfacet
  facet normal 0.59023 0.807235 0
    outer loop
      vertex 41.1341 -19.9331 27
      vertex 41.3557 -20.0951 0
      vertex 41.1341 -19.9331 0
    endloop
  endfacet
  facet normal 0.562938 0.826499 -0
    outer loop
      vertex 41.1341 -19.9331 0
      vertex 40.9511 -19.8084 27
      vertex 41.1341 -19.9331 27
    endloop
  endfacet
  facet normal 0.562938 0.826499 0
    outer loop
      vertex 40.9511 -19.8084 27
      vertex 41.1341 -19.9331 0
      vertex 40.9511 -19.8084 0
    endloop
  endfacet
  facet normal 0.53545 0.844567 -0
    outer loop
      vertex 40.9511 -19.8084 0
      vertex 40.8073 -19.7173 27
      vertex 40.9511 -19.8084 27
    endloop
  endfacet
  facet normal 0.53545 0.844567 0
    outer loop
      vertex 40.8073 -19.7173 27
      vertex 40.9511 -19.8084 0
      vertex 40.8073 -19.7173 0
    endloop
  endfacet
  facet normal 0.507664 0.861555 -0
    outer loop
      vertex 40.8073 -19.7173 0
      vertex 40.7034 -19.6561 27
      vertex 40.8073 -19.7173 27
    endloop
  endfacet
  facet normal 0.507664 0.861555 0
    outer loop
      vertex 40.7034 -19.6561 27
      vertex 40.8073 -19.7173 0
      vertex 40.7034 -19.6561 0
    endloop
  endfacet
  facet normal 0.473477 0.880806 -0
    outer loop
      vertex 40.7034 -19.6561 0
      vertex 40.619 -19.6107 27
      vertex 40.7034 -19.6561 27
    endloop
  endfacet
  facet normal 0.473477 0.880806 0
    outer loop
      vertex 40.619 -19.6107 27
      vertex 40.7034 -19.6561 0
      vertex 40.619 -19.6107 0
    endloop
  endfacet
  facet normal 0.43478 0.900537 -0
    outer loop
      vertex 40.619 -19.6107 0
      vertex 39.0074 -18.8326 27
      vertex 40.619 -19.6107 27
    endloop
  endfacet
  facet normal 0.43478 0.900537 0
    outer loop
      vertex 39.0074 -18.8326 27
      vertex 40.619 -19.6107 0
      vertex 39.0074 -18.8326 0
    endloop
  endfacet
  facet normal 0.907383 -0.420304 0
    outer loop
      vertex 39.0074 -18.8326 27
      vertex 39.8948 -16.917 0
      vertex 39.8948 -16.917 27
    endloop
  endfacet
  facet normal 0.907383 -0.420304 0
    outer loop
      vertex 39.8948 -16.917 0
      vertex 39.0074 -18.8326 27
      vertex 39.0074 -18.8326 0
    endloop
  endfacet
  facet normal 0.932928 -0.360063 0
    outer loop
      vertex 39.8948 -16.917 27
      vertex 40.9158 -14.2716 0
      vertex 40.9158 -14.2716 27
    endloop
  endfacet
  facet normal 0.932928 -0.360063 0
    outer loop
      vertex 40.9158 -14.2716 0
      vertex 39.8948 -16.917 27
      vertex 39.8948 -16.917 0
    endloop
  endfacet
  facet normal -0.329344 -0.94421 0
    outer loop
      vertex 40.9158 -14.2716 0
      vertex 42.5888 -14.8551 27
      vertex 40.9158 -14.2716 27
    endloop
  endfacet
  facet normal -0.329344 -0.94421 -0
    outer loop
      vertex 42.5888 -14.8551 27
      vertex 40.9158 -14.2716 0
      vertex 42.5888 -14.8551 0
    endloop
  endfacet
  facet normal -0.288104 -0.957599 0
    outer loop
      vertex 42.5888 -14.8551 0
      vertex 42.6806 -14.8827 27
      vertex 42.5888 -14.8551 27
    endloop
  endfacet
  facet normal -0.288104 -0.957599 -0
    outer loop
      vertex 42.6806 -14.8827 27
      vertex 42.5888 -14.8551 0
      vertex 42.6806 -14.8827 0
    endloop
  endfacet
  facet normal -0.250231 -0.968186 0
    outer loop
      vertex 42.6806 -14.8827 0
      vertex 42.7973 -14.9129 27
      vertex 42.6806 -14.8827 27
    endloop
  endfacet
  facet normal -0.250231 -0.968186 -0
    outer loop
      vertex 42.7973 -14.9129 27
      vertex 42.6806 -14.8827 0
      vertex 42.7973 -14.9129 0
    endloop
  endfacet
  facet normal -0.218638 -0.975806 0
    outer loop
      vertex 42.7973 -14.9129 0
      vertex 42.9635 -14.9501 27
      vertex 42.7973 -14.9129 27
    endloop
  endfacet
  facet normal -0.218638 -0.975806 -0
    outer loop
      vertex 42.9635 -14.9501 27
      vertex 42.7973 -14.9129 0
      vertex 42.9635 -14.9501 0
    endloop
  endfacet
  facet normal -0.186258 -0.982501 0
    outer loop
      vertex 42.9635 -14.9501 0
      vertex 43.181 -14.9914 27
      vertex 42.9635 -14.9501 27
    endloop
  endfacet
  facet normal -0.186258 -0.982501 -0
    outer loop
      vertex 43.181 -14.9914 27
      vertex 42.9635 -14.9501 0
      vertex 43.181 -14.9914 0
    endloop
  endfacet
  facet normal -0.153445 -0.988157 0
    outer loop
      vertex 43.181 -14.9914 0
      vertex 43.4523 -15.0335 27
      vertex 43.181 -14.9914 27
    endloop
  endfacet
  facet normal -0.153445 -0.988157 -0
    outer loop
      vertex 43.4523 -15.0335 27
      vertex 43.181 -14.9914 0
      vertex 43.4523 -15.0335 0
    endloop
  endfacet
  facet normal -0.120042 -0.992769 0
    outer loop
      vertex 43.4523 -15.0335 0
      vertex 43.7799 -15.0731 27
      vertex 43.4523 -15.0335 27
    endloop
  endfacet
  facet normal -0.120042 -0.992769 -0
    outer loop
      vertex 43.7799 -15.0731 27
      vertex 43.4523 -15.0335 0
      vertex 43.7799 -15.0731 0
    endloop
  endfacet
  facet normal -0.0859172 -0.996302 0
    outer loop
      vertex 43.7799 -15.0731 0
      vertex 44.1671 -15.1065 27
      vertex 43.7799 -15.0731 27
    endloop
  endfacet
  facet normal -0.0859172 -0.996302 -0
    outer loop
      vertex 44.1671 -15.1065 27
      vertex 43.7799 -15.0731 0
      vertex 44.1671 -15.1065 0
    endloop
  endfacet
  facet normal -0.0511702 -0.99869 0
    outer loop
      vertex 44.1671 -15.1065 0
      vertex 44.6172 -15.1296 27
      vertex 44.1671 -15.1065 27
    endloop
  endfacet
  facet normal -0.0511702 -0.99869 -0
    outer loop
      vertex 44.6172 -15.1296 27
      vertex 44.1671 -15.1065 0
      vertex 44.6172 -15.1296 0
    endloop
  endfacet
  facet normal -0.0156802 -0.999877 0
    outer loop
      vertex 44.6172 -15.1296 0
      vertex 45.1343 -15.1377 27
      vertex 44.6172 -15.1296 27
    endloop
  endfacet
  facet normal -0.0156802 -0.999877 -0
    outer loop
      vertex 45.1343 -15.1377 27
      vertex 44.6172 -15.1296 0
      vertex 45.1343 -15.1377 0
    endloop
  endfacet
  facet normal 0.0205522 -0.999789 0
    outer loop
      vertex 45.1343 -15.1377 0
      vertex 45.7228 -15.1256 27
      vertex 45.1343 -15.1377 27
    endloop
  endfacet
  facet normal 0.0205522 -0.999789 0
    outer loop
      vertex 45.7228 -15.1256 27
      vertex 45.1343 -15.1377 0
      vertex 45.7228 -15.1256 0
    endloop
  endfacet
  facet normal 0.0576385 -0.998338 0
    outer loop
      vertex 45.7228 -15.1256 0
      vertex 46.3878 -15.0872 27
      vertex 45.7228 -15.1256 27
    endloop
  endfacet
  facet normal 0.0576385 -0.998338 0
    outer loop
      vertex 46.3878 -15.0872 27
      vertex 45.7228 -15.1256 0
      vertex 46.3878 -15.0872 0
    endloop
  endfacet
  facet normal 0.0956205 -0.995418 0
    outer loop
      vertex 46.3878 -15.0872 0
      vertex 47.1349 -15.0154 27
      vertex 46.3878 -15.0872 27
    endloop
  endfacet
  facet normal 0.0956205 -0.995418 0
    outer loop
      vertex 47.1349 -15.0154 27
      vertex 46.3878 -15.0872 0
      vertex 47.1349 -15.0154 0
    endloop
  endfacet
  facet normal 0.134517 -0.990911 0
    outer loop
      vertex 47.1349 -15.0154 0
      vertex 47.9704 -14.902 27
      vertex 47.1349 -15.0154 27
    endloop
  endfacet
  facet normal 0.134517 -0.990911 0
    outer loop
      vertex 47.9704 -14.902 27
      vertex 47.1349 -15.0154 0
      vertex 47.9704 -14.902 0
    endloop
  endfacet
  facet normal 0.174446 -0.984667 0
    outer loop
      vertex 47.9704 -14.902 0
      vertex 48.9011 -14.7371 27
      vertex 47.9704 -14.902 27
    endloop
  endfacet
  facet normal 0.174446 -0.984667 0
    outer loop
      vertex 48.9011 -14.7371 27
      vertex 47.9704 -14.902 0
      vertex 48.9011 -14.7371 0
    endloop
  endfacet
  facet normal 0.215367 -0.976533 0
    outer loop
      vertex 48.9011 -14.7371 0
      vertex 49.9348 -14.5091 27
      vertex 48.9011 -14.7371 27
    endloop
  endfacet
  facet normal 0.215367 -0.976533 0
    outer loop
      vertex 49.9348 -14.5091 27
      vertex 48.9011 -14.7371 0
      vertex 49.9348 -14.5091 0
    endloop
  endfacet
  facet normal 0.965925 -0.258821 0
    outer loop
      vertex 49.9348 -14.5091 27
      vertex 50.4994 -12.4021 0
      vertex 50.4994 -12.4021 27
    endloop
  endfacet
  facet normal 0.965925 -0.258821 0
    outer loop
      vertex 50.4994 -12.4021 0
      vertex 49.9348 -14.5091 27
      vertex 49.9348 -14.5091 0
    endloop
  endfacet
  facet normal 0.674789 0.73801 -0
    outer loop
      vertex 50.4994 -12.4021 0
      vertex 49.7182 -11.6878 27
      vertex 50.4994 -12.4021 27
    endloop
  endfacet
  facet normal 0.674789 0.73801 0
    outer loop
      vertex 49.7182 -11.6878 27
      vertex 50.4994 -12.4021 0
      vertex 49.7182 -11.6878 0
    endloop
  endfacet
  facet normal 0.643391 0.765538 -0
    outer loop
      vertex 49.7182 -11.6878 0
      vertex 48.9946 -11.0797 27
      vertex 49.7182 -11.6878 27
    endloop
  endfacet
  facet normal 0.643391 0.765538 0
    outer loop
      vertex 48.9946 -11.0797 27
      vertex 49.7182 -11.6878 0
      vertex 48.9946 -11.0797 0
    endloop
  endfacet
  facet normal 0.611936 0.790907 -0
    outer loop
      vertex 48.9946 -11.0797 0
      vertex 48.3277 -10.5637 27
      vertex 48.9946 -11.0797 27
    endloop
  endfacet
  facet normal 0.611936 0.790907 0
    outer loop
      vertex 48.3277 -10.5637 27
      vertex 48.9946 -11.0797 0
      vertex 48.3277 -10.5637 0
    endloop
  endfacet
  facet normal 0.580523 0.814244 -0
    outer loop
      vertex 48.3277 -10.5637 0
      vertex 47.7166 -10.128 27
      vertex 48.3277 -10.5637 27
    endloop
  endfacet
  facet normal 0.580523 0.814244 0
    outer loop
      vertex 47.7166 -10.128 27
      vertex 48.3277 -10.5637 0
      vertex 47.7166 -10.128 0
    endloop
  endfacet
  facet normal 0.549091 0.835762 -0
    outer loop
      vertex 47.7166 -10.128 0
      vertex 47.1599 -9.76228 27
      vertex 47.7166 -10.128 27
    endloop
  endfacet
  facet normal 0.549091 0.835762 0
    outer loop
      vertex 47.1599 -9.76228 27
      vertex 47.7166 -10.128 0
      vertex 47.1599 -9.76228 0
    endloop
  endfacet
  facet normal 0.517697 0.855564 -0
    outer loop
      vertex 47.1599 -9.76228 0
      vertex 46.6563 -9.45753 27
      vertex 47.1599 -9.76228 27
    endloop
  endfacet
  facet normal 0.517697 0.855564 0
    outer loop
      vertex 46.6563 -9.45753 27
      vertex 47.1599 -9.76228 0
      vertex 46.6563 -9.45753 0
    endloop
  endfacet
  facet normal 0.486338 0.873771 -0
    outer loop
      vertex 46.6563 -9.45753 0
      vertex 46.2044 -9.20602 27
      vertex 46.6563 -9.45753 27
    endloop
  endfacet
  facet normal 0.486338 0.873771 0
    outer loop
      vertex 46.2044 -9.20602 27
      vertex 46.6563 -9.45753 0
      vertex 46.2044 -9.20602 0
    endloop
  endfacet
  facet normal 0.455079 0.890451 -0
    outer loop
      vertex 46.2044 -9.20602 0
      vertex 45.8031 -9.00091 27
      vertex 46.2044 -9.20602 27
    endloop
  endfacet
  facet normal 0.455079 0.890451 0
    outer loop
      vertex 45.8031 -9.00091 27
      vertex 46.2044 -9.20602 0
      vertex 45.8031 -9.00091 0
    endloop
  endfacet
  facet normal 0.423715 0.905796 -0
    outer loop
      vertex 45.8031 -9.00091 0
      vertex 45.4511 -8.83626 27
      vertex 45.8031 -9.00091 27
    endloop
  endfacet
  facet normal 0.423715 0.905796 0
    outer loop
      vertex 45.4511 -8.83626 27
      vertex 45.8031 -9.00091 0
      vertex 45.4511 -8.83626 0
    endloop
  endfacet
  facet normal 0.392474 0.919763 -0
    outer loop
      vertex 45.4511 -8.83626 0
      vertex 45.1475 -8.70673 27
      vertex 45.4511 -8.83626 27
    endloop
  endfacet
  facet normal 0.392474 0.919763 0
    outer loop
      vertex 45.1475 -8.70673 27
      vertex 45.4511 -8.83626 0
      vertex 45.1475 -8.70673 0
    endloop
  endfacet
  facet normal 0.36114 0.932512 -0
    outer loop
      vertex 45.1475 -8.70673 0
      vertex 44.8915 -8.6076 27
      vertex 45.1475 -8.70673 27
    endloop
  endfacet
  facet normal 0.36114 0.932512 0
    outer loop
      vertex 44.8915 -8.6076 27
      vertex 45.1475 -8.70673 0
      vertex 44.8915 -8.6076 0
    endloop
  endfacet
  facet normal 0.329908 0.944013 -0
    outer loop
      vertex 44.8915 -8.6076 0
      vertex 44.6825 -8.53455 27
      vertex 44.8915 -8.6076 27
    endloop
  endfacet
  facet normal 0.329908 0.944013 0
    outer loop
      vertex 44.6825 -8.53455 27
      vertex 44.8915 -8.6076 0
      vertex 44.6825 -8.53455 0
    endloop
  endfacet
  facet normal 0.298559 0.954391 -0
    outer loop
      vertex 44.6825 -8.53455 0
      vertex 44.52 -8.48372 27
      vertex 44.6825 -8.53455 27
    endloop
  endfacet
  facet normal 0.298559 0.954391 0
    outer loop
      vertex 44.52 -8.48372 27
      vertex 44.6825 -8.53455 0
      vertex 44.52 -8.48372 0
    endloop
  endfacet
  facet normal 0.267413 0.963582 -0
    outer loop
      vertex 44.52 -8.48372 0
      vertex 44.4038 -8.45147 27
      vertex 44.52 -8.48372 27
    endloop
  endfacet
  facet normal 0.267413 0.963582 0
    outer loop
      vertex 44.4038 -8.45147 27
      vertex 44.52 -8.48372 0
      vertex 44.4038 -8.45147 0
    endloop
  endfacet
  facet normal 0.229383 0.973336 -0
    outer loop
      vertex 44.4038 -8.45147 0
      vertex 44.3106 -8.42949 27
      vertex 44.4038 -8.45147 27
    endloop
  endfacet
  facet normal 0.229383 0.973336 0
    outer loop
      vertex 44.3106 -8.42949 27
      vertex 44.4038 -8.45147 0
      vertex 44.3106 -8.42949 0
    endloop
  endfacet
  facet normal 0.186884 0.982382 -0
    outer loop
      vertex 44.3106 -8.42949 0
      vertex 42.5525 -8.09505 27
      vertex 44.3106 -8.42949 27
    endloop
  endfacet
  facet normal 0.186884 0.982382 0
    outer loop
      vertex 42.5525 -8.09505 27
      vertex 44.3106 -8.42949 0
      vertex 42.5525 -8.09505 0
    endloop
  endfacet
  facet normal 0.985247 -0.171136 0
    outer loop
      vertex 42.5525 -8.09505 27
      vertex 42.9138 -6.01506 0
      vertex 42.9138 -6.01506 27
    endloop
  endfacet
  facet normal 0.985247 -0.171136 0
    outer loop
      vertex 42.9138 -6.01506 0
      vertex 42.5525 -8.09505 27
      vertex 42.5525 -8.09505 0
    endloop
  endfacet
  facet normal 0.99433 -0.106337 0
    outer loop
      vertex 42.9138 -6.01506 27
      vertex 43.2153 -3.1955 0
      vertex 43.2153 -3.1955 27
    endloop
  endfacet
  facet normal 0.99433 -0.106337 0
    outer loop
      vertex 43.2153 -3.1955 0
      vertex 42.9138 -6.01506 27
      vertex 42.9138 -6.01506 0
    endloop
  endfacet
  facet normal -0.0737423 -0.997277 0
    outer loop
      vertex 43.2153 -3.1955 0
      vertex 44.9824 -3.32616 27
      vertex 43.2153 -3.1955 27
    endloop
  endfacet
  facet normal -0.0737423 -0.997277 -0
    outer loop
      vertex 44.9824 -3.32616 27
      vertex 43.2153 -3.1955 0
      vertex 44.9824 -3.32616 0
    endloop
  endfacet
  facet normal -0.0306494 -0.99953 0
    outer loop
      vertex 44.9824 -3.32616 0
      vertex 45.0782 -3.3291 27
      vertex 44.9824 -3.32616 27
    endloop
  endfacet
  facet normal -0.0306494 -0.99953 -0
    outer loop
      vertex 45.0782 -3.3291 27
      vertex 44.9824 -3.32616 0
      vertex 45.0782 -3.3291 0
    endloop
  endfacet
  facet normal 0.00891268 -0.99996 0
    outer loop
      vertex 45.0782 -3.3291 0
      vertex 45.1988 -3.32802 27
      vertex 45.0782 -3.3291 27
    endloop
  endfacet
  facet normal 0.00891268 -0.99996 0
    outer loop
      vertex 45.1988 -3.32802 27
      vertex 45.0782 -3.3291 0
      vertex 45.1988 -3.32802 0
    endloop
  endfacet
  facet normal 0.0414218 -0.999142 0
    outer loop
      vertex 45.1988 -3.32802 0
      vertex 45.3689 -3.32097 27
      vertex 45.1988 -3.32802 27
    endloop
  endfacet
  facet normal 0.0414218 -0.999142 0
    outer loop
      vertex 45.3689 -3.32097 27
      vertex 45.1988 -3.32802 0
      vertex 45.3689 -3.32097 0
    endloop
  endfacet
  facet normal 0.0743531 -0.997232 0
    outer loop
      vertex 45.3689 -3.32097 0
      vertex 45.5897 -3.30451 27
      vertex 45.3689 -3.32097 27
    endloop
  endfacet
  facet normal 0.0743531 -0.997232 0
    outer loop
      vertex 45.5897 -3.30451 27
      vertex 45.3689 -3.32097 0
      vertex 45.5897 -3.30451 0
    endloop
  endfacet
  facet normal 0.107528 -0.994202 0
    outer loop
      vertex 45.5897 -3.30451 0
      vertex 45.8626 -3.27499 27
      vertex 45.5897 -3.30451 27
    endloop
  endfacet
  facet normal 0.107528 -0.994202 0
    outer loop
      vertex 45.8626 -3.27499 27
      vertex 45.5897 -3.30451 0
      vertex 45.8626 -3.27499 0
    endloop
  endfacet
  facet normal 0.141011 -0.990008 0
    outer loop
      vertex 45.8626 -3.27499 0
      vertex 46.1894 -3.22845 27
      vertex 45.8626 -3.27499 27
    endloop
  endfacet
  facet normal 0.141011 -0.990008 0
    outer loop
      vertex 46.1894 -3.22845 27
      vertex 45.8626 -3.27499 0
      vertex 46.1894 -3.22845 0
    endloop
  endfacet
  facet normal 0.174876 -0.98459 0
    outer loop
      vertex 46.1894 -3.22845 0
      vertex 46.572 -3.1605 27
      vertex 46.1894 -3.22845 27
    endloop
  endfacet
  facet normal 0.174876 -0.98459 0
    outer loop
      vertex 46.572 -3.1605 27
      vertex 46.1894 -3.22845 0
      vertex 46.572 -3.1605 0
    endloop
  endfacet
  facet normal 0.209038 -0.977908 0
    outer loop
      vertex 46.572 -3.1605 0
      vertex 47.0127 -3.06628 27
      vertex 46.572 -3.1605 27
    endloop
  endfacet
  facet normal 0.209038 -0.977908 0
    outer loop
      vertex 47.0127 -3.06628 27
      vertex 46.572 -3.1605 0
      vertex 47.0127 -3.06628 0
    endloop
  endfacet
  facet normal 0.243634 -0.969867 0
    outer loop
      vertex 47.0127 -3.06628 0
      vertex 47.5143 -2.94028 27
      vertex 47.0127 -3.06628 27
    endloop
  endfacet
  facet normal 0.243634 -0.969867 0
    outer loop
      vertex 47.5143 -2.94028 27
      vertex 47.0127 -3.06628 0
      vertex 47.5143 -2.94028 0
    endloop
  endfacet
  facet normal 0.278632 -0.960398 0
    outer loop
      vertex 47.5143 -2.94028 0
      vertex 48.0797 -2.77627 27
      vertex 47.5143 -2.94028 27
    endloop
  endfacet
  facet normal 0.278632 -0.960398 0
    outer loop
      vertex 48.0797 -2.77627 27
      vertex 47.5143 -2.94028 0
      vertex 48.0797 -2.77627 0
    endloop
  endfacet
  facet normal 0.314065 -0.949401 0
    outer loop
      vertex 48.0797 -2.77627 0
      vertex 48.712 -2.56707 27
      vertex 48.0797 -2.77627 27
    endloop
  endfacet
  facet normal 0.314065 -0.949401 0
    outer loop
      vertex 48.712 -2.56707 27
      vertex 48.0797 -2.77627 0
      vertex 48.712 -2.56707 0
    endloop
  endfacet
  facet normal 0.349994 -0.936752 0
    outer loop
      vertex 48.712 -2.56707 0
      vertex 49.4151 -2.30438 27
      vertex 48.712 -2.56707 27
    endloop
  endfacet
  facet normal 0.349994 -0.936752 0
    outer loop
      vertex 49.4151 -2.30438 27
      vertex 48.712 -2.56707 0
      vertex 49.4151 -2.30438 0
    endloop
  endfacet
  facet normal 0.386394 -0.922334 0
    outer loop
      vertex 49.4151 -2.30438 0
      vertex 50.1927 -1.97861 27
      vertex 49.4151 -2.30438 27
    endloop
  endfacet
  facet normal 0.386394 -0.922334 0
    outer loop
      vertex 50.1927 -1.97861 27
      vertex 49.4151 -2.30438 0
      vertex 50.1927 -1.97861 0
    endloop
  endfacet
  facet normal 0.423346 -0.905968 0
    outer loop
      vertex 50.1927 -1.97861 0
      vertex 51.0491 -1.57845 27
      vertex 50.1927 -1.97861 27
    endloop
  endfacet
  facet normal 0.423346 -0.905968 0
    outer loop
      vertex 51.0491 -1.57845 27
      vertex 50.1927 -1.97861 0
      vertex 51.0491 -1.57845 0
    endloop
  endfacet
  facet normal 0.460791 -0.887509 0
    outer loop
      vertex 51.0491 -1.57845 0
      vertex 51.9885 -1.09069 27
      vertex 51.0491 -1.57845 27
    endloop
  endfacet
  facet normal 0.460791 -0.887509 0
    outer loop
      vertex 51.9885 -1.09069 27
      vertex 51.0491 -1.57845 0
      vertex 51.9885 -1.09069 0
    endloop
  endfacet
  facet normal 1 -0 0
    outer loop
      vertex 51.9885 -1.09069 27
      vertex 51.9885 1.09068 0
      vertex 51.9885 1.09068 27
    endloop
  endfacet
  facet normal 1 0 0
    outer loop
      vertex 51.9885 1.09068 0
      vertex 51.9885 -1.09069 27
      vertex 51.9885 -1.09069 0
    endloop
  endfacet
  facet normal 0.460786 0.887511 -0
    outer loop
      vertex 51.9885 1.09068 0
      vertex 51.0491 1.57843 27
      vertex 51.9885 1.09068 27
    endloop
  endfacet
  facet normal 0.460786 0.887511 0
    outer loop
      vertex 51.0491 1.57843 27
      vertex 51.9885 1.09068 0
      vertex 51.0491 1.57843 0
    endloop
  endfacet
  facet normal 0.423332 0.905975 -0
    outer loop
      vertex 51.0491 1.57843 0
      vertex 50.1927 1.97857 27
      vertex 51.0491 1.57843 27
    endloop
  endfacet
  facet normal 0.423332 0.905975 0
    outer loop
      vertex 50.1927 1.97857 27
      vertex 51.0491 1.57843 0
      vertex 50.1927 1.97857 0
    endloop
  endfacet
  facet normal 0.386398 0.922332 -0
    outer loop
      vertex 50.1927 1.97857 0
      vertex 49.4151 2.30435 27
      vertex 50.1927 1.97857 27
    endloop
  endfacet
  facet normal 0.386398 0.922332 0
    outer loop
      vertex 49.4151 2.30435 27
      vertex 50.1927 1.97857 0
      vertex 49.4151 2.30435 0
    endloop
  endfacet
  facet normal 0.349983 0.936756 -0
    outer loop
      vertex 49.4151 2.30435 0
      vertex 48.712 2.56703 27
      vertex 49.4151 2.30435 27
    endloop
  endfacet
  facet normal 0.349983 0.936756 0
    outer loop
      vertex 48.712 2.56703 27
      vertex 49.4151 2.30435 0
      vertex 48.712 2.56703 0
    endloop
  endfacet
  facet normal 0.314077 0.949397 -0
    outer loop
      vertex 48.712 2.56703 0
      vertex 48.0797 2.77624 27
      vertex 48.712 2.56703 27
    endloop
  endfacet
  facet normal 0.314077 0.949397 0
    outer loop
      vertex 48.0797 2.77624 27
      vertex 48.712 2.56703 0
      vertex 48.0797 2.77624 0
    endloop
  endfacet
  facet normal 0.278635 0.960397 -0
    outer loop
      vertex 48.0797 2.77624 0
      vertex 47.5143 2.94026 27
      vertex 48.0797 2.77624 27
    endloop
  endfacet
  facet normal 0.278635 0.960397 0
    outer loop
      vertex 47.5143 2.94026 27
      vertex 48.0797 2.77624 0
      vertex 47.5143 2.94026 0
    endloop
  endfacet
  facet normal 0.243612 0.969873 -0
    outer loop
      vertex 47.5143 2.94026 0
      vertex 47.0127 3.06624 27
      vertex 47.5143 2.94026 27
    endloop
  endfacet
  facet normal 0.243612 0.969873 0
    outer loop
      vertex 47.0127 3.06624 27
      vertex 47.5143 2.94026 0
      vertex 47.0127 3.06624 0
    endloop
  endfacet
  facet normal 0.209082 0.977898 -0
    outer loop
      vertex 47.0127 3.06624 0
      vertex 46.572 3.16048 27
      vertex 47.0127 3.06624 27
    endloop
  endfacet
  facet normal 0.209082 0.977898 0
    outer loop
      vertex 46.572 3.16048 27
      vertex 47.0127 3.06624 0
      vertex 46.572 3.16048 0
    endloop
  endfacet
  facet normal 0.174865 0.984592 -0
    outer loop
      vertex 46.572 3.16048 0
      vertex 46.1894 3.22843 27
      vertex 46.572 3.16048 27
    endloop
  endfacet
  facet normal 0.174865 0.984592 0
    outer loop
      vertex 46.1894 3.22843 27
      vertex 46.572 3.16048 0
      vertex 46.1894 3.22843 0
    endloop
  endfacet
  facet normal 0.141027 0.990006 -0
    outer loop
      vertex 46.1894 3.22843 0
      vertex 45.8626 3.27497 27
      vertex 46.1894 3.22843 27
    endloop
  endfacet
  facet normal 0.141027 0.990006 0
    outer loop
      vertex 45.8626 3.27497 27
      vertex 46.1894 3.22843 0
      vertex 45.8626 3.27497 0
    endloop
  endfacet
  facet normal 0.107515 0.994203 -0
    outer loop
      vertex 45.8626 3.27497 0
      vertex 45.5897 3.30449 27
      vertex 45.8626 3.27497 27
    endloop
  endfacet
  facet normal 0.107515 0.994203 0
    outer loop
      vertex 45.5897 3.30449 27
      vertex 45.8626 3.27497 0
      vertex 45.5897 3.30449 0
    endloop
  endfacet
  facet normal 0.0742923 0.997237 -0
    outer loop
      vertex 45.5897 3.30449 0
      vertex 45.3689 3.32094 27
      vertex 45.5897 3.30449 27
    endloop
  endfacet
  facet normal 0.0742923 0.997237 0
    outer loop
      vertex 45.3689 3.32094 27
      vertex 45.5897 3.30449 0
      vertex 45.3689 3.32094 0
    endloop
  endfacet
  facet normal 0.0414395 0.999141 -0
    outer loop
      vertex 45.3689 3.32094 0
      vertex 45.1988 3.32799 27
      vertex 45.3689 3.32094 27
    endloop
  endfacet
  facet normal 0.0414395 0.999141 0
    outer loop
      vertex 45.1988 3.32799 27
      vertex 45.3689 3.32094 0
      vertex 45.1988 3.32799 0
    endloop
  endfacet
  facet normal 0.00884998 0.999961 -0
    outer loop
      vertex 45.1988 3.32799 0
      vertex 45.0782 3.32906 27
      vertex 45.1988 3.32799 27
    endloop
  endfacet
  facet normal 0.00884998 0.999961 0
    outer loop
      vertex 45.0782 3.32906 27
      vertex 45.1988 3.32799 0
      vertex 45.0782 3.32906 0
    endloop
  endfacet
  facet normal -0.0303388 0.99954 0
    outer loop
      vertex 45.0782 3.32906 0
      vertex 44.9824 3.32615 27
      vertex 45.0782 3.32906 27
    endloop
  endfacet
  facet normal -0.0303388 0.99954 0
    outer loop
      vertex 44.9824 3.32615 27
      vertex 45.0782 3.32906 0
      vertex 44.9824 3.32615 0
    endloop
  endfacet
  facet normal -0.0737413 0.997277 0
    outer loop
      vertex 44.9824 3.32615 0
      vertex 43.1977 3.19419 27
      vertex 44.9824 3.32615 27
    endloop
  endfacet
  facet normal -0.0737413 0.997277 0
    outer loop
      vertex 43.1977 3.19419 27
      vertex 44.9824 3.32615 0
      vertex 43.1977 3.19419 0
    endloop
  endfacet
  facet normal 0.99597 0.0896921 0
    outer loop
      vertex 43.1977 3.19419 27
      vertex 43.0084 5.29679 0
      vertex 43.0084 5.29679 27
    endloop
  endfacet
  facet normal 0.99597 0.0896921 0
    outer loop
      vertex 43.0084 5.29679 0
      vertex 43.1977 3.19419 27
      vertex 43.1977 3.19419 0
    endloop
  endfacet
  facet normal 0.987971 0.15464 0
    outer loop
      vertex 43.0084 5.29679 27
      vertex 42.5699 8.09834 0
      vertex 42.5699 8.09834 27
    endloop
  endfacet
  facet normal 0.987971 0.15464 0
    outer loop
      vertex 42.5699 8.09834 0
      vertex 43.0084 5.29679 27
      vertex 43.0084 5.29679 0
    endloop
  endfacet
  facet normal 0.186884 -0.982382 0
    outer loop
      vertex 42.5699 8.09834 0
      vertex 44.3106 8.42948 27
      vertex 42.5699 8.09834 27
    endloop
  endfacet
  facet normal 0.186884 -0.982382 0
    outer loop
      vertex 44.3106 8.42948 27
      vertex 42.5699 8.09834 0
      vertex 44.3106 8.42948 0
    endloop
  endfacet
  facet normal 0.229316 -0.973352 0
    outer loop
      vertex 44.3106 8.42948 0
      vertex 44.4038 8.45145 27
      vertex 44.3106 8.42948 27
    endloop
  endfacet
  facet normal 0.229316 -0.973352 0
    outer loop
      vertex 44.4038 8.45145 27
      vertex 44.3106 8.42948 0
      vertex 44.4038 8.45145 0
    endloop
  endfacet
  facet normal 0.267382 -0.963591 0
    outer loop
      vertex 44.4038 8.45145 0
      vertex 44.52 8.4837 27
      vertex 44.4038 8.45145 27
    endloop
  endfacet
  facet normal 0.267382 -0.963591 0
    outer loop
      vertex 44.52 8.4837 27
      vertex 44.4038 8.45145 0
      vertex 44.52 8.4837 0
    endloop
  endfacet
  facet normal 0.298608 -0.954376 0
    outer loop
      vertex 44.52 8.4837 0
      vertex 44.6825 8.53454 27
      vertex 44.52 8.4837 27
    endloop
  endfacet
  facet normal 0.298608 -0.954376 0
    outer loop
      vertex 44.6825 8.53454 27
      vertex 44.52 8.4837 0
      vertex 44.6825 8.53454 0
    endloop
  endfacet
  facet normal 0.329889 -0.94402 0
    outer loop
      vertex 44.6825 8.53454 0
      vertex 44.8915 8.60758 27
      vertex 44.6825 8.53454 27
    endloop
  endfacet
  facet normal 0.329889 -0.94402 0
    outer loop
      vertex 44.8915 8.60758 27
      vertex 44.6825 8.53454 0
      vertex 44.8915 8.60758 0
    endloop
  endfacet
  facet normal 0.361194 -0.932491 0
    outer loop
      vertex 44.8915 8.60758 0
      vertex 45.1475 8.70672 27
      vertex 44.8915 8.60758 27
    endloop
  endfacet
  facet normal 0.361194 -0.932491 0
    outer loop
      vertex 45.1475 8.70672 27
      vertex 44.8915 8.60758 0
      vertex 45.1475 8.70672 0
    endloop
  endfacet
  facet normal 0.392457 -0.91977 0
    outer loop
      vertex 45.1475 8.70672 0
      vertex 45.4511 8.83626 27
      vertex 45.1475 8.70672 27
    endloop
  endfacet
  facet normal 0.392457 -0.91977 0
    outer loop
      vertex 45.4511 8.83626 27
      vertex 45.1475 8.70672 0
      vertex 45.4511 8.83626 0
    endloop
  endfacet
  facet normal 0.423743 -0.905782 0
    outer loop
      vertex 45.4511 8.83626 0
      vertex 45.803 9.00091 27
      vertex 45.4511 8.83626 27
    endloop
  endfacet
  facet normal 0.423743 -0.905782 0
    outer loop
      vertex 45.803 9.00091 27
      vertex 45.4511 8.83626 0
      vertex 45.803 9.00091 0
    endloop
  endfacet
  facet normal 0.455023 -0.890479 0
    outer loop
      vertex 45.803 9.00091 0
      vertex 46.2044 9.206 27
      vertex 45.803 9.00091 27
    endloop
  endfacet
  facet normal 0.455023 -0.890479 0
    outer loop
      vertex 46.2044 9.206 27
      vertex 45.803 9.00091 0
      vertex 46.2044 9.206 0
    endloop
  endfacet
  facet normal 0.486358 -0.87376 0
    outer loop
      vertex 46.2044 9.206 0
      vertex 46.6563 9.45752 27
      vertex 46.2044 9.206 27
    endloop
  endfacet
  facet normal 0.486358 -0.87376 0
    outer loop
      vertex 46.6563 9.45752 27
      vertex 46.2044 9.206 0
      vertex 46.6563 9.45752 0
    endloop
  endfacet
  facet normal 0.517698 -0.855563 0
    outer loop
      vertex 46.6563 9.45752 0
      vertex 47.1599 9.76227 27
      vertex 46.6563 9.45752 27
    endloop
  endfacet
  facet normal 0.517698 -0.855563 0
    outer loop
      vertex 47.1599 9.76227 27
      vertex 46.6563 9.45752 0
      vertex 47.1599 9.76227 0
    endloop
  endfacet
  facet normal 0.54908 -0.83577 0
    outer loop
      vertex 47.1599 9.76227 0
      vertex 47.7166 10.128 27
      vertex 47.1599 9.76227 27
    endloop
  endfacet
  facet normal 0.54908 -0.83577 0
    outer loop
      vertex 47.7166 10.128 27
      vertex 47.1599 9.76227 0
      vertex 47.7166 10.128 0
    endloop
  endfacet
  facet normal 0.58053 -0.814239 0
    outer loop
      vertex 47.7166 10.128 0
      vertex 48.3277 10.5637 27
      vertex 47.7166 10.128 27
    endloop
  endfacet
  facet normal 0.58053 -0.814239 0
    outer loop
      vertex 48.3277 10.5637 27
      vertex 47.7166 10.128 0
      vertex 48.3277 10.5637 0
    endloop
  endfacet
  facet normal 0.611936 -0.790907 0
    outer loop
      vertex 48.3277 10.5637 0
      vertex 48.9946 11.0797 27
      vertex 48.3277 10.5637 27
    endloop
  endfacet
  facet normal 0.611936 -0.790907 0
    outer loop
      vertex 48.9946 11.0797 27
      vertex 48.3277 10.5637 0
      vertex 48.9946 11.0797 0
    endloop
  endfacet
  facet normal 0.643398 -0.765531 0
    outer loop
      vertex 48.9946 11.0797 0
      vertex 49.7182 11.6878 27
      vertex 48.9946 11.0797 27
    endloop
  endfacet
  facet normal 0.643398 -0.765531 0
    outer loop
      vertex 49.7182 11.6878 27
      vertex 48.9946 11.0797 0
      vertex 49.7182 11.6878 0
    endloop
  endfacet
  facet normal 0.674794 -0.738006 0
    outer loop
      vertex 49.7182 11.6878 0
      vertex 50.4994 12.4021 27
      vertex 49.7182 11.6878 27
    endloop
  endfacet
  facet normal 0.674794 -0.738006 0
    outer loop
      vertex 50.4994 12.4021 27
      vertex 49.7182 11.6878 0
      vertex 50.4994 12.4021 0
    endloop
  endfacet
  facet normal 0.965926 0.258818 0
    outer loop
      vertex 50.4994 12.4021 27
      vertex 49.9348 14.5091 0
      vertex 49.9348 14.5091 27
    endloop
  endfacet
  facet normal 0.965926 0.258818 0
    outer loop
      vertex 49.9348 14.5091 0
      vertex 50.4994 12.4021 27
      vertex 50.4994 12.4021 0
    endloop
  endfacet
  facet normal 0.21538 0.97653 -0
    outer loop
      vertex 49.9348 14.5091 0
      vertex 48.9011 14.7371 27
      vertex 49.9348 14.5091 27
    endloop
  endfacet
  facet normal 0.21538 0.97653 0
    outer loop
      vertex 48.9011 14.7371 27
      vertex 49.9348 14.5091 0
      vertex 48.9011 14.7371 0
    endloop
  endfacet
  facet normal 0.174432 0.984669 -0
    outer loop
      vertex 48.9011 14.7371 0
      vertex 47.9704 14.902 27
      vertex 48.9011 14.7371 27
    endloop
  endfacet
  facet normal 0.174432 0.984669 0
    outer loop
      vertex 47.9704 14.902 27
      vertex 48.9011 14.7371 0
      vertex 47.9704 14.902 0
    endloop
  endfacet
  facet normal 0.134501 0.990913 -0
    outer loop
      vertex 47.9704 14.902 0
      vertex 47.1349 15.0154 27
      vertex 47.9704 14.902 27
    endloop
  endfacet
  facet normal 0.134501 0.990913 0
    outer loop
      vertex 47.1349 15.0154 27
      vertex 47.9704 14.902 0
      vertex 47.1349 15.0154 0
    endloop
  endfacet
  facet normal 0.0956213 0.995418 -0
    outer loop
      vertex 47.1349 15.0154 0
      vertex 46.3878 15.0872 27
      vertex 47.1349 15.0154 27
    endloop
  endfacet
  facet normal 0.0956213 0.995418 0
    outer loop
      vertex 46.3878 15.0872 27
      vertex 47.1349 15.0154 0
      vertex 46.3878 15.0872 0
    endloop
  endfacet
  facet normal 0.0576496 0.998337 -0
    outer loop
      vertex 46.3878 15.0872 0
      vertex 45.7228 15.1256 27
      vertex 46.3878 15.0872 27
    endloop
  endfacet
  facet normal 0.0576496 0.998337 0
    outer loop
      vertex 45.7228 15.1256 27
      vertex 46.3878 15.0872 0
      vertex 45.7228 15.1256 0
    endloop
  endfacet
  facet normal 0.0205667 0.999788 -0
    outer loop
      vertex 45.7228 15.1256 0
      vertex 45.1343 15.1377 27
      vertex 45.7228 15.1256 27
    endloop
  endfacet
  facet normal 0.0205667 0.999788 0
    outer loop
      vertex 45.1343 15.1377 27
      vertex 45.7228 15.1256 0
      vertex 45.1343 15.1377 0
    endloop
  endfacet
  facet normal -0.0157118 0.999877 0
    outer loop
      vertex 45.1343 15.1377 0
      vertex 44.6172 15.1295 27
      vertex 45.1343 15.1377 27
    endloop
  endfacet
  facet normal -0.0157118 0.999877 0
    outer loop
      vertex 44.6172 15.1295 27
      vertex 45.1343 15.1377 0
      vertex 44.6172 15.1295 0
    endloop
  endfacet
  facet normal -0.0511453 0.998691 0
    outer loop
      vertex 44.6172 15.1295 0
      vertex 44.1671 15.1065 27
      vertex 44.6172 15.1295 27
    endloop
  endfacet
  facet normal -0.0511453 0.998691 0
    outer loop
      vertex 44.1671 15.1065 27
      vertex 44.6172 15.1295 0
      vertex 44.1671 15.1065 0
    endloop
  endfacet
  facet normal -0.0859138 0.996303 0
    outer loop
      vertex 44.1671 15.1065 0
      vertex 43.7799 15.0731 27
      vertex 44.1671 15.1065 27
    endloop
  endfacet
  facet normal -0.0859138 0.996303 0
    outer loop
      vertex 43.7799 15.0731 27
      vertex 44.1671 15.1065 0
      vertex 43.7799 15.0731 0
    endloop
  endfacet
  facet normal -0.120006 0.992773 0
    outer loop
      vertex 43.7799 15.0731 0
      vertex 43.4523 15.0335 27
      vertex 43.7799 15.0731 27
    endloop
  endfacet
  facet normal -0.120006 0.992773 0
    outer loop
      vertex 43.4523 15.0335 27
      vertex 43.7799 15.0731 0
      vertex 43.4523 15.0335 0
    endloop
  endfacet
  facet normal -0.153461 0.988155 0
    outer loop
      vertex 43.4523 15.0335 0
      vertex 43.181 14.9914 27
      vertex 43.4523 15.0335 27
    endloop
  endfacet
  facet normal -0.153461 0.988155 0
    outer loop
      vertex 43.181 14.9914 27
      vertex 43.4523 15.0335 0
      vertex 43.181 14.9914 0
    endloop
  endfacet
  facet normal -0.186336 0.982486 0
    outer loop
      vertex 43.181 14.9914 0
      vertex 42.9635 14.9501 27
      vertex 43.181 14.9914 27
    endloop
  endfacet
  facet normal -0.186336 0.982486 0
    outer loop
      vertex 42.9635 14.9501 27
      vertex 43.181 14.9914 0
      vertex 42.9635 14.9501 0
    endloop
  endfacet
  facet normal -0.218584 0.975818 0
    outer loop
      vertex 42.9635 14.9501 0
      vertex 42.7973 14.9129 27
      vertex 42.9635 14.9501 27
    endloop
  endfacet
  facet normal -0.218584 0.975818 0
    outer loop
      vertex 42.7973 14.9129 27
      vertex 42.9635 14.9501 0
      vertex 42.7973 14.9129 0
    endloop
  endfacet
  facet normal -0.250298 0.968169 0
    outer loop
      vertex 42.7973 14.9129 0
      vertex 42.6806 14.8827 27
      vertex 42.7973 14.9129 27
    endloop
  endfacet
  facet normal -0.250298 0.968169 0
    outer loop
      vertex 42.6806 14.8827 27
      vertex 42.7973 14.9129 0
      vertex 42.6806 14.8827 0
    endloop
  endfacet
  facet normal -0.28806 0.957612 0
    outer loop
      vertex 42.6806 14.8827 0
      vertex 42.5888 14.8551 27
      vertex 42.6806 14.8827 27
    endloop
  endfacet
  facet normal -0.28806 0.957612 0
    outer loop
      vertex 42.5888 14.8551 27
      vertex 42.6806 14.8827 0
      vertex 42.5888 14.8551 0
    endloop
  endfacet
  facet normal -0.329342 0.944211 0
    outer loop
      vertex 42.5888 14.8551 0
      vertex 40.8991 14.2657 27
      vertex 42.5888 14.8551 27
    endloop
  endfacet
  facet normal -0.329342 0.944211 0
    outer loop
      vertex 40.8991 14.2657 27
      vertex 42.5888 14.8551 0
      vertex 40.8991 14.2657 0
    endloop
  endfacet
  facet normal 0.938815 0.344421 0
    outer loop
      vertex 40.8991 14.2657 27
      vertex 40.172 16.2477 0
      vertex 40.172 16.2477 27
    endloop
  endfacet
  facet normal 0.938815 0.344421 0
    outer loop
      vertex 40.172 16.2477 0
      vertex 40.8991 14.2657 27
      vertex 40.8991 14.2657 0
    endloop
  endfacet
  facet normal 0.914282 0.405079 0
    outer loop
      vertex 40.172 16.2477 27
      vertex 39.0233 18.8403 0
      vertex 39.0233 18.8403 27
    endloop
  endfacet
  facet normal 0.914282 0.405079 0
    outer loop
      vertex 39.0233 18.8403 0
      vertex 40.172 16.2477 27
      vertex 40.172 16.2477 0
    endloop
  endfacet
  facet normal 0.434778 -0.900538 0
    outer loop
      vertex 39.0233 18.8403 0
      vertex 40.619 19.6107 27
      vertex 39.0233 18.8403 27
    endloop
  endfacet
  facet normal 0.434778 -0.900538 0
    outer loop
      vertex 40.619 19.6107 27
      vertex 39.0233 18.8403 0
      vertex 40.619 19.6107 0
    endloop
  endfacet
  facet normal 0.473303 -0.880899 0
    outer loop
      vertex 40.619 19.6107 0
      vertex 40.7034 19.656 27
      vertex 40.619 19.6107 27
    endloop
  endfacet
  facet normal 0.473303 -0.880899 0
    outer loop
      vertex 40.7034 19.656 27
      vertex 40.619 19.6107 0
      vertex 40.7034 19.656 0
    endloop
  endfacet
  facet normal 0.50776 -0.861498 0
    outer loop
      vertex 40.7034 19.656 0
      vertex 40.8073 19.7173 27
      vertex 40.7034 19.656 27
    endloop
  endfacet
  facet normal 0.50776 -0.861498 0
    outer loop
      vertex 40.8073 19.7173 27
      vertex 40.7034 19.656 0
      vertex 40.8073 19.7173 0
    endloop
  endfacet
  facet normal 0.535458 -0.844562 0
    outer loop
      vertex 40.8073 19.7173 0
      vertex 40.9511 19.8084 27
      vertex 40.8073 19.7173 27
    endloop
  endfacet
  facet normal 0.535458 -0.844562 0
    outer loop
      vertex 40.9511 19.8084 27
      vertex 40.8073 19.7173 0
      vertex 40.9511 19.8084 0
    endloop
  endfacet
  facet normal 0.56299 -0.826463 0
    outer loop
      vertex 40.9511 19.8084 0
      vertex 41.1341 19.9331 27
      vertex 40.9511 19.8084 27
    endloop
  endfacet
  facet normal 0.56299 -0.826463 0
    outer loop
      vertex 41.1341 19.9331 27
      vertex 40.9511 19.8084 0
      vertex 41.1341 19.9331 0
    endloop
  endfacet
  facet normal 0.590206 -0.807253 0
    outer loop
      vertex 41.1341 19.9331 0
      vertex 41.3557 20.0951 27
      vertex 41.1341 19.9331 27
    endloop
  endfacet
  facet normal 0.590206 -0.807253 0
    outer loop
      vertex 41.3557 20.0951 27
      vertex 41.1341 19.9331 0
      vertex 41.3557 20.0951 0
    endloop
  endfacet
  facet normal 0.617124 -0.786866 0
    outer loop
      vertex 41.3557 20.0951 0
      vertex 41.6154 20.2988 27
      vertex 41.3557 20.0951 27
    endloop
  endfacet
  facet normal 0.617124 -0.786866 0
    outer loop
      vertex 41.6154 20.2988 27
      vertex 41.3557 20.0951 0
      vertex 41.6154 20.2988 0
    endloop
  endfacet
  facet normal 0.643762 -0.765226 0
    outer loop
      vertex 41.6154 20.2988 0
      vertex 41.9127 20.5489 27
      vertex 41.6154 20.2988 27
    endloop
  endfacet
  facet normal 0.643762 -0.765226 0
    outer loop
      vertex 41.9127 20.5489 27
      vertex 41.6154 20.2988 0
      vertex 41.9127 20.5489 0
    endloop
  endfacet
  facet normal 0.669966 -0.742392 0
    outer loop
      vertex 41.9127 20.5489 0
      vertex 42.2473 20.8509 27
      vertex 41.9127 20.5489 27
    endloop
  endfacet
  facet normal 0.669966 -0.742392 0
    outer loop
      vertex 42.2473 20.8509 27
      vertex 41.9127 20.5489 0
      vertex 42.2473 20.8509 0
    endloop
  endfacet
  facet normal 0.695939 -0.718101 0
    outer loop
      vertex 42.2473 20.8509 0
      vertex 42.6187 21.2108 27
      vertex 42.2473 20.8509 27
    endloop
  endfacet
  facet normal 0.695939 -0.718101 0
    outer loop
      vertex 42.6187 21.2108 27
      vertex 42.2473 20.8509 0
      vertex 42.6187 21.2108 0
    endloop
  endfacet
  facet normal 0.721494 -0.69242 0
    outer loop
      vertex 42.6187 21.2108 27
      vertex 43.0263 21.6355 0
      vertex 43.0263 21.6355 27
    endloop
  endfacet
  facet normal 0.721494 -0.69242 0
    outer loop
      vertex 43.0263 21.6355 0
      vertex 42.6187 21.2108 27
      vertex 42.6187 21.2108 0
    endloop
  endfacet
  facet normal 0.746693 -0.665169 0
    outer loop
      vertex 43.0263 21.6355 27
      vertex 43.4694 22.1329 0
      vertex 43.4694 22.1329 27
    endloop
  endfacet
  facet normal 0.746693 -0.665169 0
    outer loop
      vertex 43.4694 22.1329 0
      vertex 43.0263 21.6355 27
      vertex 43.0263 21.6355 0
    endloop
  endfacet
  facet normal 0.771477 -0.636258 0
    outer loop
      vertex 43.4694 22.1329 27
      vertex 43.9469 22.7119 0
      vertex 43.9469 22.7119 27
    endloop
  endfacet
  facet normal 0.771477 -0.636258 0
    outer loop
      vertex 43.9469 22.7119 0
      vertex 43.4694 22.1329 27
      vertex 43.4694 22.1329 0
    endloop
  endfacet
  facet normal 0.795793 -0.605569 0
    outer loop
      vertex 43.9469 22.7119 27
      vertex 44.4575 23.3828 0
      vertex 44.4575 23.3828 27
    endloop
  endfacet
  facet normal 0.795793 -0.605569 0
    outer loop
      vertex 44.4575 23.3828 0
      vertex 43.9469 22.7119 27
      vertex 43.9469 22.7119 0
    endloop
  endfacet
  facet normal 0.81961 -0.572922 0
    outer loop
      vertex 44.4575 23.3828 27
      vertex 44.999 24.1576 0
      vertex 44.999 24.1576 27
    endloop
  endfacet
  facet normal 0.81961 -0.572922 0
    outer loop
      vertex 44.999 24.1576 0
      vertex 44.4575 23.3828 27
      vertex 44.4575 23.3828 0
    endloop
  endfacet
  facet normal 0.842811 -0.538209 0
    outer loop
      vertex 44.999 24.1576 27
      vertex 45.5687 25.0497 0
      vertex 45.5687 25.0497 27
    endloop
  endfacet
  facet normal 0.842811 -0.538209 0
    outer loop
      vertex 45.5687 25.0497 0
      vertex 44.999 24.1576 27
      vertex 44.999 24.1576 0
    endloop
  endfacet
  facet normal 0.866025 0.5 0
    outer loop
      vertex 45.5687 25.0497 27
      vertex 44.4781 26.9388 0
      vertex 44.4781 26.9388 27
    endloop
  endfacet
  facet normal 0.866025 0.5 0
    outer loop
      vertex 44.4781 26.9388 0
      vertex 45.5687 25.0497 27
      vertex 45.5687 25.0497 0
    endloop
  endfacet
  facet normal -0.0447018 0.999 0
    outer loop
      vertex 44.4781 26.9388 0
      vertex 43.4206 26.8915 27
      vertex 44.4781 26.9388 27
    endloop
  endfacet
  facet normal -0.0447018 0.999 0
    outer loop
      vertex 43.4206 26.8915 27
      vertex 44.4781 26.9388 0
      vertex 43.4206 26.8915 0
    endloop
  endfacet
  facet normal -0.0863756 0.996263 0
    outer loop
      vertex 43.4206 26.8915 0
      vertex 42.4789 26.8099 27
      vertex 43.4206 26.8915 27
    endloop
  endfacet
  facet normal -0.0863756 0.996263 0
    outer loop
      vertex 42.4789 26.8099 27
      vertex 43.4206 26.8915 0
      vertex 42.4789 26.8099 0
    endloop
  endfacet
  facet normal -0.126525 0.991963 0
    outer loop
      vertex 42.4789 26.8099 0
      vertex 41.6426 26.7032 27
      vertex 42.4789 26.8099 27
    endloop
  endfacet
  facet normal -0.126525 0.991963 0
    outer loop
      vertex 41.6426 26.7032 27
      vertex 42.4789 26.8099 0
      vertex 41.6426 26.7032 0
    endloop
  endfacet
  facet normal -0.165287 0.986245 0
    outer loop
      vertex 41.6426 26.7032 0
      vertex 40.9023 26.5791 27
      vertex 41.6426 26.7032 27
    endloop
  endfacet
  facet normal -0.165287 0.986245 0
    outer loop
      vertex 40.9023 26.5791 27
      vertex 41.6426 26.7032 0
      vertex 40.9023 26.5791 0
    endloop
  endfacet
  facet normal -0.202701 0.979241 0
    outer loop
      vertex 40.9023 26.5791 0
      vertex 40.2501 26.4441 27
      vertex 40.9023 26.5791 27
    endloop
  endfacet
  facet normal -0.202701 0.979241 0
    outer loop
      vertex 40.2501 26.4441 27
      vertex 40.9023 26.5791 0
      vertex 40.2501 26.4441 0
    endloop
  endfacet
  facet normal -0.2389 0.971044 0
    outer loop
      vertex 40.2501 26.4441 0
      vertex 39.6784 26.3035 27
      vertex 40.2501 26.4441 27
    endloop
  endfacet
  facet normal -0.2389 0.971044 0
    outer loop
      vertex 39.6784 26.3035 27
      vertex 40.2501 26.4441 0
      vertex 39.6784 26.3035 0
    endloop
  endfacet
  facet normal -0.273949 0.961744 0
    outer loop
      vertex 39.6784 26.3035 0
      vertex 39.1811 26.1618 27
      vertex 39.6784 26.3035 27
    endloop
  endfacet
  facet normal -0.273949 0.961744 0
    outer loop
      vertex 39.1811 26.1618 27
      vertex 39.6784 26.3035 0
      vertex 39.1811 26.1618 0
    endloop
  endfacet
  facet normal -0.307886 0.951423 0
    outer loop
      vertex 39.1811 26.1618 0
      vertex 38.7523 26.023 27
      vertex 39.1811 26.1618 27
    endloop
  endfacet
  facet normal -0.307886 0.951423 0
    outer loop
      vertex 38.7523 26.023 27
      vertex 39.1811 26.1618 0
      vertex 38.7523 26.023 0
    endloop
  endfacet
  facet normal -0.340853 0.940117 0
    outer loop
      vertex 38.7523 26.023 0
      vertex 38.3869 25.8906 27
      vertex 38.7523 26.023 27
    endloop
  endfacet
  facet normal -0.340853 0.940117 0
    outer loop
      vertex 38.3869 25.8906 27
      vertex 38.7523 26.023 0
      vertex 38.3869 25.8906 0
    endloop
  endfacet
  facet normal -0.372877 0.927881 0
    outer loop
      vertex 38.3869 25.8906 0
      vertex 38.0807 25.7675 27
      vertex 38.3869 25.8906 27
    endloop
  endfacet
  facet normal -0.372877 0.927881 0
    outer loop
      vertex 38.0807 25.7675 27
      vertex 38.3869 25.8906 0
      vertex 38.0807 25.7675 0
    endloop
  endfacet
  facet normal -0.403983 0.914767 0
    outer loop
      vertex 38.0807 25.7675 0
      vertex 37.8296 25.6566 27
      vertex 38.0807 25.7675 27
    endloop
  endfacet
  facet normal -0.403983 0.914767 0
    outer loop
      vertex 37.8296 25.6566 27
      vertex 38.0807 25.7675 0
      vertex 37.8296 25.6566 0
    endloop
  endfacet
  facet normal -0.434295 0.900771 0
    outer loop
      vertex 37.8296 25.6566 0
      vertex 37.6302 25.5605 27
      vertex 37.8296 25.6566 27
    endloop
  endfacet
  facet normal -0.434295 0.900771 0
    outer loop
      vertex 37.6302 25.5605 27
      vertex 37.8296 25.6566 0
      vertex 37.6302 25.5605 0
    endloop
  endfacet
  facet normal -0.463726 0.885978 0
    outer loop
      vertex 37.6302 25.5605 0
      vertex 37.4793 25.4815 27
      vertex 37.6302 25.5605 27
    endloop
  endfacet
  facet normal -0.463726 0.885978 0
    outer loop
      vertex 37.4793 25.4815 27
      vertex 37.6302 25.5605 0
      vertex 37.4793 25.4815 0
    endloop
  endfacet
  facet normal -0.492298 0.870427 0
    outer loop
      vertex 37.4793 25.4815 0
      vertex 37.3744 25.4222 27
      vertex 37.4793 25.4815 27
    endloop
  endfacet
  facet normal -0.492298 0.870427 0
    outer loop
      vertex 37.3744 25.4222 27
      vertex 37.4793 25.4815 0
      vertex 37.3744 25.4222 0
    endloop
  endfacet
  facet normal -0.525997 0.850486 0
    outer loop
      vertex 37.3744 25.4222 0
      vertex 37.2928 25.3717 27
      vertex 37.3744 25.4222 27
    endloop
  endfacet
  facet normal -0.525997 0.850486 0
    outer loop
      vertex 37.2928 25.3717 27
      vertex 37.3744 25.4222 0
      vertex 37.2928 25.3717 0
    endloop
  endfacet
  facet normal -0.562502 0.826796 0
    outer loop
      vertex 37.2928 25.3717 0
      vertex 35.8132 24.3651 27
      vertex 37.2928 25.3717 27
    endloop
  endfacet
  facet normal -0.562502 0.826796 0
    outer loop
      vertex 35.8132 24.3651 27
      vertex 37.2928 25.3717 0
      vertex 35.8132 24.3651 0
    endloop
  endfacet
  facet normal 0.817689 0.57566 0
    outer loop
      vertex 35.8132 24.3651 27
      vertex 34.5979 26.0913 0
      vertex 34.5979 26.0913 27
    endloop
  endfacet
  facet normal 0.817689 0.57566 0
    outer loop
      vertex 34.5979 26.0913 0
      vertex 35.8132 24.3651 27
      vertex 35.8132 24.3651 0
    endloop
  endfacet
  facet normal 0.778287 0.627909 0
    outer loop
      vertex 34.5979 26.0913 27
      vertex 32.8174 28.2983 0
      vertex 32.8174 28.2983 27
    endloop
  endfacet
  facet normal 0.778287 0.627909 0
    outer loop
      vertex 32.8174 28.2983 0
      vertex 34.5979 26.0913 27
      vertex 34.5979 26.0913 0
    endloop
  endfacet
  facet normal 0.653038 -0.757325 0
    outer loop
      vertex 32.8174 28.2983 0
      vertex 34.1593 29.4554 27
      vertex 32.8174 28.2983 27
    endloop
  endfacet
  facet normal 0.653038 -0.757325 0
    outer loop
      vertex 34.1593 29.4554 27
      vertex 32.8174 28.2983 0
      vertex 34.1593 29.4554 0
    endloop
  endfacet
  facet normal 0.685257 -0.728301 0
    outer loop
      vertex 34.1593 29.4554 0
      vertex 34.2291 29.5211 27
      vertex 34.1593 29.4554 27
    endloop
  endfacet
  facet normal 0.685257 -0.728301 0
    outer loop
      vertex 34.2291 29.5211 27
      vertex 34.1593 29.4554 0
      vertex 34.2291 29.5211 0
    endloop
  endfacet
  facet normal 0.713405 -0.700752 0
    outer loop
      vertex 34.2291 29.5211 27
      vertex 34.3136 29.6071 0
      vertex 34.3136 29.6071 27
    endloop
  endfacet
  facet normal 0.713405 -0.700752 0
    outer loop
      vertex 34.3136 29.6071 0
      vertex 34.2291 29.5211 27
      vertex 34.2291 29.5211 0
    endloop
  endfacet
  facet normal 0.735737 -0.677268 0
    outer loop
      vertex 34.3136 29.6071 27
      vertex 34.4289 29.7324 0
      vertex 34.4289 29.7324 27
    endloop
  endfacet
  facet normal 0.735737 -0.677268 0
    outer loop
      vertex 34.4289 29.7324 0
      vertex 34.3136 29.6071 27
      vertex 34.3136 29.6071 0
    endloop
  endfacet
  facet normal 0.757742 -0.652555 0
    outer loop
      vertex 34.4289 29.7324 27
      vertex 34.5734 29.9002 0
      vertex 34.5734 29.9002 27
    endloop
  endfacet
  facet normal 0.757742 -0.652555 0
    outer loop
      vertex 34.5734 29.9002 0
      vertex 34.4289 29.7324 27
      vertex 34.4289 29.7324 0
    endloop
  endfacet
  facet normal 0.779041 -0.626973 0
    outer loop
      vertex 34.5734 29.9002 27
      vertex 34.7455 30.114 0
      vertex 34.7455 30.114 27
    endloop
  endfacet
  facet normal 0.779041 -0.626973 0
    outer loop
      vertex 34.7455 30.114 0
      vertex 34.5734 29.9002 27
      vertex 34.5734 29.9002 0
    endloop
  endfacet
  facet normal 0.799755 -0.600326 0
    outer loop
      vertex 34.7455 30.114 27
      vertex 34.9437 30.378 0
      vertex 34.9437 30.378 27
    endloop
  endfacet
  facet normal 0.799755 -0.600326 0
    outer loop
      vertex 34.9437 30.378 0
      vertex 34.7455 30.114 27
      vertex 34.7455 30.114 0
    endloop
  endfacet
  facet normal 0.819865 -0.572557 0
    outer loop
      vertex 34.9437 30.378 27
      vertex 35.1661 30.6965 0
      vertex 35.1661 30.6965 27
    endloop
  endfacet
  facet normal 0.819865 -0.572557 0
    outer loop
      vertex 35.1661 30.6965 0
      vertex 34.9437 30.378 27
      vertex 34.9437 30.378 0
    endloop
  endfacet
  facet normal 0.839293 -0.54368 0
    outer loop
      vertex 35.1661 30.6965 27
      vertex 35.4112 31.0748 0
      vertex 35.4112 31.0748 27
    endloop
  endfacet
  facet normal 0.839293 -0.54368 0
    outer loop
      vertex 35.4112 31.0748 0
      vertex 35.1661 30.6965 27
      vertex 35.1661 30.6965 0
    endloop
  endfacet
  facet normal 0.858079 -0.513518 0
    outer loop
      vertex 35.4112 31.0748 27
      vertex 35.6768 31.5186 0
      vertex 35.6768 31.5186 27
    endloop
  endfacet
  facet normal 0.858079 -0.513518 0
    outer loop
      vertex 35.6768 31.5186 0
      vertex 35.4112 31.0748 27
      vertex 35.4112 31.0748 0
    endloop
  endfacet
  facet normal 0.876125 -0.482083 0
    outer loop
      vertex 35.6768 31.5186 27
      vertex 35.9605 32.0343 0
      vertex 35.9605 32.0343 27
    endloop
  endfacet
  facet normal 0.876125 -0.482083 0
    outer loop
      vertex 35.9605 32.0343 0
      vertex 35.6768 31.5186 27
      vertex 35.6768 31.5186 0
    endloop
  endfacet
  facet normal 0.893408 -0.449247 0
    outer loop
      vertex 35.9605 32.0343 27
      vertex 36.2598 32.6294 0
      vertex 36.2598 32.6294 27
    endloop
  endfacet
  facet normal 0.893408 -0.449247 0
    outer loop
      vertex 36.2598 32.6294 0
      vertex 35.9605 32.0343 27
      vertex 35.9605 32.0343 0
    endloop
  endfacet
  facet normal 0.909864 -0.414906 0
    outer loop
      vertex 36.2598 32.6294 27
      vertex 36.5712 33.3123 0
      vertex 36.5712 33.3123 27
    endloop
  endfacet
  facet normal 0.909864 -0.414906 0
    outer loop
      vertex 36.5712 33.3123 0
      vertex 36.2598 32.6294 27
      vertex 36.2598 32.6294 0
    endloop
  endfacet
  facet normal 0.925409 -0.378969 0
    outer loop
      vertex 36.5712 33.3123 27
      vertex 36.8907 34.0925 0
      vertex 36.8907 34.0925 27
    endloop
  endfacet
  facet normal 0.925409 -0.378969 0
    outer loop
      vertex 36.8907 34.0925 0
      vertex 36.5712 33.3123 27
      vertex 36.5712 33.3123 0
    endloop
  endfacet
  facet normal 0.939967 -0.341264 0
    outer loop
      vertex 36.8907 34.0925 27
      vertex 37.2133 34.981 0
      vertex 37.2133 34.981 27
    endloop
  endfacet
  facet normal 0.939967 -0.341264 0
    outer loop
      vertex 37.2133 34.981 0
      vertex 36.8907 34.0925 27
      vertex 36.8907 34.0925 0
    endloop
  endfacet
  facet normal 0.95339 -0.30174 0
    outer loop
      vertex 37.2133 34.981 27
      vertex 37.5327 35.9902 0
      vertex 37.5327 35.9902 27
    endloop
  endfacet
  facet normal 0.95339 -0.30174 0
    outer loop
      vertex 37.5327 35.9902 0
      vertex 37.2133 34.981 27
      vertex 37.2133 34.981 0
    endloop
  endfacet
  facet normal 0.707106 0.707108 -0
    outer loop
      vertex 37.5327 35.9902 0
      vertex 35.9902 37.5327 27
      vertex 37.5327 35.9902 27
    endloop
  endfacet
  facet normal 0.707106 0.707108 0
    outer loop
      vertex 35.9902 37.5327 27
      vertex 37.5327 35.9902 0
      vertex 35.9902 37.5327 0
    endloop
  endfacet
  facet normal -0.301736 0.953391 0
    outer loop
      vertex 35.9902 37.5327 0
      vertex 34.981 37.2133 27
      vertex 35.9902 37.5327 27
    endloop
  endfacet
  facet normal -0.301736 0.953391 0
    outer loop
      vertex 34.981 37.2133 27
      vertex 35.9902 37.5327 0
      vertex 34.981 37.2133 0
    endloop
  endfacet
  facet normal -0.341294 0.939957 0
    outer loop
      vertex 34.981 37.2133 0
      vertex 34.0926 36.8907 27
      vertex 34.981 37.2133 27
    endloop
  endfacet
  facet normal -0.341294 0.939957 0
    outer loop
      vertex 34.0926 36.8907 27
      vertex 34.981 37.2133 0
      vertex 34.0926 36.8907 0
    endloop
  endfacet
  facet normal -0.378956 0.925415 0
    outer loop
      vertex 34.0926 36.8907 0
      vertex 33.3123 36.5712 27
      vertex 34.0926 36.8907 27
    endloop
  endfacet
  facet normal -0.378956 0.925415 0
    outer loop
      vertex 33.3123 36.5712 27
      vertex 34.0926 36.8907 0
      vertex 33.3123 36.5712 0
    endloop
  endfacet
  facet normal -0.414916 0.90986 0
    outer loop
      vertex 33.3123 36.5712 0
      vertex 32.6294 36.2598 27
      vertex 33.3123 36.5712 27
    endloop
  endfacet
  facet normal -0.414916 0.90986 0
    outer loop
      vertex 32.6294 36.2598 27
      vertex 33.3123 36.5712 0
      vertex 32.6294 36.2598 0
    endloop
  endfacet
  facet normal -0.449235 0.893414 0
    outer loop
      vertex 32.6294 36.2598 0
      vertex 32.0343 35.9605 27
      vertex 32.6294 36.2598 27
    endloop
  endfacet
  facet normal -0.449235 0.893414 0
    outer loop
      vertex 32.0343 35.9605 27
      vertex 32.6294 36.2598 0
      vertex 32.0343 35.9605 0
    endloop
  endfacet
  facet normal -0.482072 0.876131 0
    outer loop
      vertex 32.0343 35.9605 0
      vertex 31.5186 35.6768 27
      vertex 32.0343 35.9605 27
    endloop
  endfacet
  facet normal -0.482072 0.876131 0
    outer loop
      vertex 31.5186 35.6768 27
      vertex 32.0343 35.9605 0
      vertex 31.5186 35.6768 0
    endloop
  endfacet
  facet normal -0.513541 0.858065 0
    outer loop
      vertex 31.5186 35.6768 0
      vertex 31.0748 35.4112 27
      vertex 31.5186 35.6768 27
    endloop
  endfacet
  facet normal -0.513541 0.858065 0
    outer loop
      vertex 31.0748 35.4112 27
      vertex 31.5186 35.6768 0
      vertex 31.0748 35.4112 0
    endloop
  endfacet
  facet normal -0.543654 0.83931 0
    outer loop
      vertex 31.0748 35.4112 0
      vertex 30.6966 35.1661 27
      vertex 31.0748 35.4112 27
    endloop
  endfacet
  facet normal -0.543654 0.83931 0
    outer loop
      vertex 30.6966 35.1661 27
      vertex 31.0748 35.4112 0
      vertex 30.6966 35.1661 0
    endloop
  endfacet
  facet normal -0.572556 0.819866 0
    outer loop
      vertex 30.6966 35.1661 0
      vertex 30.378 34.9437 27
      vertex 30.6966 35.1661 27
    endloop
  endfacet
  facet normal -0.572556 0.819866 0
    outer loop
      vertex 30.378 34.9437 27
      vertex 30.6966 35.1661 0
      vertex 30.378 34.9437 0
    endloop
  endfacet
  facet normal -0.600341 0.799744 0
    outer loop
      vertex 30.378 34.9437 0
      vertex 30.114 34.7455 27
      vertex 30.378 34.9437 27
    endloop
  endfacet
  facet normal -0.600341 0.799744 0
    outer loop
      vertex 30.114 34.7455 27
      vertex 30.378 34.9437 0
      vertex 30.114 34.7455 0
    endloop
  endfacet
  facet normal -0.626941 0.779066 0
    outer loop
      vertex 30.114 34.7455 0
      vertex 29.9002 34.5734 27
      vertex 30.114 34.7455 27
    endloop
  endfacet
  facet normal -0.626941 0.779066 0
    outer loop
      vertex 29.9002 34.5734 27
      vertex 30.114 34.7455 0
      vertex 29.9002 34.5734 0
    endloop
  endfacet
  facet normal -0.652631 0.757676 0
    outer loop
      vertex 29.9002 34.5734 0
      vertex 29.7324 34.4289 27
      vertex 29.9002 34.5734 27
    endloop
  endfacet
  facet normal -0.652631 0.757676 0
    outer loop
      vertex 29.7324 34.4289 27
      vertex 29.9002 34.5734 0
      vertex 29.7324 34.4289 0
    endloop
  endfacet
  facet normal -0.677177 0.73582 0
    outer loop
      vertex 29.7324 34.4289 0
      vertex 29.6071 34.3136 27
      vertex 29.7324 34.4289 27
    endloop
  endfacet
  facet normal -0.677177 0.73582 0
    outer loop
      vertex 29.6071 34.3136 27
      vertex 29.7324 34.4289 0
      vertex 29.6071 34.3136 0
    endloop
  endfacet
  facet normal -0.700847 0.713312 0
    outer loop
      vertex 29.6071 34.3136 0
      vertex 29.5211 34.2291 27
      vertex 29.6071 34.3136 27
    endloop
  endfacet
  facet normal -0.700847 0.713312 0
    outer loop
      vertex 29.5211 34.2291 27
      vertex 29.6071 34.3136 0
      vertex 29.5211 34.2291 0
    endloop
  endfacet
  facet normal -0.728195 0.68537 0
    outer loop
      vertex 29.4554 34.1593 0
      vertex 29.5211 34.2291 27
      vertex 29.5211 34.2291 0
    endloop
  endfacet
  facet normal -0.728195 0.68537 0
    outer loop
      vertex 29.5211 34.2291 27
      vertex 29.4554 34.1593 0
      vertex 29.4554 34.1593 27
    endloop
  endfacet
  facet normal -0.757324 0.653039 0
    outer loop
      vertex 28.2868 32.804 0
      vertex 29.4554 34.1593 27
      vertex 29.4554 34.1593 0
    endloop
  endfacet
  facet normal -0.757324 0.653039 0
    outer loop
      vertex 29.4554 34.1593 27
      vertex 28.2868 32.804 0
      vertex 28.2868 32.804 27
    endloop
  endfacet
  facet normal 0.640839 0.767675 -0
    outer loop
      vertex 28.2868 32.804 0
      vertex 26.6661 34.1569 27
      vertex 28.2868 32.804 27
    endloop
  endfacet
  facet normal 0.640839 0.767675 0
    outer loop
      vertex 26.6661 34.1569 27
      vertex 28.2868 32.804 0
      vertex 26.6661 34.1569 0
    endloop
  endfacet
  facet normal 0.589248 0.807952 -0
    outer loop
      vertex 26.6661 34.1569 0
      vertex 24.375 35.8278 27
      vertex 26.6661 34.1569 27
    endloop
  endfacet
  facet normal 0.589248 0.807952 0
    outer loop
      vertex 24.375 35.8278 27
      vertex 26.6661 34.1569 0
      vertex 24.375 35.8278 0
    endloop
  endfacet
  facet normal 0.826796 -0.562502 0
    outer loop
      vertex 24.375 35.8278 27
      vertex 25.3717 37.2928 0
      vertex 25.3717 37.2928 27
    endloop
  endfacet
  facet normal 0.826796 -0.562502 0
    outer loop
      vertex 25.3717 37.2928 0
      vertex 24.375 35.8278 27
      vertex 24.375 35.8278 0
    endloop
  endfacet
  facet normal 0.850402 -0.526133 0
    outer loop
      vertex 25.3717 37.2928 27
      vertex 25.4222 37.3743 0
      vertex 25.4222 37.3743 27
    endloop
  endfacet
  facet normal 0.850402 -0.526133 0
    outer loop
      vertex 25.4222 37.3743 0
      vertex 25.3717 37.2928 27
      vertex 25.3717 37.2928 0
    endloop
  endfacet
  facet normal 0.870454 -0.49225 0
    outer loop
      vertex 25.4222 37.3743 27
      vertex 25.4815 37.4793 0
      vertex 25.4815 37.4793 27
    endloop
  endfacet
  facet normal 0.870454 -0.49225 0
    outer loop
      vertex 25.4815 37.4793 0
      vertex 25.4222 37.3743 27
      vertex 25.4222 37.3743 0
    endloop
  endfacet
  facet normal 0.885983 -0.463717 0
    outer loop
      vertex 25.4815 37.4793 27
      vertex 25.5605 37.6301 0
      vertex 25.5605 37.6301 27
    endloop
  endfacet
  facet normal 0.885983 -0.463717 0
    outer loop
      vertex 25.5605 37.6301 0
      vertex 25.4815 37.4793 27
      vertex 25.4815 37.4793 0
    endloop
  endfacet
  facet normal 0.900798 -0.434238 0
    outer loop
      vertex 25.5605 37.6301 27
      vertex 25.6566 37.8296 0
      vertex 25.6566 37.8296 27
    endloop
  endfacet
  facet normal 0.900798 -0.434238 0
    outer loop
      vertex 25.6566 37.8296 0
      vertex 25.5605 37.6301 27
      vertex 25.5605 37.6301 0
    endloop
  endfacet
  facet normal 0.914773 -0.403968 0
    outer loop
      vertex 25.6566 37.8296 27
      vertex 25.7675 38.0807 0
      vertex 25.7675 38.0807 27
    endloop
  endfacet
  facet normal 0.914773 -0.403968 0
    outer loop
      vertex 25.7675 38.0807 0
      vertex 25.6566 37.8296 27
      vertex 25.6566 37.8296 0
    endloop
  endfacet
  facet normal 0.92787 -0.372904 0
    outer loop
      vertex 25.7675 38.0807 27
      vertex 25.8906 38.3869 0
      vertex 25.8906 38.3869 27
    endloop
  endfacet
  facet normal 0.92787 -0.372904 0
    outer loop
      vertex 25.8906 38.3869 0
      vertex 25.7675 38.0807 27
      vertex 25.7675 38.0807 0
    endloop
  endfacet
  facet normal 0.940126 -0.340827 0
    outer loop
      vertex 25.8906 38.3869 27
      vertex 26.023 38.7522 0
      vertex 26.023 38.7522 27
    endloop
  endfacet
  facet normal 0.940126 -0.340827 0
    outer loop
      vertex 26.023 38.7522 0
      vertex 25.8906 38.3869 27
      vertex 25.8906 38.3869 0
    endloop
  endfacet
  facet normal 0.951407 -0.307935 0
    outer loop
      vertex 26.023 38.7522 27
      vertex 26.1618 39.1811 0
      vertex 26.1618 39.1811 27
    endloop
  endfacet
  facet normal 0.951407 -0.307935 0
    outer loop
      vertex 26.1618 39.1811 0
      vertex 26.023 38.7522 27
      vertex 26.023 38.7522 0
    endloop
  endfacet
  facet normal 0.961751 -0.273926 0
    outer loop
      vertex 26.1618 39.1811 27
      vertex 26.3035 39.6785 0
      vertex 26.3035 39.6785 27
    endloop
  endfacet
  facet normal 0.961751 -0.273926 0
    outer loop
      vertex 26.3035 39.6785 0
      vertex 26.1618 39.1811 27
      vertex 26.1618 39.1811 0
    endloop
  endfacet
  facet normal 0.971043 -0.238905 0
    outer loop
      vertex 26.3035 39.6785 27
      vertex 26.4441 40.2501 0
      vertex 26.4441 40.2501 27
    endloop
  endfacet
  facet normal 0.971043 -0.238905 0
    outer loop
      vertex 26.4441 40.2501 0
      vertex 26.3035 39.6785 27
      vertex 26.3035 39.6785 0
    endloop
  endfacet
  facet normal 0.979237 -0.20272 0
    outer loop
      vertex 26.4441 40.2501 27
      vertex 26.5792 40.9023 0
      vertex 26.5792 40.9023 27
    endloop
  endfacet
  facet normal 0.979237 -0.20272 0
    outer loop
      vertex 26.5792 40.9023 0
      vertex 26.4441 40.2501 27
      vertex 26.4441 40.2501 0
    endloop
  endfacet
  facet normal 0.986248 -0.165274 0
    outer loop
      vertex 26.5792 40.9023 27
      vertex 26.7032 41.6425 0
      vertex 26.7032 41.6425 27
    endloop
  endfacet
  facet normal 0.986248 -0.165274 0
    outer loop
      vertex 26.7032 41.6425 0
      vertex 26.5792 40.9023 27
      vertex 26.5792 40.9023 0
    endloop
  endfacet
  facet normal 0.991962 -0.126539 0
    outer loop
      vertex 26.7032 41.6425 27
      vertex 26.8099 42.4789 0
      vertex 26.8099 42.4789 27
    endloop
  endfacet
  facet normal 0.991962 -0.126539 0
    outer loop
      vertex 26.8099 42.4789 0
      vertex 26.7032 41.6425 27
      vertex 26.7032 41.6425 0
    endloop
  endfacet
  facet normal 0.996264 -0.0863582 0
    outer loop
      vertex 26.8099 42.4789 27
      vertex 26.8915 43.4206 0
      vertex 26.8915 43.4206 27
    endloop
  endfacet
  facet normal 0.996264 -0.0863582 0
    outer loop
      vertex 26.8915 43.4206 0
      vertex 26.8099 42.4789 27
      vertex 26.8099 42.4789 0
    endloop
  endfacet
  facet normal 0.999 -0.0447003 0
    outer loop
      vertex 26.8915 43.4206 27
      vertex 26.9388 44.478 0
      vertex 26.9388 44.478 27
    endloop
  endfacet
  facet normal 0.999 -0.0447003 0
    outer loop
      vertex 26.9388 44.478 0
      vertex 26.8915 43.4206 27
      vertex 26.8915 43.4206 0
    endloop
  endfacet
  facet normal 0.500003 0.866023 -0
    outer loop
      vertex 26.9388 44.478 0
      vertex 25.0497 45.5687 27
      vertex 26.9388 44.478 27
    endloop
  endfacet
  facet normal 0.500003 0.866023 0
    outer loop
      vertex 25.0497 45.5687 27
      vertex 26.9388 44.478 0
      vertex 25.0497 45.5687 0
    endloop
  endfacet
  facet normal -0.538214 0.842808 0
    outer loop
      vertex 25.0497 45.5687 0
      vertex 24.1576 44.999 27
      vertex 25.0497 45.5687 27
    endloop
  endfacet
  facet normal -0.538214 0.842808 0
    outer loop
      vertex 24.1576 44.999 27
      vertex 25.0497 45.5687 0
      vertex 24.1576 44.999 0
    endloop
  endfacet
  facet normal -0.572926 0.819607 0
    outer loop
      vertex 24.1576 44.999 0
      vertex 23.3829 44.4575 27
      vertex 24.1576 44.999 27
    endloop
  endfacet
  facet normal -0.572926 0.819607 0
    outer loop
      vertex 23.3829 44.4575 27
      vertex 24.1576 44.999 0
      vertex 23.3829 44.4575 0
    endloop
  endfacet
  facet normal -0.605561 0.795799 0
    outer loop
      vertex 23.3829 44.4575 0
      vertex 22.7119 43.9469 27
      vertex 23.3829 44.4575 27
    endloop
  endfacet
  facet normal -0.605561 0.795799 0
    outer loop
      vertex 22.7119 43.9469 27
      vertex 23.3829 44.4575 0
      vertex 22.7119 43.9469 0
    endloop
  endfacet
  facet normal -0.636266 0.77147 0
    outer loop
      vertex 22.7119 43.9469 0
      vertex 22.1329 43.4694 27
      vertex 22.7119 43.9469 27
    endloop
  endfacet
  facet normal -0.636266 0.77147 0
    outer loop
      vertex 22.1329 43.4694 27
      vertex 22.7119 43.9469 0
      vertex 22.1329 43.4694 0
    endloop
  endfacet
  facet normal -0.66517 0.746692 0
    outer loop
      vertex 22.1329 43.4694 0
      vertex 21.6355 43.0263 27
      vertex 22.1329 43.4694 27
    endloop
  endfacet
  facet normal -0.66517 0.746692 0
    outer loop
      vertex 21.6355 43.0263 27
      vertex 22.1329 43.4694 0
      vertex 21.6355 43.0263 0
    endloop
  endfacet
  facet normal -0.692412 0.721502 0
    outer loop
      vertex 21.6355 43.0263 0
      vertex 21.2108 42.6187 27
      vertex 21.6355 43.0263 27
    endloop
  endfacet
  facet normal -0.692412 0.721502 0
    outer loop
      vertex 21.2108 42.6187 27
      vertex 21.6355 43.0263 0
      vertex 21.2108 42.6187 0
    endloop
  endfacet
  facet normal -0.718126 0.695913 0
    outer loop
      vertex 20.8509 42.2473 0
      vertex 21.2108 42.6187 27
      vertex 21.2108 42.6187 0
    endloop
  endfacet
  facet normal -0.718126 0.695913 0
    outer loop
      vertex 21.2108 42.6187 27
      vertex 20.8509 42.2473 0
      vertex 20.8509 42.2473 27
    endloop
  endfacet
  facet normal -0.742345 0.670018 0
    outer loop
      vertex 20.5489 41.9127 0
      vertex 20.8509 42.2473 27
      vertex 20.8509 42.2473 0
    endloop
  endfacet
  facet normal -0.742345 0.670018 0
    outer loop
      vertex 20.8509 42.2473 27
      vertex 20.5489 41.9127 0
      vertex 20.5489 41.9127 27
    endloop
  endfacet
  facet normal -0.765248 0.643736 0
    outer loop
      vertex 20.2988 41.6154 0
      vertex 20.5489 41.9127 27
      vertex 20.5489 41.9127 0
    endloop
  endfacet
  facet normal -0.765248 0.643736 0
    outer loop
      vertex 20.5489 41.9127 27
      vertex 20.2988 41.6154 0
      vertex 20.2988 41.6154 27
    endloop
  endfacet
  facet normal -0.786853 0.61714 0
    outer loop
      vertex 20.0951 41.3557 0
      vertex 20.2988 41.6154 27
      vertex 20.2988 41.6154 0
    endloop
  endfacet
  facet normal -0.786853 0.61714 0
    outer loop
      vertex 20.2988 41.6154 27
      vertex 20.0951 41.3557 0
      vertex 20.0951 41.3557 27
    endloop
  endfacet
  facet normal -0.807235 0.59023 0
    outer loop
      vertex 19.9331 41.1341 0
      vertex 20.0951 41.3557 27
      vertex 20.0951 41.3557 0
    endloop
  endfacet
  facet normal -0.807235 0.59023 0
    outer loop
      vertex 20.0951 41.3557 27
      vertex 19.9331 41.1341 0
      vertex 19.9331 41.1341 27
    endloop
  endfacet
  facet normal -0.826499 0.562938 0
    outer loop
      vertex 19.8084 40.9511 0
      vertex 19.9331 41.1341 27
      vertex 19.9331 41.1341 0
    endloop
  endfacet
  facet normal -0.826499 0.562938 0
    outer loop
      vertex 19.9331 41.1341 27
      vertex 19.8084 40.9511 0
      vertex 19.8084 40.9511 27
    endloop
  endfacet
  facet normal -0.844567 0.53545 0
    outer loop
      vertex 19.7173 40.8073 0
      vertex 19.8084 40.9511 27
      vertex 19.8084 40.9511 0
    endloop
  endfacet
  facet normal -0.844567 0.53545 0
    outer loop
      vertex 19.8084 40.9511 27
      vertex 19.7173 40.8073 0
      vertex 19.7173 40.8073 27
    endloop
  endfacet
  facet normal -0.861555 0.507664 0
    outer loop
      vertex 19.6561 40.7034 0
      vertex 19.7173 40.8073 27
      vertex 19.7173 40.8073 0
    endloop
  endfacet
  facet normal -0.861555 0.507664 0
    outer loop
      vertex 19.7173 40.8073 27
      vertex 19.6561 40.7034 0
      vertex 19.6561 40.7034 27
    endloop
  endfacet
  facet normal -0.880806 0.473477 0
    outer loop
      vertex 19.6107 40.619 0
      vertex 19.6561 40.7034 27
      vertex 19.6561 40.7034 0
    endloop
  endfacet
  facet normal -0.880806 0.473477 0
    outer loop
      vertex 19.6561 40.7034 27
      vertex 19.6107 40.619 0
      vertex 19.6107 40.619 27
    endloop
  endfacet
  facet normal -0.900537 0.43478 0
    outer loop
      vertex 18.8326 39.0074 0
      vertex 19.6107 40.619 27
      vertex 19.6107 40.619 0
    endloop
  endfacet
  facet normal -0.900537 0.43478 0
    outer loop
      vertex 19.6107 40.619 27
      vertex 18.8326 39.0074 0
      vertex 18.8326 39.0074 27
    endloop
  endfacet
  facet normal 0.420304 0.907383 -0
    outer loop
      vertex 18.8326 39.0074 0
      vertex 16.917 39.8948 27
      vertex 18.8326 39.0074 27
    endloop
  endfacet
  facet normal 0.420304 0.907383 0
    outer loop
      vertex 16.917 39.8948 27
      vertex 18.8326 39.0074 0
      vertex 16.917 39.8948 0
    endloop
  endfacet
  facet normal 0.360063 0.932928 -0
    outer loop
      vertex 16.917 39.8948 0
      vertex 14.2716 40.9158 27
      vertex 16.917 39.8948 27
    endloop
  endfacet
  facet normal 0.360063 0.932928 0
    outer loop
      vertex 14.2716 40.9158 27
      vertex 16.917 39.8948 0
      vertex 14.2716 40.9158 0
    endloop
  endfacet
  facet normal 0.94421 -0.329344 0
    outer loop
      vertex 14.2716 40.9158 27
      vertex 14.8551 42.5888 0
      vertex 14.8551 42.5888 27
    endloop
  endfacet
  facet normal 0.94421 -0.329344 0
    outer loop
      vertex 14.8551 42.5888 0
      vertex 14.2716 40.9158 27
      vertex 14.2716 40.9158 0
    endloop
  endfacet
  facet normal 0.957599 -0.288104 0
    outer loop
      vertex 14.8551 42.5888 27
      vertex 14.8827 42.6806 0
      vertex 14.8827 42.6806 27
    endloop
  endfacet
  facet normal 0.957599 -0.288104 0
    outer loop
      vertex 14.8827 42.6806 0
      vertex 14.8551 42.5888 27
      vertex 14.8551 42.5888 0
    endloop
  endfacet
  facet normal 0.968186 -0.250231 0
    outer loop
      vertex 14.8827 42.6806 27
      vertex 14.9129 42.7973 0
      vertex 14.9129 42.7973 27
    endloop
  endfacet
  facet normal 0.968186 -0.250231 0
    outer loop
      vertex 14.9129 42.7973 0
      vertex 14.8827 42.6806 27
      vertex 14.8827 42.6806 0
    endloop
  endfacet
  facet normal 0.975806 -0.218638 0
    outer loop
      vertex 14.9129 42.7973 27
      vertex 14.9501 42.9635 0
      vertex 14.9501 42.9635 27
    endloop
  endfacet
  facet normal 0.975806 -0.218638 0
    outer loop
      vertex 14.9501 42.9635 0
      vertex 14.9129 42.7973 27
      vertex 14.9129 42.7973 0
    endloop
  endfacet
  facet normal 0.982501 -0.186258 0
    outer loop
      vertex 14.9501 42.9635 27
      vertex 14.9914 43.181 0
      vertex 14.9914 43.181 27
    endloop
  endfacet
  facet normal 0.982501 -0.186258 0
    outer loop
      vertex 14.9914 43.181 0
      vertex 14.9501 42.9635 27
      vertex 14.9501 42.9635 0
    endloop
  endfacet
  facet normal 0.988157 -0.153445 0
    outer loop
      vertex 14.9914 43.181 27
      vertex 15.0335 43.4523 0
      vertex 15.0335 43.4523 27
    endloop
  endfacet
  facet normal 0.988157 -0.153445 0
    outer loop
      vertex 15.0335 43.4523 0
      vertex 14.9914 43.181 27
      vertex 14.9914 43.181 0
    endloop
  endfacet
  facet normal 0.992769 -0.120042 0
    outer loop
      vertex 15.0335 43.4523 27
      vertex 15.0731 43.7799 0
      vertex 15.0731 43.7799 27
    endloop
  endfacet
  facet normal 0.992769 -0.120042 0
    outer loop
      vertex 15.0731 43.7799 0
      vertex 15.0335 43.4523 27
      vertex 15.0335 43.4523 0
    endloop
  endfacet
  facet normal 0.996302 -0.0859172 0
    outer loop
      vertex 15.0731 43.7799 27
      vertex 15.1065 44.1671 0
      vertex 15.1065 44.1671 27
    endloop
  endfacet
  facet normal 0.996302 -0.0859172 0
    outer loop
      vertex 15.1065 44.1671 0
      vertex 15.0731 43.7799 27
      vertex 15.0731 43.7799 0
    endloop
  endfacet
  facet normal 0.99869 -0.0511702 0
    outer loop
      vertex 15.1065 44.1671 27
      vertex 15.1296 44.6172 0
      vertex 15.1296 44.6172 27
    endloop
  endfacet
  facet normal 0.99869 -0.0511702 0
    outer loop
      vertex 15.1296 44.6172 0
      vertex 15.1065 44.1671 27
      vertex 15.1065 44.1671 0
    endloop
  endfacet
  facet normal 0.999877 -0.0156802 0
    outer loop
      vertex 15.1296 44.6172 27
      vertex 15.1377 45.1343 0
      vertex 15.1377 45.1343 27
    endloop
  endfacet
  facet normal 0.999877 -0.0156802 0
    outer loop
      vertex 15.1377 45.1343 0
      vertex 15.1296 44.6172 27
      vertex 15.1296 44.6172 0
    endloop
  endfacet
  facet normal 0.999789 0.0205522 0
    outer loop
      vertex 15.1377 45.1343 27
      vertex 15.1256 45.7228 0
      vertex 15.1256 45.7228 27
    endloop
  endfacet
  facet normal 0.999789 0.0205522 0
    outer loop
      vertex 15.1256 45.7228 0
      vertex 15.1377 45.1343 27
      vertex 15.1377 45.1343 0
    endloop
  endfacet
  facet normal 0.998338 0.0576385 0
    outer loop
      vertex 15.1256 45.7228 27
      vertex 15.0872 46.3878 0
      vertex 15.0872 46.3878 27
    endloop
  endfacet
  facet normal 0.998338 0.0576385 0
    outer loop
      vertex 15.0872 46.3878 0
      vertex 15.1256 45.7228 27
      vertex 15.1256 45.7228 0
    endloop
  endfacet
  facet normal 0.995418 0.0956205 0
    outer loop
      vertex 15.0872 46.3878 27
      vertex 15.0154 47.1349 0
      vertex 15.0154 47.1349 27
    endloop
  endfacet
  facet normal 0.995418 0.0956205 0
    outer loop
      vertex 15.0154 47.1349 0
      vertex 15.0872 46.3878 27
      vertex 15.0872 46.3878 0
    endloop
  endfacet
  facet normal 0.990911 0.134517 0
    outer loop
      vertex 15.0154 47.1349 27
      vertex 14.902 47.9704 0
      vertex 14.902 47.9704 27
    endloop
  endfacet
  facet normal 0.990911 0.134517 0
    outer loop
      vertex 14.902 47.9704 0
      vertex 15.0154 47.1349 27
      vertex 15.0154 47.1349 0
    endloop
  endfacet
  facet normal 0.984667 0.174446 0
    outer loop
      vertex 14.902 47.9704 27
      vertex 14.7371 48.9011 0
      vertex 14.7371 48.9011 27
    endloop
  endfacet
  facet normal 0.984667 0.174446 0
    outer loop
      vertex 14.7371 48.9011 0
      vertex 14.902 47.9704 27
      vertex 14.902 47.9704 0
    endloop
  endfacet
  facet normal 0.976533 0.215367 0
    outer loop
      vertex 14.7371 48.9011 27
      vertex 14.5091 49.9348 0
      vertex 14.5091 49.9348 27
    endloop
  endfacet
  facet normal 0.976533 0.215367 0
    outer loop
      vertex 14.5091 49.9348 0
      vertex 14.7371 48.9011 27
      vertex 14.7371 48.9011 0
    endloop
  endfacet
  facet normal 0.258821 0.965925 -0
    outer loop
      vertex 14.5091 49.9348 0
      vertex 12.4021 50.4994 27
      vertex 14.5091 49.9348 27
    endloop
  endfacet
  facet normal 0.258821 0.965925 0
    outer loop
      vertex 12.4021 50.4994 27
      vertex 14.5091 49.9348 0
      vertex 12.4021 50.4994 0
    endloop
  endfacet
  facet normal -0.73801 0.674789 0
    outer loop
      vertex 11.6878 49.7182 0
      vertex 12.4021 50.4994 27
      vertex 12.4021 50.4994 0
    endloop
  endfacet
  facet normal -0.73801 0.674789 0
    outer loop
      vertex 12.4021 50.4994 27
      vertex 11.6878 49.7182 0
      vertex 11.6878 49.7182 27
    endloop
  endfacet
  facet normal -0.765538 0.643391 0
    outer loop
      vertex 11.0797 48.9946 0
      vertex 11.6878 49.7182 27
      vertex 11.6878 49.7182 0
    endloop
  endfacet
  facet normal -0.765538 0.643391 0
    outer loop
      vertex 11.6878 49.7182 27
      vertex 11.0797 48.9946 0
      vertex 11.0797 48.9946 27
    endloop
  endfacet
  facet normal -0.790907 0.611936 0
    outer loop
      vertex 10.5637 48.3277 0
      vertex 11.0797 48.9946 27
      vertex 11.0797 48.9946 0
    endloop
  endfacet
  facet normal -0.790907 0.611936 0
    outer loop
      vertex 11.0797 48.9946 27
      vertex 10.5637 48.3277 0
      vertex 10.5637 48.3277 27
    endloop
  endfacet
  facet normal -0.814244 0.580523 0
    outer loop
      vertex 10.128 47.7166 0
      vertex 10.5637 48.3277 27
      vertex 10.5637 48.3277 0
    endloop
  endfacet
  facet normal -0.814244 0.580523 0
    outer loop
      vertex 10.5637 48.3277 27
      vertex 10.128 47.7166 0
      vertex 10.128 47.7166 27
    endloop
  endfacet
  facet normal -0.835762 0.549091 0
    outer loop
      vertex 9.76228 47.1599 0
      vertex 10.128 47.7166 27
      vertex 10.128 47.7166 0
    endloop
  endfacet
  facet normal -0.835762 0.549091 0
    outer loop
      vertex 10.128 47.7166 27
      vertex 9.76228 47.1599 0
      vertex 9.76228 47.1599 27
    endloop
  endfacet
  facet normal -0.855564 0.517697 0
    outer loop
      vertex 9.45753 46.6563 0
      vertex 9.76228 47.1599 27
      vertex 9.76228 47.1599 0
    endloop
  endfacet
  facet normal -0.855564 0.517697 0
    outer loop
      vertex 9.76228 47.1599 27
      vertex 9.45753 46.6563 0
      vertex 9.45753 46.6563 27
    endloop
  endfacet
  facet normal -0.873771 0.486338 0
    outer loop
      vertex 9.20602 46.2044 0
      vertex 9.45753 46.6563 27
      vertex 9.45753 46.6563 0
    endloop
  endfacet
  facet normal -0.873771 0.486338 0
    outer loop
      vertex 9.45753 46.6563 27
      vertex 9.20602 46.2044 0
      vertex 9.20602 46.2044 27
    endloop
  endfacet
  facet normal -0.890451 0.455079 0
    outer loop
      vertex 9.00091 45.8031 0
      vertex 9.20602 46.2044 27
      vertex 9.20602 46.2044 0
    endloop
  endfacet
  facet normal -0.890451 0.455079 0
    outer loop
      vertex 9.20602 46.2044 27
      vertex 9.00091 45.8031 0
      vertex 9.00091 45.8031 27
    endloop
  endfacet
  facet normal -0.905796 0.423715 0
    outer loop
      vertex 8.83626 45.4511 0
      vertex 9.00091 45.8031 27
      vertex 9.00091 45.8031 0
    endloop
  endfacet
  facet normal -0.905796 0.423715 0
    outer loop
      vertex 9.00091 45.8031 27
      vertex 8.83626 45.4511 0
      vertex 8.83626 45.4511 27
    endloop
  endfacet
  facet normal -0.919763 0.392474 0
    outer loop
      vertex 8.70673 45.1475 0
      vertex 8.83626 45.4511 27
      vertex 8.83626 45.4511 0
    endloop
  endfacet
  facet normal -0.919763 0.392474 0
    outer loop
      vertex 8.83626 45.4511 27
      vertex 8.70673 45.1475 0
      vertex 8.70673 45.1475 27
    endloop
  endfacet
  facet normal -0.932512 0.36114 0
    outer loop
      vertex 8.6076 44.8915 0
      vertex 8.70673 45.1475 27
      vertex 8.70673 45.1475 0
    endloop
  endfacet
  facet normal -0.932512 0.36114 0
    outer loop
      vertex 8.70673 45.1475 27
      vertex 8.6076 44.8915 0
      vertex 8.6076 44.8915 27
    endloop
  endfacet
  facet normal -0.944013 0.329908 0
    outer loop
      vertex 8.53455 44.6825 0
      vertex 8.6076 44.8915 27
      vertex 8.6076 44.8915 0
    endloop
  endfacet
  facet normal -0.944013 0.329908 0
    outer loop
      vertex 8.6076 44.8915 27
      vertex 8.53455 44.6825 0
      vertex 8.53455 44.6825 27
    endloop
  endfacet
  facet normal -0.954391 0.298559 0
    outer loop
      vertex 8.48372 44.52 0
      vertex 8.53455 44.6825 27
      vertex 8.53455 44.6825 0
    endloop
  endfacet
  facet normal -0.954391 0.298559 0
    outer loop
      vertex 8.53455 44.6825 27
      vertex 8.48372 44.52 0
      vertex 8.48372 44.52 27
    endloop
  endfacet
  facet normal -0.963582 0.267413 0
    outer loop
      vertex 8.45147 44.4038 0
      vertex 8.48372 44.52 27
      vertex 8.48372 44.52 0
    endloop
  endfacet
  facet normal -0.963582 0.267413 0
    outer loop
      vertex 8.48372 44.52 27
      vertex 8.45147 44.4038 0
      vertex 8.45147 44.4038 27
    endloop
  endfacet
  facet normal -0.973336 0.229383 0
    outer loop
      vertex 8.42949 44.3106 0
      vertex 8.45147 44.4038 27
      vertex 8.45147 44.4038 0
    endloop
  endfacet
  facet normal -0.973336 0.229383 0
    outer loop
      vertex 8.45147 44.4038 27
      vertex 8.42949 44.3106 0
      vertex 8.42949 44.3106 27
    endloop
  endfacet
  facet normal -0.982382 0.186884 0
    outer loop
      vertex 8.09505 42.5525 0
      vertex 8.42949 44.3106 27
      vertex 8.42949 44.3106 0
    endloop
  endfacet
  facet normal -0.982382 0.186884 0
    outer loop
      vertex 8.42949 44.3106 27
      vertex 8.09505 42.5525 0
      vertex 8.09505 42.5525 27
    endloop
  endfacet
  facet normal 0.171136 0.985247 -0
    outer loop
      vertex 8.09505 42.5525 0
      vertex 6.01506 42.9138 27
      vertex 8.09505 42.5525 27
    endloop
  endfacet
  facet normal 0.171136 0.985247 0
    outer loop
      vertex 6.01506 42.9138 27
      vertex 8.09505 42.5525 0
      vertex 6.01506 42.9138 0
    endloop
  endfacet
  facet normal 0.106337 0.99433 -0
    outer loop
      vertex 6.01506 42.9138 0
      vertex 3.1955 43.2153 27
      vertex 6.01506 42.9138 27
    endloop
  endfacet
  facet normal 0.106337 0.99433 0
    outer loop
      vertex 3.1955 43.2153 27
      vertex 6.01506 42.9138 0
      vertex 3.1955 43.2153 0
    endloop
  endfacet
  facet normal 0.997277 -0.0737423 0
    outer loop
      vertex 3.1955 43.2153 27
      vertex 3.32616 44.9824 0
      vertex 3.32616 44.9824 27
    endloop
  endfacet
  facet normal 0.997277 -0.0737423 0
    outer loop
      vertex 3.32616 44.9824 0
      vertex 3.1955 43.2153 27
      vertex 3.1955 43.2153 0
    endloop
  endfacet
  facet normal 0.99953 -0.0306494 0
    outer loop
      vertex 3.32616 44.9824 27
      vertex 3.3291 45.0782 0
      vertex 3.3291 45.0782 27
    endloop
  endfacet
  facet normal 0.99953 -0.0306494 0
    outer loop
      vertex 3.3291 45.0782 0
      vertex 3.32616 44.9824 27
      vertex 3.32616 44.9824 0
    endloop
  endfacet
  facet normal 0.99996 0.00891268 0
    outer loop
      vertex 3.3291 45.0782 27
      vertex 3.32802 45.1988 0
      vertex 3.32802 45.1988 27
    endloop
  endfacet
  facet normal 0.99996 0.00891268 0
    outer loop
      vertex 3.32802 45.1988 0
      vertex 3.3291 45.0782 27
      vertex 3.3291 45.0782 0
    endloop
  endfacet
  facet normal 0.999142 0.0414218 0
    outer loop
      vertex 3.32802 45.1988 27
      vertex 3.32097 45.3689 0
      vertex 3.32097 45.3689 27
    endloop
  endfacet
  facet normal 0.999142 0.0414218 0
    outer loop
      vertex 3.32097 45.3689 0
      vertex 3.32802 45.1988 27
      vertex 3.32802 45.1988 0
    endloop
  endfacet
  facet normal 0.997232 0.0743531 0
    outer loop
      vertex 3.32097 45.3689 27
      vertex 3.30451 45.5897 0
      vertex 3.30451 45.5897 27
    endloop
  endfacet
  facet normal 0.997232 0.0743531 0
    outer loop
      vertex 3.30451 45.5897 0
      vertex 3.32097 45.3689 27
      vertex 3.32097 45.3689 0
    endloop
  endfacet
  facet normal 0.994202 0.107528 0
    outer loop
      vertex 3.30451 45.5897 27
      vertex 3.27499 45.8626 0
      vertex 3.27499 45.8626 27
    endloop
  endfacet
  facet normal 0.994202 0.107528 0
    outer loop
      vertex 3.27499 45.8626 0
      vertex 3.30451 45.5897 27
      vertex 3.30451 45.5897 0
    endloop
  endfacet
  facet normal 0.990008 0.141011 0
    outer loop
      vertex 3.27499 45.8626 27
      vertex 3.22845 46.1894 0
      vertex 3.22845 46.1894 27
    endloop
  endfacet
  facet normal 0.990008 0.141011 0
    outer loop
      vertex 3.22845 46.1894 0
      vertex 3.27499 45.8626 27
      vertex 3.27499 45.8626 0
    endloop
  endfacet
  facet normal 0.98459 0.174876 0
    outer loop
      vertex 3.22845 46.1894 27
      vertex 3.1605 46.572 0
      vertex 3.1605 46.572 27
    endloop
  endfacet
  facet normal 0.98459 0.174876 0
    outer loop
      vertex 3.1605 46.572 0
      vertex 3.22845 46.1894 27
      vertex 3.22845 46.1894 0
    endloop
  endfacet
  facet normal 0.977908 0.209038 0
    outer loop
      vertex 3.1605 46.572 27
      vertex 3.06628 47.0127 0
      vertex 3.06628 47.0127 27
    endloop
  endfacet
  facet normal 0.977908 0.209038 0
    outer loop
      vertex 3.06628 47.0127 0
      vertex 3.1605 46.572 27
      vertex 3.1605 46.572 0
    endloop
  endfacet
  facet normal 0.969867 0.243634 0
    outer loop
      vertex 3.06628 47.0127 27
      vertex 2.94028 47.5143 0
      vertex 2.94028 47.5143 27
    endloop
  endfacet
  facet normal 0.969867 0.243634 0
    outer loop
      vertex 2.94028 47.5143 0
      vertex 3.06628 47.0127 27
      vertex 3.06628 47.0127 0
    endloop
  endfacet
  facet normal 0.960398 0.278632 0
    outer loop
      vertex 2.94028 47.5143 27
      vertex 2.77627 48.0797 0
      vertex 2.77627 48.0797 27
    endloop
  endfacet
  facet normal 0.960398 0.278632 0
    outer loop
      vertex 2.77627 48.0797 0
      vertex 2.94028 47.5143 27
      vertex 2.94028 47.5143 0
    endloop
  endfacet
  facet normal 0.949401 0.314065 0
    outer loop
      vertex 2.77627 48.0797 27
      vertex 2.56707 48.712 0
      vertex 2.56707 48.712 27
    endloop
  endfacet
  facet normal 0.949401 0.314065 0
    outer loop
      vertex 2.56707 48.712 0
      vertex 2.77627 48.0797 27
      vertex 2.77627 48.0797 0
    endloop
  endfacet
  facet normal 0.936752 0.349994 0
    outer loop
      vertex 2.56707 48.712 27
      vertex 2.30438 49.4151 0
      vertex 2.30438 49.4151 27
    endloop
  endfacet
  facet normal 0.936752 0.349994 0
    outer loop
      vertex 2.30438 49.4151 0
      vertex 2.56707 48.712 27
      vertex 2.56707 48.712 0
    endloop
  endfacet
  facet normal 0.922334 0.386394 0
    outer loop
      vertex 2.30438 49.4151 27
      vertex 1.97861 50.1927 0
      vertex 1.97861 50.1927 27
    endloop
  endfacet
  facet normal 0.922334 0.386394 0
    outer loop
      vertex 1.97861 50.1927 0
      vertex 2.30438 49.4151 27
      vertex 2.30438 49.4151 0
    endloop
  endfacet
  facet normal 0.905968 0.423346 0
    outer loop
      vertex 1.97861 50.1927 27
      vertex 1.57845 51.0491 0
      vertex 1.57845 51.0491 27
    endloop
  endfacet
  facet normal 0.905968 0.423346 0
    outer loop
      vertex 1.57845 51.0491 0
      vertex 1.97861 50.1927 27
      vertex 1.97861 50.1927 0
    endloop
  endfacet
  facet normal 0.887514 0.460781 0
    outer loop
      vertex 1.57845 51.0491 27
      vertex 1.0907 51.9885 0
      vertex 1.0907 51.9885 27
    endloop
  endfacet
  facet normal 0.887514 0.460781 0
    outer loop
      vertex 1.0907 51.9885 0
      vertex 1.57845 51.0491 27
      vertex 1.57845 51.0491 0
    endloop
  endfacet
  facet normal 1.74876e-06 1 -0
    outer loop
      vertex 1.0907 51.9885 0
      vertex -1.09066 51.9885 27
      vertex 1.0907 51.9885 27
    endloop
  endfacet
  facet normal 1.74876e-06 1 0
    outer loop
      vertex -1.09066 51.9885 27
      vertex 1.0907 51.9885 0
      vertex -1.09066 51.9885 0
    endloop
  endfacet
  facet normal -0.887511 0.460786 0
    outer loop
      vertex -1.57841 51.0491 0
      vertex -1.09066 51.9885 27
      vertex -1.09066 51.9885 0
    endloop
  endfacet
  facet normal -0.887511 0.460786 0
    outer loop
      vertex -1.09066 51.9885 27
      vertex -1.57841 51.0491 0
      vertex -1.57841 51.0491 27
    endloop
  endfacet
  facet normal -0.905975 0.423332 0
    outer loop
      vertex -1.97856 50.1927 0
      vertex -1.57841 51.0491 27
      vertex -1.57841 51.0491 0
    endloop
  endfacet
  facet normal -0.905975 0.423332 0
    outer loop
      vertex -1.57841 51.0491 27
      vertex -1.97856 50.1927 0
      vertex -1.97856 50.1927 27
    endloop
  endfacet
  facet normal -0.922333 0.386396 0
    outer loop
      vertex -2.30434 49.4151 0
      vertex -1.97856 50.1927 27
      vertex -1.97856 50.1927 0
    endloop
  endfacet
  facet normal -0.922333 0.386396 0
    outer loop
      vertex -1.97856 50.1927 27
      vertex -2.30434 49.4151 0
      vertex -2.30434 49.4151 27
    endloop
  endfacet
  facet normal -0.936755 0.349985 0
    outer loop
      vertex -2.56701 48.712 0
      vertex -2.30434 49.4151 27
      vertex -2.30434 49.4151 0
    endloop
  endfacet
  facet normal -0.936755 0.349985 0
    outer loop
      vertex -2.30434 49.4151 27
      vertex -2.56701 48.712 0
      vertex -2.56701 48.712 27
    endloop
  endfacet
  facet normal -0.949398 0.314076 0
    outer loop
      vertex -2.77622 48.0796 0
      vertex -2.56701 48.712 27
      vertex -2.56701 48.712 0
    endloop
  endfacet
  facet normal -0.949398 0.314076 0
    outer loop
      vertex -2.56701 48.712 27
      vertex -2.77622 48.0796 0
      vertex -2.77622 48.0796 27
    endloop
  endfacet
  facet normal -0.960397 0.278635 0
    outer loop
      vertex -2.94024 47.5143 0
      vertex -2.77622 48.0796 27
      vertex -2.77622 48.0796 0
    endloop
  endfacet
  facet normal -0.960397 0.278635 0
    outer loop
      vertex -2.77622 48.0796 27
      vertex -2.94024 47.5143 0
      vertex -2.94024 47.5143 27
    endloop
  endfacet
  facet normal -0.969872 0.243613 0
    outer loop
      vertex -3.06623 47.0127 0
      vertex -2.94024 47.5143 27
      vertex -2.94024 47.5143 0
    endloop
  endfacet
  facet normal -0.969872 0.243613 0
    outer loop
      vertex -2.94024 47.5143 27
      vertex -3.06623 47.0127 0
      vertex -3.06623 47.0127 27
    endloop
  endfacet
  facet normal -0.977898 0.209082 0
    outer loop
      vertex -3.16046 46.572 0
      vertex -3.06623 47.0127 27
      vertex -3.06623 47.0127 0
    endloop
  endfacet
  facet normal -0.977898 0.209082 0
    outer loop
      vertex -3.06623 47.0127 27
      vertex -3.16046 46.572 0
      vertex -3.16046 46.572 27
    endloop
  endfacet
  facet normal -0.984592 0.174865 0
    outer loop
      vertex -3.22841 46.1894 0
      vertex -3.16046 46.572 27
      vertex -3.16046 46.572 0
    endloop
  endfacet
  facet normal -0.984592 0.174865 0
    outer loop
      vertex -3.16046 46.572 27
      vertex -3.22841 46.1894 0
      vertex -3.22841 46.1894 27
    endloop
  endfacet
  facet normal -0.990006 0.141027 0
    outer loop
      vertex -3.27496 45.8626 0
      vertex -3.22841 46.1894 27
      vertex -3.22841 46.1894 0
    endloop
  endfacet
  facet normal -0.990006 0.141027 0
    outer loop
      vertex -3.22841 46.1894 27
      vertex -3.27496 45.8626 0
      vertex -3.27496 45.8626 27
    endloop
  endfacet
  facet normal -0.994203 0.107515 0
    outer loop
      vertex -3.30447 45.5897 0
      vertex -3.27496 45.8626 27
      vertex -3.27496 45.8626 0
    endloop
  endfacet
  facet normal -0.994203 0.107515 0
    outer loop
      vertex -3.27496 45.8626 27
      vertex -3.30447 45.5897 0
      vertex -3.30447 45.5897 27
    endloop
  endfacet
  facet normal -0.997237 0.0742923 0
    outer loop
      vertex -3.32092 45.3689 0
      vertex -3.30447 45.5897 27
      vertex -3.30447 45.5897 0
    endloop
  endfacet
  facet normal -0.997237 0.0742923 0
    outer loop
      vertex -3.30447 45.5897 27
      vertex -3.32092 45.3689 0
      vertex -3.32092 45.3689 27
    endloop
  endfacet
  facet normal -0.999141 0.0414395 0
    outer loop
      vertex -3.32798 45.1988 0
      vertex -3.32092 45.3689 27
      vertex -3.32092 45.3689 0
    endloop
  endfacet
  facet normal -0.999141 0.0414395 0
    outer loop
      vertex -3.32092 45.3689 27
      vertex -3.32798 45.1988 0
      vertex -3.32798 45.1988 27
    endloop
  endfacet
  facet normal -0.999961 0.00884998 0
    outer loop
      vertex -3.32904 45.0782 0
      vertex -3.32798 45.1988 27
      vertex -3.32798 45.1988 0
    endloop
  endfacet
  facet normal -0.999961 0.00884998 0
    outer loop
      vertex -3.32798 45.1988 27
      vertex -3.32904 45.0782 0
      vertex -3.32904 45.0782 27
    endloop
  endfacet
  facet normal -0.99954 -0.0303388 0
    outer loop
      vertex -3.32614 44.9824 0
      vertex -3.32904 45.0782 27
      vertex -3.32904 45.0782 0
    endloop
  endfacet
  facet normal -0.99954 -0.0303388 0
    outer loop
      vertex -3.32904 45.0782 27
      vertex -3.32614 44.9824 0
      vertex -3.32614 44.9824 27
    endloop
  endfacet
  facet normal -0.997277 -0.0737413 0
    outer loop
      vertex -3.19417 43.1977 0
      vertex -3.32614 44.9824 27
      vertex -3.32614 44.9824 0
    endloop
  endfacet
  facet normal -0.997277 -0.0737413 0
    outer loop
      vertex -3.32614 44.9824 27
      vertex -3.19417 43.1977 0
      vertex -3.19417 43.1977 27
    endloop
  endfacet
  facet normal -0.0896915 0.99597 0
    outer loop
      vertex -3.19417 43.1977 0
      vertex -5.29679 43.0084 27
      vertex -3.19417 43.1977 27
    endloop
  endfacet
  facet normal -0.0896915 0.99597 0
    outer loop
      vertex -5.29679 43.0084 27
      vertex -3.19417 43.1977 0
      vertex -5.29679 43.0084 0
    endloop
  endfacet
  facet normal -0.15464 0.987971 0
    outer loop
      vertex -5.29679 43.0084 0
      vertex -8.09834 42.5699 27
      vertex -5.29679 43.0084 27
    endloop
  endfacet
  facet normal -0.15464 0.987971 0
    outer loop
      vertex -8.09834 42.5699 27
      vertex -5.29679 43.0084 0
      vertex -8.09834 42.5699 0
    endloop
  endfacet
  facet normal 0.982382 0.186884 0
    outer loop
      vertex -8.09834 42.5699 27
      vertex -8.42948 44.3106 0
      vertex -8.42948 44.3106 27
    endloop
  endfacet
  facet normal 0.982382 0.186884 0
    outer loop
      vertex -8.42948 44.3106 0
      vertex -8.09834 42.5699 27
      vertex -8.09834 42.5699 0
    endloop
  endfacet
  facet normal 0.973352 0.229316 0
    outer loop
      vertex -8.42948 44.3106 27
      vertex -8.45145 44.4038 0
      vertex -8.45145 44.4038 27
    endloop
  endfacet
  facet normal 0.973352 0.229316 0
    outer loop
      vertex -8.45145 44.4038 0
      vertex -8.42948 44.3106 27
      vertex -8.42948 44.3106 0
    endloop
  endfacet
  facet normal 0.963591 0.267382 0
    outer loop
      vertex -8.45145 44.4038 27
      vertex -8.4837 44.52 0
      vertex -8.4837 44.52 27
    endloop
  endfacet
  facet normal 0.963591 0.267382 0
    outer loop
      vertex -8.4837 44.52 0
      vertex -8.45145 44.4038 27
      vertex -8.45145 44.4038 0
    endloop
  endfacet
  facet normal 0.954376 0.298608 0
    outer loop
      vertex -8.4837 44.52 27
      vertex -8.53454 44.6825 0
      vertex -8.53454 44.6825 27
    endloop
  endfacet
  facet normal 0.954376 0.298608 0
    outer loop
      vertex -8.53454 44.6825 0
      vertex -8.4837 44.52 27
      vertex -8.4837 44.52 0
    endloop
  endfacet
  facet normal 0.94402 0.329889 0
    outer loop
      vertex -8.53454 44.6825 27
      vertex -8.60758 44.8915 0
      vertex -8.60758 44.8915 27
    endloop
  endfacet
  facet normal 0.94402 0.329889 0
    outer loop
      vertex -8.60758 44.8915 0
      vertex -8.53454 44.6825 27
      vertex -8.53454 44.6825 0
    endloop
  endfacet
  facet normal 0.932491 0.361194 0
    outer loop
      vertex -8.60758 44.8915 27
      vertex -8.70672 45.1475 0
      vertex -8.70672 45.1475 27
    endloop
  endfacet
  facet normal 0.932491 0.361194 0
    outer loop
      vertex -8.70672 45.1475 0
      vertex -8.60758 44.8915 27
      vertex -8.60758 44.8915 0
    endloop
  endfacet
  facet normal 0.91977 0.392457 0
    outer loop
      vertex -8.70672 45.1475 27
      vertex -8.83626 45.4511 0
      vertex -8.83626 45.4511 27
    endloop
  endfacet
  facet normal 0.91977 0.392457 0
    outer loop
      vertex -8.83626 45.4511 0
      vertex -8.70672 45.1475 27
      vertex -8.70672 45.1475 0
    endloop
  endfacet
  facet normal 0.905782 0.423743 0
    outer loop
      vertex -8.83626 45.4511 27
      vertex -9.00091 45.803 0
      vertex -9.00091 45.803 27
    endloop
  endfacet
  facet normal 0.905782 0.423743 0
    outer loop
      vertex -9.00091 45.803 0
      vertex -8.83626 45.4511 27
      vertex -8.83626 45.4511 0
    endloop
  endfacet
  facet normal 0.890479 0.455023 0
    outer loop
      vertex -9.00091 45.803 27
      vertex -9.206 46.2044 0
      vertex -9.206 46.2044 27
    endloop
  endfacet
  facet normal 0.890479 0.455023 0
    outer loop
      vertex -9.206 46.2044 0
      vertex -9.00091 45.803 27
      vertex -9.00091 45.803 0
    endloop
  endfacet
  facet normal 0.87376 0.486358 0
    outer loop
      vertex -9.206 46.2044 27
      vertex -9.45752 46.6563 0
      vertex -9.45752 46.6563 27
    endloop
  endfacet
  facet normal 0.87376 0.486358 0
    outer loop
      vertex -9.45752 46.6563 0
      vertex -9.206 46.2044 27
      vertex -9.206 46.2044 0
    endloop
  endfacet
  facet normal 0.855563 0.517698 0
    outer loop
      vertex -9.45752 46.6563 27
      vertex -9.76227 47.1599 0
      vertex -9.76227 47.1599 27
    endloop
  endfacet
  facet normal 0.855563 0.517698 0
    outer loop
      vertex -9.76227 47.1599 0
      vertex -9.45752 46.6563 27
      vertex -9.45752 46.6563 0
    endloop
  endfacet
  facet normal 0.83577 0.54908 0
    outer loop
      vertex -9.76227 47.1599 27
      vertex -10.128 47.7166 0
      vertex -10.128 47.7166 27
    endloop
  endfacet
  facet normal 0.83577 0.54908 0
    outer loop
      vertex -10.128 47.7166 0
      vertex -9.76227 47.1599 27
      vertex -9.76227 47.1599 0
    endloop
  endfacet
  facet normal 0.814239 0.58053 0
    outer loop
      vertex -10.128 47.7166 27
      vertex -10.5637 48.3277 0
      vertex -10.5637 48.3277 27
    endloop
  endfacet
  facet normal 0.814239 0.58053 0
    outer loop
      vertex -10.5637 48.3277 0
      vertex -10.128 47.7166 27
      vertex -10.128 47.7166 0
    endloop
  endfacet
  facet normal 0.790907 0.611936 0
    outer loop
      vertex -10.5637 48.3277 27
      vertex -11.0797 48.9946 0
      vertex -11.0797 48.9946 27
    endloop
  endfacet
  facet normal 0.790907 0.611936 0
    outer loop
      vertex -11.0797 48.9946 0
      vertex -10.5637 48.3277 27
      vertex -10.5637 48.3277 0
    endloop
  endfacet
  facet normal 0.765531 0.643398 0
    outer loop
      vertex -11.0797 48.9946 27
      vertex -11.6878 49.7182 0
      vertex -11.6878 49.7182 27
    endloop
  endfacet
  facet normal 0.765531 0.643398 0
    outer loop
      vertex -11.6878 49.7182 0
      vertex -11.0797 48.9946 27
      vertex -11.0797 48.9946 0
    endloop
  endfacet
  facet normal 0.738006 0.674794 0
    outer loop
      vertex -11.6878 49.7182 27
      vertex -12.4021 50.4994 0
      vertex -12.4021 50.4994 27
    endloop
  endfacet
  facet normal 0.738006 0.674794 0
    outer loop
      vertex -12.4021 50.4994 0
      vertex -11.6878 49.7182 27
      vertex -11.6878 49.7182 0
    endloop
  endfacet
  facet normal -0.258818 0.965926 0
    outer loop
      vertex -12.4021 50.4994 0
      vertex -14.5091 49.9348 27
      vertex -12.4021 50.4994 27
    endloop
  endfacet
  facet normal -0.258818 0.965926 0
    outer loop
      vertex -14.5091 49.9348 27
      vertex -12.4021 50.4994 0
      vertex -14.5091 49.9348 0
    endloop
  endfacet
  facet normal -0.97653 0.21538 0
    outer loop
      vertex -14.7371 48.9011 0
      vertex -14.5091 49.9348 27
      vertex -14.5091 49.9348 0
    endloop
  endfacet
  facet normal -0.97653 0.21538 0
    outer loop
      vertex -14.5091 49.9348 27
      vertex -14.7371 48.9011 0
      vertex -14.7371 48.9011 27
    endloop
  endfacet
  facet normal -0.984669 0.174432 0
    outer loop
      vertex -14.902 47.9704 0
      vertex -14.7371 48.9011 27
      vertex -14.7371 48.9011 0
    endloop
  endfacet
  facet normal -0.984669 0.174432 0
    outer loop
      vertex -14.7371 48.9011 27
      vertex -14.902 47.9704 0
      vertex -14.902 47.9704 27
    endloop
  endfacet
  facet normal -0.990913 0.134501 0
    outer loop
      vertex -15.0154 47.1349 0
      vertex -14.902 47.9704 27
      vertex -14.902 47.9704 0
    endloop
  endfacet
  facet normal -0.990913 0.134501 0
    outer loop
      vertex -14.902 47.9704 27
      vertex -15.0154 47.1349 0
      vertex -15.0154 47.1349 27
    endloop
  endfacet
  facet normal -0.995418 0.0956213 0
    outer loop
      vertex -15.0872 46.3878 0
      vertex -15.0154 47.1349 27
      vertex -15.0154 47.1349 0
    endloop
  endfacet
  facet normal -0.995418 0.0956213 0
    outer loop
      vertex -15.0154 47.1349 27
      vertex -15.0872 46.3878 0
      vertex -15.0872 46.3878 27
    endloop
  endfacet
  facet normal -0.998337 0.0576496 0
    outer loop
      vertex -15.1256 45.7228 0
      vertex -15.0872 46.3878 27
      vertex -15.0872 46.3878 0
    endloop
  endfacet
  facet normal -0.998337 0.0576496 0
    outer loop
      vertex -15.0872 46.3878 27
      vertex -15.1256 45.7228 0
      vertex -15.1256 45.7228 27
    endloop
  endfacet
  facet normal -0.999788 0.0205667 0
    outer loop
      vertex -15.1377 45.1343 0
      vertex -15.1256 45.7228 27
      vertex -15.1256 45.7228 0
    endloop
  endfacet
  facet normal -0.999788 0.0205667 0
    outer loop
      vertex -15.1256 45.7228 27
      vertex -15.1377 45.1343 0
      vertex -15.1377 45.1343 27
    endloop
  endfacet
  facet normal -0.999877 -0.0157118 0
    outer loop
      vertex -15.1295 44.6172 0
      vertex -15.1377 45.1343 27
      vertex -15.1377 45.1343 0
    endloop
  endfacet
  facet normal -0.999877 -0.0157118 0
    outer loop
      vertex -15.1377 45.1343 27
      vertex -15.1295 44.6172 0
      vertex -15.1295 44.6172 27
    endloop
  endfacet
  facet normal -0.998691 -0.0511453 0
    outer loop
      vertex -15.1065 44.1671 0
      vertex -15.1295 44.6172 27
      vertex -15.1295 44.6172 0
    endloop
  endfacet
  facet normal -0.998691 -0.0511453 0
    outer loop
      vertex -15.1295 44.6172 27
      vertex -15.1065 44.1671 0
      vertex -15.1065 44.1671 27
    endloop
  endfacet
  facet normal -0.996303 -0.0859138 0
    outer loop
      vertex -15.0731 43.7799 0
      vertex -15.1065 44.1671 27
      vertex -15.1065 44.1671 0
    endloop
  endfacet
  facet normal -0.996303 -0.0859138 0
    outer loop
      vertex -15.1065 44.1671 27
      vertex -15.0731 43.7799 0
      vertex -15.0731 43.7799 27
    endloop
  endfacet
  facet normal -0.992773 -0.120006 0
    outer loop
      vertex -15.0335 43.4523 0
      vertex -15.0731 43.7799 27
      vertex -15.0731 43.7799 0
    endloop
  endfacet
  facet normal -0.992773 -0.120006 0
    outer loop
      vertex -15.0731 43.7799 27
      vertex -15.0335 43.4523 0
      vertex -15.0335 43.4523 27
    endloop
  endfacet
  facet normal -0.988155 -0.153461 0
    outer loop
      vertex -14.9914 43.181 0
      vertex -15.0335 43.4523 27
      vertex -15.0335 43.4523 0
    endloop
  endfacet
  facet normal -0.988155 -0.153461 0
    outer loop
      vertex -15.0335 43.4523 27
      vertex -14.9914 43.181 0
      vertex -14.9914 43.181 27
    endloop
  endfacet
  facet normal -0.982486 -0.186336 0
    outer loop
      vertex -14.9501 42.9635 0
      vertex -14.9914 43.181 27
      vertex -14.9914 43.181 0
    endloop
  endfacet
  facet normal -0.982486 -0.186336 0
    outer loop
      vertex -14.9914 43.181 27
      vertex -14.9501 42.9635 0
      vertex -14.9501 42.9635 27
    endloop
  endfacet
  facet normal -0.975818 -0.218584 0
    outer loop
      vertex -14.9129 42.7973 0
      vertex -14.9501 42.9635 27
      vertex -14.9501 42.9635 0
    endloop
  endfacet
  facet normal -0.975818 -0.218584 0
    outer loop
      vertex -14.9501 42.9635 27
      vertex -14.9129 42.7973 0
      vertex -14.9129 42.7973 27
    endloop
  endfacet
  facet normal -0.968169 -0.250298 0
    outer loop
      vertex -14.8827 42.6806 0
      vertex -14.9129 42.7973 27
      vertex -14.9129 42.7973 0
    endloop
  endfacet
  facet normal -0.968169 -0.250298 0
    outer loop
      vertex -14.9129 42.7973 27
      vertex -14.8827 42.6806 0
      vertex -14.8827 42.6806 27
    endloop
  endfacet
  facet normal -0.957612 -0.28806 0
    outer loop
      vertex -14.8551 42.5888 0
      vertex -14.8827 42.6806 27
      vertex -14.8827 42.6806 0
    endloop
  endfacet
  facet normal -0.957612 -0.28806 0
    outer loop
      vertex -14.8827 42.6806 27
      vertex -14.8551 42.5888 0
      vertex -14.8551 42.5888 27
    endloop
  endfacet
  facet normal -0.944211 -0.329342 0
    outer loop
      vertex -14.2657 40.8991 0
      vertex -14.8551 42.5888 27
      vertex -14.8551 42.5888 0
    endloop
  endfacet
  facet normal -0.944211 -0.329342 0
    outer loop
      vertex -14.8551 42.5888 27
      vertex -14.2657 40.8991 0
      vertex -14.2657 40.8991 27
    endloop
  endfacet
  facet normal -0.344421 0.938815 0
    outer loop
      vertex -14.2657 40.8991 0
      vertex -16.2477 40.172 27
      vertex -14.2657 40.8991 27
    endloop
  endfacet
  facet normal -0.344421 0.938815 0
    outer loop
      vertex -16.2477 40.172 27
      vertex -14.2657 40.8991 0
      vertex -16.2477 40.172 0
    endloop
  endfacet
  facet normal -0.405079 0.914282 0
    outer loop
      vertex -16.2477 40.172 0
      vertex -18.8403 39.0233 27
      vertex -16.2477 40.172 27
    endloop
  endfacet
  facet normal -0.405079 0.914282 0
    outer loop
      vertex -18.8403 39.0233 27
      vertex -16.2477 40.172 0
      vertex -18.8403 39.0233 0
    endloop
  endfacet
  facet normal 0.900538 0.434778 0
    outer loop
      vertex -18.8403 39.0233 27
      vertex -19.6107 40.619 0
      vertex -19.6107 40.619 27
    endloop
  endfacet
  facet normal 0.900538 0.434778 0
    outer loop
      vertex -19.6107 40.619 0
      vertex -18.8403 39.0233 27
      vertex -18.8403 39.0233 0
    endloop
  endfacet
  facet normal 0.880899 0.473303 0
    outer loop
      vertex -19.6107 40.619 27
      vertex -19.656 40.7034 0
      vertex -19.656 40.7034 27
    endloop
  endfacet
  facet normal 0.880899 0.473303 0
    outer loop
      vertex -19.656 40.7034 0
      vertex -19.6107 40.619 27
      vertex -19.6107 40.619 0
    endloop
  endfacet
  facet normal 0.861498 0.50776 0
    outer loop
      vertex -19.656 40.7034 27
      vertex -19.7173 40.8073 0
      vertex -19.7173 40.8073 27
    endloop
  endfacet
  facet normal 0.861498 0.50776 0
    outer loop
      vertex -19.7173 40.8073 0
      vertex -19.656 40.7034 27
      vertex -19.656 40.7034 0
    endloop
  endfacet
  facet normal 0.844562 0.535458 0
    outer loop
      vertex -19.7173 40.8073 27
      vertex -19.8084 40.9511 0
      vertex -19.8084 40.9511 27
    endloop
  endfacet
  facet normal 0.844562 0.535458 0
    outer loop
      vertex -19.8084 40.9511 0
      vertex -19.7173 40.8073 27
      vertex -19.7173 40.8073 0
    endloop
  endfacet
  facet normal 0.826463 0.56299 0
    outer loop
      vertex -19.8084 40.9511 27
      vertex -19.9331 41.1341 0
      vertex -19.9331 41.1341 27
    endloop
  endfacet
  facet normal 0.826463 0.56299 0
    outer loop
      vertex -19.9331 41.1341 0
      vertex -19.8084 40.9511 27
      vertex -19.8084 40.9511 0
    endloop
  endfacet
  facet normal 0.807253 0.590206 0
    outer loop
      vertex -19.9331 41.1341 27
      vertex -20.0951 41.3557 0
      vertex -20.0951 41.3557 27
    endloop
  endfacet
  facet normal 0.807253 0.590206 0
    outer loop
      vertex -20.0951 41.3557 0
      vertex -19.9331 41.1341 27
      vertex -19.9331 41.1341 0
    endloop
  endfacet
  facet normal 0.786866 0.617124 0
    outer loop
      vertex -20.0951 41.3557 27
      vertex -20.2988 41.6154 0
      vertex -20.2988 41.6154 27
    endloop
  endfacet
  facet normal 0.786866 0.617124 0
    outer loop
      vertex -20.2988 41.6154 0
      vertex -20.0951 41.3557 27
      vertex -20.0951 41.3557 0
    endloop
  endfacet
  facet normal 0.765226 0.643762 0
    outer loop
      vertex -20.2988 41.6154 27
      vertex -20.5489 41.9127 0
      vertex -20.5489 41.9127 27
    endloop
  endfacet
  facet normal 0.765226 0.643762 0
    outer loop
      vertex -20.5489 41.9127 0
      vertex -20.2988 41.6154 27
      vertex -20.2988 41.6154 0
    endloop
  endfacet
  facet normal 0.742392 0.669966 0
    outer loop
      vertex -20.5489 41.9127 27
      vertex -20.8509 42.2473 0
      vertex -20.8509 42.2473 27
    endloop
  endfacet
  facet normal 0.742392 0.669966 0
    outer loop
      vertex -20.8509 42.2473 0
      vertex -20.5489 41.9127 27
      vertex -20.5489 41.9127 0
    endloop
  endfacet
  facet normal 0.718101 0.695939 0
    outer loop
      vertex -20.8509 42.2473 27
      vertex -21.2108 42.6187 0
      vertex -21.2108 42.6187 27
    endloop
  endfacet
  facet normal 0.718101 0.695939 0
    outer loop
      vertex -21.2108 42.6187 0
      vertex -20.8509 42.2473 27
      vertex -20.8509 42.2473 0
    endloop
  endfacet
  facet normal 0.69242 0.721494 -0
    outer loop
      vertex -21.2108 42.6187 0
      vertex -21.6355 43.0263 27
      vertex -21.2108 42.6187 27
    endloop
  endfacet
  facet normal 0.69242 0.721494 0
    outer loop
      vertex -21.6355 43.0263 27
      vertex -21.2108 42.6187 0
      vertex -21.6355 43.0263 0
    endloop
  endfacet
  facet normal 0.665169 0.746693 -0
    outer loop
      vertex -21.6355 43.0263 0
      vertex -22.1329 43.4694 27
      vertex -21.6355 43.0263 27
    endloop
  endfacet
  facet normal 0.665169 0.746693 0
    outer loop
      vertex -22.1329 43.4694 27
      vertex -21.6355 43.0263 0
      vertex -22.1329 43.4694 0
    endloop
  endfacet
  facet normal 0.636258 0.771477 -0
    outer loop
      vertex -22.1329 43.4694 0
      vertex -22.7119 43.9469 27
      vertex -22.1329 43.4694 27
    endloop
  endfacet
  facet normal 0.636258 0.771477 0
    outer loop
      vertex -22.7119 43.9469 27
      vertex -22.1329 43.4694 0
      vertex -22.7119 43.9469 0
    endloop
  endfacet
  facet normal 0.605569 0.795793 -0
    outer loop
      vertex -22.7119 43.9469 0
      vertex -23.3828 44.4575 27
      vertex -22.7119 43.9469 27
    endloop
  endfacet
  facet normal 0.605569 0.795793 0
    outer loop
      vertex -23.3828 44.4575 27
      vertex -22.7119 43.9469 0
      vertex -23.3828 44.4575 0
    endloop
  endfacet
  facet normal 0.572922 0.81961 -0
    outer loop
      vertex -23.3828 44.4575 0
      vertex -24.1576 44.999 27
      vertex -23.3828 44.4575 27
    endloop
  endfacet
  facet normal 0.572922 0.81961 0
    outer loop
      vertex -24.1576 44.999 27
      vertex -23.3828 44.4575 0
      vertex -24.1576 44.999 0
    endloop
  endfacet
  facet normal 0.538209 0.842811 -0
    outer loop
      vertex -24.1576 44.999 0
      vertex -25.0497 45.5687 27
      vertex -24.1576 44.999 27
    endloop
  endfacet
  facet normal 0.538209 0.842811 0
    outer loop
      vertex -25.0497 45.5687 27
      vertex -24.1576 44.999 0
      vertex -25.0497 45.5687 0
    endloop
  endfacet
  facet normal -0.5 0.866025 0
    outer loop
      vertex -25.0497 45.5687 0
      vertex -26.9388 44.4781 27
      vertex -25.0497 45.5687 27
    endloop
  endfacet
  facet normal -0.5 0.866025 0
    outer loop
      vertex -26.9388 44.4781 27
      vertex -25.0497 45.5687 0
      vertex -26.9388 44.4781 0
    endloop
  endfacet
  facet normal -0.999 -0.0447018 0
    outer loop
      vertex -26.8915 43.4206 0
      vertex -26.9388 44.4781 27
      vertex -26.9388 44.4781 0
    endloop
  endfacet
  facet normal -0.999 -0.0447018 0
    outer loop
      vertex -26.9388 44.4781 27
      vertex -26.8915 43.4206 0
      vertex -26.8915 43.4206 27
    endloop
  endfacet
  facet normal -0.996263 -0.0863756 0
    outer loop
      vertex -26.8099 42.4789 0
      vertex -26.8915 43.4206 27
      vertex -26.8915 43.4206 0
    endloop
  endfacet
  facet normal -0.996263 -0.0863756 0
    outer loop
      vertex -26.8915 43.4206 27
      vertex -26.8099 42.4789 0
      vertex -26.8099 42.4789 27
    endloop
  endfacet
  facet normal -0.991963 -0.126525 0
    outer loop
      vertex -26.7032 41.6426 0
      vertex -26.8099 42.4789 27
      vertex -26.8099 42.4789 0
    endloop
  endfacet
  facet normal -0.991963 -0.126525 0
    outer loop
      vertex -26.8099 42.4789 27
      vertex -26.7032 41.6426 0
      vertex -26.7032 41.6426 27
    endloop
  endfacet
  facet normal -0.986245 -0.165287 0
    outer loop
      vertex -26.5791 40.9023 0
      vertex -26.7032 41.6426 27
      vertex -26.7032 41.6426 0
    endloop
  endfacet
  facet normal -0.986245 -0.165287 0
    outer loop
      vertex -26.7032 41.6426 27
      vertex -26.5791 40.9023 0
      vertex -26.5791 40.9023 27
    endloop
  endfacet
  facet normal -0.979241 -0.202701 0
    outer loop
      vertex -26.4441 40.2501 0
      vertex -26.5791 40.9023 27
      vertex -26.5791 40.9023 0
    endloop
  endfacet
  facet normal -0.979241 -0.202701 0
    outer loop
      vertex -26.5791 40.9023 27
      vertex -26.4441 40.2501 0
      vertex -26.4441 40.2501 27
    endloop
  endfacet
  facet normal -0.971044 -0.2389 0
    outer loop
      vertex -26.3035 39.6784 0
      vertex -26.4441 40.2501 27
      vertex -26.4441 40.2501 0
    endloop
  endfacet
  facet normal -0.971044 -0.2389 0
    outer loop
      vertex -26.4441 40.2501 27
      vertex -26.3035 39.6784 0
      vertex -26.3035 39.6784 27
    endloop
  endfacet
  facet normal -0.961744 -0.273949 0
    outer loop
      vertex -26.1618 39.1811 0
      vertex -26.3035 39.6784 27
      vertex -26.3035 39.6784 0
    endloop
  endfacet
  facet normal -0.961744 -0.273949 0
    outer loop
      vertex -26.3035 39.6784 27
      vertex -26.1618 39.1811 0
      vertex -26.1618 39.1811 27
    endloop
  endfacet
  facet normal -0.951423 -0.307886 0
    outer loop
      vertex -26.023 38.7523 0
      vertex -26.1618 39.1811 27
      vertex -26.1618 39.1811 0
    endloop
  endfacet
  facet normal -0.951423 -0.307886 0
    outer loop
      vertex -26.1618 39.1811 27
      vertex -26.023 38.7523 0
      vertex -26.023 38.7523 27
    endloop
  endfacet
  facet normal -0.940117 -0.340853 0
    outer loop
      vertex -25.8906 38.3869 0
      vertex -26.023 38.7523 27
      vertex -26.023 38.7523 0
    endloop
  endfacet
  facet normal -0.940117 -0.340853 0
    outer loop
      vertex -26.023 38.7523 27
      vertex -25.8906 38.3869 0
      vertex -25.8906 38.3869 27
    endloop
  endfacet
  facet normal -0.927881 -0.372877 0
    outer loop
      vertex -25.7675 38.0807 0
      vertex -25.8906 38.3869 27
      vertex -25.8906 38.3869 0
    endloop
  endfacet
  facet normal -0.927881 -0.372877 0
    outer loop
      vertex -25.8906 38.3869 27
      vertex -25.7675 38.0807 0
      vertex -25.7675 38.0807 27
    endloop
  endfacet
  facet normal -0.914767 -0.403983 0
    outer loop
      vertex -25.6566 37.8296 0
      vertex -25.7675 38.0807 27
      vertex -25.7675 38.0807 0
    endloop
  endfacet
  facet normal -0.914767 -0.403983 0
    outer loop
      vertex -25.7675 38.0807 27
      vertex -25.6566 37.8296 0
      vertex -25.6566 37.8296 27
    endloop
  endfacet
  facet normal -0.900771 -0.434295 0
    outer loop
      vertex -25.5605 37.6302 0
      vertex -25.6566 37.8296 27
      vertex -25.6566 37.8296 0
    endloop
  endfacet
  facet normal -0.900771 -0.434295 0
    outer loop
      vertex -25.6566 37.8296 27
      vertex -25.5605 37.6302 0
      vertex -25.5605 37.6302 27
    endloop
  endfacet
  facet normal -0.885978 -0.463726 0
    outer loop
      vertex -25.4815 37.4793 0
      vertex -25.5605 37.6302 27
      vertex -25.5605 37.6302 0
    endloop
  endfacet
  facet normal -0.885978 -0.463726 0
    outer loop
      vertex -25.5605 37.6302 27
      vertex -25.4815 37.4793 0
      vertex -25.4815 37.4793 27
    endloop
  endfacet
  facet normal -0.870427 -0.492298 0
    outer loop
      vertex -25.4222 37.3744 0
      vertex -25.4815 37.4793 27
      vertex -25.4815 37.4793 0
    endloop
  endfacet
  facet normal -0.870427 -0.492298 0
    outer loop
      vertex -25.4815 37.4793 27
      vertex -25.4222 37.3744 0
      vertex -25.4222 37.3744 27
    endloop
  endfacet
  facet normal -0.850486 -0.525997 0
    outer loop
      vertex -25.3717 37.2928 0
      vertex -25.4222 37.3744 27
      vertex -25.4222 37.3744 0
    endloop
  endfacet
  facet normal -0.850486 -0.525997 0
    outer loop
      vertex -25.4222 37.3744 27
      vertex -25.3717 37.2928 0
      vertex -25.3717 37.2928 27
    endloop
  endfacet
  facet normal -0.826796 -0.562502 0
    outer loop
      vertex -24.3651 35.8132 0
      vertex -25.3717 37.2928 27
      vertex -25.3717 37.2928 0
    endloop
  endfacet
  facet normal -0.826796 -0.562502 0
    outer loop
      vertex -25.3717 37.2928 27
      vertex -24.3651 35.8132 0
      vertex -24.3651 35.8132 27
    endloop
  endfacet
  facet normal -0.57566 0.817689 0
    outer loop
      vertex -24.3651 35.8132 0
      vertex -26.0913 34.5979 27
      vertex -24.3651 35.8132 27
    endloop
  endfacet
  facet normal -0.57566 0.817689 0
    outer loop
      vertex -26.0913 34.5979 27
      vertex -24.3651 35.8132 0
      vertex -26.0913 34.5979 0
    endloop
  endfacet
  facet normal -0.627909 0.778287 0
    outer loop
      vertex -26.0913 34.5979 0
      vertex -28.2983 32.8174 27
      vertex -26.0913 34.5979 27
    endloop
  endfacet
  facet normal -0.627909 0.778287 0
    outer loop
      vertex -28.2983 32.8174 27
      vertex -26.0913 34.5979 0
      vertex -28.2983 32.8174 0
    endloop
  endfacet
  facet normal 0.757325 0.653038 0
    outer loop
      vertex -28.2983 32.8174 27
      vertex -29.4554 34.1593 0
      vertex -29.4554 34.1593 27
    endloop
  endfacet
  facet normal 0.757325 0.653038 0
    outer loop
      vertex -29.4554 34.1593 0
      vertex -28.2983 32.8174 27
      vertex -28.2983 32.8174 0
    endloop
  endfacet
  facet normal 0.728301 0.685257 0
    outer loop
      vertex -29.4554 34.1593 27
      vertex -29.5211 34.2291 0
      vertex -29.5211 34.2291 27
    endloop
  endfacet
  facet normal 0.728301 0.685257 0
    outer loop
      vertex -29.5211 34.2291 0
      vertex -29.4554 34.1593 27
      vertex -29.4554 34.1593 0
    endloop
  endfacet
  facet normal 0.700752 0.713405 -0
    outer loop
      vertex -29.5211 34.2291 0
      vertex -29.6071 34.3136 27
      vertex -29.5211 34.2291 27
    endloop
  endfacet
  facet normal 0.700752 0.713405 0
    outer loop
      vertex -29.6071 34.3136 27
      vertex -29.5211 34.2291 0
      vertex -29.6071 34.3136 0
    endloop
  endfacet
  facet normal 0.677268 0.735737 -0
    outer loop
      vertex -29.6071 34.3136 0
      vertex -29.7324 34.4289 27
      vertex -29.6071 34.3136 27
    endloop
  endfacet
  facet normal 0.677268 0.735737 0
    outer loop
      vertex -29.7324 34.4289 27
      vertex -29.6071 34.3136 0
      vertex -29.7324 34.4289 0
    endloop
  endfacet
  facet normal 0.652555 0.757742 -0
    outer loop
      vertex -29.7324 34.4289 0
      vertex -29.9002 34.5734 27
      vertex -29.7324 34.4289 27
    endloop
  endfacet
  facet normal 0.652555 0.757742 0
    outer loop
      vertex -29.9002 34.5734 27
      vertex -29.7324 34.4289 0
      vertex -29.9002 34.5734 0
    endloop
  endfacet
  facet normal 0.626973 0.779041 -0
    outer loop
      vertex -29.9002 34.5734 0
      vertex -30.114 34.7455 27
      vertex -29.9002 34.5734 27
    endloop
  endfacet
  facet normal 0.626973 0.779041 0
    outer loop
      vertex -30.114 34.7455 27
      vertex -29.9002 34.5734 0
      vertex -30.114 34.7455 0
    endloop
  endfacet
  facet normal 0.600326 0.799755 -0
    outer loop
      vertex -30.114 34.7455 0
      vertex -30.378 34.9437 27
      vertex -30.114 34.7455 27
    endloop
  endfacet
  facet normal 0.600326 0.799755 0
    outer loop
      vertex -30.378 34.9437 27
      vertex -30.114 34.7455 0
      vertex -30.378 34.9437 0
    endloop
  endfacet
  facet normal 0.572557 0.819865 -0
    outer loop
      vertex -30.378 34.9437 0
      vertex -30.6965 35.1661 27
      vertex -30.378 34.9437 27
    endloop
  endfacet
  facet normal 0.572557 0.819865 0
    outer loop
      vertex -30.6965 35.1661 27
      vertex -30.378 34.9437 0
      vertex -30.6965 35.1661 0
    endloop
  endfacet
  facet normal 0.54368 0.839293 -0
    outer loop
      vertex -30.6965 35.1661 0
      vertex -31.0748 35.4112 27
      vertex -30.6965 35.1661 27
    endloop
  endfacet
  facet normal 0.54368 0.839293 0
    outer loop
      vertex -31.0748 35.4112 27
      vertex -30.6965 35.1661 0
      vertex -31.0748 35.4112 0
    endloop
  endfacet
  facet normal 0.513518 0.858079 -0
    outer loop
      vertex -31.0748 35.4112 0
      vertex -31.5186 35.6768 27
      vertex -31.0748 35.4112 27
    endloop
  endfacet
  facet normal 0.513518 0.858079 0
    outer loop
      vertex -31.5186 35.6768 27
      vertex -31.0748 35.4112 0
      vertex -31.5186 35.6768 0
    endloop
  endfacet
  facet normal 0.482083 0.876125 -0
    outer loop
      vertex -31.5186 35.6768 0
      vertex -32.0343 35.9605 27
      vertex -31.5186 35.6768 27
    endloop
  endfacet
  facet normal 0.482083 0.876125 0
    outer loop
      vertex -32.0343 35.9605 27
      vertex -31.5186 35.6768 0
      vertex -32.0343 35.9605 0
    endloop
  endfacet
  facet normal 0.449247 0.893408 -0
    outer loop
      vertex -32.0343 35.9605 0
      vertex -32.6294 36.2598 27
      vertex -32.0343 35.9605 27
    endloop
  endfacet
  facet normal 0.449247 0.893408 0
    outer loop
      vertex -32.6294 36.2598 27
      vertex -32.0343 35.9605 0
      vertex -32.6294 36.2598 0
    endloop
  endfacet
  facet normal 0.414906 0.909864 -0
    outer loop
      vertex -32.6294 36.2598 0
      vertex -33.3123 36.5712 27
      vertex -32.6294 36.2598 27
    endloop
  endfacet
  facet normal 0.414906 0.909864 0
    outer loop
      vertex -33.3123 36.5712 27
      vertex -32.6294 36.2598 0
      vertex -33.3123 36.5712 0
    endloop
  endfacet
  facet normal 0.378969 0.925409 -0
    outer loop
      vertex -33.3123 36.5712 0
      vertex -34.0925 36.8907 27
      vertex -33.3123 36.5712 27
    endloop
  endfacet
  facet normal 0.378969 0.925409 0
    outer loop
      vertex -34.0925 36.8907 27
      vertex -33.3123 36.5712 0
      vertex -34.0925 36.8907 0
    endloop
  endfacet
  facet normal 0.341264 0.939967 -0
    outer loop
      vertex -34.0925 36.8907 0
      vertex -34.981 37.2133 27
      vertex -34.0925 36.8907 27
    endloop
  endfacet
  facet normal 0.341264 0.939967 0
    outer loop
      vertex -34.981 37.2133 27
      vertex -34.0925 36.8907 0
      vertex -34.981 37.2133 0
    endloop
  endfacet
  facet normal 0.30174 0.95339 -0
    outer loop
      vertex -34.981 37.2133 0
      vertex -35.9902 37.5327 27
      vertex -34.981 37.2133 27
    endloop
  endfacet
  facet normal 0.30174 0.95339 0
    outer loop
      vertex -35.9902 37.5327 27
      vertex -34.981 37.2133 0
      vertex -35.9902 37.5327 0
    endloop
  endfacet
  facet normal -0.707108 0.707106 0
    outer loop
      vertex -37.5327 35.9902 0
      vertex -35.9902 37.5327 27
      vertex -35.9902 37.5327 0
    endloop
  endfacet
  facet normal -0.707108 0.707106 0
    outer loop
      vertex -35.9902 37.5327 27
      vertex -37.5327 35.9902 0
      vertex -37.5327 35.9902 27
    endloop
  endfacet
  facet normal -0.953391 -0.301736 0
    outer loop
      vertex -37.2133 34.981 0
      vertex -37.5327 35.9902 27
      vertex -37.5327 35.9902 0
    endloop
  endfacet
  facet normal -0.953391 -0.301736 0
    outer loop
      vertex -37.5327 35.9902 27
      vertex -37.2133 34.981 0
      vertex -37.2133 34.981 27
    endloop
  endfacet
  facet normal -0.939957 -0.341294 0
    outer loop
      vertex -36.8907 34.0926 0
      vertex -37.2133 34.981 27
      vertex -37.2133 34.981 0
    endloop
  endfacet
  facet normal -0.939957 -0.341294 0
    outer loop
      vertex -37.2133 34.981 27
      vertex -36.8907 34.0926 0
      vertex -36.8907 34.0926 27
    endloop
  endfacet
  facet normal -0.925415 -0.378956 0
    outer loop
      vertex -36.5712 33.3123 0
      vertex -36.8907 34.0926 27
      vertex -36.8907 34.0926 0
    endloop
  endfacet
  facet normal -0.925415 -0.378956 0
    outer loop
      vertex -36.8907 34.0926 27
      vertex -36.5712 33.3123 0
      vertex -36.5712 33.3123 27
    endloop
  endfacet
  facet normal -0.90986 -0.414916 0
    outer loop
      vertex -36.2598 32.6294 0
      vertex -36.5712 33.3123 27
      vertex -36.5712 33.3123 0
    endloop
  endfacet
  facet normal -0.90986 -0.414916 0
    outer loop
      vertex -36.5712 33.3123 27
      vertex -36.2598 32.6294 0
      vertex -36.2598 32.6294 27
    endloop
  endfacet
  facet normal -0.893414 -0.449235 0
    outer loop
      vertex -35.9605 32.0343 0
      vertex -36.2598 32.6294 27
      vertex -36.2598 32.6294 0
    endloop
  endfacet
  facet normal -0.893414 -0.449235 0
    outer loop
      vertex -36.2598 32.6294 27
      vertex -35.9605 32.0343 0
      vertex -35.9605 32.0343 27
    endloop
  endfacet
  facet normal -0.876131 -0.482072 0
    outer loop
      vertex -35.6768 31.5186 0
      vertex -35.9605 32.0343 27
      vertex -35.9605 32.0343 0
    endloop
  endfacet
  facet normal -0.876131 -0.482072 0
    outer loop
      vertex -35.9605 32.0343 27
      vertex -35.6768 31.5186 0
      vertex -35.6768 31.5186 27
    endloop
  endfacet
  facet normal -0.858065 -0.513541 0
    outer loop
      vertex -35.4112 31.0748 0
      vertex -35.6768 31.5186 27
      vertex -35.6768 31.5186 0
    endloop
  endfacet
  facet normal -0.858065 -0.513541 0
    outer loop
      vertex -35.6768 31.5186 27
      vertex -35.4112 31.0748 0
      vertex -35.4112 31.0748 27
    endloop
  endfacet
  facet normal -0.83931 -0.543654 0
    outer loop
      vertex -35.1661 30.6966 0
      vertex -35.4112 31.0748 27
      vertex -35.4112 31.0748 0
    endloop
  endfacet
  facet normal -0.83931 -0.543654 0
    outer loop
      vertex -35.4112 31.0748 27
      vertex -35.1661 30.6966 0
      vertex -35.1661 30.6966 27
    endloop
  endfacet
  facet normal -0.819866 -0.572556 0
    outer loop
      vertex -34.9437 30.378 0
      vertex -35.1661 30.6966 27
      vertex -35.1661 30.6966 0
    endloop
  endfacet
  facet normal -0.819866 -0.572556 0
    outer loop
      vertex -35.1661 30.6966 27
      vertex -34.9437 30.378 0
      vertex -34.9437 30.378 27
    endloop
  endfacet
  facet normal -0.799744 -0.600341 0
    outer loop
      vertex -34.7455 30.114 0
      vertex -34.9437 30.378 27
      vertex -34.9437 30.378 0
    endloop
  endfacet
  facet normal -0.799744 -0.600341 0
    outer loop
      vertex -34.9437 30.378 27
      vertex -34.7455 30.114 0
      vertex -34.7455 30.114 27
    endloop
  endfacet
  facet normal -0.779066 -0.626941 0
    outer loop
      vertex -34.5734 29.9002 0
      vertex -34.7455 30.114 27
      vertex -34.7455 30.114 0
    endloop
  endfacet
  facet normal -0.779066 -0.626941 0
    outer loop
      vertex -34.7455 30.114 27
      vertex -34.5734 29.9002 0
      vertex -34.5734 29.9002 27
    endloop
  endfacet
  facet normal -0.757676 -0.652631 0
    outer loop
      vertex -34.4289 29.7324 0
      vertex -34.5734 29.9002 27
      vertex -34.5734 29.9002 0
    endloop
  endfacet
  facet normal -0.757676 -0.652631 0
    outer loop
      vertex -34.5734 29.9002 27
      vertex -34.4289 29.7324 0
      vertex -34.4289 29.7324 27
    endloop
  endfacet
  facet normal -0.73582 -0.677177 0
    outer loop
      vertex -34.3136 29.6071 0
      vertex -34.4289 29.7324 27
      vertex -34.4289 29.7324 0
    endloop
  endfacet
  facet normal -0.73582 -0.677177 0
    outer loop
      vertex -34.4289 29.7324 27
      vertex -34.3136 29.6071 0
      vertex -34.3136 29.6071 27
    endloop
  endfacet
  facet normal -0.713312 -0.700847 0
    outer loop
      vertex -34.2291 29.5211 0
      vertex -34.3136 29.6071 27
      vertex -34.3136 29.6071 0
    endloop
  endfacet
  facet normal -0.713312 -0.700847 0
    outer loop
      vertex -34.3136 29.6071 27
      vertex -34.2291 29.5211 0
      vertex -34.2291 29.5211 27
    endloop
  endfacet
  facet normal -0.68537 -0.728195 0
    outer loop
      vertex -34.2291 29.5211 0
      vertex -34.1593 29.4554 27
      vertex -34.2291 29.5211 27
    endloop
  endfacet
  facet normal -0.68537 -0.728195 -0
    outer loop
      vertex -34.1593 29.4554 27
      vertex -34.2291 29.5211 0
      vertex -34.1593 29.4554 0
    endloop
  endfacet
  facet normal -0.653039 -0.757324 0
    outer loop
      vertex -34.1593 29.4554 0
      vertex -32.804 28.2868 27
      vertex -34.1593 29.4554 27
    endloop
  endfacet
  facet normal -0.653039 -0.757324 -0
    outer loop
      vertex -32.804 28.2868 27
      vertex -34.1593 29.4554 0
      vertex -32.804 28.2868 0
    endloop
  endfacet
  facet normal -0.767675 0.640839 0
    outer loop
      vertex -34.1569 26.6661 0
      vertex -32.804 28.2868 27
      vertex -32.804 28.2868 0
    endloop
  endfacet
  facet normal -0.767675 0.640839 0
    outer loop
      vertex -32.804 28.2868 27
      vertex -34.1569 26.6661 0
      vertex -34.1569 26.6661 27
    endloop
  endfacet
  facet normal -0.807952 0.589248 0
    outer loop
      vertex -35.8278 24.375 0
      vertex -34.1569 26.6661 27
      vertex -34.1569 26.6661 0
    endloop
  endfacet
  facet normal -0.807952 0.589248 0
    outer loop
      vertex -34.1569 26.6661 27
      vertex -35.8278 24.375 0
      vertex -35.8278 24.375 27
    endloop
  endfacet
  facet normal 0.562502 0.826796 -0
    outer loop
      vertex -35.8278 24.375 0
      vertex -37.2928 25.3717 27
      vertex -35.8278 24.375 27
    endloop
  endfacet
  facet normal 0.562502 0.826796 0
    outer loop
      vertex -37.2928 25.3717 27
      vertex -35.8278 24.375 0
      vertex -37.2928 25.3717 0
    endloop
  endfacet
  facet normal 0.526133 0.850402 -0
    outer loop
      vertex -37.2928 25.3717 0
      vertex -37.3743 25.4222 27
      vertex -37.2928 25.3717 27
    endloop
  endfacet
  facet normal 0.526133 0.850402 0
    outer loop
      vertex -37.3743 25.4222 27
      vertex -37.2928 25.3717 0
      vertex -37.3743 25.4222 0
    endloop
  endfacet
  facet normal 0.49225 0.870454 -0
    outer loop
      vertex -37.3743 25.4222 0
      vertex -37.4793 25.4815 27
      vertex -37.3743 25.4222 27
    endloop
  endfacet
  facet normal 0.49225 0.870454 0
    outer loop
      vertex -37.4793 25.4815 27
      vertex -37.3743 25.4222 0
      vertex -37.4793 25.4815 0
    endloop
  endfacet
  facet normal 0.463717 0.885983 -0
    outer loop
      vertex -37.4793 25.4815 0
      vertex -37.6301 25.5605 27
      vertex -37.4793 25.4815 27
    endloop
  endfacet
  facet normal 0.463717 0.885983 0
    outer loop
      vertex -37.6301 25.5605 27
      vertex -37.4793 25.4815 0
      vertex -37.6301 25.5605 0
    endloop
  endfacet
  facet normal 0.434238 0.900798 -0
    outer loop
      vertex -37.6301 25.5605 0
      vertex -37.8296 25.6566 27
      vertex -37.6301 25.5605 27
    endloop
  endfacet
  facet normal 0.434238 0.900798 0
    outer loop
      vertex -37.8296 25.6566 27
      vertex -37.6301 25.5605 0
      vertex -37.8296 25.6566 0
    endloop
  endfacet
  facet normal 0.403968 0.914773 -0
    outer loop
      vertex -37.8296 25.6566 0
      vertex -38.0807 25.7675 27
      vertex -37.8296 25.6566 27
    endloop
  endfacet
  facet normal 0.403968 0.914773 0
    outer loop
      vertex -38.0807 25.7675 27
      vertex -37.8296 25.6566 0
      vertex -38.0807 25.7675 0
    endloop
  endfacet
  facet normal 0.372904 0.92787 -0
    outer loop
      vertex -38.0807 25.7675 0
      vertex -38.3869 25.8906 27
      vertex -38.0807 25.7675 27
    endloop
  endfacet
  facet normal 0.372904 0.92787 0
    outer loop
      vertex -38.3869 25.8906 27
      vertex -38.0807 25.7675 0
      vertex -38.3869 25.8906 0
    endloop
  endfacet
  facet normal 0.340827 0.940126 -0
    outer loop
      vertex -38.3869 25.8906 0
      vertex -38.7522 26.023 27
      vertex -38.3869 25.8906 27
    endloop
  endfacet
  facet normal 0.340827 0.940126 0
    outer loop
      vertex -38.7522 26.023 27
      vertex -38.3869 25.8906 0
      vertex -38.7522 26.023 0
    endloop
  endfacet
  facet normal 0.307935 0.951407 -0
    outer loop
      vertex -38.7522 26.023 0
      vertex -39.1811 26.1618 27
      vertex -38.7522 26.023 27
    endloop
  endfacet
  facet normal 0.307935 0.951407 0
    outer loop
      vertex -39.1811 26.1618 27
      vertex -38.7522 26.023 0
      vertex -39.1811 26.1618 0
    endloop
  endfacet
  facet normal 0.273926 0.961751 -0
    outer loop
      vertex -39.1811 26.1618 0
      vertex -39.6785 26.3035 27
      vertex -39.1811 26.1618 27
    endloop
  endfacet
  facet normal 0.273926 0.961751 0
    outer loop
      vertex -39.6785 26.3035 27
      vertex -39.1811 26.1618 0
      vertex -39.6785 26.3035 0
    endloop
  endfacet
  facet normal 0.238905 0.971043 -0
    outer loop
      vertex -39.6785 26.3035 0
      vertex -40.2501 26.4441 27
      vertex -39.6785 26.3035 27
    endloop
  endfacet
  facet normal 0.238905 0.971043 0
    outer loop
      vertex -40.2501 26.4441 27
      vertex -39.6785 26.3035 0
      vertex -40.2501 26.4441 0
    endloop
  endfacet
  facet normal 0.20272 0.979237 -0
    outer loop
      vertex -40.2501 26.4441 0
      vertex -40.9023 26.5792 27
      vertex -40.2501 26.4441 27
    endloop
  endfacet
  facet normal 0.20272 0.979237 0
    outer loop
      vertex -40.9023 26.5792 27
      vertex -40.2501 26.4441 0
      vertex -40.9023 26.5792 0
    endloop
  endfacet
  facet normal 0.165274 0.986248 -0
    outer loop
      vertex -40.9023 26.5792 0
      vertex -41.6425 26.7032 27
      vertex -40.9023 26.5792 27
    endloop
  endfacet
  facet normal 0.165274 0.986248 0
    outer loop
      vertex -41.6425 26.7032 27
      vertex -40.9023 26.5792 0
      vertex -41.6425 26.7032 0
    endloop
  endfacet
  facet normal 0.126539 0.991962 -0
    outer loop
      vertex -41.6425 26.7032 0
      vertex -42.4789 26.8099 27
      vertex -41.6425 26.7032 27
    endloop
  endfacet
  facet normal 0.126539 0.991962 0
    outer loop
      vertex -42.4789 26.8099 27
      vertex -41.6425 26.7032 0
      vertex -42.4789 26.8099 0
    endloop
  endfacet
  facet normal 0.0863582 0.996264 -0
    outer loop
      vertex -42.4789 26.8099 0
      vertex -43.4206 26.8915 27
      vertex -42.4789 26.8099 27
    endloop
  endfacet
  facet normal 0.0863582 0.996264 0
    outer loop
      vertex -43.4206 26.8915 27
      vertex -42.4789 26.8099 0
      vertex -43.4206 26.8915 0
    endloop
  endfacet
  facet normal 0.0447003 0.999 -0
    outer loop
      vertex -43.4206 26.8915 0
      vertex -44.478 26.9388 27
      vertex -43.4206 26.8915 27
    endloop
  endfacet
  facet normal 0.0447003 0.999 0
    outer loop
      vertex -44.478 26.9388 27
      vertex -43.4206 26.8915 0
      vertex -44.478 26.9388 0
    endloop
  endfacet
  facet normal -0.866023 0.500003 0
    outer loop
      vertex -45.5687 25.0497 0
      vertex -44.478 26.9388 27
      vertex -44.478 26.9388 0
    endloop
  endfacet
  facet normal -0.866023 0.500003 0
    outer loop
      vertex -44.478 26.9388 27
      vertex -45.5687 25.0497 0
      vertex -45.5687 25.0497 27
    endloop
  endfacet
  facet normal -0.842808 -0.538214 0
    outer loop
      vertex -44.999 24.1576 0
      vertex -45.5687 25.0497 27
      vertex -45.5687 25.0497 0
    endloop
  endfacet
  facet normal -0.842808 -0.538214 0
    outer loop
      vertex -45.5687 25.0497 27
      vertex -44.999 24.1576 0
      vertex -44.999 24.1576 27
    endloop
  endfacet
  facet normal -0.819607 -0.572926 0
    outer loop
      vertex -44.4575 23.3829 0
      vertex -44.999 24.1576 27
      vertex -44.999 24.1576 0
    endloop
  endfacet
  facet normal -0.819607 -0.572926 0
    outer loop
      vertex -44.999 24.1576 27
      vertex -44.4575 23.3829 0
      vertex -44.4575 23.3829 27
    endloop
  endfacet
  facet normal -0.795799 -0.605561 0
    outer loop
      vertex -43.9469 22.7119 0
      vertex -44.4575 23.3829 27
      vertex -44.4575 23.3829 0
    endloop
  endfacet
  facet normal -0.795799 -0.605561 0
    outer loop
      vertex -44.4575 23.3829 27
      vertex -43.9469 22.7119 0
      vertex -43.9469 22.7119 27
    endloop
  endfacet
  facet normal -0.77147 -0.636266 0
    outer loop
      vertex -43.4694 22.1329 0
      vertex -43.9469 22.7119 27
      vertex -43.9469 22.7119 0
    endloop
  endfacet
  facet normal -0.77147 -0.636266 0
    outer loop
      vertex -43.9469 22.7119 27
      vertex -43.4694 22.1329 0
      vertex -43.4694 22.1329 27
    endloop
  endfacet
  facet normal -0.746692 -0.66517 0
    outer loop
      vertex -43.0263 21.6355 0
      vertex -43.4694 22.1329 27
      vertex -43.4694 22.1329 0
    endloop
  endfacet
  facet normal -0.746692 -0.66517 0
    outer loop
      vertex -43.4694 22.1329 27
      vertex -43.0263 21.6355 0
      vertex -43.0263 21.6355 27
    endloop
  endfacet
  facet normal -0.721502 -0.692412 0
    outer loop
      vertex -42.6187 21.2108 0
      vertex -43.0263 21.6355 27
      vertex -43.0263 21.6355 0
    endloop
  endfacet
  facet normal -0.721502 -0.692412 0
    outer loop
      vertex -43.0263 21.6355 27
      vertex -42.6187 21.2108 0
      vertex -42.6187 21.2108 27
    endloop
  endfacet
  facet normal -0.695913 -0.718126 0
    outer loop
      vertex -42.6187 21.2108 0
      vertex -42.2473 20.8509 27
      vertex -42.6187 21.2108 27
    endloop
  endfacet
  facet normal -0.695913 -0.718126 -0
    outer loop
      vertex -42.2473 20.8509 27
      vertex -42.6187 21.2108 0
      vertex -42.2473 20.8509 0
    endloop
  endfacet
  facet normal -0.670018 -0.742345 0
    outer loop
      vertex -42.2473 20.8509 0
      vertex -41.9127 20.5489 27
      vertex -42.2473 20.8509 27
    endloop
  endfacet
  facet normal -0.670018 -0.742345 -0
    outer loop
      vertex -41.9127 20.5489 27
      vertex -42.2473 20.8509 0
      vertex -41.9127 20.5489 0
    endloop
  endfacet
  facet normal -0.643736 -0.765248 0
    outer loop
      vertex -41.9127 20.5489 0
      vertex -41.6154 20.2988 27
      vertex -41.9127 20.5489 27
    endloop
  endfacet
  facet normal -0.643736 -0.765248 -0
    outer loop
      vertex -41.6154 20.2988 27
      vertex -41.9127 20.5489 0
      vertex -41.6154 20.2988 0
    endloop
  endfacet
  facet normal -0.61714 -0.786853 0
    outer loop
      vertex -41.6154 20.2988 0
      vertex -41.3557 20.0951 27
      vertex -41.6154 20.2988 27
    endloop
  endfacet
  facet normal -0.61714 -0.786853 -0
    outer loop
      vertex -41.3557 20.0951 27
      vertex -41.6154 20.2988 0
      vertex -41.3557 20.0951 0
    endloop
  endfacet
  facet normal -0.59023 -0.807235 0
    outer loop
      vertex -41.3557 20.0951 0
      vertex -41.1341 19.9331 27
      vertex -41.3557 20.0951 27
    endloop
  endfacet
  facet normal -0.59023 -0.807235 -0
    outer loop
      vertex -41.1341 19.9331 27
      vertex -41.3557 20.0951 0
      vertex -41.1341 19.9331 0
    endloop
  endfacet
  facet normal -0.562938 -0.826499 0
    outer loop
      vertex -41.1341 19.9331 0
      vertex -40.9511 19.8084 27
      vertex -41.1341 19.9331 27
    endloop
  endfacet
  facet normal -0.562938 -0.826499 -0
    outer loop
      vertex -40.9511 19.8084 27
      vertex -41.1341 19.9331 0
      vertex -40.9511 19.8084 0
    endloop
  endfacet
  facet normal -0.53545 -0.844567 0
    outer loop
      vertex -40.9511 19.8084 0
      vertex -40.8073 19.7173 27
      vertex -40.9511 19.8084 27
    endloop
  endfacet
  facet normal -0.53545 -0.844567 -0
    outer loop
      vertex -40.8073 19.7173 27
      vertex -40.9511 19.8084 0
      vertex -40.8073 19.7173 0
    endloop
  endfacet
  facet normal -0.507664 -0.861555 0
    outer loop
      vertex -40.8073 19.7173 0
      vertex -40.7034 19.6561 27
      vertex -40.8073 19.7173 27
    endloop
  endfacet
  facet normal -0.507664 -0.861555 -0
    outer loop
      vertex -40.7034 19.6561 27
      vertex -40.8073 19.7173 0
      vertex -40.7034 19.6561 0
    endloop
  endfacet
  facet normal -0.473477 -0.880806 0
    outer loop
      vertex -40.7034 19.6561 0
      vertex -40.619 19.6107 27
      vertex -40.7034 19.6561 27
    endloop
  endfacet
  facet normal -0.473477 -0.880806 -0
    outer loop
      vertex -40.619 19.6107 27
      vertex -40.7034 19.6561 0
      vertex -40.619 19.6107 0
    endloop
  endfacet
  facet normal -0.43478 -0.900537 0
    outer loop
      vertex -40.619 19.6107 0
      vertex -39.0074 18.8326 27
      vertex -40.619 19.6107 27
    endloop
  endfacet
  facet normal -0.43478 -0.900537 -0
    outer loop
      vertex -39.0074 18.8326 27
      vertex -40.619 19.6107 0
      vertex -39.0074 18.8326 0
    endloop
  endfacet
  facet normal -0.907383 0.420304 0
    outer loop
      vertex -39.8948 16.917 0
      vertex -39.0074 18.8326 27
      vertex -39.0074 18.8326 0
    endloop
  endfacet
  facet normal -0.907383 0.420304 0
    outer loop
      vertex -39.0074 18.8326 27
      vertex -39.8948 16.917 0
      vertex -39.8948 16.917 27
    endloop
  endfacet
  facet normal -0.932928 0.360063 0
    outer loop
      vertex -40.9158 14.2716 0
      vertex -39.8948 16.917 27
      vertex -39.8948 16.917 0
    endloop
  endfacet
  facet normal -0.932928 0.360063 0
    outer loop
      vertex -39.8948 16.917 27
      vertex -40.9158 14.2716 0
      vertex -40.9158 14.2716 27
    endloop
  endfacet
  facet normal 0.329344 0.94421 -0
    outer loop
      vertex -40.9158 14.2716 0
      vertex -42.5888 14.8551 27
      vertex -40.9158 14.2716 27
    endloop
  endfacet
  facet normal 0.329344 0.94421 0
    outer loop
      vertex -42.5888 14.8551 27
      vertex -40.9158 14.2716 0
      vertex -42.5888 14.8551 0
    endloop
  endfacet
  facet normal 0.288104 0.957599 -0
    outer loop
      vertex -42.5888 14.8551 0
      vertex -42.6806 14.8827 27
      vertex -42.5888 14.8551 27
    endloop
  endfacet
  facet normal 0.288104 0.957599 0
    outer loop
      vertex -42.6806 14.8827 27
      vertex -42.5888 14.8551 0
      vertex -42.6806 14.8827 0
    endloop
  endfacet
  facet normal 0.250231 0.968186 -0
    outer loop
      vertex -42.6806 14.8827 0
      vertex -42.7973 14.9129 27
      vertex -42.6806 14.8827 27
    endloop
  endfacet
  facet normal 0.250231 0.968186 0
    outer loop
      vertex -42.7973 14.9129 27
      vertex -42.6806 14.8827 0
      vertex -42.7973 14.9129 0
    endloop
  endfacet
  facet normal 0.218638 0.975806 -0
    outer loop
      vertex -42.7973 14.9129 0
      vertex -42.9635 14.9501 27
      vertex -42.7973 14.9129 27
    endloop
  endfacet
  facet normal 0.218638 0.975806 0
    outer loop
      vertex -42.9635 14.9501 27
      vertex -42.7973 14.9129 0
      vertex -42.9635 14.9501 0
    endloop
  endfacet
  facet normal 0.186258 0.982501 -0
    outer loop
      vertex -42.9635 14.9501 0
      vertex -43.181 14.9914 27
      vertex -42.9635 14.9501 27
    endloop
  endfacet
  facet normal 0.186258 0.982501 0
    outer loop
      vertex -43.181 14.9914 27
      vertex -42.9635 14.9501 0
      vertex -43.181 14.9914 0
    endloop
  endfacet
  facet normal 0.153445 0.988157 -0
    outer loop
      vertex -43.181 14.9914 0
      vertex -43.4523 15.0335 27
      vertex -43.181 14.9914 27
    endloop
  endfacet
  facet normal 0.153445 0.988157 0
    outer loop
      vertex -43.4523 15.0335 27
      vertex -43.181 14.9914 0
      vertex -43.4523 15.0335 0
    endloop
  endfacet
  facet normal 0.120042 0.992769 -0
    outer loop
      vertex -43.4523 15.0335 0
      vertex -43.7799 15.0731 27
      vertex -43.4523 15.0335 27
    endloop
  endfacet
  facet normal 0.120042 0.992769 0
    outer loop
      vertex -43.7799 15.0731 27
      vertex -43.4523 15.0335 0
      vertex -43.7799 15.0731 0
    endloop
  endfacet
  facet normal 0.0859172 0.996302 -0
    outer loop
      vertex -43.7799 15.0731 0
      vertex -44.1671 15.1065 27
      vertex -43.7799 15.0731 27
    endloop
  endfacet
  facet normal 0.0859172 0.996302 0
    outer loop
      vertex -44.1671 15.1065 27
      vertex -43.7799 15.0731 0
      vertex -44.1671 15.1065 0
    endloop
  endfacet
  facet normal 0.0511702 0.99869 -0
    outer loop
      vertex -44.1671 15.1065 0
      vertex -44.6172 15.1296 27
      vertex -44.1671 15.1065 27
    endloop
  endfacet
  facet normal 0.0511702 0.99869 0
    outer loop
      vertex -44.6172 15.1296 27
      vertex -44.1671 15.1065 0
      vertex -44.6172 15.1296 0
    endloop
  endfacet
  facet normal 0.0156802 0.999877 -0
    outer loop
      vertex -44.6172 15.1296 0
      vertex -45.1343 15.1377 27
      vertex -44.6172 15.1296 27
    endloop
  endfacet
  facet normal 0.0156802 0.999877 0
    outer loop
      vertex -45.1343 15.1377 27
      vertex -44.6172 15.1296 0
      vertex -45.1343 15.1377 0
    endloop
  endfacet
  facet normal -0.0205522 0.999789 0
    outer loop
      vertex -45.1343 15.1377 0
      vertex -45.7228 15.1256 27
      vertex -45.1343 15.1377 27
    endloop
  endfacet
  facet normal -0.0205522 0.999789 0
    outer loop
      vertex -45.7228 15.1256 27
      vertex -45.1343 15.1377 0
      vertex -45.7228 15.1256 0
    endloop
  endfacet
  facet normal -0.0576385 0.998338 0
    outer loop
      vertex -45.7228 15.1256 0
      vertex -46.3878 15.0872 27
      vertex -45.7228 15.1256 27
    endloop
  endfacet
  facet normal -0.0576385 0.998338 0
    outer loop
      vertex -46.3878 15.0872 27
      vertex -45.7228 15.1256 0
      vertex -46.3878 15.0872 0
    endloop
  endfacet
  facet normal -0.0956205 0.995418 0
    outer loop
      vertex -46.3878 15.0872 0
      vertex -47.1349 15.0154 27
      vertex -46.3878 15.0872 27
    endloop
  endfacet
  facet normal -0.0956205 0.995418 0
    outer loop
      vertex -47.1349 15.0154 27
      vertex -46.3878 15.0872 0
      vertex -47.1349 15.0154 0
    endloop
  endfacet
  facet normal -0.134517 0.990911 0
    outer loop
      vertex -47.1349 15.0154 0
      vertex -47.9704 14.902 27
      vertex -47.1349 15.0154 27
    endloop
  endfacet
  facet normal -0.134517 0.990911 0
    outer loop
      vertex -47.9704 14.902 27
      vertex -47.1349 15.0154 0
      vertex -47.9704 14.902 0
    endloop
  endfacet
  facet normal -0.174446 0.984667 0
    outer loop
      vertex -47.9704 14.902 0
      vertex -48.9011 14.7371 27
      vertex -47.9704 14.902 27
    endloop
  endfacet
  facet normal -0.174446 0.984667 0
    outer loop
      vertex -48.9011 14.7371 27
      vertex -47.9704 14.902 0
      vertex -48.9011 14.7371 0
    endloop
  endfacet
  facet normal -0.215367 0.976533 0
    outer loop
      vertex -48.9011 14.7371 0
      vertex -49.9348 14.5091 27
      vertex -48.9011 14.7371 27
    endloop
  endfacet
  facet normal -0.215367 0.976533 0
    outer loop
      vertex -49.9348 14.5091 27
      vertex -48.9011 14.7371 0
      vertex -49.9348 14.5091 0
    endloop
  endfacet
  facet normal -0.965925 0.258821 0
    outer loop
      vertex -50.4994 12.4021 0
      vertex -49.9348 14.5091 27
      vertex -49.9348 14.5091 0
    endloop
  endfacet
  facet normal -0.965925 0.258821 0
    outer loop
      vertex -49.9348 14.5091 27
      vertex -50.4994 12.4021 0
      vertex -50.4994 12.4021 27
    endloop
  endfacet
  facet normal -0.674789 -0.73801 0
    outer loop
      vertex -50.4994 12.4021 0
      vertex -49.7182 11.6878 27
      vertex -50.4994 12.4021 27
    endloop
  endfacet
  facet normal -0.674789 -0.73801 -0
    outer loop
      vertex -49.7182 11.6878 27
      vertex -50.4994 12.4021 0
      vertex -49.7182 11.6878 0
    endloop
  endfacet
  facet normal -0.643391 -0.765538 0
    outer loop
      vertex -49.7182 11.6878 0
      vertex -48.9946 11.0797 27
      vertex -49.7182 11.6878 27
    endloop
  endfacet
  facet normal -0.643391 -0.765538 -0
    outer loop
      vertex -48.9946 11.0797 27
      vertex -49.7182 11.6878 0
      vertex -48.9946 11.0797 0
    endloop
  endfacet
  facet normal -0.611936 -0.790907 0
    outer loop
      vertex -48.9946 11.0797 0
      vertex -48.3277 10.5637 27
      vertex -48.9946 11.0797 27
    endloop
  endfacet
  facet normal -0.611936 -0.790907 -0
    outer loop
      vertex -48.3277 10.5637 27
      vertex -48.9946 11.0797 0
      vertex -48.3277 10.5637 0
    endloop
  endfacet
  facet normal -0.580523 -0.814244 0
    outer loop
      vertex -48.3277 10.5637 0
      vertex -47.7166 10.128 27
      vertex -48.3277 10.5637 27
    endloop
  endfacet
  facet normal -0.580523 -0.814244 -0
    outer loop
      vertex -47.7166 10.128 27
      vertex -48.3277 10.5637 0
      vertex -47.7166 10.128 0
    endloop
  endfacet
  facet normal -0.549091 -0.835762 0
    outer loop
      vertex -47.7166 10.128 0
      vertex -47.1599 9.76228 27
      vertex -47.7166 10.128 27
    endloop
  endfacet
  facet normal -0.549091 -0.835762 -0
    outer loop
      vertex -47.1599 9.76228 27
      vertex -47.7166 10.128 0
      vertex -47.1599 9.76228 0
    endloop
  endfacet
  facet normal -0.517697 -0.855564 0
    outer loop
      vertex -47.1599 9.76228 0
      vertex -46.6563 9.45753 27
      vertex -47.1599 9.76228 27
    endloop
  endfacet
  facet normal -0.517697 -0.855564 -0
    outer loop
      vertex -46.6563 9.45753 27
      vertex -47.1599 9.76228 0
      vertex -46.6563 9.45753 0
    endloop
  endfacet
  facet normal -0.486338 -0.873771 0
    outer loop
      vertex -46.6563 9.45753 0
      vertex -46.2044 9.20602 27
      vertex -46.6563 9.45753 27
    endloop
  endfacet
  facet normal -0.486338 -0.873771 -0
    outer loop
      vertex -46.2044 9.20602 27
      vertex -46.6563 9.45753 0
      vertex -46.2044 9.20602 0
    endloop
  endfacet
  facet normal -0.455079 -0.890451 0
    outer loop
      vertex -46.2044 9.20602 0
      vertex -45.8031 9.00091 27
      vertex -46.2044 9.20602 27
    endloop
  endfacet
  facet normal -0.455079 -0.890451 -0
    outer loop
      vertex -45.8031 9.00091 27
      vertex -46.2044 9.20602 0
      vertex -45.8031 9.00091 0
    endloop
  endfacet
  facet normal -0.423715 -0.905796 0
    outer loop
      vertex -45.8031 9.00091 0
      vertex -45.4511 8.83626 27
      vertex -45.8031 9.00091 27
    endloop
  endfacet
  facet normal -0.423715 -0.905796 -0
    outer loop
      vertex -45.4511 8.83626 27
      vertex -45.8031 9.00091 0
      vertex -45.4511 8.83626 0
    endloop
  endfacet
  facet normal -0.392474 -0.919763 0
    outer loop
      vertex -45.4511 8.83626 0
      vertex -45.1475 8.70673 27
      vertex -45.4511 8.83626 27
    endloop
  endfacet
  facet normal -0.392474 -0.919763 -0
    outer loop
      vertex -45.1475 8.70673 27
      vertex -45.4511 8.83626 0
      vertex -45.1475 8.70673 0
    endloop
  endfacet
  facet normal -0.36114 -0.932512 0
    outer loop
      vertex -45.1475 8.70673 0
      vertex -44.8915 8.6076 27
      vertex -45.1475 8.70673 27
    endloop
  endfacet
  facet normal -0.36114 -0.932512 -0
    outer loop
      vertex -44.8915 8.6076 27
      vertex -45.1475 8.70673 0
      vertex -44.8915 8.6076 0
    endloop
  endfacet
  facet normal -0.329908 -0.944013 0
    outer loop
      vertex -44.8915 8.6076 0
      vertex -44.6825 8.53455 27
      vertex -44.8915 8.6076 27
    endloop
  endfacet
  facet normal -0.329908 -0.944013 -0
    outer loop
      vertex -44.6825 8.53455 27
      vertex -44.8915 8.6076 0
      vertex -44.6825 8.53455 0
    endloop
  endfacet
  facet normal -0.298559 -0.954391 0
    outer loop
      vertex -44.6825 8.53455 0
      vertex -44.52 8.48372 27
      vertex -44.6825 8.53455 27
    endloop
  endfacet
  facet normal -0.298559 -0.954391 -0
    outer loop
      vertex -44.52 8.48372 27
      vertex -44.6825 8.53455 0
      vertex -44.52 8.48372 0
    endloop
  endfacet
  facet normal -0.267413 -0.963582 0
    outer loop
      vertex -44.52 8.48372 0
      vertex -44.4038 8.45147 27
      vertex -44.52 8.48372 27
    endloop
  endfacet
  facet normal -0.267413 -0.963582 -0
    outer loop
      vertex -44.4038 8.45147 27
      vertex -44.52 8.48372 0
      vertex -44.4038 8.45147 0
    endloop
  endfacet
  facet normal -0.229383 -0.973336 0
    outer loop
      vertex -44.4038 8.45147 0
      vertex -44.3106 8.42949 27
      vertex -44.4038 8.45147 27
    endloop
  endfacet
  facet normal -0.229383 -0.973336 -0
    outer loop
      vertex -44.3106 8.42949 27
      vertex -44.4038 8.45147 0
      vertex -44.3106 8.42949 0
    endloop
  endfacet
  facet normal -0.186884 -0.982382 0
    outer loop
      vertex -44.3106 8.42949 0
      vertex -42.5525 8.09505 27
      vertex -44.3106 8.42949 27
    endloop
  endfacet
  facet normal -0.186884 -0.982382 -0
    outer loop
      vertex -42.5525 8.09505 27
      vertex -44.3106 8.42949 0
      vertex -42.5525 8.09505 0
    endloop
  endfacet
  facet normal -0.985247 0.171136 0
    outer loop
      vertex -42.9138 6.01506 0
      vertex -42.5525 8.09505 27
      vertex -42.5525 8.09505 0
    endloop
  endfacet
  facet normal -0.985247 0.171136 0
    outer loop
      vertex -42.5525 8.09505 27
      vertex -42.9138 6.01506 0
      vertex -42.9138 6.01506 27
    endloop
  endfacet
  facet normal -0.99433 0.106337 0
    outer loop
      vertex -43.2153 3.1955 0
      vertex -42.9138 6.01506 27
      vertex -42.9138 6.01506 0
    endloop
  endfacet
  facet normal -0.99433 0.106337 0
    outer loop
      vertex -42.9138 6.01506 27
      vertex -43.2153 3.1955 0
      vertex -43.2153 3.1955 27
    endloop
  endfacet
  facet normal 0.0737423 0.997277 -0
    outer loop
      vertex -43.2153 3.1955 0
      vertex -44.9824 3.32616 27
      vertex -43.2153 3.1955 27
    endloop
  endfacet
  facet normal 0.0737423 0.997277 0
    outer loop
      vertex -44.9824 3.32616 27
      vertex -43.2153 3.1955 0
      vertex -44.9824 3.32616 0
    endloop
  endfacet
  facet normal 0.0306494 0.99953 -0
    outer loop
      vertex -44.9824 3.32616 0
      vertex -45.0782 3.3291 27
      vertex -44.9824 3.32616 27
    endloop
  endfacet
  facet normal 0.0306494 0.99953 0
    outer loop
      vertex -45.0782 3.3291 27
      vertex -44.9824 3.32616 0
      vertex -45.0782 3.3291 0
    endloop
  endfacet
  facet normal -0.00891268 0.99996 0
    outer loop
      vertex -45.0782 3.3291 0
      vertex -45.1988 3.32802 27
      vertex -45.0782 3.3291 27
    endloop
  endfacet
  facet normal -0.00891268 0.99996 0
    outer loop
      vertex -45.1988 3.32802 27
      vertex -45.0782 3.3291 0
      vertex -45.1988 3.32802 0
    endloop
  endfacet
  facet normal -0.0414218 0.999142 0
    outer loop
      vertex -45.1988 3.32802 0
      vertex -45.3689 3.32097 27
      vertex -45.1988 3.32802 27
    endloop
  endfacet
  facet normal -0.0414218 0.999142 0
    outer loop
      vertex -45.3689 3.32097 27
      vertex -45.1988 3.32802 0
      vertex -45.3689 3.32097 0
    endloop
  endfacet
  facet normal -0.0743531 0.997232 0
    outer loop
      vertex -45.3689 3.32097 0
      vertex -45.5897 3.30451 27
      vertex -45.3689 3.32097 27
    endloop
  endfacet
  facet normal -0.0743531 0.997232 0
    outer loop
      vertex -45.5897 3.30451 27
      vertex -45.3689 3.32097 0
      vertex -45.5897 3.30451 0
    endloop
  endfacet
  facet normal -0.107528 0.994202 0
    outer loop
      vertex -45.5897 3.30451 0
      vertex -45.8626 3.27499 27
      vertex -45.5897 3.30451 27
    endloop
  endfacet
  facet normal -0.107528 0.994202 0
    outer loop
      vertex -45.8626 3.27499 27
      vertex -45.5897 3.30451 0
      vertex -45.8626 3.27499 0
    endloop
  endfacet
  facet normal -0.141011 0.990008 0
    outer loop
      vertex -45.8626 3.27499 0
      vertex -46.1894 3.22845 27
      vertex -45.8626 3.27499 27
    endloop
  endfacet
  facet normal -0.141011 0.990008 0
    outer loop
      vertex -46.1894 3.22845 27
      vertex -45.8626 3.27499 0
      vertex -46.1894 3.22845 0
    endloop
  endfacet
  facet normal -0.174876 0.98459 0
    outer loop
      vertex -46.1894 3.22845 0
      vertex -46.572 3.1605 27
      vertex -46.1894 3.22845 27
    endloop
  endfacet
  facet normal -0.174876 0.98459 0
    outer loop
      vertex -46.572 3.1605 27
      vertex -46.1894 3.22845 0
      vertex -46.572 3.1605 0
    endloop
  endfacet
  facet normal -0.209038 0.977908 0
    outer loop
      vertex -46.572 3.1605 0
      vertex -47.0127 3.06628 27
      vertex -46.572 3.1605 27
    endloop
  endfacet
  facet normal -0.209038 0.977908 0
    outer loop
      vertex -47.0127 3.06628 27
      vertex -46.572 3.1605 0
      vertex -47.0127 3.06628 0
    endloop
  endfacet
  facet normal -0.243634 0.969867 0
    outer loop
      vertex -47.0127 3.06628 0
      vertex -47.5143 2.94028 27
      vertex -47.0127 3.06628 27
    endloop
  endfacet
  facet normal -0.243634 0.969867 0
    outer loop
      vertex -47.5143 2.94028 27
      vertex -47.0127 3.06628 0
      vertex -47.5143 2.94028 0
    endloop
  endfacet
  facet normal -0.278632 0.960398 0
    outer loop
      vertex -47.5143 2.94028 0
      vertex -48.0797 2.77627 27
      vertex -47.5143 2.94028 27
    endloop
  endfacet
  facet normal -0.278632 0.960398 0
    outer loop
      vertex -48.0797 2.77627 27
      vertex -47.5143 2.94028 0
      vertex -48.0797 2.77627 0
    endloop
  endfacet
  facet normal -0.314065 0.949401 0
    outer loop
      vertex -48.0797 2.77627 0
      vertex -48.712 2.56707 27
      vertex -48.0797 2.77627 27
    endloop
  endfacet
  facet normal -0.314065 0.949401 0
    outer loop
      vertex -48.712 2.56707 27
      vertex -48.0797 2.77627 0
      vertex -48.712 2.56707 0
    endloop
  endfacet
  facet normal -0.349994 0.936752 0
    outer loop
      vertex -48.712 2.56707 0
      vertex -49.4151 2.30438 27
      vertex -48.712 2.56707 27
    endloop
  endfacet
  facet normal -0.349994 0.936752 0
    outer loop
      vertex -49.4151 2.30438 27
      vertex -48.712 2.56707 0
      vertex -49.4151 2.30438 0
    endloop
  endfacet
  facet normal -0.386394 0.922334 0
    outer loop
      vertex -49.4151 2.30438 0
      vertex -50.1927 1.97861 27
      vertex -49.4151 2.30438 27
    endloop
  endfacet
  facet normal -0.386394 0.922334 0
    outer loop
      vertex -50.1927 1.97861 27
      vertex -49.4151 2.30438 0
      vertex -50.1927 1.97861 0
    endloop
  endfacet
  facet normal -0.423346 0.905968 0
    outer loop
      vertex -50.1927 1.97861 0
      vertex -51.0491 1.57845 27
      vertex -50.1927 1.97861 27
    endloop
  endfacet
  facet normal -0.423346 0.905968 0
    outer loop
      vertex -51.0491 1.57845 27
      vertex -50.1927 1.97861 0
      vertex -51.0491 1.57845 0
    endloop
  endfacet
  facet normal -0.460781 0.887514 0
    outer loop
      vertex -51.0491 1.57845 0
      vertex -51.9885 1.0907 27
      vertex -51.0491 1.57845 27
    endloop
  endfacet
  facet normal -0.460781 0.887514 0
    outer loop
      vertex -51.9885 1.0907 27
      vertex -51.0491 1.57845 0
      vertex -51.9885 1.0907 0
    endloop
  endfacet
  facet normal -1 1.74876e-06 0
    outer loop
      vertex -51.9885 -1.09066 0
      vertex -51.9885 1.0907 27
      vertex -51.9885 1.0907 0
    endloop
  endfacet
  facet normal -1 1.74876e-06 0
    outer loop
      vertex -51.9885 1.0907 27
      vertex -51.9885 -1.09066 0
      vertex -51.9885 -1.09066 27
    endloop
  endfacet
  facet normal -0.460786 -0.887511 0
    outer loop
      vertex -51.9885 -1.09066 0
      vertex -51.0491 -1.57841 27
      vertex -51.9885 -1.09066 27
    endloop
  endfacet
  facet normal -0.460786 -0.887511 -0
    outer loop
      vertex -51.0491 -1.57841 27
      vertex -51.9885 -1.09066 0
      vertex -51.0491 -1.57841 0
    endloop
  endfacet
  facet normal -0.423332 -0.905975 0
    outer loop
      vertex -51.0491 -1.57841 0
      vertex -50.1927 -1.97856 27
      vertex -51.0491 -1.57841 27
    endloop
  endfacet
  facet normal -0.423332 -0.905975 -0
    outer loop
      vertex -50.1927 -1.97856 27
      vertex -51.0491 -1.57841 0
      vertex -50.1927 -1.97856 0
    endloop
  endfacet
  facet normal -0.386396 -0.922333 0
    outer loop
      vertex -50.1927 -1.97856 0
      vertex -49.4151 -2.30434 27
      vertex -50.1927 -1.97856 27
    endloop
  endfacet
  facet normal -0.386396 -0.922333 -0
    outer loop
      vertex -49.4151 -2.30434 27
      vertex -50.1927 -1.97856 0
      vertex -49.4151 -2.30434 0
    endloop
  endfacet
  facet normal -0.349985 -0.936755 0
    outer loop
      vertex -49.4151 -2.30434 0
      vertex -48.712 -2.56701 27
      vertex -49.4151 -2.30434 27
    endloop
  endfacet
  facet normal -0.349985 -0.936755 -0
    outer loop
      vertex -48.712 -2.56701 27
      vertex -49.4151 -2.30434 0
      vertex -48.712 -2.56701 0
    endloop
  endfacet
  facet normal -0.314076 -0.949398 0
    outer loop
      vertex -48.712 -2.56701 0
      vertex -48.0796 -2.77622 27
      vertex -48.712 -2.56701 27
    endloop
  endfacet
  facet normal -0.314076 -0.949398 -0
    outer loop
      vertex -48.0796 -2.77622 27
      vertex -48.712 -2.56701 0
      vertex -48.0796 -2.77622 0
    endloop
  endfacet
  facet normal -0.278635 -0.960397 0
    outer loop
      vertex -48.0796 -2.77622 0
      vertex -47.5143 -2.94024 27
      vertex -48.0796 -2.77622 27
    endloop
  endfacet
  facet normal -0.278635 -0.960397 -0
    outer loop
      vertex -47.5143 -2.94024 27
      vertex -48.0796 -2.77622 0
      vertex -47.5143 -2.94024 0
    endloop
  endfacet
  facet normal -0.243613 -0.969872 0
    outer loop
      vertex -47.5143 -2.94024 0
      vertex -47.0127 -3.06623 27
      vertex -47.5143 -2.94024 27
    endloop
  endfacet
  facet normal -0.243613 -0.969872 -0
    outer loop
      vertex -47.0127 -3.06623 27
      vertex -47.5143 -2.94024 0
      vertex -47.0127 -3.06623 0
    endloop
  endfacet
  facet normal -0.209082 -0.977898 0
    outer loop
      vertex -47.0127 -3.06623 0
      vertex -46.572 -3.16046 27
      vertex -47.0127 -3.06623 27
    endloop
  endfacet
  facet normal -0.209082 -0.977898 -0
    outer loop
      vertex -46.572 -3.16046 27
      vertex -47.0127 -3.06623 0
      vertex -46.572 -3.16046 0
    endloop
  endfacet
  facet normal -0.174865 -0.984592 0
    outer loop
      vertex -46.572 -3.16046 0
      vertex -46.1894 -3.22841 27
      vertex -46.572 -3.16046 27
    endloop
  endfacet
  facet normal -0.174865 -0.984592 -0
    outer loop
      vertex -46.1894 -3.22841 27
      vertex -46.572 -3.16046 0
      vertex -46.1894 -3.22841 0
    endloop
  endfacet
  facet normal -0.141027 -0.990006 0
    outer loop
      vertex -46.1894 -3.22841 0
      vertex -45.8626 -3.27496 27
      vertex -46.1894 -3.22841 27
    endloop
  endfacet
  facet normal -0.141027 -0.990006 -0
    outer loop
      vertex -45.8626 -3.27496 27
      vertex -46.1894 -3.22841 0
      vertex -45.8626 -3.27496 0
    endloop
  endfacet
  facet normal -0.107515 -0.994203 0
    outer loop
      vertex -45.8626 -3.27496 0
      vertex -45.5897 -3.30447 27
      vertex -45.8626 -3.27496 27
    endloop
  endfacet
  facet normal -0.107515 -0.994203 -0
    outer loop
      vertex -45.5897 -3.30447 27
      vertex -45.8626 -3.27496 0
      vertex -45.5897 -3.30447 0
    endloop
  endfacet
  facet normal -0.0742923 -0.997237 0
    outer loop
      vertex -45.5897 -3.30447 0
      vertex -45.3689 -3.32092 27
      vertex -45.5897 -3.30447 27
    endloop
  endfacet
  facet normal -0.0742923 -0.997237 -0
    outer loop
      vertex -45.3689 -3.32092 27
      vertex -45.5897 -3.30447 0
      vertex -45.3689 -3.32092 0
    endloop
  endfacet
  facet normal -0.0414395 -0.999141 0
    outer loop
      vertex -45.3689 -3.32092 0
      vertex -45.1988 -3.32798 27
      vertex -45.3689 -3.32092 27
    endloop
  endfacet
  facet normal -0.0414395 -0.999141 -0
    outer loop
      vertex -45.1988 -3.32798 27
      vertex -45.3689 -3.32092 0
      vertex -45.1988 -3.32798 0
    endloop
  endfacet
  facet normal -0.00884998 -0.999961 0
    outer loop
      vertex -45.1988 -3.32798 0
      vertex -45.0782 -3.32904 27
      vertex -45.1988 -3.32798 27
    endloop
  endfacet
  facet normal -0.00884998 -0.999961 -0
    outer loop
      vertex -45.0782 -3.32904 27
      vertex -45.1988 -3.32798 0
      vertex -45.0782 -3.32904 0
    endloop
  endfacet
  facet normal 0.0303388 -0.99954 0
    outer loop
      vertex -45.0782 -3.32904 0
      vertex -44.9824 -3.32614 27
      vertex -45.0782 -3.32904 27
    endloop
  endfacet
  facet normal 0.0303388 -0.99954 0
    outer loop
      vertex -44.9824 -3.32614 27
      vertex -45.0782 -3.32904 0
      vertex -44.9824 -3.32614 0
    endloop
  endfacet
  facet normal 0.0737413 -0.997277 0
    outer loop
      vertex -44.9824 -3.32614 0
      vertex -43.1977 -3.19417 27
      vertex -44.9824 -3.32614 27
    endloop
  endfacet
  facet normal 0.0737413 -0.997277 0
    outer loop
      vertex -43.1977 -3.19417 27
      vertex -44.9824 -3.32614 0
      vertex -43.1977 -3.19417 0
    endloop
  endfacet
  facet normal -0.99597 -0.0896915 0
    outer loop
      vertex -43.0084 -5.29679 0
      vertex -43.1977 -3.19417 27
      vertex -43.1977 -3.19417 0
    endloop
  endfacet
  facet normal -0.99597 -0.0896915 0
    outer loop
      vertex -43.1977 -3.19417 27
      vertex -43.0084 -5.29679 0
      vertex -43.0084 -5.29679 27
    endloop
  endfacet
  facet normal -0.987971 -0.15464 0
    outer loop
      vertex -42.5699 -8.09834 0
      vertex -43.0084 -5.29679 27
      vertex -43.0084 -5.29679 0
    endloop
  endfacet
  facet normal -0.987971 -0.15464 0
    outer loop
      vertex -43.0084 -5.29679 27
      vertex -42.5699 -8.09834 0
      vertex -42.5699 -8.09834 27
    endloop
  endfacet
  facet normal -0.186884 0.982382 0
    outer loop
      vertex -42.5699 -8.09834 0
      vertex -44.3106 -8.42948 27
      vertex -42.5699 -8.09834 27
    endloop
  endfacet
  facet normal -0.186884 0.982382 0
    outer loop
      vertex -44.3106 -8.42948 27
      vertex -42.5699 -8.09834 0
      vertex -44.3106 -8.42948 0
    endloop
  endfacet
  facet normal -0.229316 0.973352 0
    outer loop
      vertex -44.3106 -8.42948 0
      vertex -44.4038 -8.45145 27
      vertex -44.3106 -8.42948 27
    endloop
  endfacet
  facet normal -0.229316 0.973352 0
    outer loop
      vertex -44.4038 -8.45145 27
      vertex -44.3106 -8.42948 0
      vertex -44.4038 -8.45145 0
    endloop
  endfacet
  facet normal -0.267382 0.963591 0
    outer loop
      vertex -44.4038 -8.45145 0
      vertex -44.52 -8.4837 27
      vertex -44.4038 -8.45145 27
    endloop
  endfacet
  facet normal -0.267382 0.963591 0
    outer loop
      vertex -44.52 -8.4837 27
      vertex -44.4038 -8.45145 0
      vertex -44.52 -8.4837 0
    endloop
  endfacet
  facet normal -0.298608 0.954376 0
    outer loop
      vertex -44.52 -8.4837 0
      vertex -44.6825 -8.53454 27
      vertex -44.52 -8.4837 27
    endloop
  endfacet
  facet normal -0.298608 0.954376 0
    outer loop
      vertex -44.6825 -8.53454 27
      vertex -44.52 -8.4837 0
      vertex -44.6825 -8.53454 0
    endloop
  endfacet
  facet normal -0.329889 0.94402 0
    outer loop
      vertex -44.6825 -8.53454 0
      vertex -44.8915 -8.60758 27
      vertex -44.6825 -8.53454 27
    endloop
  endfacet
  facet normal -0.329889 0.94402 0
    outer loop
      vertex -44.8915 -8.60758 27
      vertex -44.6825 -8.53454 0
      vertex -44.8915 -8.60758 0
    endloop
  endfacet
  facet normal -0.361194 0.932491 0
    outer loop
      vertex -44.8915 -8.60758 0
      vertex -45.1475 -8.70672 27
      vertex -44.8915 -8.60758 27
    endloop
  endfacet
  facet normal -0.361194 0.932491 0
    outer loop
      vertex -45.1475 -8.70672 27
      vertex -44.8915 -8.60758 0
      vertex -45.1475 -8.70672 0
    endloop
  endfacet
  facet normal -0.392457 0.91977 0
    outer loop
      vertex -45.1475 -8.70672 0
      vertex -45.4511 -8.83626 27
      vertex -45.1475 -8.70672 27
    endloop
  endfacet
  facet normal -0.392457 0.91977 0
    outer loop
      vertex -45.4511 -8.83626 27
      vertex -45.1475 -8.70672 0
      vertex -45.4511 -8.83626 0
    endloop
  endfacet
  facet normal -0.423743 0.905782 0
    outer loop
      vertex -45.4511 -8.83626 0
      vertex -45.803 -9.00091 27
      vertex -45.4511 -8.83626 27
    endloop
  endfacet
  facet normal -0.423743 0.905782 0
    outer loop
      vertex -45.803 -9.00091 27
      vertex -45.4511 -8.83626 0
      vertex -45.803 -9.00091 0
    endloop
  endfacet
  facet normal -0.455023 0.890479 0
    outer loop
      vertex -45.803 -9.00091 0
      vertex -46.2044 -9.206 27
      vertex -45.803 -9.00091 27
    endloop
  endfacet
  facet normal -0.455023 0.890479 0
    outer loop
      vertex -46.2044 -9.206 27
      vertex -45.803 -9.00091 0
      vertex -46.2044 -9.206 0
    endloop
  endfacet
  facet normal -0.486358 0.87376 0
    outer loop
      vertex -46.2044 -9.206 0
      vertex -46.6563 -9.45752 27
      vertex -46.2044 -9.206 27
    endloop
  endfacet
  facet normal -0.486358 0.87376 0
    outer loop
      vertex -46.6563 -9.45752 27
      vertex -46.2044 -9.206 0
      vertex -46.6563 -9.45752 0
    endloop
  endfacet
  facet normal -0.517698 0.855563 0
    outer loop
      vertex -46.6563 -9.45752 0
      vertex -47.1599 -9.76227 27
      vertex -46.6563 -9.45752 27
    endloop
  endfacet
  facet normal -0.517698 0.855563 0
    outer loop
      vertex -47.1599 -9.76227 27
      vertex -46.6563 -9.45752 0
      vertex -47.1599 -9.76227 0
    endloop
  endfacet
  facet normal -0.54908 0.83577 0
    outer loop
      vertex -47.1599 -9.76227 0
      vertex -47.7166 -10.128 27
      vertex -47.1599 -9.76227 27
    endloop
  endfacet
  facet normal -0.54908 0.83577 0
    outer loop
      vertex -47.7166 -10.128 27
      vertex -47.1599 -9.76227 0
      vertex -47.7166 -10.128 0
    endloop
  endfacet
  facet normal -0.58053 0.814239 0
    outer loop
      vertex -47.7166 -10.128 0
      vertex -48.3277 -10.5637 27
      vertex -47.7166 -10.128 27
    endloop
  endfacet
  facet normal -0.58053 0.814239 0
    outer loop
      vertex -48.3277 -10.5637 27
      vertex -47.7166 -10.128 0
      vertex -48.3277 -10.5637 0
    endloop
  endfacet
  facet normal -0.611936 0.790907 0
    outer loop
      vertex -48.3277 -10.5637 0
      vertex -48.9946 -11.0797 27
      vertex -48.3277 -10.5637 27
    endloop
  endfacet
  facet normal -0.611936 0.790907 0
    outer loop
      vertex -48.9946 -11.0797 27
      vertex -48.3277 -10.5637 0
      vertex -48.9946 -11.0797 0
    endloop
  endfacet
  facet normal -0.643398 0.765531 0
    outer loop
      vertex -48.9946 -11.0797 0
      vertex -49.7182 -11.6878 27
      vertex -48.9946 -11.0797 27
    endloop
  endfacet
  facet normal -0.643398 0.765531 0
    outer loop
      vertex -49.7182 -11.6878 27
      vertex -48.9946 -11.0797 0
      vertex -49.7182 -11.6878 0
    endloop
  endfacet
  facet normal -0.674794 0.738006 0
    outer loop
      vertex -49.7182 -11.6878 0
      vertex -50.4994 -12.4021 27
      vertex -49.7182 -11.6878 27
    endloop
  endfacet
  facet normal -0.674794 0.738006 0
    outer loop
      vertex -50.4994 -12.4021 27
      vertex -49.7182 -11.6878 0
      vertex -50.4994 -12.4021 0
    endloop
  endfacet
  facet normal -0.965926 -0.258818 0
    outer loop
      vertex -49.9348 -14.5091 0
      vertex -50.4994 -12.4021 27
      vertex -50.4994 -12.4021 0
    endloop
  endfacet
  facet normal -0.965926 -0.258818 0
    outer loop
      vertex -50.4994 -12.4021 27
      vertex -49.9348 -14.5091 0
      vertex -49.9348 -14.5091 27
    endloop
  endfacet
  facet normal -0.21538 -0.97653 0
    outer loop
      vertex -49.9348 -14.5091 0
      vertex -48.9011 -14.7371 27
      vertex -49.9348 -14.5091 27
    endloop
  endfacet
  facet normal -0.21538 -0.97653 -0
    outer loop
      vertex -48.9011 -14.7371 27
      vertex -49.9348 -14.5091 0
      vertex -48.9011 -14.7371 0
    endloop
  endfacet
  facet normal -0.174432 -0.984669 0
    outer loop
      vertex -48.9011 -14.7371 0
      vertex -47.9704 -14.902 27
      vertex -48.9011 -14.7371 27
    endloop
  endfacet
  facet normal -0.174432 -0.984669 -0
    outer loop
      vertex -47.9704 -14.902 27
      vertex -48.9011 -14.7371 0
      vertex -47.9704 -14.902 0
    endloop
  endfacet
  facet normal -0.134501 -0.990913 0
    outer loop
      vertex -47.9704 -14.902 0
      vertex -47.1349 -15.0154 27
      vertex -47.9704 -14.902 27
    endloop
  endfacet
  facet normal -0.134501 -0.990913 -0
    outer loop
      vertex -47.1349 -15.0154 27
      vertex -47.9704 -14.902 0
      vertex -47.1349 -15.0154 0
    endloop
  endfacet
  facet normal -0.0956213 -0.995418 0
    outer loop
      vertex -47.1349 -15.0154 0
      vertex -46.3878 -15.0872 27
      vertex -47.1349 -15.0154 27
    endloop
  endfacet
  facet normal -0.0956213 -0.995418 -0
    outer loop
      vertex -46.3878 -15.0872 27
      vertex -47.1349 -15.0154 0
      vertex -46.3878 -15.0872 0
    endloop
  endfacet
  facet normal -0.0576496 -0.998337 0
    outer loop
      vertex -46.3878 -15.0872 0
      vertex -45.7228 -15.1256 27
      vertex -46.3878 -15.0872 27
    endloop
  endfacet
  facet normal -0.0576496 -0.998337 -0
    outer loop
      vertex -45.7228 -15.1256 27
      vertex -46.3878 -15.0872 0
      vertex -45.7228 -15.1256 0
    endloop
  endfacet
  facet normal -0.0205667 -0.999788 0
    outer loop
      vertex -45.7228 -15.1256 0
      vertex -45.1343 -15.1377 27
      vertex -45.7228 -15.1256 27
    endloop
  endfacet
  facet normal -0.0205667 -0.999788 -0
    outer loop
      vertex -45.1343 -15.1377 27
      vertex -45.7228 -15.1256 0
      vertex -45.1343 -15.1377 0
    endloop
  endfacet
  facet normal 0.0157118 -0.999877 0
    outer loop
      vertex -45.1343 -15.1377 0
      vertex -44.6172 -15.1295 27
      vertex -45.1343 -15.1377 27
    endloop
  endfacet
  facet normal 0.0157118 -0.999877 0
    outer loop
      vertex -44.6172 -15.1295 27
      vertex -45.1343 -15.1377 0
      vertex -44.6172 -15.1295 0
    endloop
  endfacet
  facet normal 0.0511453 -0.998691 0
    outer loop
      vertex -44.6172 -15.1295 0
      vertex -44.1671 -15.1065 27
      vertex -44.6172 -15.1295 27
    endloop
  endfacet
  facet normal 0.0511453 -0.998691 0
    outer loop
      vertex -44.1671 -15.1065 27
      vertex -44.6172 -15.1295 0
      vertex -44.1671 -15.1065 0
    endloop
  endfacet
  facet normal 0.0859138 -0.996303 0
    outer loop
      vertex -44.1671 -15.1065 0
      vertex -43.7799 -15.0731 27
      vertex -44.1671 -15.1065 27
    endloop
  endfacet
  facet normal 0.0859138 -0.996303 0
    outer loop
      vertex -43.7799 -15.0731 27
      vertex -44.1671 -15.1065 0
      vertex -43.7799 -15.0731 0
    endloop
  endfacet
  facet normal 0.120006 -0.992773 0
    outer loop
      vertex -43.7799 -15.0731 0
      vertex -43.4523 -15.0335 27
      vertex -43.7799 -15.0731 27
    endloop
  endfacet
  facet normal 0.120006 -0.992773 0
    outer loop
      vertex -43.4523 -15.0335 27
      vertex -43.7799 -15.0731 0
      vertex -43.4523 -15.0335 0
    endloop
  endfacet
  facet normal 0.153461 -0.988155 0
    outer loop
      vertex -43.4523 -15.0335 0
      vertex -43.181 -14.9914 27
      vertex -43.4523 -15.0335 27
    endloop
  endfacet
  facet normal 0.153461 -0.988155 0
    outer loop
      vertex -43.181 -14.9914 27
      vertex -43.4523 -15.0335 0
      vertex -43.181 -14.9914 0
    endloop
  endfacet
  facet normal 0.186336 -0.982486 0
    outer loop
      vertex -43.181 -14.9914 0
      vertex -42.9635 -14.9501 27
      vertex -43.181 -14.9914 27
    endloop
  endfacet
  facet normal 0.186336 -0.982486 0
    outer loop
      vertex -42.9635 -14.9501 27
      vertex -43.181 -14.9914 0
      vertex -42.9635 -14.9501 0
    endloop
  endfacet
  facet normal 0.218584 -0.975818 0
    outer loop
      vertex -42.9635 -14.9501 0
      vertex -42.7973 -14.9129 27
      vertex -42.9635 -14.9501 27
    endloop
  endfacet
  facet normal 0.218584 -0.975818 0
    outer loop
      vertex -42.7973 -14.9129 27
      vertex -42.9635 -14.9501 0
      vertex -42.7973 -14.9129 0
    endloop
  endfacet
  facet normal 0.250298 -0.968169 0
    outer loop
      vertex -42.7973 -14.9129 0
      vertex -42.6806 -14.8827 27
      vertex -42.7973 -14.9129 27
    endloop
  endfacet
  facet normal 0.250298 -0.968169 0
    outer loop
      vertex -42.6806 -14.8827 27
      vertex -42.7973 -14.9129 0
      vertex -42.6806 -14.8827 0
    endloop
  endfacet
  facet normal 0.28806 -0.957612 0
    outer loop
      vertex -42.6806 -14.8827 0
      vertex -42.5888 -14.8551 27
      vertex -42.6806 -14.8827 27
    endloop
  endfacet
  facet normal 0.28806 -0.957612 0
    outer loop
      vertex -42.5888 -14.8551 27
      vertex -42.6806 -14.8827 0
      vertex -42.5888 -14.8551 0
    endloop
  endfacet
  facet normal 0.329342 -0.944211 0
    outer loop
      vertex -42.5888 -14.8551 0
      vertex -40.8991 -14.2657 27
      vertex -42.5888 -14.8551 27
    endloop
  endfacet
  facet normal 0.329342 -0.944211 0
    outer loop
      vertex -40.8991 -14.2657 27
      vertex -42.5888 -14.8551 0
      vertex -40.8991 -14.2657 0
    endloop
  endfacet
  facet normal -0.938815 -0.344421 0
    outer loop
      vertex -40.172 -16.2477 0
      vertex -40.8991 -14.2657 27
      vertex -40.8991 -14.2657 0
    endloop
  endfacet
  facet normal -0.938815 -0.344421 0
    outer loop
      vertex -40.8991 -14.2657 27
      vertex -40.172 -16.2477 0
      vertex -40.172 -16.2477 27
    endloop
  endfacet
  facet normal -0.914282 -0.405079 0
    outer loop
      vertex -39.0233 -18.8403 0
      vertex -40.172 -16.2477 27
      vertex -40.172 -16.2477 0
    endloop
  endfacet
  facet normal -0.914282 -0.405079 0
    outer loop
      vertex -40.172 -16.2477 27
      vertex -39.0233 -18.8403 0
      vertex -39.0233 -18.8403 27
    endloop
  endfacet
  facet normal -0.434778 0.900538 0
    outer loop
      vertex -39.0233 -18.8403 0
      vertex -40.619 -19.6107 27
      vertex -39.0233 -18.8403 27
    endloop
  endfacet
  facet normal -0.434778 0.900538 0
    outer loop
      vertex -40.619 -19.6107 27
      vertex -39.0233 -18.8403 0
      vertex -40.619 -19.6107 0
    endloop
  endfacet
  facet normal -0.473303 0.880899 0
    outer loop
      vertex -40.619 -19.6107 0
      vertex -40.7034 -19.656 27
      vertex -40.619 -19.6107 27
    endloop
  endfacet
  facet normal -0.473303 0.880899 0
    outer loop
      vertex -40.7034 -19.656 27
      vertex -40.619 -19.6107 0
      vertex -40.7034 -19.656 0
    endloop
  endfacet
  facet normal -0.50776 0.861498 0
    outer loop
      vertex -40.7034 -19.656 0
      vertex -40.8073 -19.7173 27
      vertex -40.7034 -19.656 27
    endloop
  endfacet
  facet normal -0.50776 0.861498 0
    outer loop
      vertex -40.8073 -19.7173 27
      vertex -40.7034 -19.656 0
      vertex -40.8073 -19.7173 0
    endloop
  endfacet
  facet normal -0.535458 0.844562 0
    outer loop
      vertex -40.8073 -19.7173 0
      vertex -40.9511 -19.8084 27
      vertex -40.8073 -19.7173 27
    endloop
  endfacet
  facet normal -0.535458 0.844562 0
    outer loop
      vertex -40.9511 -19.8084 27
      vertex -40.8073 -19.7173 0
      vertex -40.9511 -19.8084 0
    endloop
  endfacet
  facet normal -0.56299 0.826463 0
    outer loop
      vertex -40.9511 -19.8084 0
      vertex -41.1341 -19.9331 27
      vertex -40.9511 -19.8084 27
    endloop
  endfacet
  facet normal -0.56299 0.826463 0
    outer loop
      vertex -41.1341 -19.9331 27
      vertex -40.9511 -19.8084 0
      vertex -41.1341 -19.9331 0
    endloop
  endfacet
  facet normal -0.590206 0.807253 0
    outer loop
      vertex -41.1341 -19.9331 0
      vertex -41.3557 -20.0951 27
      vertex -41.1341 -19.9331 27
    endloop
  endfacet
  facet normal -0.590206 0.807253 0
    outer loop
      vertex -41.3557 -20.0951 27
      vertex -41.1341 -19.9331 0
      vertex -41.3557 -20.0951 0
    endloop
  endfacet
  facet normal -0.617124 0.786866 0
    outer loop
      vertex -41.3557 -20.0951 0
      vertex -41.6154 -20.2988 27
      vertex -41.3557 -20.0951 27
    endloop
  endfacet
  facet normal -0.617124 0.786866 0
    outer loop
      vertex -41.6154 -20.2988 27
      vertex -41.3557 -20.0951 0
      vertex -41.6154 -20.2988 0
    endloop
  endfacet
  facet normal -0.643762 0.765226 0
    outer loop
      vertex -41.6154 -20.2988 0
      vertex -41.9127 -20.5489 27
      vertex -41.6154 -20.2988 27
    endloop
  endfacet
  facet normal -0.643762 0.765226 0
    outer loop
      vertex -41.9127 -20.5489 27
      vertex -41.6154 -20.2988 0
      vertex -41.9127 -20.5489 0
    endloop
  endfacet
  facet normal -0.669966 0.742392 0
    outer loop
      vertex -41.9127 -20.5489 0
      vertex -42.2473 -20.8509 27
      vertex -41.9127 -20.5489 27
    endloop
  endfacet
  facet normal -0.669966 0.742392 0
    outer loop
      vertex -42.2473 -20.8509 27
      vertex -41.9127 -20.5489 0
      vertex -42.2473 -20.8509 0
    endloop
  endfacet
  facet normal -0.695939 0.718101 0
    outer loop
      vertex -42.2473 -20.8509 0
      vertex -42.6187 -21.2108 27
      vertex -42.2473 -20.8509 27
    endloop
  endfacet
  facet normal -0.695939 0.718101 0
    outer loop
      vertex -42.6187 -21.2108 27
      vertex -42.2473 -20.8509 0
      vertex -42.6187 -21.2108 0
    endloop
  endfacet
  facet normal -0.721494 0.69242 0
    outer loop
      vertex -43.0263 -21.6355 0
      vertex -42.6187 -21.2108 27
      vertex -42.6187 -21.2108 0
    endloop
  endfacet
  facet normal -0.721494 0.69242 0
    outer loop
      vertex -42.6187 -21.2108 27
      vertex -43.0263 -21.6355 0
      vertex -43.0263 -21.6355 27
    endloop
  endfacet
  facet normal -0.746693 0.665169 0
    outer loop
      vertex -43.4694 -22.1329 0
      vertex -43.0263 -21.6355 27
      vertex -43.0263 -21.6355 0
    endloop
  endfacet
  facet normal -0.746693 0.665169 0
    outer loop
      vertex -43.0263 -21.6355 27
      vertex -43.4694 -22.1329 0
      vertex -43.4694 -22.1329 27
    endloop
  endfacet
  facet normal -0.771477 0.636258 0
    outer loop
      vertex -43.9469 -22.7119 0
      vertex -43.4694 -22.1329 27
      vertex -43.4694 -22.1329 0
    endloop
  endfacet
  facet normal -0.771477 0.636258 0
    outer loop
      vertex -43.4694 -22.1329 27
      vertex -43.9469 -22.7119 0
      vertex -43.9469 -22.7119 27
    endloop
  endfacet
  facet normal -0.795793 0.605569 0
    outer loop
      vertex -44.4575 -23.3828 0
      vertex -43.9469 -22.7119 27
      vertex -43.9469 -22.7119 0
    endloop
  endfacet
  facet normal -0.795793 0.605569 0
    outer loop
      vertex -43.9469 -22.7119 27
      vertex -44.4575 -23.3828 0
      vertex -44.4575 -23.3828 27
    endloop
  endfacet
  facet normal -0.81961 0.572922 0
    outer loop
      vertex -44.999 -24.1576 0
      vertex -44.4575 -23.3828 27
      vertex -44.4575 -23.3828 0
    endloop
  endfacet
  facet normal -0.81961 0.572922 0
    outer loop
      vertex -44.4575 -23.3828 27
      vertex -44.999 -24.1576 0
      vertex -44.999 -24.1576 27
    endloop
  endfacet
  facet normal -0.842811 0.538209 0
    outer loop
      vertex -45.5687 -25.0497 0
      vertex -44.999 -24.1576 27
      vertex -44.999 -24.1576 0
    endloop
  endfacet
  facet normal -0.842811 0.538209 0
    outer loop
      vertex -44.999 -24.1576 27
      vertex -45.5687 -25.0497 0
      vertex -45.5687 -25.0497 27
    endloop
  endfacet
  facet normal -0.866025 -0.5 0
    outer loop
      vertex -44.4781 -26.9388 0
      vertex -45.5687 -25.0497 27
      vertex -45.5687 -25.0497 0
    endloop
  endfacet
  facet normal -0.866025 -0.5 0
    outer loop
      vertex -45.5687 -25.0497 27
      vertex -44.4781 -26.9388 0
      vertex -44.4781 -26.9388 27
    endloop
  endfacet
  facet normal 0.0447018 -0.999 0
    outer loop
      vertex -44.4781 -26.9388 0
      vertex -43.4206 -26.8915 27
      vertex -44.4781 -26.9388 27
    endloop
  endfacet
  facet normal 0.0447018 -0.999 0
    outer loop
      vertex -43.4206 -26.8915 27
      vertex -44.4781 -26.9388 0
      vertex -43.4206 -26.8915 0
    endloop
  endfacet
  facet normal 0.0863756 -0.996263 0
    outer loop
      vertex -43.4206 -26.8915 0
      vertex -42.4789 -26.8099 27
      vertex -43.4206 -26.8915 27
    endloop
  endfacet
  facet normal 0.0863756 -0.996263 0
    outer loop
      vertex -42.4789 -26.8099 27
      vertex -43.4206 -26.8915 0
      vertex -42.4789 -26.8099 0
    endloop
  endfacet
  facet normal 0.126525 -0.991963 0
    outer loop
      vertex -42.4789 -26.8099 0
      vertex -41.6426 -26.7032 27
      vertex -42.4789 -26.8099 27
    endloop
  endfacet
  facet normal 0.126525 -0.991963 0
    outer loop
      vertex -41.6426 -26.7032 27
      vertex -42.4789 -26.8099 0
      vertex -41.6426 -26.7032 0
    endloop
  endfacet
  facet normal 0.165287 -0.986245 0
    outer loop
      vertex -41.6426 -26.7032 0
      vertex -40.9023 -26.5791 27
      vertex -41.6426 -26.7032 27
    endloop
  endfacet
  facet normal 0.165287 -0.986245 0
    outer loop
      vertex -40.9023 -26.5791 27
      vertex -41.6426 -26.7032 0
      vertex -40.9023 -26.5791 0
    endloop
  endfacet
  facet normal 0.202701 -0.979241 0
    outer loop
      vertex -40.9023 -26.5791 0
      vertex -40.2501 -26.4441 27
      vertex -40.9023 -26.5791 27
    endloop
  endfacet
  facet normal 0.202701 -0.979241 0
    outer loop
      vertex -40.2501 -26.4441 27
      vertex -40.9023 -26.5791 0
      vertex -40.2501 -26.4441 0
    endloop
  endfacet
  facet normal 0.2389 -0.971044 0
    outer loop
      vertex -40.2501 -26.4441 0
      vertex -39.6784 -26.3035 27
      vertex -40.2501 -26.4441 27
    endloop
  endfacet
  facet normal 0.2389 -0.971044 0
    outer loop
      vertex -39.6784 -26.3035 27
      vertex -40.2501 -26.4441 0
      vertex -39.6784 -26.3035 0
    endloop
  endfacet
  facet normal 0.273949 -0.961744 0
    outer loop
      vertex -39.6784 -26.3035 0
      vertex -39.1811 -26.1618 27
      vertex -39.6784 -26.3035 27
    endloop
  endfacet
  facet normal 0.273949 -0.961744 0
    outer loop
      vertex -39.1811 -26.1618 27
      vertex -39.6784 -26.3035 0
      vertex -39.1811 -26.1618 0
    endloop
  endfacet
  facet normal 0.307886 -0.951423 0
    outer loop
      vertex -39.1811 -26.1618 0
      vertex -38.7523 -26.023 27
      vertex -39.1811 -26.1618 27
    endloop
  endfacet
  facet normal 0.307886 -0.951423 0
    outer loop
      vertex -38.7523 -26.023 27
      vertex -39.1811 -26.1618 0
      vertex -38.7523 -26.023 0
    endloop
  endfacet
  facet normal 0.340853 -0.940117 0
    outer loop
      vertex -38.7523 -26.023 0
      vertex -38.3869 -25.8906 27
      vertex -38.7523 -26.023 27
    endloop
  endfacet
  facet normal 0.340853 -0.940117 0
    outer loop
      vertex -38.3869 -25.8906 27
      vertex -38.7523 -26.023 0
      vertex -38.3869 -25.8906 0
    endloop
  endfacet
  facet normal 0.372877 -0.927881 0
    outer loop
      vertex -38.3869 -25.8906 0
      vertex -38.0807 -25.7675 27
      vertex -38.3869 -25.8906 27
    endloop
  endfacet
  facet normal 0.372877 -0.927881 0
    outer loop
      vertex -38.0807 -25.7675 27
      vertex -38.3869 -25.8906 0
      vertex -38.0807 -25.7675 0
    endloop
  endfacet
  facet normal 0.403983 -0.914767 0
    outer loop
      vertex -38.0807 -25.7675 0
      vertex -37.8296 -25.6566 27
      vertex -38.0807 -25.7675 27
    endloop
  endfacet
  facet normal 0.403983 -0.914767 0
    outer loop
      vertex -37.8296 -25.6566 27
      vertex -38.0807 -25.7675 0
      vertex -37.8296 -25.6566 0
    endloop
  endfacet
  facet normal 0.434295 -0.900771 0
    outer loop
      vertex -37.8296 -25.6566 0
      vertex -37.6302 -25.5605 27
      vertex -37.8296 -25.6566 27
    endloop
  endfacet
  facet normal 0.434295 -0.900771 0
    outer loop
      vertex -37.6302 -25.5605 27
      vertex -37.8296 -25.6566 0
      vertex -37.6302 -25.5605 0
    endloop
  endfacet
  facet normal 0.463726 -0.885978 0
    outer loop
      vertex -37.6302 -25.5605 0
      vertex -37.4793 -25.4815 27
      vertex -37.6302 -25.5605 27
    endloop
  endfacet
  facet normal 0.463726 -0.885978 0
    outer loop
      vertex -37.4793 -25.4815 27
      vertex -37.6302 -25.5605 0
      vertex -37.4793 -25.4815 0
    endloop
  endfacet
  facet normal 0.492298 -0.870427 0
    outer loop
      vertex -37.4793 -25.4815 0
      vertex -37.3744 -25.4222 27
      vertex -37.4793 -25.4815 27
    endloop
  endfacet
  facet normal 0.492298 -0.870427 0
    outer loop
      vertex -37.3744 -25.4222 27
      vertex -37.4793 -25.4815 0
      vertex -37.3744 -25.4222 0
    endloop
  endfacet
  facet normal 0.525997 -0.850486 0
    outer loop
      vertex -37.3744 -25.4222 0
      vertex -37.2928 -25.3717 27
      vertex -37.3744 -25.4222 27
    endloop
  endfacet
  facet normal 0.525997 -0.850486 0
    outer loop
      vertex -37.2928 -25.3717 27
      vertex -37.3744 -25.4222 0
      vertex -37.2928 -25.3717 0
    endloop
  endfacet
  facet normal 0.562502 -0.826796 0
    outer loop
      vertex -37.2928 -25.3717 0
      vertex -35.8132 -24.3651 27
      vertex -37.2928 -25.3717 27
    endloop
  endfacet
  facet normal 0.562502 -0.826796 0
    outer loop
      vertex -35.8132 -24.3651 27
      vertex -37.2928 -25.3717 0
      vertex -35.8132 -24.3651 0
    endloop
  endfacet
  facet normal -0.817689 -0.57566 0
    outer loop
      vertex -34.5979 -26.0913 0
      vertex -35.8132 -24.3651 27
      vertex -35.8132 -24.3651 0
    endloop
  endfacet
  facet normal -0.817689 -0.57566 0
    outer loop
      vertex -35.8132 -24.3651 27
      vertex -34.5979 -26.0913 0
      vertex -34.5979 -26.0913 27
    endloop
  endfacet
  facet normal -0.778287 -0.627909 0
    outer loop
      vertex -32.8174 -28.2983 0
      vertex -34.5979 -26.0913 27
      vertex -34.5979 -26.0913 0
    endloop
  endfacet
  facet normal -0.778287 -0.627909 0
    outer loop
      vertex -34.5979 -26.0913 27
      vertex -32.8174 -28.2983 0
      vertex -32.8174 -28.2983 27
    endloop
  endfacet
  facet normal -0.653038 0.757325 0
    outer loop
      vertex -32.8174 -28.2983 0
      vertex -34.1593 -29.4554 27
      vertex -32.8174 -28.2983 27
    endloop
  endfacet
  facet normal -0.653038 0.757325 0
    outer loop
      vertex -34.1593 -29.4554 27
      vertex -32.8174 -28.2983 0
      vertex -34.1593 -29.4554 0
    endloop
  endfacet
  facet normal -0.685257 0.728301 0
    outer loop
      vertex -34.1593 -29.4554 0
      vertex -34.2291 -29.5211 27
      vertex -34.1593 -29.4554 27
    endloop
  endfacet
  facet normal -0.685257 0.728301 0
    outer loop
      vertex -34.2291 -29.5211 27
      vertex -34.1593 -29.4554 0
      vertex -34.2291 -29.5211 0
    endloop
  endfacet
  facet normal -0.713405 0.700752 0
    outer loop
      vertex -34.3136 -29.6071 0
      vertex -34.2291 -29.5211 27
      vertex -34.2291 -29.5211 0
    endloop
  endfacet
  facet normal -0.713405 0.700752 0
    outer loop
      vertex -34.2291 -29.5211 27
      vertex -34.3136 -29.6071 0
      vertex -34.3136 -29.6071 27
    endloop
  endfacet
  facet normal -0.735737 0.677268 0
    outer loop
      vertex -34.4289 -29.7324 0
      vertex -34.3136 -29.6071 27
      vertex -34.3136 -29.6071 0
    endloop
  endfacet
  facet normal -0.735737 0.677268 0
    outer loop
      vertex -34.3136 -29.6071 27
      vertex -34.4289 -29.7324 0
      vertex -34.4289 -29.7324 27
    endloop
  endfacet
  facet normal -0.757742 0.652555 0
    outer loop
      vertex -34.5734 -29.9002 0
      vertex -34.4289 -29.7324 27
      vertex -34.4289 -29.7324 0
    endloop
  endfacet
  facet normal -0.757742 0.652555 0
    outer loop
      vertex -34.4289 -29.7324 27
      vertex -34.5734 -29.9002 0
      vertex -34.5734 -29.9002 27
    endloop
  endfacet
  facet normal -0.779041 0.626973 0
    outer loop
      vertex -34.7455 -30.114 0
      vertex -34.5734 -29.9002 27
      vertex -34.5734 -29.9002 0
    endloop
  endfacet
  facet normal -0.779041 0.626973 0
    outer loop
      vertex -34.5734 -29.9002 27
      vertex -34.7455 -30.114 0
      vertex -34.7455 -30.114 27
    endloop
  endfacet
  facet normal -0.799755 0.600326 0
    outer loop
      vertex -34.9437 -30.378 0
      vertex -34.7455 -30.114 27
      vertex -34.7455 -30.114 0
    endloop
  endfacet
  facet normal -0.799755 0.600326 0
    outer loop
      vertex -34.7455 -30.114 27
      vertex -34.9437 -30.378 0
      vertex -34.9437 -30.378 27
    endloop
  endfacet
  facet normal -0.819865 0.572557 0
    outer loop
      vertex -35.1661 -30.6965 0
      vertex -34.9437 -30.378 27
      vertex -34.9437 -30.378 0
    endloop
  endfacet
  facet normal -0.819865 0.572557 0
    outer loop
      vertex -34.9437 -30.378 27
      vertex -35.1661 -30.6965 0
      vertex -35.1661 -30.6965 27
    endloop
  endfacet
  facet normal -0.839293 0.54368 0
    outer loop
      vertex -35.4112 -31.0748 0
      vertex -35.1661 -30.6965 27
      vertex -35.1661 -30.6965 0
    endloop
  endfacet
  facet normal -0.839293 0.54368 0
    outer loop
      vertex -35.1661 -30.6965 27
      vertex -35.4112 -31.0748 0
      vertex -35.4112 -31.0748 27
    endloop
  endfacet
  facet normal -0.858079 0.513518 0
    outer loop
      vertex -35.6768 -31.5186 0
      vertex -35.4112 -31.0748 27
      vertex -35.4112 -31.0748 0
    endloop
  endfacet
  facet normal -0.858079 0.513518 0
    outer loop
      vertex -35.4112 -31.0748 27
      vertex -35.6768 -31.5186 0
      vertex -35.6768 -31.5186 27
    endloop
  endfacet
  facet normal -0.876125 0.482083 0
    outer loop
      vertex -35.9605 -32.0343 0
      vertex -35.6768 -31.5186 27
      vertex -35.6768 -31.5186 0
    endloop
  endfacet
  facet normal -0.876125 0.482083 0
    outer loop
      vertex -35.6768 -31.5186 27
      vertex -35.9605 -32.0343 0
      vertex -35.9605 -32.0343 27
    endloop
  endfacet
  facet normal -0.893408 0.449247 0
    outer loop
      vertex -36.2598 -32.6294 0
      vertex -35.9605 -32.0343 27
      vertex -35.9605 -32.0343 0
    endloop
  endfacet
  facet normal -0.893408 0.449247 0
    outer loop
      vertex -35.9605 -32.0343 27
      vertex -36.2598 -32.6294 0
      vertex -36.2598 -32.6294 27
    endloop
  endfacet
  facet normal -0.909864 0.414906 0
    outer loop
      vertex -36.5712 -33.3123 0
      vertex -36.2598 -32.6294 27
      vertex -36.2598 -32.6294 0
    endloop
  endfacet
  facet normal -0.909864 0.414906 0
    outer loop
      vertex -36.2598 -32.6294 27
      vertex -36.5712 -33.3123 0
      vertex -36.5712 -33.3123 27
    endloop
  endfacet
  facet normal -0.925409 0.378969 0
    outer loop
      vertex -36.8907 -34.0925 0
      vertex -36.5712 -33.3123 27
      vertex -36.5712 -33.3123 0
    endloop
  endfacet
  facet normal -0.925409 0.378969 0
    outer loop
      vertex -36.5712 -33.3123 27
      vertex -36.8907 -34.0925 0
      vertex -36.8907 -34.0925 27
    endloop
  endfacet
  facet normal -0.939967 0.341264 0
    outer loop
      vertex -37.2133 -34.981 0
      vertex -36.8907 -34.0925 27
      vertex -36.8907 -34.0925 0
    endloop
  endfacet
  facet normal -0.939967 0.341264 0
    outer loop
      vertex -36.8907 -34.0925 27
      vertex -37.2133 -34.981 0
      vertex -37.2133 -34.981 27
    endloop
  endfacet
  facet normal -0.95339 0.30174 0
    outer loop
      vertex -37.5327 -35.9902 0
      vertex -37.2133 -34.981 27
      vertex -37.2133 -34.981 0
    endloop
  endfacet
  facet normal -0.95339 0.30174 0
    outer loop
      vertex -37.2133 -34.981 27
      vertex -37.5327 -35.9902 0
      vertex -37.5327 -35.9902 27
    endloop
  endfacet
  facet normal -0.707106 -0.707108 0
    outer loop
      vertex -37.5327 -35.9902 0
      vertex -35.9902 -37.5327 27
      vertex -37.5327 -35.9902 27
    endloop
  endfacet
  facet normal -0.707106 -0.707108 -0
    outer loop
      vertex -35.9902 -37.5327 27
      vertex -37.5327 -35.9902 0
      vertex -35.9902 -37.5327 0
    endloop
  endfacet
  facet normal 0.301736 -0.953391 0
    outer loop
      vertex -35.9902 -37.5327 0
      vertex -34.981 -37.2133 27
      vertex -35.9902 -37.5327 27
    endloop
  endfacet
  facet normal 0.301736 -0.953391 0
    outer loop
      vertex -34.981 -37.2133 27
      vertex -35.9902 -37.5327 0
      vertex -34.981 -37.2133 0
    endloop
  endfacet
  facet normal 0.341294 -0.939957 0
    outer loop
      vertex -34.981 -37.2133 0
      vertex -34.0926 -36.8907 27
      vertex -34.981 -37.2133 27
    endloop
  endfacet
  facet normal 0.341294 -0.939957 0
    outer loop
      vertex -34.0926 -36.8907 27
      vertex -34.981 -37.2133 0
      vertex -34.0926 -36.8907 0
    endloop
  endfacet
  facet normal 0.378956 -0.925415 0
    outer loop
      vertex -34.0926 -36.8907 0
      vertex -33.3123 -36.5712 27
      vertex -34.0926 -36.8907 27
    endloop
  endfacet
  facet normal 0.378956 -0.925415 0
    outer loop
      vertex -33.3123 -36.5712 27
      vertex -34.0926 -36.8907 0
      vertex -33.3123 -36.5712 0
    endloop
  endfacet
  facet normal 0.414916 -0.90986 0
    outer loop
      vertex -33.3123 -36.5712 0
      vertex -32.6294 -36.2598 27
      vertex -33.3123 -36.5712 27
    endloop
  endfacet
  facet normal 0.414916 -0.90986 0
    outer loop
      vertex -32.6294 -36.2598 27
      vertex -33.3123 -36.5712 0
      vertex -32.6294 -36.2598 0
    endloop
  endfacet
  facet normal 0.449235 -0.893414 0
    outer loop
      vertex -32.6294 -36.2598 0
      vertex -32.0343 -35.9605 27
      vertex -32.6294 -36.2598 27
    endloop
  endfacet
  facet normal 0.449235 -0.893414 0
    outer loop
      vertex -32.0343 -35.9605 27
      vertex -32.6294 -36.2598 0
      vertex -32.0343 -35.9605 0
    endloop
  endfacet
  facet normal 0.482072 -0.876131 0
    outer loop
      vertex -32.0343 -35.9605 0
      vertex -31.5186 -35.6768 27
      vertex -32.0343 -35.9605 27
    endloop
  endfacet
  facet normal 0.482072 -0.876131 0
    outer loop
      vertex -31.5186 -35.6768 27
      vertex -32.0343 -35.9605 0
      vertex -31.5186 -35.6768 0
    endloop
  endfacet
  facet normal 0.513541 -0.858065 0
    outer loop
      vertex -31.5186 -35.6768 0
      vertex -31.0748 -35.4112 27
      vertex -31.5186 -35.6768 27
    endloop
  endfacet
  facet normal 0.513541 -0.858065 0
    outer loop
      vertex -31.0748 -35.4112 27
      vertex -31.5186 -35.6768 0
      vertex -31.0748 -35.4112 0
    endloop
  endfacet
  facet normal 0.543654 -0.83931 0
    outer loop
      vertex -31.0748 -35.4112 0
      vertex -30.6966 -35.1661 27
      vertex -31.0748 -35.4112 27
    endloop
  endfacet
  facet normal 0.543654 -0.83931 0
    outer loop
      vertex -30.6966 -35.1661 27
      vertex -31.0748 -35.4112 0
      vertex -30.6966 -35.1661 0
    endloop
  endfacet
  facet normal 0.572556 -0.819866 0
    outer loop
      vertex -30.6966 -35.1661 0
      vertex -30.378 -34.9437 27
      vertex -30.6966 -35.1661 27
    endloop
  endfacet
  facet normal 0.572556 -0.819866 0
    outer loop
      vertex -30.378 -34.9437 27
      vertex -30.6966 -35.1661 0
      vertex -30.378 -34.9437 0
    endloop
  endfacet
  facet normal 0.600341 -0.799744 0
    outer loop
      vertex -30.378 -34.9437 0
      vertex -30.114 -34.7455 27
      vertex -30.378 -34.9437 27
    endloop
  endfacet
  facet normal 0.600341 -0.799744 0
    outer loop
      vertex -30.114 -34.7455 27
      vertex -30.378 -34.9437 0
      vertex -30.114 -34.7455 0
    endloop
  endfacet
  facet normal 0.626941 -0.779066 0
    outer loop
      vertex -30.114 -34.7455 0
      vertex -29.9002 -34.5734 27
      vertex -30.114 -34.7455 27
    endloop
  endfacet
  facet normal 0.626941 -0.779066 0
    outer loop
      vertex -29.9002 -34.5734 27
      vertex -30.114 -34.7455 0
      vertex -29.9002 -34.5734 0
    endloop
  endfacet
  facet normal 0.652631 -0.757676 0
    outer loop
      vertex -29.9002 -34.5734 0
      vertex -29.7324 -34.4289 27
      vertex -29.9002 -34.5734 27
    endloop
  endfacet
  facet normal 0.652631 -0.757676 0
    outer loop
      vertex -29.7324 -34.4289 27
      vertex -29.9002 -34.5734 0
      vertex -29.7324 -34.4289 0
    endloop
  endfacet
  facet normal 0.677177 -0.73582 0
    outer loop
      vertex -29.7324 -34.4289 0
      vertex -29.6071 -34.3136 27
      vertex -29.7324 -34.4289 27
    endloop
  endfacet
  facet normal 0.677177 -0.73582 0
    outer loop
      vertex -29.6071 -34.3136 27
      vertex -29.7324 -34.4289 0
      vertex -29.6071 -34.3136 0
    endloop
  endfacet
  facet normal 0.700847 -0.713312 0
    outer loop
      vertex -29.6071 -34.3136 0
      vertex -29.5211 -34.2291 27
      vertex -29.6071 -34.3136 27
    endloop
  endfacet
  facet normal 0.700847 -0.713312 0
    outer loop
      vertex -29.5211 -34.2291 27
      vertex -29.6071 -34.3136 0
      vertex -29.5211 -34.2291 0
    endloop
  endfacet
  facet normal 0.728195 -0.68537 0
    outer loop
      vertex -29.5211 -34.2291 27
      vertex -29.4554 -34.1593 0
      vertex -29.4554 -34.1593 27
    endloop
  endfacet
  facet normal 0.728195 -0.68537 0
    outer loop
      vertex -29.4554 -34.1593 0
      vertex -29.5211 -34.2291 27
      vertex -29.5211 -34.2291 0
    endloop
  endfacet
  facet normal 0.757324 -0.653039 0
    outer loop
      vertex -29.4554 -34.1593 27
      vertex -28.2868 -32.804 0
      vertex -28.2868 -32.804 27
    endloop
  endfacet
  facet normal 0.757324 -0.653039 0
    outer loop
      vertex -28.2868 -32.804 0
      vertex -29.4554 -34.1593 27
      vertex -29.4554 -34.1593 0
    endloop
  endfacet
  facet normal -0.640839 -0.767675 0
    outer loop
      vertex -28.2868 -32.804 0
      vertex -26.6661 -34.1569 27
      vertex -28.2868 -32.804 27
    endloop
  endfacet
  facet normal -0.640839 -0.767675 -0
    outer loop
      vertex -26.6661 -34.1569 27
      vertex -28.2868 -32.804 0
      vertex -26.6661 -34.1569 0
    endloop
  endfacet
  facet normal -0.589248 -0.807952 0
    outer loop
      vertex -26.6661 -34.1569 0
      vertex -24.375 -35.8278 27
      vertex -26.6661 -34.1569 27
    endloop
  endfacet
  facet normal -0.589248 -0.807952 -0
    outer loop
      vertex -24.375 -35.8278 27
      vertex -26.6661 -34.1569 0
      vertex -24.375 -35.8278 0
    endloop
  endfacet
  facet normal -0.826796 0.562502 0
    outer loop
      vertex -25.3717 -37.2928 0
      vertex -24.375 -35.8278 27
      vertex -24.375 -35.8278 0
    endloop
  endfacet
  facet normal -0.826796 0.562502 0
    outer loop
      vertex -24.375 -35.8278 27
      vertex -25.3717 -37.2928 0
      vertex -25.3717 -37.2928 27
    endloop
  endfacet
  facet normal -0.850402 0.526133 0
    outer loop
      vertex -25.4222 -37.3743 0
      vertex -25.3717 -37.2928 27
      vertex -25.3717 -37.2928 0
    endloop
  endfacet
  facet normal -0.850402 0.526133 0
    outer loop
      vertex -25.3717 -37.2928 27
      vertex -25.4222 -37.3743 0
      vertex -25.4222 -37.3743 27
    endloop
  endfacet
  facet normal -0.870454 0.49225 0
    outer loop
      vertex -25.4815 -37.4793 0
      vertex -25.4222 -37.3743 27
      vertex -25.4222 -37.3743 0
    endloop
  endfacet
  facet normal -0.870454 0.49225 0
    outer loop
      vertex -25.4222 -37.3743 27
      vertex -25.4815 -37.4793 0
      vertex -25.4815 -37.4793 27
    endloop
  endfacet
  facet normal -0.885983 0.463717 0
    outer loop
      vertex -25.5605 -37.6301 0
      vertex -25.4815 -37.4793 27
      vertex -25.4815 -37.4793 0
    endloop
  endfacet
  facet normal -0.885983 0.463717 0
    outer loop
      vertex -25.4815 -37.4793 27
      vertex -25.5605 -37.6301 0
      vertex -25.5605 -37.6301 27
    endloop
  endfacet
  facet normal -0.900798 0.434238 0
    outer loop
      vertex -25.6566 -37.8296 0
      vertex -25.5605 -37.6301 27
      vertex -25.5605 -37.6301 0
    endloop
  endfacet
  facet normal -0.900798 0.434238 0
    outer loop
      vertex -25.5605 -37.6301 27
      vertex -25.6566 -37.8296 0
      vertex -25.6566 -37.8296 27
    endloop
  endfacet
  facet normal -0.914773 0.403968 0
    outer loop
      vertex -25.7675 -38.0807 0
      vertex -25.6566 -37.8296 27
      vertex -25.6566 -37.8296 0
    endloop
  endfacet
  facet normal -0.914773 0.403968 0
    outer loop
      vertex -25.6566 -37.8296 27
      vertex -25.7675 -38.0807 0
      vertex -25.7675 -38.0807 27
    endloop
  endfacet
  facet normal -0.92787 0.372904 0
    outer loop
      vertex -25.8906 -38.3869 0
      vertex -25.7675 -38.0807 27
      vertex -25.7675 -38.0807 0
    endloop
  endfacet
  facet normal -0.92787 0.372904 0
    outer loop
      vertex -25.7675 -38.0807 27
      vertex -25.8906 -38.3869 0
      vertex -25.8906 -38.3869 27
    endloop
  endfacet
  facet normal -0.940126 0.340827 0
    outer loop
      vertex -26.023 -38.7522 0
      vertex -25.8906 -38.3869 27
      vertex -25.8906 -38.3869 0
    endloop
  endfacet
  facet normal -0.940126 0.340827 0
    outer loop
      vertex -25.8906 -38.3869 27
      vertex -26.023 -38.7522 0
      vertex -26.023 -38.7522 27
    endloop
  endfacet
  facet normal -0.951407 0.307935 0
    outer loop
      vertex -26.1618 -39.1811 0
      vertex -26.023 -38.7522 27
      vertex -26.023 -38.7522 0
    endloop
  endfacet
  facet normal -0.951407 0.307935 0
    outer loop
      vertex -26.023 -38.7522 27
      vertex -26.1618 -39.1811 0
      vertex -26.1618 -39.1811 27
    endloop
  endfacet
  facet normal -0.961751 0.273926 0
    outer loop
      vertex -26.3035 -39.6785 0
      vertex -26.1618 -39.1811 27
      vertex -26.1618 -39.1811 0
    endloop
  endfacet
  facet normal -0.961751 0.273926 0
    outer loop
      vertex -26.1618 -39.1811 27
      vertex -26.3035 -39.6785 0
      vertex -26.3035 -39.6785 27
    endloop
  endfacet
  facet normal -0.971043 0.238905 0
    outer loop
      vertex -26.4441 -40.2501 0
      vertex -26.3035 -39.6785 27
      vertex -26.3035 -39.6785 0
    endloop
  endfacet
  facet normal -0.971043 0.238905 0
    outer loop
      vertex -26.3035 -39.6785 27
      vertex -26.4441 -40.2501 0
      vertex -26.4441 -40.2501 27
    endloop
  endfacet
  facet normal -0.979237 0.20272 0
    outer loop
      vertex -26.5792 -40.9023 0
      vertex -26.4441 -40.2501 27
      vertex -26.4441 -40.2501 0
    endloop
  endfacet
  facet normal -0.979237 0.20272 0
    outer loop
      vertex -26.4441 -40.2501 27
      vertex -26.5792 -40.9023 0
      vertex -26.5792 -40.9023 27
    endloop
  endfacet
  facet normal -0.986248 0.165274 0
    outer loop
      vertex -26.7032 -41.6425 0
      vertex -26.5792 -40.9023 27
      vertex -26.5792 -40.9023 0
    endloop
  endfacet
  facet normal -0.986248 0.165274 0
    outer loop
      vertex -26.5792 -40.9023 27
      vertex -26.7032 -41.6425 0
      vertex -26.7032 -41.6425 27
    endloop
  endfacet
  facet normal -0.991962 0.126539 0
    outer loop
      vertex -26.8099 -42.4789 0
      vertex -26.7032 -41.6425 27
      vertex -26.7032 -41.6425 0
    endloop
  endfacet
  facet normal -0.991962 0.126539 0
    outer loop
      vertex -26.7032 -41.6425 27
      vertex -26.8099 -42.4789 0
      vertex -26.8099 -42.4789 27
    endloop
  endfacet
  facet normal -0.996264 0.0863582 0
    outer loop
      vertex -26.8915 -43.4206 0
      vertex -26.8099 -42.4789 27
      vertex -26.8099 -42.4789 0
    endloop
  endfacet
  facet normal -0.996264 0.0863582 0
    outer loop
      vertex -26.8099 -42.4789 27
      vertex -26.8915 -43.4206 0
      vertex -26.8915 -43.4206 27
    endloop
  endfacet
  facet normal -0.999 0.0447003 0
    outer loop
      vertex -26.9388 -44.478 0
      vertex -26.8915 -43.4206 27
      vertex -26.8915 -43.4206 0
    endloop
  endfacet
  facet normal -0.999 0.0447003 0
    outer loop
      vertex -26.8915 -43.4206 27
      vertex -26.9388 -44.478 0
      vertex -26.9388 -44.478 27
    endloop
  endfacet
  facet normal -0.500003 -0.866023 0
    outer loop
      vertex -26.9388 -44.478 0
      vertex -25.0497 -45.5687 27
      vertex -26.9388 -44.478 27
    endloop
  endfacet
  facet normal -0.500003 -0.866023 -0
    outer loop
      vertex -25.0497 -45.5687 27
      vertex -26.9388 -44.478 0
      vertex -25.0497 -45.5687 0
    endloop
  endfacet
  facet normal 0.538214 -0.842808 0
    outer loop
      vertex -25.0497 -45.5687 0
      vertex -24.1576 -44.999 27
      vertex -25.0497 -45.5687 27
    endloop
  endfacet
  facet normal 0.538214 -0.842808 0
    outer loop
      vertex -24.1576 -44.999 27
      vertex -25.0497 -45.5687 0
      vertex -24.1576 -44.999 0
    endloop
  endfacet
  facet normal 0.572926 -0.819607 0
    outer loop
      vertex -24.1576 -44.999 0
      vertex -23.3829 -44.4575 27
      vertex -24.1576 -44.999 27
    endloop
  endfacet
  facet normal 0.572926 -0.819607 0
    outer loop
      vertex -23.3829 -44.4575 27
      vertex -24.1576 -44.999 0
      vertex -23.3829 -44.4575 0
    endloop
  endfacet
  facet normal 0.605561 -0.795799 0
    outer loop
      vertex -23.3829 -44.4575 0
      vertex -22.7119 -43.9469 27
      vertex -23.3829 -44.4575 27
    endloop
  endfacet
  facet normal 0.605561 -0.795799 0
    outer loop
      vertex -22.7119 -43.9469 27
      vertex -23.3829 -44.4575 0
      vertex -22.7119 -43.9469 0
    endloop
  endfacet
  facet normal 0.636266 -0.77147 0
    outer loop
      vertex -22.7119 -43.9469 0
      vertex -22.1329 -43.4694 27
      vertex -22.7119 -43.9469 27
    endloop
  endfacet
  facet normal 0.636266 -0.77147 0
    outer loop
      vertex -22.1329 -43.4694 27
      vertex -22.7119 -43.9469 0
      vertex -22.1329 -43.4694 0
    endloop
  endfacet
  facet normal 0.66517 -0.746692 0
    outer loop
      vertex -22.1329 -43.4694 0
      vertex -21.6355 -43.0263 27
      vertex -22.1329 -43.4694 27
    endloop
  endfacet
  facet normal 0.66517 -0.746692 0
    outer loop
      vertex -21.6355 -43.0263 27
      vertex -22.1329 -43.4694 0
      vertex -21.6355 -43.0263 0
    endloop
  endfacet
  facet normal 0.692412 -0.721502 0
    outer loop
      vertex -21.6355 -43.0263 0
      vertex -21.2108 -42.6187 27
      vertex -21.6355 -43.0263 27
    endloop
  endfacet
  facet normal 0.692412 -0.721502 0
    outer loop
      vertex -21.2108 -42.6187 27
      vertex -21.6355 -43.0263 0
      vertex -21.2108 -42.6187 0
    endloop
  endfacet
  facet normal 0.718126 -0.695913 0
    outer loop
      vertex -21.2108 -42.6187 27
      vertex -20.8509 -42.2473 0
      vertex -20.8509 -42.2473 27
    endloop
  endfacet
  facet normal 0.718126 -0.695913 0
    outer loop
      vertex -20.8509 -42.2473 0
      vertex -21.2108 -42.6187 27
      vertex -21.2108 -42.6187 0
    endloop
  endfacet
  facet normal 0.742345 -0.670018 0
    outer loop
      vertex -20.8509 -42.2473 27
      vertex -20.5489 -41.9127 0
      vertex -20.5489 -41.9127 27
    endloop
  endfacet
  facet normal 0.742345 -0.670018 0
    outer loop
      vertex -20.5489 -41.9127 0
      vertex -20.8509 -42.2473 27
      vertex -20.8509 -42.2473 0
    endloop
  endfacet
  facet normal 0.765248 -0.643736 0
    outer loop
      vertex -20.5489 -41.9127 27
      vertex -20.2988 -41.6154 0
      vertex -20.2988 -41.6154 27
    endloop
  endfacet
  facet normal 0.765248 -0.643736 0
    outer loop
      vertex -20.2988 -41.6154 0
      vertex -20.5489 -41.9127 27
      vertex -20.5489 -41.9127 0
    endloop
  endfacet
  facet normal 0.786853 -0.61714 0
    outer loop
      vertex -20.2988 -41.6154 27
      vertex -20.0951 -41.3557 0
      vertex -20.0951 -41.3557 27
    endloop
  endfacet
  facet normal 0.786853 -0.61714 0
    outer loop
      vertex -20.0951 -41.3557 0
      vertex -20.2988 -41.6154 27
      vertex -20.2988 -41.6154 0
    endloop
  endfacet
  facet normal 0.807235 -0.59023 0
    outer loop
      vertex -20.0951 -41.3557 27
      vertex -19.9331 -41.1341 0
      vertex -19.9331 -41.1341 27
    endloop
  endfacet
  facet normal 0.807235 -0.59023 0
    outer loop
      vertex -19.9331 -41.1341 0
      vertex -20.0951 -41.3557 27
      vertex -20.0951 -41.3557 0
    endloop
  endfacet
  facet normal 0.826499 -0.562938 0
    outer loop
      vertex -19.9331 -41.1341 27
      vertex -19.8084 -40.9511 0
      vertex -19.8084 -40.9511 27
    endloop
  endfacet
  facet normal 0.826499 -0.562938 0
    outer loop
      vertex -19.8084 -40.9511 0
      vertex -19.9331 -41.1341 27
      vertex -19.9331 -41.1341 0
    endloop
  endfacet
  facet normal 0.844567 -0.53545 0
    outer loop
      vertex -19.8084 -40.9511 27
      vertex -19.7173 -40.8073 0
      vertex -19.7173 -40.8073 27
    endloop
  endfacet
  facet normal 0.844567 -0.53545 0
    outer loop
      vertex -19.7173 -40.8073 0
      vertex -19.8084 -40.9511 27
      vertex -19.8084 -40.9511 0
    endloop
  endfacet
  facet normal 0.861555 -0.507664 0
    outer loop
      vertex -19.7173 -40.8073 27
      vertex -19.6561 -40.7034 0
      vertex -19.6561 -40.7034 27
    endloop
  endfacet
  facet normal 0.861555 -0.507664 0
    outer loop
      vertex -19.6561 -40.7034 0
      vertex -19.7173 -40.8073 27
      vertex -19.7173 -40.8073 0
    endloop
  endfacet
  facet normal 0.880806 -0.473477 0
    outer loop
      vertex -19.6561 -40.7034 27
      vertex -19.6107 -40.619 0
      vertex -19.6107 -40.619 27
    endloop
  endfacet
  facet normal 0.880806 -0.473477 0
    outer loop
      vertex -19.6107 -40.619 0
      vertex -19.6561 -40.7034 27
      vertex -19.6561 -40.7034 0
    endloop
  endfacet
  facet normal 0.900537 -0.43478 0
    outer loop
      vertex -19.6107 -40.619 27
      vertex -18.8326 -39.0074 0
      vertex -18.8326 -39.0074 27
    endloop
  endfacet
  facet normal 0.900537 -0.43478 0
    outer loop
      vertex -18.8326 -39.0074 0
      vertex -19.6107 -40.619 27
      vertex -19.6107 -40.619 0
    endloop
  endfacet
  facet normal -0.420304 -0.907383 0
    outer loop
      vertex -18.8326 -39.0074 0
      vertex -16.917 -39.8948 27
      vertex -18.8326 -39.0074 27
    endloop
  endfacet
  facet normal -0.420304 -0.907383 -0
    outer loop
      vertex -16.917 -39.8948 27
      vertex -18.8326 -39.0074 0
      vertex -16.917 -39.8948 0
    endloop
  endfacet
  facet normal -0.360063 -0.932928 0
    outer loop
      vertex -16.917 -39.8948 0
      vertex -14.2716 -40.9158 27
      vertex -16.917 -39.8948 27
    endloop
  endfacet
  facet normal -0.360063 -0.932928 -0
    outer loop
      vertex -14.2716 -40.9158 27
      vertex -16.917 -39.8948 0
      vertex -14.2716 -40.9158 0
    endloop
  endfacet
  facet normal -0.94421 0.329344 0
    outer loop
      vertex -14.8551 -42.5888 0
      vertex -14.2716 -40.9158 27
      vertex -14.2716 -40.9158 0
    endloop
  endfacet
  facet normal -0.94421 0.329344 0
    outer loop
      vertex -14.2716 -40.9158 27
      vertex -14.8551 -42.5888 0
      vertex -14.8551 -42.5888 27
    endloop
  endfacet
  facet normal -0.957599 0.288104 0
    outer loop
      vertex -14.8827 -42.6806 0
      vertex -14.8551 -42.5888 27
      vertex -14.8551 -42.5888 0
    endloop
  endfacet
  facet normal -0.957599 0.288104 0
    outer loop
      vertex -14.8551 -42.5888 27
      vertex -14.8827 -42.6806 0
      vertex -14.8827 -42.6806 27
    endloop
  endfacet
  facet normal -0.968186 0.250231 0
    outer loop
      vertex -14.9129 -42.7973 0
      vertex -14.8827 -42.6806 27
      vertex -14.8827 -42.6806 0
    endloop
  endfacet
  facet normal -0.968186 0.250231 0
    outer loop
      vertex -14.8827 -42.6806 27
      vertex -14.9129 -42.7973 0
      vertex -14.9129 -42.7973 27
    endloop
  endfacet
  facet normal -0.975806 0.218638 0
    outer loop
      vertex -14.9501 -42.9635 0
      vertex -14.9129 -42.7973 27
      vertex -14.9129 -42.7973 0
    endloop
  endfacet
  facet normal -0.975806 0.218638 0
    outer loop
      vertex -14.9129 -42.7973 27
      vertex -14.9501 -42.9635 0
      vertex -14.9501 -42.9635 27
    endloop
  endfacet
  facet normal -0.982501 0.186258 0
    outer loop
      vertex -14.9914 -43.181 0
      vertex -14.9501 -42.9635 27
      vertex -14.9501 -42.9635 0
    endloop
  endfacet
  facet normal -0.982501 0.186258 0
    outer loop
      vertex -14.9501 -42.9635 27
      vertex -14.9914 -43.181 0
      vertex -14.9914 -43.181 27
    endloop
  endfacet
  facet normal -0.988157 0.153445 0
    outer loop
      vertex -15.0335 -43.4523 0
      vertex -14.9914 -43.181 27
      vertex -14.9914 -43.181 0
    endloop
  endfacet
  facet normal -0.988157 0.153445 0
    outer loop
      vertex -14.9914 -43.181 27
      vertex -15.0335 -43.4523 0
      vertex -15.0335 -43.4523 27
    endloop
  endfacet
  facet normal -0.992769 0.120042 0
    outer loop
      vertex -15.0731 -43.7799 0
      vertex -15.0335 -43.4523 27
      vertex -15.0335 -43.4523 0
    endloop
  endfacet
  facet normal -0.992769 0.120042 0
    outer loop
      vertex -15.0335 -43.4523 27
      vertex -15.0731 -43.7799 0
      vertex -15.0731 -43.7799 27
    endloop
  endfacet
  facet normal -0.996302 0.0859172 0
    outer loop
      vertex -15.1065 -44.1671 0
      vertex -15.0731 -43.7799 27
      vertex -15.0731 -43.7799 0
    endloop
  endfacet
  facet normal -0.996302 0.0859172 0
    outer loop
      vertex -15.0731 -43.7799 27
      vertex -15.1065 -44.1671 0
      vertex -15.1065 -44.1671 27
    endloop
  endfacet
  facet normal -0.99869 0.0511702 0
    outer loop
      vertex -15.1296 -44.6172 0
      vertex -15.1065 -44.1671 27
      vertex -15.1065 -44.1671 0
    endloop
  endfacet
  facet normal -0.99869 0.0511702 0
    outer loop
      vertex -15.1065 -44.1671 27
      vertex -15.1296 -44.6172 0
      vertex -15.1296 -44.6172 27
    endloop
  endfacet
  facet normal -0.999877 0.0156802 0
    outer loop
      vertex -15.1377 -45.1343 0
      vertex -15.1296 -44.6172 27
      vertex -15.1296 -44.6172 0
    endloop
  endfacet
  facet normal -0.999877 0.0156802 0
    outer loop
      vertex -15.1296 -44.6172 27
      vertex -15.1377 -45.1343 0
      vertex -15.1377 -45.1343 27
    endloop
  endfacet
  facet normal -0.999789 -0.0205522 0
    outer loop
      vertex -15.1256 -45.7228 0
      vertex -15.1377 -45.1343 27
      vertex -15.1377 -45.1343 0
    endloop
  endfacet
  facet normal -0.999789 -0.0205522 0
    outer loop
      vertex -15.1377 -45.1343 27
      vertex -15.1256 -45.7228 0
      vertex -15.1256 -45.7228 27
    endloop
  endfacet
  facet normal -0.998338 -0.0576385 0
    outer loop
      vertex -15.0872 -46.3878 0
      vertex -15.1256 -45.7228 27
      vertex -15.1256 -45.7228 0
    endloop
  endfacet
  facet normal -0.998338 -0.0576385 0
    outer loop
      vertex -15.1256 -45.7228 27
      vertex -15.0872 -46.3878 0
      vertex -15.0872 -46.3878 27
    endloop
  endfacet
  facet normal -0.995418 -0.0956205 0
    outer loop
      vertex -15.0154 -47.1349 0
      vertex -15.0872 -46.3878 27
      vertex -15.0872 -46.3878 0
    endloop
  endfacet
  facet normal -0.995418 -0.0956205 0
    outer loop
      vertex -15.0872 -46.3878 27
      vertex -15.0154 -47.1349 0
      vertex -15.0154 -47.1349 27
    endloop
  endfacet
  facet normal -0.990911 -0.134517 0
    outer loop
      vertex -14.902 -47.9704 0
      vertex -15.0154 -47.1349 27
      vertex -15.0154 -47.1349 0
    endloop
  endfacet
  facet normal -0.990911 -0.134517 0
    outer loop
      vertex -15.0154 -47.1349 27
      vertex -14.902 -47.9704 0
      vertex -14.902 -47.9704 27
    endloop
  endfacet
  facet normal -0.984667 -0.174446 0
    outer loop
      vertex -14.7371 -48.9011 0
      vertex -14.902 -47.9704 27
      vertex -14.902 -47.9704 0
    endloop
  endfacet
  facet normal -0.984667 -0.174446 0
    outer loop
      vertex -14.902 -47.9704 27
      vertex -14.7371 -48.9011 0
      vertex -14.7371 -48.9011 27
    endloop
  endfacet
  facet normal -0.976533 -0.215367 0
    outer loop
      vertex -14.5091 -49.9348 0
      vertex -14.7371 -48.9011 27
      vertex -14.7371 -48.9011 0
    endloop
  endfacet
  facet normal -0.976533 -0.215367 0
    outer loop
      vertex -14.7371 -48.9011 27
      vertex -14.5091 -49.9348 0
      vertex -14.5091 -49.9348 27
    endloop
  endfacet
  facet normal -0.258821 -0.965925 0
    outer loop
      vertex -14.5091 -49.9348 0
      vertex -12.4021 -50.4994 27
      vertex -14.5091 -49.9348 27
    endloop
  endfacet
  facet normal -0.258821 -0.965925 -0
    outer loop
      vertex -12.4021 -50.4994 27
      vertex -14.5091 -49.9348 0
      vertex -12.4021 -50.4994 0
    endloop
  endfacet
  facet normal 0.73801 -0.674789 0
    outer loop
      vertex -12.4021 -50.4994 27
      vertex -11.6878 -49.7182 0
      vertex -11.6878 -49.7182 27
    endloop
  endfacet
  facet normal 0.73801 -0.674789 0
    outer loop
      vertex -11.6878 -49.7182 0
      vertex -12.4021 -50.4994 27
      vertex -12.4021 -50.4994 0
    endloop
  endfacet
  facet normal 0.765538 -0.643391 0
    outer loop
      vertex -11.6878 -49.7182 27
      vertex -11.0797 -48.9946 0
      vertex -11.0797 -48.9946 27
    endloop
  endfacet
  facet normal 0.765538 -0.643391 0
    outer loop
      vertex -11.0797 -48.9946 0
      vertex -11.6878 -49.7182 27
      vertex -11.6878 -49.7182 0
    endloop
  endfacet
  facet normal 0.790907 -0.611936 0
    outer loop
      vertex -11.0797 -48.9946 27
      vertex -10.5637 -48.3277 0
      vertex -10.5637 -48.3277 27
    endloop
  endfacet
  facet normal 0.790907 -0.611936 0
    outer loop
      vertex -10.5637 -48.3277 0
      vertex -11.0797 -48.9946 27
      vertex -11.0797 -48.9946 0
    endloop
  endfacet
  facet normal 0.814244 -0.580523 0
    outer loop
      vertex -10.5637 -48.3277 27
      vertex -10.128 -47.7166 0
      vertex -10.128 -47.7166 27
    endloop
  endfacet
  facet normal 0.814244 -0.580523 0
    outer loop
      vertex -10.128 -47.7166 0
      vertex -10.5637 -48.3277 27
      vertex -10.5637 -48.3277 0
    endloop
  endfacet
  facet normal 0.835762 -0.549091 0
    outer loop
      vertex -10.128 -47.7166 27
      vertex -9.76228 -47.1599 0
      vertex -9.76228 -47.1599 27
    endloop
  endfacet
  facet normal 0.835762 -0.549091 0
    outer loop
      vertex -9.76228 -47.1599 0
      vertex -10.128 -47.7166 27
      vertex -10.128 -47.7166 0
    endloop
  endfacet
  facet normal 0.855564 -0.517697 0
    outer loop
      vertex -9.76228 -47.1599 27
      vertex -9.45753 -46.6563 0
      vertex -9.45753 -46.6563 27
    endloop
  endfacet
  facet normal 0.855564 -0.517697 0
    outer loop
      vertex -9.45753 -46.6563 0
      vertex -9.76228 -47.1599 27
      vertex -9.76228 -47.1599 0
    endloop
  endfacet
  facet normal 0.873771 -0.486338 0
    outer loop
      vertex -9.45753 -46.6563 27
      vertex -9.20602 -46.2044 0
      vertex -9.20602 -46.2044 27
    endloop
  endfacet
  facet normal 0.873771 -0.486338 0
    outer loop
      vertex -9.20602 -46.2044 0
      vertex -9.45753 -46.6563 27
      vertex -9.45753 -46.6563 0
    endloop
  endfacet
  facet normal 0.890451 -0.455079 0
    outer loop
      vertex -9.20602 -46.2044 27
      vertex -9.00091 -45.8031 0
      vertex -9.00091 -45.8031 27
    endloop
  endfacet
  facet normal 0.890451 -0.455079 0
    outer loop
      vertex -9.00091 -45.8031 0
      vertex -9.20602 -46.2044 27
      vertex -9.20602 -46.2044 0
    endloop
  endfacet
  facet normal 0.905796 -0.423715 0
    outer loop
      vertex -9.00091 -45.8031 27
      vertex -8.83626 -45.4511 0
      vertex -8.83626 -45.4511 27
    endloop
  endfacet
  facet normal 0.905796 -0.423715 0
    outer loop
      vertex -8.83626 -45.4511 0
      vertex -9.00091 -45.8031 27
      vertex -9.00091 -45.8031 0
    endloop
  endfacet
  facet normal 0.919763 -0.392474 0
    outer loop
      vertex -8.83626 -45.4511 27
      vertex -8.70673 -45.1475 0
      vertex -8.70673 -45.1475 27
    endloop
  endfacet
  facet normal 0.919763 -0.392474 0
    outer loop
      vertex -8.70673 -45.1475 0
      vertex -8.83626 -45.4511 27
      vertex -8.83626 -45.4511 0
    endloop
  endfacet
  facet normal 0.932512 -0.36114 0
    outer loop
      vertex -8.70673 -45.1475 27
      vertex -8.6076 -44.8915 0
      vertex -8.6076 -44.8915 27
    endloop
  endfacet
  facet normal 0.932512 -0.36114 0
    outer loop
      vertex -8.6076 -44.8915 0
      vertex -8.70673 -45.1475 27
      vertex -8.70673 -45.1475 0
    endloop
  endfacet
  facet normal 0.944013 -0.329908 0
    outer loop
      vertex -8.6076 -44.8915 27
      vertex -8.53455 -44.6825 0
      vertex -8.53455 -44.6825 27
    endloop
  endfacet
  facet normal 0.944013 -0.329908 0
    outer loop
      vertex -8.53455 -44.6825 0
      vertex -8.6076 -44.8915 27
      vertex -8.6076 -44.8915 0
    endloop
  endfacet
  facet normal 0.954391 -0.298559 0
    outer loop
      vertex -8.53455 -44.6825 27
      vertex -8.48372 -44.52 0
      vertex -8.48372 -44.52 27
    endloop
  endfacet
  facet normal 0.954391 -0.298559 0
    outer loop
      vertex -8.48372 -44.52 0
      vertex -8.53455 -44.6825 27
      vertex -8.53455 -44.6825 0
    endloop
  endfacet
  facet normal 0.963582 -0.267413 0
    outer loop
      vertex -8.48372 -44.52 27
      vertex -8.45147 -44.4038 0
      vertex -8.45147 -44.4038 27
    endloop
  endfacet
  facet normal 0.963582 -0.267413 0
    outer loop
      vertex -8.45147 -44.4038 0
      vertex -8.48372 -44.52 27
      vertex -8.48372 -44.52 0
    endloop
  endfacet
  facet normal 0.973336 -0.229383 0
    outer loop
      vertex -8.45147 -44.4038 27
      vertex -8.42949 -44.3106 0
      vertex -8.42949 -44.3106 27
    endloop
  endfacet
  facet normal 0.973336 -0.229383 0
    outer loop
      vertex -8.42949 -44.3106 0
      vertex -8.45147 -44.4038 27
      vertex -8.45147 -44.4038 0
    endloop
  endfacet
  facet normal 0.982382 -0.186884 0
    outer loop
      vertex -8.42949 -44.3106 27
      vertex -8.09505 -42.5525 0
      vertex -8.09505 -42.5525 27
    endloop
  endfacet
  facet normal 0.982382 -0.186884 0
    outer loop
      vertex -8.09505 -42.5525 0
      vertex -8.42949 -44.3106 27
      vertex -8.42949 -44.3106 0
    endloop
  endfacet
  facet normal -0.171136 -0.985247 0
    outer loop
      vertex -8.09505 -42.5525 0
      vertex -6.01506 -42.9138 27
      vertex -8.09505 -42.5525 27
    endloop
  endfacet
  facet normal -0.171136 -0.985247 -0
    outer loop
      vertex -6.01506 -42.9138 27
      vertex -8.09505 -42.5525 0
      vertex -6.01506 -42.9138 0
    endloop
  endfacet
  facet normal -0.106337 -0.99433 0
    outer loop
      vertex -6.01506 -42.9138 0
      vertex -3.1955 -43.2153 27
      vertex -6.01506 -42.9138 27
    endloop
  endfacet
  facet normal -0.106337 -0.99433 -0
    outer loop
      vertex -3.1955 -43.2153 27
      vertex -6.01506 -42.9138 0
      vertex -3.1955 -43.2153 0
    endloop
  endfacet
  facet normal -0.997277 0.0737423 0
    outer loop
      vertex -3.32616 -44.9824 0
      vertex -3.1955 -43.2153 27
      vertex -3.1955 -43.2153 0
    endloop
  endfacet
  facet normal -0.997277 0.0737423 0
    outer loop
      vertex -3.1955 -43.2153 27
      vertex -3.32616 -44.9824 0
      vertex -3.32616 -44.9824 27
    endloop
  endfacet
  facet normal -0.99953 0.0306494 0
    outer loop
      vertex -3.3291 -45.0782 0
      vertex -3.32616 -44.9824 27
      vertex -3.32616 -44.9824 0
    endloop
  endfacet
  facet normal -0.99953 0.0306494 0
    outer loop
      vertex -3.32616 -44.9824 27
      vertex -3.3291 -45.0782 0
      vertex -3.3291 -45.0782 27
    endloop
  endfacet
  facet normal -0.99996 -0.00891268 0
    outer loop
      vertex -3.32802 -45.1988 0
      vertex -3.3291 -45.0782 27
      vertex -3.3291 -45.0782 0
    endloop
  endfacet
  facet normal -0.99996 -0.00891268 0
    outer loop
      vertex -3.3291 -45.0782 27
      vertex -3.32802 -45.1988 0
      vertex -3.32802 -45.1988 27
    endloop
  endfacet
  facet normal -0.999142 -0.0414218 0
    outer loop
      vertex -3.32097 -45.3689 0
      vertex -3.32802 -45.1988 27
      vertex -3.32802 -45.1988 0
    endloop
  endfacet
  facet normal -0.999142 -0.0414218 0
    outer loop
      vertex -3.32802 -45.1988 27
      vertex -3.32097 -45.3689 0
      vertex -3.32097 -45.3689 27
    endloop
  endfacet
  facet normal -0.997232 -0.0743531 0
    outer loop
      vertex -3.30451 -45.5897 0
      vertex -3.32097 -45.3689 27
      vertex -3.32097 -45.3689 0
    endloop
  endfacet
  facet normal -0.997232 -0.0743531 0
    outer loop
      vertex -3.32097 -45.3689 27
      vertex -3.30451 -45.5897 0
      vertex -3.30451 -45.5897 27
    endloop
  endfacet
  facet normal -0.994202 -0.107528 0
    outer loop
      vertex -3.27499 -45.8626 0
      vertex -3.30451 -45.5897 27
      vertex -3.30451 -45.5897 0
    endloop
  endfacet
  facet normal -0.994202 -0.107528 0
    outer loop
      vertex -3.30451 -45.5897 27
      vertex -3.27499 -45.8626 0
      vertex -3.27499 -45.8626 27
    endloop
  endfacet
  facet normal -0.990008 -0.141011 0
    outer loop
      vertex -3.22845 -46.1894 0
      vertex -3.27499 -45.8626 27
      vertex -3.27499 -45.8626 0
    endloop
  endfacet
  facet normal -0.990008 -0.141011 0
    outer loop
      vertex -3.27499 -45.8626 27
      vertex -3.22845 -46.1894 0
      vertex -3.22845 -46.1894 27
    endloop
  endfacet
  facet normal -0.98459 -0.174876 0
    outer loop
      vertex -3.1605 -46.572 0
      vertex -3.22845 -46.1894 27
      vertex -3.22845 -46.1894 0
    endloop
  endfacet
  facet normal -0.98459 -0.174876 0
    outer loop
      vertex -3.22845 -46.1894 27
      vertex -3.1605 -46.572 0
      vertex -3.1605 -46.572 27
    endloop
  endfacet
  facet normal -0.977908 -0.209038 0
    outer loop
      vertex -3.06628 -47.0127 0
      vertex -3.1605 -46.572 27
      vertex -3.1605 -46.572 0
    endloop
  endfacet
  facet normal -0.977908 -0.209038 0
    outer loop
      vertex -3.1605 -46.572 27
      vertex -3.06628 -47.0127 0
      vertex -3.06628 -47.0127 27
    endloop
  endfacet
  facet normal -0.969867 -0.243634 0
    outer loop
      vertex -2.94028 -47.5143 0
      vertex -3.06628 -47.0127 27
      vertex -3.06628 -47.0127 0
    endloop
  endfacet
  facet normal -0.969867 -0.243634 0
    outer loop
      vertex -3.06628 -47.0127 27
      vertex -2.94028 -47.5143 0
      vertex -2.94028 -47.5143 27
    endloop
  endfacet
  facet normal -0.960398 -0.278632 0
    outer loop
      vertex -2.77627 -48.0797 0
      vertex -2.94028 -47.5143 27
      vertex -2.94028 -47.5143 0
    endloop
  endfacet
  facet normal -0.960398 -0.278632 0
    outer loop
      vertex -2.94028 -47.5143 27
      vertex -2.77627 -48.0797 0
      vertex -2.77627 -48.0797 27
    endloop
  endfacet
  facet normal -0.949401 -0.314065 0
    outer loop
      vertex -2.56707 -48.712 0
      vertex -2.77627 -48.0797 27
      vertex -2.77627 -48.0797 0
    endloop
  endfacet
  facet normal -0.949401 -0.314065 0
    outer loop
      vertex -2.77627 -48.0797 27
      vertex -2.56707 -48.712 0
      vertex -2.56707 -48.712 27
    endloop
  endfacet
  facet normal -0.936752 -0.349994 0
    outer loop
      vertex -2.30438 -49.4151 0
      vertex -2.56707 -48.712 27
      vertex -2.56707 -48.712 0
    endloop
  endfacet
  facet normal -0.936752 -0.349994 0
    outer loop
      vertex -2.56707 -48.712 27
      vertex -2.30438 -49.4151 0
      vertex -2.30438 -49.4151 27
    endloop
  endfacet
  facet normal -0.922334 -0.386394 0
    outer loop
      vertex -1.97861 -50.1927 0
      vertex -2.30438 -49.4151 27
      vertex -2.30438 -49.4151 0
    endloop
  endfacet
  facet normal -0.922334 -0.386394 0
    outer loop
      vertex -2.30438 -49.4151 27
      vertex -1.97861 -50.1927 0
      vertex -1.97861 -50.1927 27
    endloop
  endfacet
  facet normal -0.905968 -0.423346 0
    outer loop
      vertex -1.57845 -51.0491 0
      vertex -1.97861 -50.1927 27
      vertex -1.97861 -50.1927 0
    endloop
  endfacet
  facet normal -0.905968 -0.423346 0
    outer loop
      vertex -1.97861 -50.1927 27
      vertex -1.57845 -51.0491 0
      vertex -1.57845 -51.0491 27
    endloop
  endfacet
  facet normal -0.887514 -0.460781 0
    outer loop
      vertex -1.0907 -51.9885 0
      vertex -1.57845 -51.0491 27
      vertex -1.57845 -51.0491 0
    endloop
  endfacet
  facet normal -0.887514 -0.460781 0
    outer loop
      vertex -1.57845 -51.0491 27
      vertex -1.0907 -51.9885 0
      vertex -1.0907 -51.9885 27
    endloop
  endfacet
  facet normal -1.74876e-06 -1 0
    outer loop
      vertex -1.0907 -51.9885 0
      vertex 1.09066 -51.9885 27
      vertex -1.0907 -51.9885 27
    endloop
  endfacet
  facet normal -1.74876e-06 -1 -0
    outer loop
      vertex 1.09066 -51.9885 27
      vertex -1.0907 -51.9885 0
      vertex 1.09066 -51.9885 0
    endloop
  endfacet
  facet normal 0.0980221 0.995184 -0
    outer loop
      vertex -0.533035 -8.13254 6.5
      vertex -1.06378 -8.08026 27
      vertex -0.533035 -8.13254 27
    endloop
  endfacet
  facet normal 0.0980221 0.995184 0
    outer loop
      vertex -1.06378 -8.08026 27
      vertex -0.533035 -8.13254 6.5
      vertex -1.06378 -8.08026 6.5
    endloop
  endfacet
  facet normal 0.162882 0.986646 -0
    outer loop
      vertex -1.06378 -8.08026 6.5
      vertex -1.58998 -7.99339 27
      vertex -1.06378 -8.08026 27
    endloop
  endfacet
  facet normal 0.162882 0.986646 0
    outer loop
      vertex -1.58998 -7.99339 27
      vertex -1.06378 -8.08026 6.5
      vertex -1.58998 -7.99339 6.5
    endloop
  endfacet
  facet normal 0.227082 0.973876 -0
    outer loop
      vertex -1.58998 -7.99339 6.5
      vertex -2.10938 -7.87228 27
      vertex -1.58998 -7.99339 27
    endloop
  endfacet
  facet normal 0.227082 0.973876 0
    outer loop
      vertex -2.10938 -7.87228 27
      vertex -1.58998 -7.99339 6.5
      vertex -2.10938 -7.87228 6.5
    endloop
  endfacet
  facet normal 0.290292 0.956938 -0
    outer loop
      vertex -2.10938 -7.87228 6.5
      vertex -2.61972 -7.71747 27
      vertex -2.10938 -7.87228 27
    endloop
  endfacet
  facet normal 0.290292 0.956938 0
    outer loop
      vertex -2.61972 -7.71747 27
      vertex -2.10938 -7.87228 6.5
      vertex -2.61972 -7.71747 6.5
    endloop
  endfacet
  facet normal 0.352227 0.935915 -0
    outer loop
      vertex -2.61972 -7.71747 6.5
      vertex -3.11887 -7.52962 27
      vertex -2.61972 -7.71747 27
    endloop
  endfacet
  facet normal 0.352227 0.935915 0
    outer loop
      vertex -3.11887 -7.52962 27
      vertex -2.61972 -7.71747 6.5
      vertex -3.11887 -7.52962 6.5
    endloop
  endfacet
  facet normal 0.412714 0.910861 -0
    outer loop
      vertex -3.11887 -7.52962 6.5
      vertex -3.60464 -7.30951 27
      vertex -3.11887 -7.52962 27
    endloop
  endfacet
  facet normal 0.412714 0.910861 0
    outer loop
      vertex -3.60464 -7.30951 27
      vertex -3.11887 -7.52962 6.5
      vertex -3.60464 -7.30951 6.5
    endloop
  endfacet
  facet normal 0.47139 0.881925 -0
    outer loop
      vertex -3.60464 -7.30951 6.5
      vertex -4.075 -7.05811 27
      vertex -3.60464 -7.30951 27
    endloop
  endfacet
  facet normal 0.47139 0.881925 0
    outer loop
      vertex -4.075 -7.05811 27
      vertex -3.60464 -7.30951 6.5
      vertex -4.075 -7.05811 6.5
    endloop
  endfacet
  facet normal 0.528071 0.8492 -0
    outer loop
      vertex -4.075 -7.05811 6.5
      vertex -4.52789 -6.77647 27
      vertex -4.075 -7.05811 27
    endloop
  endfacet
  facet normal 0.528071 0.8492 0
    outer loop
      vertex -4.52789 -6.77647 27
      vertex -4.075 -7.05811 6.5
      vertex -4.52789 -6.77647 6.5
    endloop
  endfacet
  facet normal 0.582491 0.812837 -0
    outer loop
      vertex -4.52789 -6.77647 6.5
      vertex -4.9614 -6.46582 27
      vertex -4.52789 -6.77647 27
    endloop
  endfacet
  facet normal 0.582491 0.812837 0
    outer loop
      vertex -4.9614 -6.46582 27
      vertex -4.52789 -6.77647 6.5
      vertex -4.9614 -6.46582 6.5
    endloop
  endfacet
  facet normal 0.634392 0.773012 -0
    outer loop
      vertex -4.9614 -6.46582 6.5
      vertex -5.37366 -6.12749 27
      vertex -4.9614 -6.46582 27
    endloop
  endfacet
  facet normal 0.634392 0.773012 0
    outer loop
      vertex -5.37366 -6.12749 27
      vertex -4.9614 -6.46582 6.5
      vertex -5.37366 -6.12749 6.5
    endloop
  endfacet
  facet normal 0.683597 0.72986 -0
    outer loop
      vertex -5.37366 -6.12749 6.5
      vertex -5.76291 -5.76291 27
      vertex -5.37366 -6.12749 27
    endloop
  endfacet
  facet normal 0.683597 0.72986 0
    outer loop
      vertex -5.76291 -5.76291 27
      vertex -5.37366 -6.12749 6.5
      vertex -5.76291 -5.76291 6.5
    endloop
  endfacet
  facet normal 0.72986 0.683597 0
    outer loop
      vertex -5.76291 -5.76291 27
      vertex -6.12749 -5.37366 6.5
      vertex -6.12749 -5.37366 27
    endloop
  endfacet
  facet normal 0.72986 0.683597 0
    outer loop
      vertex -6.12749 -5.37366 6.5
      vertex -5.76291 -5.76291 27
      vertex -5.76291 -5.76291 6.5
    endloop
  endfacet
  facet normal 0.773012 0.634392 0
    outer loop
      vertex -6.12749 -5.37366 27
      vertex -6.46582 -4.9614 6.5
      vertex -6.46582 -4.9614 27
    endloop
  endfacet
  facet normal 0.773012 0.634392 0
    outer loop
      vertex -6.46582 -4.9614 6.5
      vertex -6.12749 -5.37366 27
      vertex -6.12749 -5.37366 6.5
    endloop
  endfacet
  facet normal 0.812837 0.582491 0
    outer loop
      vertex -6.46582 -4.9614 27
      vertex -6.77647 -4.52789 6.5
      vertex -6.77647 -4.52789 27
    endloop
  endfacet
  facet normal 0.812837 0.582491 0
    outer loop
      vertex -6.77647 -4.52789 6.5
      vertex -6.46582 -4.9614 27
      vertex -6.46582 -4.9614 6.5
    endloop
  endfacet
  facet normal 0.8492 0.528071 0
    outer loop
      vertex -6.77647 -4.52789 27
      vertex -7.05811 -4.075 6.5
      vertex -7.05811 -4.075 27
    endloop
  endfacet
  facet normal 0.8492 0.528071 0
    outer loop
      vertex -7.05811 -4.075 6.5
      vertex -6.77647 -4.52789 27
      vertex -6.77647 -4.52789 6.5
    endloop
  endfacet
  facet normal 0.881925 0.47139 0
    outer loop
      vertex -7.05811 -4.075 27
      vertex -7.30951 -3.60464 6.5
      vertex -7.30951 -3.60464 27
    endloop
  endfacet
  facet normal 0.881925 0.47139 0
    outer loop
      vertex -7.30951 -3.60464 6.5
      vertex -7.05811 -4.075 27
      vertex -7.05811 -4.075 6.5
    endloop
  endfacet
  facet normal 0.910861 0.412714 0
    outer loop
      vertex -7.30951 -3.60464 27
      vertex -7.52962 -3.11887 6.5
      vertex -7.52962 -3.11887 27
    endloop
  endfacet
  facet normal 0.910861 0.412714 0
    outer loop
      vertex -7.52962 -3.11887 6.5
      vertex -7.30951 -3.60464 27
      vertex -7.30951 -3.60464 6.5
    endloop
  endfacet
  facet normal 0.935915 0.352227 0
    outer loop
      vertex -7.52962 -3.11887 27
      vertex -7.71747 -2.61972 6.5
      vertex -7.71747 -2.61972 27
    endloop
  endfacet
  facet normal 0.935915 0.352227 0
    outer loop
      vertex -7.71747 -2.61972 6.5
      vertex -7.52962 -3.11887 27
      vertex -7.52962 -3.11887 6.5
    endloop
  endfacet
  facet normal 0.956938 0.290292 0
    outer loop
      vertex -7.71747 -2.61972 27
      vertex -7.87228 -2.10938 6.5
      vertex -7.87228 -2.10938 27
    endloop
  endfacet
  facet normal 0.956938 0.290292 0
    outer loop
      vertex -7.87228 -2.10938 6.5
      vertex -7.71747 -2.61972 27
      vertex -7.71747 -2.61972 6.5
    endloop
  endfacet
  facet normal 0.973876 0.227082 0
    outer loop
      vertex -7.87228 -2.10938 27
      vertex -7.99339 -1.58998 6.5
      vertex -7.99339 -1.58998 27
    endloop
  endfacet
  facet normal 0.973876 0.227082 0
    outer loop
      vertex -7.99339 -1.58998 6.5
      vertex -7.87228 -2.10938 27
      vertex -7.87228 -2.10938 6.5
    endloop
  endfacet
  facet normal 0.986646 0.162882 0
    outer loop
      vertex -7.99339 -1.58998 27
      vertex -8.08026 -1.06378 6.5
      vertex -8.08026 -1.06378 27
    endloop
  endfacet
  facet normal 0.986646 0.162882 0
    outer loop
      vertex -8.08026 -1.06378 6.5
      vertex -7.99339 -1.58998 27
      vertex -7.99339 -1.58998 6.5
    endloop
  endfacet
  facet normal 0.995184 0.0980221 0
    outer loop
      vertex -8.08026 -1.06378 27
      vertex -8.13254 -0.533035 6.5
      vertex -8.13254 -0.533035 27
    endloop
  endfacet
  facet normal 0.995184 0.0980221 0
    outer loop
      vertex -8.13254 -0.533035 6.5
      vertex -8.08026 -1.06378 27
      vertex -8.08026 -1.06378 6.5
    endloop
  endfacet
  facet normal 0.999464 0.0327309 0
    outer loop
      vertex -8.13254 -0.533035 27
      vertex -8.14999 0 6.5
      vertex -8.14999 0 27
    endloop
  endfacet
  facet normal 0.999464 0.0327309 0
    outer loop
      vertex -8.14999 0 6.5
      vertex -8.13254 -0.533035 27
      vertex -8.13254 -0.533035 6.5
    endloop
  endfacet
  facet normal 0.999464 -0.0327309 0
    outer loop
      vertex -8.14999 0 27
      vertex -8.13254 0.533035 6.5
      vertex -8.13254 0.533035 27
    endloop
  endfacet
  facet normal 0.999464 -0.0327309 0
    outer loop
      vertex -8.13254 0.533035 6.5
      vertex -8.14999 0 27
      vertex -8.14999 0 6.5
    endloop
  endfacet
  facet normal 0.995184 -0.0980221 0
    outer loop
      vertex -8.13254 0.533035 27
      vertex -8.08026 1.06378 6.5
      vertex -8.08026 1.06378 27
    endloop
  endfacet
  facet normal 0.995184 -0.0980221 0
    outer loop
      vertex -8.08026 1.06378 6.5
      vertex -8.13254 0.533035 27
      vertex -8.13254 0.533035 6.5
    endloop
  endfacet
  facet normal 0.986646 -0.162882 0
    outer loop
      vertex -8.08026 1.06378 27
      vertex -7.99339 1.58998 6.5
      vertex -7.99339 1.58998 27
    endloop
  endfacet
  facet normal 0.986646 -0.162882 0
    outer loop
      vertex -7.99339 1.58998 6.5
      vertex -8.08026 1.06378 27
      vertex -8.08026 1.06378 6.5
    endloop
  endfacet
  facet normal 0.973876 -0.227082 0
    outer loop
      vertex -7.99339 1.58998 27
      vertex -7.87228 2.10938 6.5
      vertex -7.87228 2.10938 27
    endloop
  endfacet
  facet normal 0.973876 -0.227082 0
    outer loop
      vertex -7.87228 2.10938 6.5
      vertex -7.99339 1.58998 27
      vertex -7.99339 1.58998 6.5
    endloop
  endfacet
  facet normal 0.956938 -0.290292 0
    outer loop
      vertex -7.87228 2.10938 27
      vertex -7.71747 2.61972 6.5
      vertex -7.71747 2.61972 27
    endloop
  endfacet
  facet normal 0.956938 -0.290292 0
    outer loop
      vertex -7.71747 2.61972 6.5
      vertex -7.87228 2.10938 27
      vertex -7.87228 2.10938 6.5
    endloop
  endfacet
  facet normal 0.935915 -0.352227 0
    outer loop
      vertex -7.71747 2.61972 27
      vertex -7.52962 3.11887 6.5
      vertex -7.52962 3.11887 27
    endloop
  endfacet
  facet normal 0.935915 -0.352227 0
    outer loop
      vertex -7.52962 3.11887 6.5
      vertex -7.71747 2.61972 27
      vertex -7.71747 2.61972 6.5
    endloop
  endfacet
  facet normal 0.910861 -0.412714 0
    outer loop
      vertex -7.52962 3.11887 27
      vertex -7.30951 3.60464 6.5
      vertex -7.30951 3.60464 27
    endloop
  endfacet
  facet normal 0.910861 -0.412714 0
    outer loop
      vertex -7.30951 3.60464 6.5
      vertex -7.52962 3.11887 27
      vertex -7.52962 3.11887 6.5
    endloop
  endfacet
  facet normal 0.881925 -0.47139 0
    outer loop
      vertex -7.30951 3.60464 27
      vertex -7.05811 4.075 6.5
      vertex -7.05811 4.075 27
    endloop
  endfacet
  facet normal 0.881925 -0.47139 0
    outer loop
      vertex -7.05811 4.075 6.5
      vertex -7.30951 3.60464 27
      vertex -7.30951 3.60464 6.5
    endloop
  endfacet
  facet normal 0.8492 -0.528071 0
    outer loop
      vertex -7.05811 4.075 27
      vertex -6.77647 4.52789 6.5
      vertex -6.77647 4.52789 27
    endloop
  endfacet
  facet normal 0.8492 -0.528071 0
    outer loop
      vertex -6.77647 4.52789 6.5
      vertex -7.05811 4.075 27
      vertex -7.05811 4.075 6.5
    endloop
  endfacet
  facet normal 0.812837 -0.582491 0
    outer loop
      vertex -6.77647 4.52789 27
      vertex -6.46582 4.9614 6.5
      vertex -6.46582 4.9614 27
    endloop
  endfacet
  facet normal 0.812837 -0.582491 0
    outer loop
      vertex -6.46582 4.9614 6.5
      vertex -6.77647 4.52789 27
      vertex -6.77647 4.52789 6.5
    endloop
  endfacet
  facet normal 0.773012 -0.634392 0
    outer loop
      vertex -6.46582 4.9614 27
      vertex -6.12749 5.37366 6.5
      vertex -6.12749 5.37366 27
    endloop
  endfacet
  facet normal 0.773012 -0.634392 0
    outer loop
      vertex -6.12749 5.37366 6.5
      vertex -6.46582 4.9614 27
      vertex -6.46582 4.9614 6.5
    endloop
  endfacet
  facet normal 0.72986 -0.683597 0
    outer loop
      vertex -6.12749 5.37366 27
      vertex -5.76291 5.76291 6.5
      vertex -5.76291 5.76291 27
    endloop
  endfacet
  facet normal 0.72986 -0.683597 0
    outer loop
      vertex -5.76291 5.76291 6.5
      vertex -6.12749 5.37366 27
      vertex -6.12749 5.37366 6.5
    endloop
  endfacet
  facet normal 0.683597 -0.72986 0
    outer loop
      vertex -5.76291 5.76291 6.5
      vertex -5.37366 6.12749 27
      vertex -5.76291 5.76291 27
    endloop
  endfacet
  facet normal 0.683597 -0.72986 0
    outer loop
      vertex -5.37366 6.12749 27
      vertex -5.76291 5.76291 6.5
      vertex -5.37366 6.12749 6.5
    endloop
  endfacet
  facet normal 0.634392 -0.773012 0
    outer loop
      vertex -5.37366 6.12749 6.5
      vertex -4.9614 6.46582 27
      vertex -5.37366 6.12749 27
    endloop
  endfacet
  facet normal 0.634392 -0.773012 0
    outer loop
      vertex -4.9614 6.46582 27
      vertex -5.37366 6.12749 6.5
      vertex -4.9614 6.46582 6.5
    endloop
  endfacet
  facet normal 0.582491 -0.812837 0
    outer loop
      vertex -4.9614 6.46582 6.5
      vertex -4.52789 6.77647 27
      vertex -4.9614 6.46582 27
    endloop
  endfacet
  facet normal 0.582491 -0.812837 0
    outer loop
      vertex -4.52789 6.77647 27
      vertex -4.9614 6.46582 6.5
      vertex -4.52789 6.77647 6.5
    endloop
  endfacet
  facet normal 0.528071 -0.8492 0
    outer loop
      vertex -4.52789 6.77647 6.5
      vertex -4.075 7.05811 27
      vertex -4.52789 6.77647 27
    endloop
  endfacet
  facet normal 0.528071 -0.8492 0
    outer loop
      vertex -4.075 7.05811 27
      vertex -4.52789 6.77647 6.5
      vertex -4.075 7.05811 6.5
    endloop
  endfacet
  facet normal 0.47139 -0.881925 0
    outer loop
      vertex -4.075 7.05811 6.5
      vertex -3.60464 7.30951 27
      vertex -4.075 7.05811 27
    endloop
  endfacet
  facet normal 0.47139 -0.881925 0
    outer loop
      vertex -3.60464 7.30951 27
      vertex -4.075 7.05811 6.5
      vertex -3.60464 7.30951 6.5
    endloop
  endfacet
  facet normal 0.412714 -0.910861 0
    outer loop
      vertex -3.60464 7.30951 6.5
      vertex -3.11887 7.52962 27
      vertex -3.60464 7.30951 27
    endloop
  endfacet
  facet normal 0.412714 -0.910861 0
    outer loop
      vertex -3.11887 7.52962 27
      vertex -3.60464 7.30951 6.5
      vertex -3.11887 7.52962 6.5
    endloop
  endfacet
  facet normal 0.352227 -0.935915 0
    outer loop
      vertex -3.11887 7.52962 6.5
      vertex -2.61972 7.71747 27
      vertex -3.11887 7.52962 27
    endloop
  endfacet
  facet normal 0.352227 -0.935915 0
    outer loop
      vertex -2.61972 7.71747 27
      vertex -3.11887 7.52962 6.5
      vertex -2.61972 7.71747 6.5
    endloop
  endfacet
  facet normal 0.29029 -0.956939 0
    outer loop
      vertex -2.61972 7.71747 6.5
      vertex -2.55 7.73862 27
      vertex -2.61972 7.71747 27
    endloop
  endfacet
  facet normal 0.29029 -0.956939 0
    outer loop
      vertex -2.55 7.73862 27
      vertex -2.61972 7.71747 6.5
      vertex -2.55 7.73862 6.5
    endloop
  endfacet
  facet normal -0.29029 -0.956939 0
    outer loop
      vertex 2.55 7.73862 6.5
      vertex 2.61972 7.71747 27
      vertex 2.55 7.73862 27
    endloop
  endfacet
  facet normal -0.29029 -0.956939 -0
    outer loop
      vertex 2.61972 7.71747 27
      vertex 2.55 7.73862 6.5
      vertex 2.61972 7.71747 6.5
    endloop
  endfacet
  facet normal -0.352227 -0.935915 0
    outer loop
      vertex 2.61972 7.71747 6.5
      vertex 3.11887 7.52962 27
      vertex 2.61972 7.71747 27
    endloop
  endfacet
  facet normal -0.352227 -0.935915 -0
    outer loop
      vertex 3.11887 7.52962 27
      vertex 2.61972 7.71747 6.5
      vertex 3.11887 7.52962 6.5
    endloop
  endfacet
  facet normal -0.412714 -0.910861 0
    outer loop
      vertex 3.11887 7.52962 6.5
      vertex 3.60464 7.30951 27
      vertex 3.11887 7.52962 27
    endloop
  endfacet
  facet normal -0.412714 -0.910861 -0
    outer loop
      vertex 3.60464 7.30951 27
      vertex 3.11887 7.52962 6.5
      vertex 3.60464 7.30951 6.5
    endloop
  endfacet
  facet normal -0.47139 -0.881925 0
    outer loop
      vertex 3.60464 7.30951 6.5
      vertex 4.075 7.05811 27
      vertex 3.60464 7.30951 27
    endloop
  endfacet
  facet normal -0.47139 -0.881925 -0
    outer loop
      vertex 4.075 7.05811 27
      vertex 3.60464 7.30951 6.5
      vertex 4.075 7.05811 6.5
    endloop
  endfacet
  facet normal -0.528071 -0.8492 0
    outer loop
      vertex 4.075 7.05811 6.5
      vertex 4.52789 6.77647 27
      vertex 4.075 7.05811 27
    endloop
  endfacet
  facet normal -0.528071 -0.8492 -0
    outer loop
      vertex 4.52789 6.77647 27
      vertex 4.075 7.05811 6.5
      vertex 4.52789 6.77647 6.5
    endloop
  endfacet
  facet normal -0.582491 -0.812837 0
    outer loop
      vertex 4.52789 6.77647 6.5
      vertex 4.9614 6.46582 27
      vertex 4.52789 6.77647 27
    endloop
  endfacet
  facet normal -0.582491 -0.812837 -0
    outer loop
      vertex 4.9614 6.46582 27
      vertex 4.52789 6.77647 6.5
      vertex 4.9614 6.46582 6.5
    endloop
  endfacet
  facet normal -0.634392 -0.773012 0
    outer loop
      vertex 4.9614 6.46582 6.5
      vertex 5.37366 6.12749 27
      vertex 4.9614 6.46582 27
    endloop
  endfacet
  facet normal -0.634392 -0.773012 -0
    outer loop
      vertex 5.37366 6.12749 27
      vertex 4.9614 6.46582 6.5
      vertex 5.37366 6.12749 6.5
    endloop
  endfacet
  facet normal -0.683597 -0.72986 0
    outer loop
      vertex 5.37366 6.12749 6.5
      vertex 5.76291 5.76291 27
      vertex 5.37366 6.12749 27
    endloop
  endfacet
  facet normal -0.683597 -0.72986 -0
    outer loop
      vertex 5.76291 5.76291 27
      vertex 5.37366 6.12749 6.5
      vertex 5.76291 5.76291 6.5
    endloop
  endfacet
  facet normal -0.72986 -0.683597 0
    outer loop
      vertex 6.12749 5.37366 6.5
      vertex 5.76291 5.76291 27
      vertex 5.76291 5.76291 6.5
    endloop
  endfacet
  facet normal -0.72986 -0.683597 0
    outer loop
      vertex 5.76291 5.76291 27
      vertex 6.12749 5.37366 6.5
      vertex 6.12749 5.37366 27
    endloop
  endfacet
  facet normal -0.773012 -0.634392 0
    outer loop
      vertex 6.46582 4.9614 6.5
      vertex 6.12749 5.37366 27
      vertex 6.12749 5.37366 6.5
    endloop
  endfacet
  facet normal -0.773012 -0.634392 0
    outer loop
      vertex 6.12749 5.37366 27
      vertex 6.46582 4.9614 6.5
      vertex 6.46582 4.9614 27
    endloop
  endfacet
  facet normal -0.812837 -0.582491 0
    outer loop
      vertex 6.77647 4.52789 6.5
      vertex 6.46582 4.9614 27
      vertex 6.46582 4.9614 6.5
    endloop
  endfacet
  facet normal -0.812837 -0.582491 0
    outer loop
      vertex 6.46582 4.9614 27
      vertex 6.77647 4.52789 6.5
      vertex 6.77647 4.52789 27
    endloop
  endfacet
  facet normal -0.8492 -0.528071 0
    outer loop
      vertex 7.05811 4.075 6.5
      vertex 6.77647 4.52789 27
      vertex 6.77647 4.52789 6.5
    endloop
  endfacet
  facet normal -0.8492 -0.528071 0
    outer loop
      vertex 6.77647 4.52789 27
      vertex 7.05811 4.075 6.5
      vertex 7.05811 4.075 27
    endloop
  endfacet
  facet normal -0.881925 -0.47139 0
    outer loop
      vertex 7.30951 3.60464 6.5
      vertex 7.05811 4.075 27
      vertex 7.05811 4.075 6.5
    endloop
  endfacet
  facet normal -0.881925 -0.47139 0
    outer loop
      vertex 7.05811 4.075 27
      vertex 7.30951 3.60464 6.5
      vertex 7.30951 3.60464 27
    endloop
  endfacet
  facet normal -0.910861 -0.412714 0
    outer loop
      vertex 7.52962 3.11887 6.5
      vertex 7.30951 3.60464 27
      vertex 7.30951 3.60464 6.5
    endloop
  endfacet
  facet normal -0.910861 -0.412714 0
    outer loop
      vertex 7.30951 3.60464 27
      vertex 7.52962 3.11887 6.5
      vertex 7.52962 3.11887 27
    endloop
  endfacet
  facet normal -0.935915 -0.352227 0
    outer loop
      vertex 7.71747 2.61972 6.5
      vertex 7.52962 3.11887 27
      vertex 7.52962 3.11887 6.5
    endloop
  endfacet
  facet normal -0.935915 -0.352227 0
    outer loop
      vertex 7.52962 3.11887 27
      vertex 7.71747 2.61972 6.5
      vertex 7.71747 2.61972 27
    endloop
  endfacet
  facet normal -0.956938 -0.290292 0
    outer loop
      vertex 7.87228 2.10938 6.5
      vertex 7.71747 2.61972 27
      vertex 7.71747 2.61972 6.5
    endloop
  endfacet
  facet normal -0.956938 -0.290292 0
    outer loop
      vertex 7.71747 2.61972 27
      vertex 7.87228 2.10938 6.5
      vertex 7.87228 2.10938 27
    endloop
  endfacet
  facet normal -0.973876 -0.227082 0
    outer loop
      vertex 7.99339 1.58998 6.5
      vertex 7.87228 2.10938 27
      vertex 7.87228 2.10938 6.5
    endloop
  endfacet
  facet normal -0.973876 -0.227082 0
    outer loop
      vertex 7.87228 2.10938 27
      vertex 7.99339 1.58998 6.5
      vertex 7.99339 1.58998 27
    endloop
  endfacet
  facet normal -0.986646 -0.162882 0
    outer loop
      vertex 8.08026 1.06378 6.5
      vertex 7.99339 1.58998 27
      vertex 7.99339 1.58998 6.5
    endloop
  endfacet
  facet normal -0.986646 -0.162882 0
    outer loop
      vertex 7.99339 1.58998 27
      vertex 8.08026 1.06378 6.5
      vertex 8.08026 1.06378 27
    endloop
  endfacet
  facet normal -0.995184 -0.0980221 0
    outer loop
      vertex 8.13254 0.533035 6.5
      vertex 8.08026 1.06378 27
      vertex 8.08026 1.06378 6.5
    endloop
  endfacet
  facet normal -0.995184 -0.0980221 0
    outer loop
      vertex 8.08026 1.06378 27
      vertex 8.13254 0.533035 6.5
      vertex 8.13254 0.533035 27
    endloop
  endfacet
  facet normal -0.999464 -0.0327309 0
    outer loop
      vertex 8.14999 0 6.5
      vertex 8.13254 0.533035 27
      vertex 8.13254 0.533035 6.5
    endloop
  endfacet
  facet normal -0.999464 -0.0327309 0
    outer loop
      vertex 8.13254 0.533035 27
      vertex 8.14999 0 6.5
      vertex 8.14999 0 27
    endloop
  endfacet
  facet normal -0.999464 0.0327309 0
    outer loop
      vertex 8.13254 -0.533035 6.5
      vertex 8.14999 0 27
      vertex 8.14999 0 6.5
    endloop
  endfacet
  facet normal -0.999464 0.0327309 0
    outer loop
      vertex 8.14999 0 27
      vertex 8.13254 -0.533035 6.5
      vertex 8.13254 -0.533035 27
    endloop
  endfacet
  facet normal -0.995184 0.0980221 0
    outer loop
      vertex 8.08026 -1.06378 6.5
      vertex 8.13254 -0.533035 27
      vertex 8.13254 -0.533035 6.5
    endloop
  endfacet
  facet normal -0.995184 0.0980221 0
    outer loop
      vertex 8.13254 -0.533035 27
      vertex 8.08026 -1.06378 6.5
      vertex 8.08026 -1.06378 27
    endloop
  endfacet
  facet normal -0.986646 0.162882 0
    outer loop
      vertex 7.99339 -1.58998 6.5
      vertex 8.08026 -1.06378 27
      vertex 8.08026 -1.06378 6.5
    endloop
  endfacet
  facet normal -0.986646 0.162882 0
    outer loop
      vertex 8.08026 -1.06378 27
      vertex 7.99339 -1.58998 6.5
      vertex 7.99339 -1.58998 27
    endloop
  endfacet
  facet normal -0.973876 0.227082 0
    outer loop
      vertex 7.87228 -2.10938 6.5
      vertex 7.99339 -1.58998 27
      vertex 7.99339 -1.58998 6.5
    endloop
  endfacet
  facet normal -0.973876 0.227082 0
    outer loop
      vertex 7.99339 -1.58998 27
      vertex 7.87228 -2.10938 6.5
      vertex 7.87228 -2.10938 27
    endloop
  endfacet
  facet normal -0.956938 0.290292 0
    outer loop
      vertex 7.71747 -2.61972 6.5
      vertex 7.87228 -2.10938 27
      vertex 7.87228 -2.10938 6.5
    endloop
  endfacet
  facet normal -0.956938 0.290292 0
    outer loop
      vertex 7.87228 -2.10938 27
      vertex 7.71747 -2.61972 6.5
      vertex 7.71747 -2.61972 27
    endloop
  endfacet
  facet normal -0.935915 0.352227 0
    outer loop
      vertex 7.52962 -3.11887 6.5
      vertex 7.71747 -2.61972 27
      vertex 7.71747 -2.61972 6.5
    endloop
  endfacet
  facet normal -0.935915 0.352227 0
    outer loop
      vertex 7.71747 -2.61972 27
      vertex 7.52962 -3.11887 6.5
      vertex 7.52962 -3.11887 27
    endloop
  endfacet
  facet normal -0.910861 0.412714 0
    outer loop
      vertex 7.30951 -3.60464 6.5
      vertex 7.52962 -3.11887 27
      vertex 7.52962 -3.11887 6.5
    endloop
  endfacet
  facet normal -0.910861 0.412714 0
    outer loop
      vertex 7.52962 -3.11887 27
      vertex 7.30951 -3.60464 6.5
      vertex 7.30951 -3.60464 27
    endloop
  endfacet
  facet normal -0.881925 0.47139 0
    outer loop
      vertex 7.05811 -4.075 6.5
      vertex 7.30951 -3.60464 27
      vertex 7.30951 -3.60464 6.5
    endloop
  endfacet
  facet normal -0.881925 0.47139 0
    outer loop
      vertex 7.30951 -3.60464 27
      vertex 7.05811 -4.075 6.5
      vertex 7.05811 -4.075 27
    endloop
  endfacet
  facet normal -0.8492 0.528071 0
    outer loop
      vertex 6.77647 -4.52789 6.5
      vertex 7.05811 -4.075 27
      vertex 7.05811 -4.075 6.5
    endloop
  endfacet
  facet normal -0.8492 0.528071 0
    outer loop
      vertex 7.05811 -4.075 27
      vertex 6.77647 -4.52789 6.5
      vertex 6.77647 -4.52789 27
    endloop
  endfacet
  facet normal -0.812837 0.582491 0
    outer loop
      vertex 6.46582 -4.9614 6.5
      vertex 6.77647 -4.52789 27
      vertex 6.77647 -4.52789 6.5
    endloop
  endfacet
  facet normal -0.812837 0.582491 0
    outer loop
      vertex 6.77647 -4.52789 27
      vertex 6.46582 -4.9614 6.5
      vertex 6.46582 -4.9614 27
    endloop
  endfacet
  facet normal -0.773012 0.634392 0
    outer loop
      vertex 6.12749 -5.37366 6.5
      vertex 6.46582 -4.9614 27
      vertex 6.46582 -4.9614 6.5
    endloop
  endfacet
  facet normal -0.773012 0.634392 0
    outer loop
      vertex 6.46582 -4.9614 27
      vertex 6.12749 -5.37366 6.5
      vertex 6.12749 -5.37366 27
    endloop
  endfacet
  facet normal -0.72986 0.683597 0
    outer loop
      vertex 5.76291 -5.76291 6.5
      vertex 6.12749 -5.37366 27
      vertex 6.12749 -5.37366 6.5
    endloop
  endfacet
  facet normal -0.72986 0.683597 0
    outer loop
      vertex 6.12749 -5.37366 27
      vertex 5.76291 -5.76291 6.5
      vertex 5.76291 -5.76291 27
    endloop
  endfacet
  facet normal -0.683597 0.72986 0
    outer loop
      vertex 5.76291 -5.76291 6.5
      vertex 5.37366 -6.12749 27
      vertex 5.76291 -5.76291 27
    endloop
  endfacet
  facet normal -0.683597 0.72986 0
    outer loop
      vertex 5.37366 -6.12749 27
      vertex 5.76291 -5.76291 6.5
      vertex 5.37366 -6.12749 6.5
    endloop
  endfacet
  facet normal -0.634392 0.773012 0
    outer loop
      vertex 5.37366 -6.12749 6.5
      vertex 4.9614 -6.46582 27
      vertex 5.37366 -6.12749 27
    endloop
  endfacet
  facet normal -0.634392 0.773012 0
    outer loop
      vertex 4.9614 -6.46582 27
      vertex 5.37366 -6.12749 6.5
      vertex 4.9614 -6.46582 6.5
    endloop
  endfacet
  facet normal -0.582491 0.812837 0
    outer loop
      vertex 4.9614 -6.46582 6.5
      vertex 4.52789 -6.77647 27
      vertex 4.9614 -6.46582 27
    endloop
  endfacet
  facet normal -0.582491 0.812837 0
    outer loop
      vertex 4.52789 -6.77647 27
      vertex 4.9614 -6.46582 6.5
      vertex 4.52789 -6.77647 6.5
    endloop
  endfacet
  facet normal -0.528071 0.8492 0
    outer loop
      vertex 4.52789 -6.77647 6.5
      vertex 4.075 -7.05811 27
      vertex 4.52789 -6.77647 27
    endloop
  endfacet
  facet normal -0.528071 0.8492 0
    outer loop
      vertex 4.075 -7.05811 27
      vertex 4.52789 -6.77647 6.5
      vertex 4.075 -7.05811 6.5
    endloop
  endfacet
  facet normal -0.47139 0.881925 0
    outer loop
      vertex 4.075 -7.05811 6.5
      vertex 3.60464 -7.30951 27
      vertex 4.075 -7.05811 27
    endloop
  endfacet
  facet normal -0.47139 0.881925 0
    outer loop
      vertex 3.60464 -7.30951 27
      vertex 4.075 -7.05811 6.5
      vertex 3.60464 -7.30951 6.5
    endloop
  endfacet
  facet normal -0.412714 0.910861 0
    outer loop
      vertex 3.60464 -7.30951 6.5
      vertex 3.11887 -7.52962 27
      vertex 3.60464 -7.30951 27
    endloop
  endfacet
  facet normal -0.412714 0.910861 0
    outer loop
      vertex 3.11887 -7.52962 27
      vertex 3.60464 -7.30951 6.5
      vertex 3.11887 -7.52962 6.5
    endloop
  endfacet
  facet normal -0.352227 0.935915 0
    outer loop
      vertex 3.11887 -7.52962 6.5
      vertex 2.61972 -7.71747 27
      vertex 3.11887 -7.52962 27
    endloop
  endfacet
  facet normal -0.352227 0.935915 0
    outer loop
      vertex 2.61972 -7.71747 27
      vertex 3.11887 -7.52962 6.5
      vertex 2.61972 -7.71747 6.5
    endloop
  endfacet
  facet normal -0.290292 0.956938 0
    outer loop
      vertex 2.61972 -7.71747 6.5
      vertex 2.10938 -7.87228 27
      vertex 2.61972 -7.71747 27
    endloop
  endfacet
  facet normal -0.290292 0.956938 0
    outer loop
      vertex 2.10938 -7.87228 27
      vertex 2.61972 -7.71747 6.5
      vertex 2.10938 -7.87228 6.5
    endloop
  endfacet
  facet normal -0.227082 0.973876 0
    outer loop
      vertex 2.10938 -7.87228 6.5
      vertex 1.58998 -7.99339 27
      vertex 2.10938 -7.87228 27
    endloop
  endfacet
  facet normal -0.227082 0.973876 0
    outer loop
      vertex 1.58998 -7.99339 27
      vertex 2.10938 -7.87228 6.5
      vertex 1.58998 -7.99339 6.5
    endloop
  endfacet
  facet normal -0.162882 0.986646 0
    outer loop
      vertex 1.58998 -7.99339 6.5
      vertex 1.06378 -8.08026 27
      vertex 1.58998 -7.99339 27
    endloop
  endfacet
  facet normal -0.162882 0.986646 0
    outer loop
      vertex 1.06378 -8.08026 27
      vertex 1.58998 -7.99339 6.5
      vertex 1.06378 -8.08026 6.5
    endloop
  endfacet
  facet normal -0.0980221 0.995184 0
    outer loop
      vertex 1.06378 -8.08026 6.5
      vertex 0.533035 -8.13254 27
      vertex 1.06378 -8.08026 27
    endloop
  endfacet
  facet normal -0.0980221 0.995184 0
    outer loop
      vertex 0.533035 -8.13254 27
      vertex 1.06378 -8.08026 6.5
      vertex 0.533035 -8.13254 6.5
    endloop
  endfacet
  facet normal -0.0327309 0.999464 0
    outer loop
      vertex 0.533035 -8.13254 6.5
      vertex 0 -8.14999 27
      vertex 0.533035 -8.13254 27
    endloop
  endfacet
  facet normal -0.0327309 0.999464 0
    outer loop
      vertex 0 -8.14999 27
      vertex 0.533035 -8.13254 6.5
      vertex 0 -8.14999 6.5
    endloop
  endfacet
  facet normal 0.0327309 0.999464 -0
    outer loop
      vertex 0 -8.14999 6.5
      vertex -0.533035 -8.13254 27
      vertex 0 -8.14999 27
    endloop
  endfacet
  facet normal 0.0327309 0.999464 0
    outer loop
      vertex -0.533035 -8.13254 27
      vertex 0 -8.14999 6.5
      vertex -0.533035 -8.13254 6.5
    endloop
  endfacet
  facet normal 1 -0 0
    outer loop
      vertex -2.55 7.73862 27
      vertex -2.55 11.15 6.5
      vertex -2.55 11.15 27
    endloop
  endfacet
  facet normal 1 0 0
    outer loop
      vertex -2.55 11.15 6.5
      vertex -2.55 7.73862 27
      vertex -2.55 7.73862 6.5
    endloop
  endfacet
  facet normal -1 0 0
    outer loop
      vertex 2.55 7.73862 6.5
      vertex 2.55 11.15 27
      vertex 2.55 11.15 6.5
    endloop
  endfacet
  facet normal -1 -0 0
    outer loop
      vertex 2.55 11.15 27
      vertex 2.55 7.73862 6.5
      vertex 2.55 7.73862 27
    endloop
  endfacet
  facet normal 0 -1 0
    outer loop
      vertex -2.55 11.15 6.5
      vertex 2.55 11.15 27
      vertex -2.55 11.15 27
    endloop
  endfacet
  facet normal 0 -1 -0
    outer loop
      vertex 2.55 11.15 27
      vertex -2.55 11.15 6.5
      vertex 2.55 11.15 6.5
    endloop
  endfacet
  facet normal -0.634393 -0.77301 0
    outer loop
      vertex 7.9139 10.3136 0
      vertex 8.5715 9.77392 6.5
      vertex 7.9139 10.3136 6.5
    endloop
  endfacet
  facet normal -0.634393 -0.77301 -0
    outer loop
      vertex 8.5715 9.77392 6.5
      vertex 7.9139 10.3136 0
      vertex 8.5715 9.77392 0
    endloop
  endfacet
  facet normal 0.35225 0.935906 -0
    outer loop
      vertex -4.17871 -12.3101 0
      vertex -4.97488 -12.0104 6.5
      vertex -4.17871 -12.3101 6.5
    endloop
  endfacet
  facet normal 0.35225 0.935906 0
    outer loop
      vertex -4.97488 -12.0104 6.5
      vertex -4.17871 -12.3101 0
      vertex -4.97488 -12.0104 0
    endloop
  endfacet
  facet normal 0.910864 -0.412706 0
    outer loop
      vertex -12.0104 4.97488 6.5
      vertex -11.6593 5.74975 0
      vertex -11.6593 5.74975 6.5
    endloop
  endfacet
  facet normal 0.910864 -0.412706 0
    outer loop
      vertex -11.6593 5.74975 0
      vertex -12.0104 4.97488 6.5
      vertex -12.0104 4.97488 0
    endloop
  endfacet
  facet normal 0.910864 0.412706 0
    outer loop
      vertex -11.6593 -5.74975 6.5
      vertex -12.0104 -4.97488 0
      vertex -12.0104 -4.97488 6.5
    endloop
  endfacet
  facet normal 0.910864 0.412706 0
    outer loop
      vertex -12.0104 -4.97488 0
      vertex -11.6593 -5.74975 6.5
      vertex -11.6593 -5.74975 0
    endloop
  endfacet
  facet normal -0.95694 -0.290285 0
    outer loop
      vertex 12.557 3.36465 0
      vertex 12.3101 4.17871 6.5
      vertex 12.3101 4.17871 0
    endloop
  endfacet
  facet normal -0.95694 -0.290285 0
    outer loop
      vertex 12.3101 4.17871 6.5
      vertex 12.557 3.36465 0
      vertex 12.557 3.36465 6.5
    endloop
  endfacet
  facet normal -0.77301 -0.634393 0
    outer loop
      vertex 10.3136 7.9139 0
      vertex 9.77392 8.5715 6.5
      vertex 9.77392 8.5715 0
    endloop
  endfacet
  facet normal -0.77301 -0.634393 0
    outer loop
      vertex 9.77392 8.5715 6.5
      vertex 10.3136 7.9139 0
      vertex 10.3136 7.9139 6.5
    endloop
  endfacet
  facet normal -0.471397 -0.881921 0
    outer loop
      vertex 5.74975 11.6593 0
      vertex 6.5 11.2583 6.5
      vertex 5.74975 11.6593 6.5
    endloop
  endfacet
  facet normal -0.471397 -0.881921 -0
    outer loop
      vertex 6.5 11.2583 6.5
      vertex 5.74975 11.6593 0
      vertex 6.5 11.2583 0
    endloop
  endfacet
  facet normal -0.0980168 -0.995185 0
    outer loop
      vertex 0.85024 12.9722 0
      vertex 1.69684 12.8888 6.5
      vertex 0.85024 12.9722 6.5
    endloop
  endfacet
  facet normal -0.0980168 -0.995185 -0
    outer loop
      vertex 1.69684 12.8888 6.5
      vertex 0.85024 12.9722 0
      vertex 1.69684 12.8888 0
    endloop
  endfacet
  facet normal 0.995185 -0.0980168 0
    outer loop
      vertex -12.9722 0.85024 6.5
      vertex -12.8888 1.69684 0
      vertex -12.8888 1.69684 6.5
    endloop
  endfacet
  facet normal 0.995185 -0.0980168 0
    outer loop
      vertex -12.8888 1.69684 0
      vertex -12.9722 0.85024 6.5
      vertex -12.9722 0.85024 0
    endloop
  endfacet
  facet normal 0.290285 -0.95694 0
    outer loop
      vertex -4.17871 12.3101 0
      vertex -3.36465 12.557 6.5
      vertex -4.17871 12.3101 6.5
    endloop
  endfacet
  facet normal 0.290285 -0.95694 0
    outer loop
      vertex -3.36465 12.557 6.5
      vertex -4.17871 12.3101 0
      vertex -3.36465 12.557 0
    endloop
  endfacet
  facet normal 0.582478 -0.812847 0
    outer loop
      vertex -7.9139 10.3136 0
      vertex -7.22241 10.8091 6.5
      vertex -7.9139 10.3136 6.5
    endloop
  endfacet
  facet normal 0.582478 -0.812847 0
    outer loop
      vertex -7.22241 10.8091 6.5
      vertex -7.9139 10.3136 0
      vertex -7.22241 10.8091 0
    endloop
  endfacet
  facet normal -0.910864 0.412706 0
    outer loop
      vertex 11.6593 -5.74975 0
      vertex 12.0104 -4.97488 6.5
      vertex 12.0104 -4.97488 0
    endloop
  endfacet
  facet normal -0.910864 0.412706 0
    outer loop
      vertex 12.0104 -4.97488 6.5
      vertex 11.6593 -5.74975 0
      vertex 11.6593 -5.74975 6.5
    endloop
  endfacet
  facet normal -0.290285 0.95694 0
    outer loop
      vertex 4.17871 -12.3101 0
      vertex 3.36465 -12.557 6.5
      vertex 4.17871 -12.3101 6.5
    endloop
  endfacet
  facet normal -0.290285 0.95694 0
    outer loop
      vertex 3.36465 -12.557 6.5
      vertex 4.17871 -12.3101 0
      vertex 3.36465 -12.557 0
    endloop
  endfacet
  facet normal -0.683592 0.729864 0
    outer loop
      vertex 9.19239 -9.19239 0
      vertex 8.5715 -9.77392 6.5
      vertex 9.19239 -9.19239 6.5
    endloop
  endfacet
  facet normal -0.683592 0.729864 0
    outer loop
      vertex 8.5715 -9.77392 6.5
      vertex 9.19239 -9.19239 0
      vertex 8.5715 -9.77392 0
    endloop
  endfacet
  facet normal -0.995185 -0.0980168 0
    outer loop
      vertex 12.9722 0.85024 0
      vertex 12.8888 1.69684 6.5
      vertex 12.8888 1.69684 0
    endloop
  endfacet
  facet normal -0.995185 -0.0980168 0
    outer loop
      vertex 12.8888 1.69684 6.5
      vertex 12.9722 0.85024 0
      vertex 12.9722 0.85024 6.5
    endloop
  endfacet
  facet normal -0.849203 -0.528067 0
    outer loop
      vertex 11.2583 6.5 0
      vertex 10.8091 7.22241 6.5
      vertex 10.8091 7.22241 0
    endloop
  endfacet
  facet normal -0.849203 -0.528067 0
    outer loop
      vertex 10.8091 7.22241 6.5
      vertex 11.2583 6.5 0
      vertex 11.2583 6.5 6.5
    endloop
  endfacet
  facet normal -0.812847 -0.582478 0
    outer loop
      vertex 10.8091 7.22241 0
      vertex 10.3136 7.9139 6.5
      vertex 10.3136 7.9139 0
    endloop
  endfacet
  facet normal -0.812847 -0.582478 0
    outer loop
      vertex 10.3136 7.9139 6.5
      vertex 10.8091 7.22241 0
      vertex 10.8091 7.22241 6.5
    endloop
  endfacet
  facet normal -0.582478 -0.812847 0
    outer loop
      vertex 7.22241 10.8091 0
      vertex 7.9139 10.3136 6.5
      vertex 7.22241 10.8091 6.5
    endloop
  endfacet
  facet normal -0.582478 -0.812847 -0
    outer loop
      vertex 7.9139 10.3136 6.5
      vertex 7.22241 10.8091 0
      vertex 7.9139 10.3136 0
    endloop
  endfacet
  facet normal -0.227076 -0.973877 0
    outer loop
      vertex 2.53617 12.7502 0
      vertex 3.36465 12.557 6.5
      vertex 2.53617 12.7502 6.5
    endloop
  endfacet
  facet normal -0.227076 -0.973877 -0
    outer loop
      vertex 3.36465 12.557 6.5
      vertex 2.53617 12.7502 0
      vertex 3.36465 12.557 0
    endloop
  endfacet
  facet normal 0.973877 -0.227076 0
    outer loop
      vertex -12.7502 2.53617 6.5
      vertex -12.557 3.36465 0
      vertex -12.557 3.36465 6.5
    endloop
  endfacet
  facet normal 0.973877 -0.227076 0
    outer loop
      vertex -12.557 3.36465 0
      vertex -12.7502 2.53617 6.5
      vertex -12.7502 2.53617 0
    endloop
  endfacet
  facet normal 0.77301 -0.634393 0
    outer loop
      vertex -10.3136 7.9139 6.5
      vertex -9.77392 8.5715 0
      vertex -9.77392 8.5715 6.5
    endloop
  endfacet
  facet normal 0.77301 -0.634393 0
    outer loop
      vertex -9.77392 8.5715 0
      vertex -10.3136 7.9139 6.5
      vertex -10.3136 7.9139 0
    endloop
  endfacet
  facet normal 0.881921 -0.471398 0
    outer loop
      vertex -11.6593 5.74975 6.5
      vertex -11.2583 6.5 0
      vertex -11.2583 6.5 6.5
    endloop
  endfacet
  facet normal 0.881921 -0.471398 0
    outer loop
      vertex -11.2583 6.5 0
      vertex -11.6593 5.74975 6.5
      vertex -11.6593 5.74975 0
    endloop
  endfacet
  facet normal 0.812847 -0.582478 0
    outer loop
      vertex -10.8091 7.22241 6.5
      vertex -10.3136 7.9139 0
      vertex -10.3136 7.9139 6.5
    endloop
  endfacet
  facet normal 0.812847 -0.582478 0
    outer loop
      vertex -10.3136 7.9139 0
      vertex -10.8091 7.22241 6.5
      vertex -10.8091 7.22241 0
    endloop
  endfacet
  facet normal 0.0980168 -0.995185 0
    outer loop
      vertex -1.69684 12.8888 0
      vertex -0.85024 12.9722 6.5
      vertex -1.69684 12.8888 6.5
    endloop
  endfacet
  facet normal 0.0980168 -0.995185 0
    outer loop
      vertex -0.85024 12.9722 6.5
      vertex -1.69684 12.8888 0
      vertex -0.85024 12.9722 0
    endloop
  endfacet
  facet normal 0.162896 -0.986643 0
    outer loop
      vertex -2.53617 12.7502 0
      vertex -1.69684 12.8888 6.5
      vertex -2.53617 12.7502 6.5
    endloop
  endfacet
  facet normal 0.162896 -0.986643 0
    outer loop
      vertex -1.69684 12.8888 6.5
      vertex -2.53617 12.7502 0
      vertex -1.69684 12.8888 0
    endloop
  endfacet
  facet normal 0.412706 -0.910864 0
    outer loop
      vertex -5.74975 11.6593 0
      vertex -4.97488 12.0104 6.5
      vertex -5.74975 11.6593 6.5
    endloop
  endfacet
  facet normal 0.412706 -0.910864 0
    outer loop
      vertex -4.97488 12.0104 6.5
      vertex -5.74975 11.6593 0
      vertex -4.97488 12.0104 0
    endloop
  endfacet
  facet normal -0.999465 -0.0327202 0
    outer loop
      vertex 13 0 0
      vertex 12.9722 0.85024 6.5
      vertex 12.9722 0.85024 0
    endloop
  endfacet
  facet normal -0.999465 -0.0327202 0
    outer loop
      vertex 12.9722 0.85024 6.5
      vertex 13 0 0
      vertex 13 0 6.5
    endloop
  endfacet
  facet normal -0.95694 0.290285 0
    outer loop
      vertex 12.3101 -4.17871 0
      vertex 12.557 -3.36465 6.5
      vertex 12.557 -3.36465 0
    endloop
  endfacet
  facet normal -0.95694 0.290285 0
    outer loop
      vertex 12.557 -3.36465 6.5
      vertex 12.3101 -4.17871 0
      vertex 12.3101 -4.17871 6.5
    endloop
  endfacet
  facet normal -0.528068 0.849202 0
    outer loop
      vertex 7.22241 -10.8091 0
      vertex 6.5 -11.2583 6.5
      vertex 7.22241 -10.8091 6.5
    endloop
  endfacet
  facet normal -0.528068 0.849202 0
    outer loop
      vertex 6.5 -11.2583 6.5
      vertex 7.22241 -10.8091 0
      vertex 6.5 -11.2583 0
    endloop
  endfacet
  facet normal -0.634393 0.77301 0
    outer loop
      vertex 8.5715 -9.77392 0
      vertex 7.9139 -10.3136 6.5
      vertex 8.5715 -9.77392 6.5
    endloop
  endfacet
  facet normal -0.634393 0.77301 0
    outer loop
      vertex 7.9139 -10.3136 6.5
      vertex 8.5715 -9.77392 0
      vertex 7.9139 -10.3136 0
    endloop
  endfacet
  facet normal -0.582478 0.812847 0
    outer loop
      vertex 7.9139 -10.3136 0
      vertex 7.22241 -10.8091 6.5
      vertex 7.9139 -10.3136 6.5
    endloop
  endfacet
  facet normal -0.582478 0.812847 0
    outer loop
      vertex 7.22241 -10.8091 6.5
      vertex 7.9139 -10.3136 0
      vertex 7.22241 -10.8091 0
    endloop
  endfacet
  facet normal -0.77301 0.634393 0
    outer loop
      vertex 9.77392 -8.5715 0
      vertex 10.3136 -7.9139 6.5
      vertex 10.3136 -7.9139 0
    endloop
  endfacet
  facet normal -0.77301 0.634393 0
    outer loop
      vertex 10.3136 -7.9139 6.5
      vertex 9.77392 -8.5715 0
      vertex 9.77392 -8.5715 6.5
    endloop
  endfacet
  facet normal -0.881921 0.471397 0
    outer loop
      vertex 11.2583 -6.5 0
      vertex 11.6593 -5.74975 6.5
      vertex 11.6593 -5.74975 0
    endloop
  endfacet
  facet normal -0.881921 0.471397 0
    outer loop
      vertex 11.6593 -5.74975 6.5
      vertex 11.2583 -6.5 0
      vertex 11.2583 -6.5 6.5
    endloop
  endfacet
  facet normal 0.162896 0.986643 -0
    outer loop
      vertex -1.69684 -12.8888 0
      vertex -2.53617 -12.7502 6.5
      vertex -1.69684 -12.8888 6.5
    endloop
  endfacet
  facet normal 0.162896 0.986643 0
    outer loop
      vertex -2.53617 -12.7502 6.5
      vertex -1.69684 -12.8888 0
      vertex -2.53617 -12.7502 0
    endloop
  endfacet
  facet normal 0.0980168 0.995185 -0
    outer loop
      vertex -0.85024 -12.9722 0
      vertex -1.69684 -12.8888 6.5
      vertex -0.85024 -12.9722 6.5
    endloop
  endfacet
  facet normal 0.0980168 0.995185 0
    outer loop
      vertex -1.69684 -12.8888 6.5
      vertex -0.85024 -12.9722 0
      vertex -1.69684 -12.8888 0
    endloop
  endfacet
  facet normal 0.634393 0.77301 -0
    outer loop
      vertex -7.9139 -10.3136 0
      vertex -8.5715 -9.77392 6.5
      vertex -7.9139 -10.3136 6.5
    endloop
  endfacet
  facet normal 0.634393 0.77301 0
    outer loop
      vertex -8.5715 -9.77392 6.5
      vertex -7.9139 -10.3136 0
      vertex -8.5715 -9.77392 0
    endloop
  endfacet
  facet normal 0.973877 0.227076 0
    outer loop
      vertex -12.557 -3.36465 6.5
      vertex -12.7502 -2.53617 0
      vertex -12.7502 -2.53617 6.5
    endloop
  endfacet
  facet normal 0.973877 0.227076 0
    outer loop
      vertex -12.7502 -2.53617 0
      vertex -12.557 -3.36465 6.5
      vertex -12.557 -3.36465 0
    endloop
  endfacet
  facet normal 0.995185 0.0980168 0
    outer loop
      vertex -12.8888 -1.69684 6.5
      vertex -12.9722 -0.85024 0
      vertex -12.9722 -0.85024 6.5
    endloop
  endfacet
  facet normal 0.995185 0.0980168 0
    outer loop
      vertex -12.9722 -0.85024 0
      vertex -12.8888 -1.69684 6.5
      vertex -12.8888 -1.69684 0
    endloop
  endfacet
  facet normal 0.812847 0.582478 0
    outer loop
      vertex -10.3136 -7.9139 6.5
      vertex -10.8091 -7.22241 0
      vertex -10.8091 -7.22241 6.5
    endloop
  endfacet
  facet normal 0.812847 0.582478 0
    outer loop
      vertex -10.8091 -7.22241 0
      vertex -10.3136 -7.9139 6.5
      vertex -10.3136 -7.9139 0
    endloop
  endfacet
  facet normal 0.729864 0.683592 0
    outer loop
      vertex -9.19239 -9.19239 6.5
      vertex -9.77392 -8.5715 0
      vertex -9.77392 -8.5715 6.5
    endloop
  endfacet
  facet normal 0.729864 0.683592 0
    outer loop
      vertex -9.77392 -8.5715 0
      vertex -9.19239 -9.19239 6.5
      vertex -9.19239 -9.19239 0
    endloop
  endfacet
  facet normal -0.910864 -0.412706 0
    outer loop
      vertex 12.0104 4.97488 0
      vertex 11.6593 5.74975 6.5
      vertex 11.6593 5.74975 0
    endloop
  endfacet
  facet normal -0.910864 -0.412706 0
    outer loop
      vertex 11.6593 5.74975 6.5
      vertex 12.0104 4.97488 0
      vertex 12.0104 4.97488 6.5
    endloop
  endfacet
  facet normal -0.881921 -0.471398 0
    outer loop
      vertex 11.6593 5.74975 0
      vertex 11.2583 6.5 6.5
      vertex 11.2583 6.5 0
    endloop
  endfacet
  facet normal -0.881921 -0.471398 0
    outer loop
      vertex 11.2583 6.5 6.5
      vertex 11.6593 5.74975 0
      vertex 11.6593 5.74975 6.5
    endloop
  endfacet
  facet normal -0.683592 -0.729864 0
    outer loop
      vertex 8.5715 9.77392 0
      vertex 9.19239 9.19239 6.5
      vertex 8.5715 9.77392 6.5
    endloop
  endfacet
  facet normal -0.683592 -0.729864 -0
    outer loop
      vertex 9.19239 9.19239 6.5
      vertex 8.5715 9.77392 0
      vertex 9.19239 9.19239 0
    endloop
  endfacet
  facet normal -0.729864 -0.683592 0
    outer loop
      vertex 9.77392 8.5715 0
      vertex 9.19239 9.19239 6.5
      vertex 9.19239 9.19239 0
    endloop
  endfacet
  facet normal -0.729864 -0.683592 0
    outer loop
      vertex 9.19239 9.19239 6.5
      vertex 9.77392 8.5715 0
      vertex 9.77392 8.5715 6.5
    endloop
  endfacet
  facet normal -0.0327202 -0.999465 0
    outer loop
      vertex 0 13 0
      vertex 0.85024 12.9722 6.5
      vertex 0 13 6.5
    endloop
  endfacet
  facet normal -0.0327202 -0.999465 -0
    outer loop
      vertex 0.85024 12.9722 6.5
      vertex 0 13 0
      vertex 0.85024 12.9722 0
    endloop
  endfacet
  facet normal -0.528068 -0.849202 0
    outer loop
      vertex 6.5 11.2583 0
      vertex 7.22241 10.8091 6.5
      vertex 6.5 11.2583 6.5
    endloop
  endfacet
  facet normal -0.528068 -0.849202 -0
    outer loop
      vertex 7.22241 10.8091 6.5
      vertex 6.5 11.2583 0
      vertex 7.22241 10.8091 0
    endloop
  endfacet
  facet normal -0.35225 -0.935906 0
    outer loop
      vertex 4.17871 12.3101 0
      vertex 4.97488 12.0104 6.5
      vertex 4.17871 12.3101 6.5
    endloop
  endfacet
  facet normal -0.35225 -0.935906 -0
    outer loop
      vertex 4.97488 12.0104 6.5
      vertex 4.17871 12.3101 0
      vertex 4.97488 12.0104 0
    endloop
  endfacet
  facet normal -0.162896 -0.986643 0
    outer loop
      vertex 1.69684 12.8888 0
      vertex 2.53617 12.7502 6.5
      vertex 1.69684 12.8888 6.5
    endloop
  endfacet
  facet normal -0.162896 -0.986643 -0
    outer loop
      vertex 2.53617 12.7502 6.5
      vertex 1.69684 12.8888 0
      vertex 2.53617 12.7502 0
    endloop
  endfacet
  facet normal -0.290285 -0.95694 0
    outer loop
      vertex 3.36465 12.557 0
      vertex 4.17871 12.3101 6.5
      vertex 3.36465 12.557 6.5
    endloop
  endfacet
  facet normal -0.290285 -0.95694 -0
    outer loop
      vertex 4.17871 12.3101 6.5
      vertex 3.36465 12.557 0
      vertex 4.17871 12.3101 0
    endloop
  endfacet
  facet normal 0.999465 -0.0327202 0
    outer loop
      vertex -13 0 6.5
      vertex -12.9722 0.85024 0
      vertex -12.9722 0.85024 6.5
    endloop
  endfacet
  facet normal 0.999465 -0.0327202 0
    outer loop
      vertex -12.9722 0.85024 0
      vertex -13 0 6.5
      vertex -13 0 0
    endloop
  endfacet
  facet normal 0.935906 -0.35225 0
    outer loop
      vertex -12.3101 4.17871 6.5
      vertex -12.0104 4.97488 0
      vertex -12.0104 4.97488 6.5
    endloop
  endfacet
  facet normal 0.935906 -0.35225 0
    outer loop
      vertex -12.0104 4.97488 0
      vertex -12.3101 4.17871 6.5
      vertex -12.3101 4.17871 0
    endloop
  endfacet
  facet normal 0.986643 -0.162896 0
    outer loop
      vertex -12.8888 1.69684 6.5
      vertex -12.7502 2.53617 0
      vertex -12.7502 2.53617 6.5
    endloop
  endfacet
  facet normal 0.986643 -0.162896 0
    outer loop
      vertex -12.7502 2.53617 0
      vertex -12.8888 1.69684 6.5
      vertex -12.8888 1.69684 0
    endloop
  endfacet
  facet normal 0.95694 -0.290285 0
    outer loop
      vertex -12.557 3.36465 6.5
      vertex -12.3101 4.17871 0
      vertex -12.3101 4.17871 6.5
    endloop
  endfacet
  facet normal 0.95694 -0.290285 0
    outer loop
      vertex -12.3101 4.17871 0
      vertex -12.557 3.36465 6.5
      vertex -12.557 3.36465 0
    endloop
  endfacet
  facet normal 0.849203 -0.528067 0
    outer loop
      vertex -11.2583 6.5 6.5
      vertex -10.8091 7.22241 0
      vertex -10.8091 7.22241 6.5
    endloop
  endfacet
  facet normal 0.849203 -0.528067 0
    outer loop
      vertex -10.8091 7.22241 0
      vertex -11.2583 6.5 6.5
      vertex -11.2583 6.5 0
    endloop
  endfacet
  facet normal 0.729864 -0.683592 0
    outer loop
      vertex -9.77392 8.5715 6.5
      vertex -9.19239 9.19239 0
      vertex -9.19239 9.19239 6.5
    endloop
  endfacet
  facet normal 0.729864 -0.683592 0
    outer loop
      vertex -9.19239 9.19239 0
      vertex -9.77392 8.5715 6.5
      vertex -9.77392 8.5715 0
    endloop
  endfacet
  facet normal 0.35225 -0.935906 0
    outer loop
      vertex -4.97488 12.0104 0
      vertex -4.17871 12.3101 6.5
      vertex -4.97488 12.0104 6.5
    endloop
  endfacet
  facet normal 0.35225 -0.935906 0
    outer loop
      vertex -4.17871 12.3101 6.5
      vertex -4.97488 12.0104 0
      vertex -4.17871 12.3101 0
    endloop
  endfacet
  facet normal 0.227076 -0.973877 0
    outer loop
      vertex -3.36465 12.557 0
      vertex -2.53617 12.7502 6.5
      vertex -3.36465 12.557 6.5
    endloop
  endfacet
  facet normal 0.227076 -0.973877 0
    outer loop
      vertex -2.53617 12.7502 6.5
      vertex -3.36465 12.557 0
      vertex -2.53617 12.7502 0
    endloop
  endfacet
  facet normal 0.0327202 -0.999465 0
    outer loop
      vertex -0.85024 12.9722 0
      vertex 0 13 6.5
      vertex -0.85024 12.9722 6.5
    endloop
  endfacet
  facet normal 0.0327202 -0.999465 0
    outer loop
      vertex 0 13 6.5
      vertex -0.85024 12.9722 0
      vertex 0 13 0
    endloop
  endfacet
  facet normal 0.471398 -0.881921 0
    outer loop
      vertex -6.5 11.2583 0
      vertex -5.74975 11.6593 6.5
      vertex -6.5 11.2583 6.5
    endloop
  endfacet
  facet normal 0.471398 -0.881921 0
    outer loop
      vertex -5.74975 11.6593 6.5
      vertex -6.5 11.2583 0
      vertex -5.74975 11.6593 0
    endloop
  endfacet
  facet normal 0.528067 -0.849203 0
    outer loop
      vertex -7.22241 10.8091 0
      vertex -6.5 11.2583 6.5
      vertex -7.22241 10.8091 6.5
    endloop
  endfacet
  facet normal 0.528067 -0.849203 0
    outer loop
      vertex -6.5 11.2583 6.5
      vertex -7.22241 10.8091 0
      vertex -6.5 11.2583 0
    endloop
  endfacet
  facet normal 0.683592 -0.729864 0
    outer loop
      vertex -9.19239 9.19239 0
      vertex -8.5715 9.77392 6.5
      vertex -9.19239 9.19239 6.5
    endloop
  endfacet
  facet normal 0.683592 -0.729864 0
    outer loop
      vertex -8.5715 9.77392 6.5
      vertex -9.19239 9.19239 0
      vertex -8.5715 9.77392 0
    endloop
  endfacet
  facet normal -0.995185 0.0980168 0
    outer loop
      vertex 12.8888 -1.69684 0
      vertex 12.9722 -0.85024 6.5
      vertex 12.9722 -0.85024 0
    endloop
  endfacet
  facet normal -0.995185 0.0980168 0
    outer loop
      vertex 12.9722 -0.85024 6.5
      vertex 12.8888 -1.69684 0
      vertex 12.8888 -1.69684 6.5
    endloop
  endfacet
  facet normal -0.0327202 0.999465 0
    outer loop
      vertex 0.85024 -12.9722 0
      vertex 0 -13 6.5
      vertex 0.85024 -12.9722 6.5
    endloop
  endfacet
  facet normal -0.0327202 0.999465 0
    outer loop
      vertex 0 -13 6.5
      vertex 0.85024 -12.9722 0
      vertex 0 -13 0
    endloop
  endfacet
  facet normal -0.973877 0.227076 0
    outer loop
      vertex 12.557 -3.36465 0
      vertex 12.7502 -2.53617 6.5
      vertex 12.7502 -2.53617 0
    endloop
  endfacet
  facet normal -0.973877 0.227076 0
    outer loop
      vertex 12.7502 -2.53617 6.5
      vertex 12.557 -3.36465 0
      vertex 12.557 -3.36465 6.5
    endloop
  endfacet
  facet normal -0.999465 0.0327202 0
    outer loop
      vertex 12.9722 -0.85024 0
      vertex 13 0 6.5
      vertex 13 0 0
    endloop
  endfacet
  facet normal -0.999465 0.0327202 0
    outer loop
      vertex 13 0 6.5
      vertex 12.9722 -0.85024 0
      vertex 12.9722 -0.85024 6.5
    endloop
  endfacet
  facet normal -0.162896 0.986643 0
    outer loop
      vertex 2.53617 -12.7502 0
      vertex 1.69684 -12.8888 6.5
      vertex 2.53617 -12.7502 6.5
    endloop
  endfacet
  facet normal -0.162896 0.986643 0
    outer loop
      vertex 1.69684 -12.8888 6.5
      vertex 2.53617 -12.7502 0
      vertex 1.69684 -12.8888 0
    endloop
  endfacet
  facet normal -0.35225 0.935906 0
    outer loop
      vertex 4.97488 -12.0104 0
      vertex 4.17871 -12.3101 6.5
      vertex 4.97488 -12.0104 6.5
    endloop
  endfacet
  facet normal -0.35225 0.935906 0
    outer loop
      vertex 4.17871 -12.3101 6.5
      vertex 4.97488 -12.0104 0
      vertex 4.17871 -12.3101 0
    endloop
  endfacet
  facet normal -0.412706 0.910864 0
    outer loop
      vertex 5.74975 -11.6593 0
      vertex 4.97488 -12.0104 6.5
      vertex 5.74975 -11.6593 6.5
    endloop
  endfacet
  facet normal -0.412706 0.910864 0
    outer loop
      vertex 4.97488 -12.0104 6.5
      vertex 5.74975 -11.6593 0
      vertex 4.97488 -12.0104 0
    endloop
  endfacet
  facet normal -0.729864 0.683592 0
    outer loop
      vertex 9.19239 -9.19239 0
      vertex 9.77392 -8.5715 6.5
      vertex 9.77392 -8.5715 0
    endloop
  endfacet
  facet normal -0.729864 0.683592 0
    outer loop
      vertex 9.77392 -8.5715 6.5
      vertex 9.19239 -9.19239 0
      vertex 9.19239 -9.19239 6.5
    endloop
  endfacet
  facet normal -0.471397 0.881921 0
    outer loop
      vertex 6.5 -11.2583 0
      vertex 5.74975 -11.6593 6.5
      vertex 6.5 -11.2583 6.5
    endloop
  endfacet
  facet normal -0.471397 0.881921 0
    outer loop
      vertex 5.74975 -11.6593 6.5
      vertex 6.5 -11.2583 0
      vertex 5.74975 -11.6593 0
    endloop
  endfacet
  facet normal -0.935906 0.35225 0
    outer loop
      vertex 12.0104 -4.97488 0
      vertex 12.3101 -4.17871 6.5
      vertex 12.3101 -4.17871 0
    endloop
  endfacet
  facet normal -0.935906 0.35225 0
    outer loop
      vertex 12.3101 -4.17871 6.5
      vertex 12.0104 -4.97488 0
      vertex 12.0104 -4.97488 6.5
    endloop
  endfacet
  facet normal -0.812847 0.582478 0
    outer loop
      vertex 10.3136 -7.9139 0
      vertex 10.8091 -7.22241 6.5
      vertex 10.8091 -7.22241 0
    endloop
  endfacet
  facet normal -0.812847 0.582478 0
    outer loop
      vertex 10.8091 -7.22241 6.5
      vertex 10.3136 -7.9139 0
      vertex 10.3136 -7.9139 6.5
    endloop
  endfacet
  facet normal -0.849202 0.528068 0
    outer loop
      vertex 10.8091 -7.22241 0
      vertex 11.2583 -6.5 6.5
      vertex 11.2583 -6.5 0
    endloop
  endfacet
  facet normal -0.849202 0.528068 0
    outer loop
      vertex 11.2583 -6.5 6.5
      vertex 10.8091 -7.22241 0
      vertex 10.8091 -7.22241 6.5
    endloop
  endfacet
  facet normal 0.0327202 0.999465 -0
    outer loop
      vertex 0 -13 0
      vertex -0.85024 -12.9722 6.5
      vertex 0 -13 6.5
    endloop
  endfacet
  facet normal 0.0327202 0.999465 0
    outer loop
      vertex -0.85024 -12.9722 6.5
      vertex 0 -13 0
      vertex -0.85024 -12.9722 0
    endloop
  endfacet
  facet normal 0.227076 0.973877 -0
    outer loop
      vertex -2.53617 -12.7502 0
      vertex -3.36465 -12.557 6.5
      vertex -2.53617 -12.7502 6.5
    endloop
  endfacet
  facet normal 0.227076 0.973877 0
    outer loop
      vertex -3.36465 -12.557 6.5
      vertex -2.53617 -12.7502 0
      vertex -3.36465 -12.557 0
    endloop
  endfacet
  facet normal 0.582478 0.812847 -0
    outer loop
      vertex -7.22241 -10.8091 0
      vertex -7.9139 -10.3136 6.5
      vertex -7.22241 -10.8091 6.5
    endloop
  endfacet
  facet normal 0.582478 0.812847 0
    outer loop
      vertex -7.9139 -10.3136 6.5
      vertex -7.22241 -10.8091 0
      vertex -7.9139 -10.3136 0
    endloop
  endfacet
  facet normal 0.683592 0.729864 -0
    outer loop
      vertex -8.5715 -9.77392 0
      vertex -9.19239 -9.19239 6.5
      vertex -8.5715 -9.77392 6.5
    endloop
  endfacet
  facet normal 0.683592 0.729864 0
    outer loop
      vertex -9.19239 -9.19239 6.5
      vertex -8.5715 -9.77392 0
      vertex -9.19239 -9.19239 0
    endloop
  endfacet
  facet normal 0.412706 0.910864 -0
    outer loop
      vertex -4.97488 -12.0104 0
      vertex -5.74975 -11.6593 6.5
      vertex -4.97488 -12.0104 6.5
    endloop
  endfacet
  facet normal 0.412706 0.910864 0
    outer loop
      vertex -5.74975 -11.6593 6.5
      vertex -4.97488 -12.0104 0
      vertex -5.74975 -11.6593 0
    endloop
  endfacet
  facet normal 0.528068 0.849202 -0
    outer loop
      vertex -6.5 -11.2583 0
      vertex -7.22241 -10.8091 6.5
      vertex -6.5 -11.2583 6.5
    endloop
  endfacet
  facet normal 0.528068 0.849202 0
    outer loop
      vertex -7.22241 -10.8091 6.5
      vertex -6.5 -11.2583 0
      vertex -7.22241 -10.8091 0
    endloop
  endfacet
  facet normal 0.986643 0.162896 0
    outer loop
      vertex -12.7502 -2.53617 6.5
      vertex -12.8888 -1.69684 0
      vertex -12.8888 -1.69684 6.5
    endloop
  endfacet
  facet normal 0.986643 0.162896 0
    outer loop
      vertex -12.8888 -1.69684 0
      vertex -12.7502 -2.53617 6.5
      vertex -12.7502 -2.53617 0
    endloop
  endfacet
  facet normal 0.999465 0.0327202 0
    outer loop
      vertex -12.9722 -0.85024 6.5
      vertex -13 0 0
      vertex -13 0 6.5
    endloop
  endfacet
  facet normal 0.999465 0.0327202 0
    outer loop
      vertex -13 0 0
      vertex -12.9722 -0.85024 6.5
      vertex -12.9722 -0.85024 0
    endloop
  endfacet
  facet normal 0.95694 0.290285 0
    outer loop
      vertex -12.3101 -4.17871 6.5
      vertex -12.557 -3.36465 0
      vertex -12.557 -3.36465 6.5
    endloop
  endfacet
  facet normal 0.95694 0.290285 0
    outer loop
      vertex -12.557 -3.36465 0
      vertex -12.3101 -4.17871 6.5
      vertex -12.3101 -4.17871 0
    endloop
  endfacet
  facet normal 0.935906 0.35225 0
    outer loop
      vertex -12.0104 -4.97488 6.5
      vertex -12.3101 -4.17871 0
      vertex -12.3101 -4.17871 6.5
    endloop
  endfacet
  facet normal 0.935906 0.35225 0
    outer loop
      vertex -12.3101 -4.17871 0
      vertex -12.0104 -4.97488 6.5
      vertex -12.0104 -4.97488 0
    endloop
  endfacet
  facet normal 0.881921 0.471398 0
    outer loop
      vertex -11.2583 -6.5 6.5
      vertex -11.6593 -5.74975 0
      vertex -11.6593 -5.74975 6.5
    endloop
  endfacet
  facet normal 0.881921 0.471398 0
    outer loop
      vertex -11.6593 -5.74975 0
      vertex -11.2583 -6.5 6.5
      vertex -11.2583 -6.5 0
    endloop
  endfacet
  facet normal 0.77301 0.634393 0
    outer loop
      vertex -9.77392 -8.5715 6.5
      vertex -10.3136 -7.9139 0
      vertex -10.3136 -7.9139 6.5
    endloop
  endfacet
  facet normal 0.77301 0.634393 0
    outer loop
      vertex -10.3136 -7.9139 0
      vertex -9.77392 -8.5715 6.5
      vertex -9.77392 -8.5715 0
    endloop
  endfacet
  facet normal -0.973877 -0.227076 0
    outer loop
      vertex 12.7502 2.53617 0
      vertex 12.557 3.36465 6.5
      vertex 12.557 3.36465 0
    endloop
  endfacet
  facet normal -0.973877 -0.227076 0
    outer loop
      vertex 12.557 3.36465 6.5
      vertex 12.7502 2.53617 0
      vertex 12.7502 2.53617 6.5
    endloop
  endfacet
  facet normal -0.986643 -0.162896 0
    outer loop
      vertex 12.8888 1.69684 0
      vertex 12.7502 2.53617 6.5
      vertex 12.7502 2.53617 0
    endloop
  endfacet
  facet normal -0.986643 -0.162896 0
    outer loop
      vertex 12.7502 2.53617 6.5
      vertex 12.8888 1.69684 0
      vertex 12.8888 1.69684 6.5
    endloop
  endfacet
  facet normal -0.935906 -0.35225 0
    outer loop
      vertex 12.3101 4.17871 0
      vertex 12.0104 4.97488 6.5
      vertex 12.0104 4.97488 0
    endloop
  endfacet
  facet normal -0.935906 -0.35225 0
    outer loop
      vertex 12.0104 4.97488 6.5
      vertex 12.3101 4.17871 0
      vertex 12.3101 4.17871 6.5
    endloop
  endfacet
  facet normal -0.412706 -0.910864 0
    outer loop
      vertex 4.97488 12.0104 0
      vertex 5.74975 11.6593 6.5
      vertex 4.97488 12.0104 6.5
    endloop
  endfacet
  facet normal -0.412706 -0.910864 -0
    outer loop
      vertex 5.74975 11.6593 6.5
      vertex 4.97488 12.0104 0
      vertex 5.74975 11.6593 0
    endloop
  endfacet
  facet normal -0 0 -1
    outer loop
      vertex -2.55 7.73862 6.5
      vertex -2.61972 7.71747 6.5
      vertex -2.55 11.15 6.5
    endloop
  endfacet
  facet normal 0 0 -1
    outer loop
      vertex 8.14999 0 6.5
      vertex 13 0 6.5
      vertex 12.9722 -0.85024 6.5
    endloop
  endfacet
  facet normal 0 0 -1
    outer loop
      vertex 8.13254 -0.533035 6.5
      vertex 12.9722 -0.85024 6.5
      vertex 12.8888 -1.69684 6.5
    endloop
  endfacet
  facet normal 0 0 -1
    outer loop
      vertex 13 0 6.5
      vertex 8.14999 0 6.5
      vertex 12.9722 0.85024 6.5
    endloop
  endfacet
  facet normal 0 0 -1
    outer loop
      vertex 8.08026 -1.06378 6.5
      vertex 12.8888 -1.69684 6.5
      vertex 12.7502 -2.53617 6.5
    endloop
  endfacet
  facet normal 0 0 -1
    outer loop
      vertex 8.13254 0.533035 6.5
      vertex 12.9722 0.85024 6.5
      vertex 8.14999 0 6.5
    endloop
  endfacet
  facet normal 0 0 -1
    outer loop
      vertex 7.99339 -1.58998 6.5
      vertex 12.7502 -2.53617 6.5
      vertex 12.557 -3.36465 6.5
    endloop
  endfacet
  facet normal -0 0 -1
    outer loop
      vertex 12.9722 0.85024 6.5
      vertex 8.13254 0.533035 6.5
      vertex 12.8888 1.69684 6.5
    endloop
  endfacet
  facet normal 0 0 -1
    outer loop
      vertex 7.87228 -2.10938 6.5
      vertex 12.557 -3.36465 6.5
      vertex 12.3101 -4.17871 6.5
    endloop
  endfacet
  facet normal 0 0 -1
    outer loop
      vertex 8.08026 1.06378 6.5
      vertex 12.8888 1.69684 6.5
      vertex 8.13254 0.533035 6.5
    endloop
  endfacet
  facet normal 0 0 -1
    outer loop
      vertex 7.71747 -2.61972 6.5
      vertex 12.3101 -4.17871 6.5
      vertex 12.0104 -4.97488 6.5
    endloop
  endfacet
  facet normal -0 0 -1
    outer loop
      vertex 12.8888 1.69684 6.5
      vertex 8.08026 1.06378 6.5
      vertex 12.7502 2.53617 6.5
    endloop
  endfacet
  facet normal 0 0 -1
    outer loop
      vertex 7.52962 -3.11887 6.5
      vertex 12.0104 -4.97488 6.5
      vertex 11.6593 -5.74975 6.5
    endloop
  endfacet
  facet normal 0 0 -1
    outer loop
      vertex 7.99339 1.58998 6.5
      vertex 12.7502 2.53617 6.5
      vertex 8.08026 1.06378 6.5
    endloop
  endfacet
  facet normal 0 0 -1
    outer loop
      vertex 7.30951 -3.60464 6.5
      vertex 11.6593 -5.74975 6.5
      vertex 11.2583 -6.5 6.5
    endloop
  endfacet
  facet normal -0 0 -1
    outer loop
      vertex 12.7502 2.53617 6.5
      vertex 7.99339 1.58998 6.5
      vertex 12.557 3.36465 6.5
    endloop
  endfacet
  facet normal 0 0 -1
    outer loop
      vertex 7.05811 -4.075 6.5
      vertex 11.2583 -6.5 6.5
      vertex 10.8091 -7.22241 6.5
    endloop
  endfacet
  facet normal 0 0 -1
    outer loop
      vertex 7.87228 2.10938 6.5
      vertex 12.557 3.36465 6.5
      vertex 7.99339 1.58998 6.5
    endloop
  endfacet
  facet normal 0 0 -1
    outer loop
      vertex 6.77647 -4.52789 6.5
      vertex 10.8091 -7.22241 6.5
      vertex 10.3136 -7.9139 6.5
    endloop
  endfacet
  facet normal -0 0 -1
    outer loop
      vertex 12.557 3.36465 6.5
      vertex 7.87228 2.10938 6.5
      vertex 12.3101 4.17871 6.5
    endloop
  endfacet
  facet normal 0 0 -1
    outer loop
      vertex 6.46582 -4.9614 6.5
      vertex 10.3136 -7.9139 6.5
      vertex 9.77392 -8.5715 6.5
    endloop
  endfacet
  facet normal 0 0 -1
    outer loop
      vertex 7.71747 2.61972 6.5
      vertex 12.3101 4.17871 6.5
      vertex 7.87228 2.10938 6.5
    endloop
  endfacet
  facet normal 0 0 -1
    outer loop
      vertex 6.12749 -5.37366 6.5
      vertex 9.77392 -8.5715 6.5
      vertex 9.19239 -9.19239 6.5
    endloop
  endfacet
  facet normal -0 0 -1
    outer loop
      vertex 12.3101 4.17871 6.5
      vertex 7.71747 2.61972 6.5
      vertex 12.0104 4.97488 6.5
    endloop
  endfacet
  facet normal 0 0 -1
    outer loop
      vertex 5.76291 -5.76291 6.5
      vertex 9.19239 -9.19239 6.5
      vertex 8.5715 -9.77392 6.5
    endloop
  endfacet
  facet normal 0 0 -1
    outer loop
      vertex 7.52962 3.11887 6.5
      vertex 12.0104 4.97488 6.5
      vertex 7.71747 2.61972 6.5
    endloop
  endfacet
  facet normal -0 0 -1
    outer loop
      vertex 12.0104 4.97488 6.5
      vertex 7.52962 3.11887 6.5
      vertex 11.6593 5.74975 6.5
    endloop
  endfacet
  facet normal 0 0 -1
    outer loop
      vertex 12.9722 -0.85024 6.5
      vertex 8.13254 -0.533035 6.5
      vertex 8.14999 0 6.5
    endloop
  endfacet
  facet normal 0 0 -1
    outer loop
      vertex 12.8888 -1.69684 6.5
      vertex 8.08026 -1.06378 6.5
      vertex 8.13254 -0.533035 6.5
    endloop
  endfacet
  facet normal 0 0 -1
    outer loop
      vertex 12.7502 -2.53617 6.5
      vertex 7.99339 -1.58998 6.5
      vertex 8.08026 -1.06378 6.5
    endloop
  endfacet
  facet normal 0 0 -1
    outer loop
      vertex 5.37366 -6.12749 6.5
      vertex 8.5715 -9.77392 6.5
      vertex 7.9139 -10.3136 6.5
    endloop
  endfacet
  facet normal 0 0 -1
    outer loop
      vertex 12.557 -3.36465 6.5
      vertex 7.87228 -2.10938 6.5
      vertex 7.99339 -1.58998 6.5
    endloop
  endfacet
  facet normal 0 0 -1
    outer loop
      vertex 12.3101 -4.17871 6.5
      vertex 7.71747 -2.61972 6.5
      vertex 7.87228 -2.10938 6.5
    endloop
  endfacet
  facet normal 0 0 -1
    outer loop
      vertex 12.0104 -4.97488 6.5
      vertex 7.52962 -3.11887 6.5
      vertex 7.71747 -2.61972 6.5
    endloop
  endfacet
  facet normal 0 0 -1
    outer loop
      vertex 11.6593 -5.74975 6.5
      vertex 7.30951 -3.60464 6.5
      vertex 7.52962 -3.11887 6.5
    endloop
  endfacet
  facet normal 0 0 -1
    outer loop
      vertex 4.9614 -6.46582 6.5
      vertex 7.9139 -10.3136 6.5
      vertex 7.22241 -10.8091 6.5
    endloop
  endfacet
  facet normal 0 0 -1
    outer loop
      vertex 11.2583 -6.5 6.5
      vertex 7.05811 -4.075 6.5
      vertex 7.30951 -3.60464 6.5
    endloop
  endfacet
  facet normal 0 0 -1
    outer loop
      vertex 10.8091 -7.22241 6.5
      vertex 6.77647 -4.52789 6.5
      vertex 7.05811 -4.075 6.5
    endloop
  endfacet
  facet normal 0 0 -1
    outer loop
      vertex 4.52789 -6.77647 6.5
      vertex 7.22241 -10.8091 6.5
      vertex 6.5 -11.2583 6.5
    endloop
  endfacet
  facet normal 0 0 -1
    outer loop
      vertex 10.3136 -7.9139 6.5
      vertex 6.46582 -4.9614 6.5
      vertex 6.77647 -4.52789 6.5
    endloop
  endfacet
  facet normal 0 0 -1
    outer loop
      vertex 9.77392 -8.5715 6.5
      vertex 6.12749 -5.37366 6.5
      vertex 6.46582 -4.9614 6.5
    endloop
  endfacet
  facet normal 0 0 -1
    outer loop
      vertex 9.19239 -9.19239 6.5
      vertex 5.76291 -5.76291 6.5
      vertex 6.12749 -5.37366 6.5
    endloop
  endfacet
  facet normal 0 0 -1
    outer loop
      vertex 4.075 -7.05811 6.5
      vertex 6.5 -11.2583 6.5
      vertex 5.74975 -11.6593 6.5
    endloop
  endfacet
  facet normal 0 0 -1
    outer loop
      vertex 8.5715 -9.77392 6.5
      vertex 5.37366 -6.12749 6.5
      vertex 5.76291 -5.76291 6.5
    endloop
  endfacet
  facet normal 0 0 -1
    outer loop
      vertex 3.60464 -7.30951 6.5
      vertex 5.74975 -11.6593 6.5
      vertex 4.97488 -12.0104 6.5
    endloop
  endfacet
  facet normal 0 0 -1
    outer loop
      vertex 7.9139 -10.3136 6.5
      vertex 4.9614 -6.46582 6.5
      vertex 5.37366 -6.12749 6.5
    endloop
  endfacet
  facet normal 0 0 -1
    outer loop
      vertex 7.22241 -10.8091 6.5
      vertex 4.52789 -6.77647 6.5
      vertex 4.9614 -6.46582 6.5
    endloop
  endfacet
  facet normal 0 0 -1
    outer loop
      vertex 3.11887 -7.52962 6.5
      vertex 4.97488 -12.0104 6.5
      vertex 4.17871 -12.3101 6.5
    endloop
  endfacet
  facet normal 0 0 -1
    outer loop
      vertex 6.5 -11.2583 6.5
      vertex 4.075 -7.05811 6.5
      vertex 4.52789 -6.77647 6.5
    endloop
  endfacet
  facet normal 0 0 -1
    outer loop
      vertex 5.74975 -11.6593 6.5
      vertex 3.60464 -7.30951 6.5
      vertex 4.075 -7.05811 6.5
    endloop
  endfacet
  facet normal 0 0 -1
    outer loop
      vertex 2.61972 -7.71747 6.5
      vertex 4.17871 -12.3101 6.5
      vertex 3.36465 -12.557 6.5
    endloop
  endfacet
  facet normal 0 0 -1
    outer loop
      vertex 4.97488 -12.0104 6.5
      vertex 3.11887 -7.52962 6.5
      vertex 3.60464 -7.30951 6.5
    endloop
  endfacet
  facet normal 0 0 -1
    outer loop
      vertex 4.17871 -12.3101 6.5
      vertex 2.61972 -7.71747 6.5
      vertex 3.11887 -7.52962 6.5
    endloop
  endfacet
  facet normal 0 0 -1
    outer loop
      vertex 2.10938 -7.87228 6.5
      vertex 3.36465 -12.557 6.5
      vertex 2.53617 -12.7502 6.5
    endloop
  endfacet
  facet normal 0 0 -1
    outer loop
      vertex 3.36465 -12.557 6.5
      vertex 2.10938 -7.87228 6.5
      vertex 2.61972 -7.71747 6.5
    endloop
  endfacet
  facet normal 0 0 -1
    outer loop
      vertex 1.58998 -7.99339 6.5
      vertex 2.53617 -12.7502 6.5
      vertex 1.69684 -12.8888 6.5
    endloop
  endfacet
  facet normal 0 0 -1
    outer loop
      vertex 2.53617 -12.7502 6.5
      vertex 1.58998 -7.99339 6.5
      vertex 2.10938 -7.87228 6.5
    endloop
  endfacet
  facet normal 0 0 -1
    outer loop
      vertex 1.69684 -12.8888 6.5
      vertex 1.06378 -8.08026 6.5
      vertex 1.58998 -7.99339 6.5
    endloop
  endfacet
  facet normal 0 0 -1
    outer loop
      vertex 0.85024 -12.9722 6.5
      vertex 1.06378 -8.08026 6.5
      vertex 1.69684 -12.8888 6.5
    endloop
  endfacet
  facet normal 0 0 -1
    outer loop
      vertex 0.85024 -12.9722 6.5
      vertex 0.533035 -8.13254 6.5
      vertex 1.06378 -8.08026 6.5
    endloop
  endfacet
  facet normal 0 0 -1
    outer loop
      vertex 0 -13 6.5
      vertex 0.533035 -8.13254 6.5
      vertex 0.85024 -12.9722 6.5
    endloop
  endfacet
  facet normal 0 0 -1
    outer loop
      vertex 0 -13 6.5
      vertex 0 -8.14999 6.5
      vertex 0.533035 -8.13254 6.5
    endloop
  endfacet
  facet normal 0 0 -1
    outer loop
      vertex 0 -13 6.5
      vertex -0.533035 -8.13254 6.5
      vertex 0 -8.14999 6.5
    endloop
  endfacet
  facet normal 0 0 -1
    outer loop
      vertex -0.85024 -12.9722 6.5
      vertex -0.533035 -8.13254 6.5
      vertex 0 -13 6.5
    endloop
  endfacet
  facet normal 0 0 -1
    outer loop
      vertex -0.85024 -12.9722 6.5
      vertex -1.06378 -8.08026 6.5
      vertex -0.533035 -8.13254 6.5
    endloop
  endfacet
  facet normal 0 0 -1
    outer loop
      vertex -1.69684 -12.8888 6.5
      vertex -1.06378 -8.08026 6.5
      vertex -0.85024 -12.9722 6.5
    endloop
  endfacet
  facet normal -0 0 -1
    outer loop
      vertex -1.06378 -8.08026 6.5
      vertex -1.69684 -12.8888 6.5
      vertex -1.58998 -7.99339 6.5
    endloop
  endfacet
  facet normal 0 0 -1
    outer loop
      vertex -2.53617 -12.7502 6.5
      vertex -1.58998 -7.99339 6.5
      vertex -1.69684 -12.8888 6.5
    endloop
  endfacet
  facet normal -0 0 -1
    outer loop
      vertex -1.58998 -7.99339 6.5
      vertex -2.53617 -12.7502 6.5
      vertex -2.10938 -7.87228 6.5
    endloop
  endfacet
  facet normal 0 0 -1
    outer loop
      vertex -3.36465 -12.557 6.5
      vertex -2.10938 -7.87228 6.5
      vertex -2.53617 -12.7502 6.5
    endloop
  endfacet
  facet normal -0 0 -1
    outer loop
      vertex -2.10938 -7.87228 6.5
      vertex -3.36465 -12.557 6.5
      vertex -2.61972 -7.71747 6.5
    endloop
  endfacet
  facet normal 0 0 -1
    outer loop
      vertex -4.17871 -12.3101 6.5
      vertex -2.61972 -7.71747 6.5
      vertex -3.36465 -12.557 6.5
    endloop
  endfacet
  facet normal -0 0 -1
    outer loop
      vertex -2.61972 -7.71747 6.5
      vertex -4.17871 -12.3101 6.5
      vertex -3.11887 -7.52962 6.5
    endloop
  endfacet
  facet normal 0 0 -1
    outer loop
      vertex -4.97488 -12.0104 6.5
      vertex -3.11887 -7.52962 6.5
      vertex -4.17871 -12.3101 6.5
    endloop
  endfacet
  facet normal -0 0 -1
    outer loop
      vertex -3.11887 -7.52962 6.5
      vertex -4.97488 -12.0104 6.5
      vertex -3.60464 -7.30951 6.5
    endloop
  endfacet
  facet normal 0 0 -1
    outer loop
      vertex -5.74975 -11.6593 6.5
      vertex -3.60464 -7.30951 6.5
      vertex -4.97488 -12.0104 6.5
    endloop
  endfacet
  facet normal -0 0 -1
    outer loop
      vertex -3.60464 -7.30951 6.5
      vertex -5.74975 -11.6593 6.5
      vertex -4.075 -7.05811 6.5
    endloop
  endfacet
  facet normal 0 0 -1
    outer loop
      vertex -6.5 -11.2583 6.5
      vertex -4.075 -7.05811 6.5
      vertex -5.74975 -11.6593 6.5
    endloop
  endfacet
  facet normal -0 0 -1
    outer loop
      vertex -4.075 -7.05811 6.5
      vertex -6.5 -11.2583 6.5
      vertex -4.52789 -6.77647 6.5
    endloop
  endfacet
  facet normal 0 0 -1
    outer loop
      vertex -7.22241 -10.8091 6.5
      vertex -4.52789 -6.77647 6.5
      vertex -6.5 -11.2583 6.5
    endloop
  endfacet
  facet normal -0 0 -1
    outer loop
      vertex -4.52789 -6.77647 6.5
      vertex -7.22241 -10.8091 6.5
      vertex -4.9614 -6.46582 6.5
    endloop
  endfacet
  facet normal 0 0 -1
    outer loop
      vertex -7.9139 -10.3136 6.5
      vertex -4.9614 -6.46582 6.5
      vertex -7.22241 -10.8091 6.5
    endloop
  endfacet
  facet normal -0 0 -1
    outer loop
      vertex -4.9614 -6.46582 6.5
      vertex -7.9139 -10.3136 6.5
      vertex -5.37366 -6.12749 6.5
    endloop
  endfacet
  facet normal 0 0 -1
    outer loop
      vertex -8.5715 -9.77392 6.5
      vertex -5.37366 -6.12749 6.5
      vertex -7.9139 -10.3136 6.5
    endloop
  endfacet
  facet normal -0 0 -1
    outer loop
      vertex -5.37366 -6.12749 6.5
      vertex -8.5715 -9.77392 6.5
      vertex -5.76291 -5.76291 6.5
    endloop
  endfacet
  facet normal 0 0 -1
    outer loop
      vertex -9.19239 -9.19239 6.5
      vertex -5.76291 -5.76291 6.5
      vertex -8.5715 -9.77392 6.5
    endloop
  endfacet
  facet normal -0 0 -1
    outer loop
      vertex -5.76291 -5.76291 6.5
      vertex -9.19239 -9.19239 6.5
      vertex -6.12749 -5.37366 6.5
    endloop
  endfacet
  facet normal 0 0 -1
    outer loop
      vertex -9.77392 -8.5715 6.5
      vertex -6.12749 -5.37366 6.5
      vertex -9.19239 -9.19239 6.5
    endloop
  endfacet
  facet normal -0 0 -1
    outer loop
      vertex -6.12749 -5.37366 6.5
      vertex -9.77392 -8.5715 6.5
      vertex -6.46582 -4.9614 6.5
    endloop
  endfacet
  facet normal 0 0 -1
    outer loop
      vertex -10.3136 -7.9139 6.5
      vertex -6.46582 -4.9614 6.5
      vertex -9.77392 -8.5715 6.5
    endloop
  endfacet
  facet normal -0 0 -1
    outer loop
      vertex -6.46582 -4.9614 6.5
      vertex -10.3136 -7.9139 6.5
      vertex -6.77647 -4.52789 6.5
    endloop
  endfacet
  facet normal 0 0 -1
    outer loop
      vertex -10.8091 -7.22241 6.5
      vertex -6.77647 -4.52789 6.5
      vertex -10.3136 -7.9139 6.5
    endloop
  endfacet
  facet normal -0 0 -1
    outer loop
      vertex -6.77647 -4.52789 6.5
      vertex -10.8091 -7.22241 6.5
      vertex -7.05811 -4.075 6.5
    endloop
  endfacet
  facet normal 0 0 -1
    outer loop
      vertex -11.2583 -6.5 6.5
      vertex -7.05811 -4.075 6.5
      vertex -10.8091 -7.22241 6.5
    endloop
  endfacet
  facet normal -0 0 -1
    outer loop
      vertex -7.05811 -4.075 6.5
      vertex -11.2583 -6.5 6.5
      vertex -7.30951 -3.60464 6.5
    endloop
  endfacet
  facet normal 0 0 -1
    outer loop
      vertex -11.6593 -5.74975 6.5
      vertex -7.30951 -3.60464 6.5
      vertex -11.2583 -6.5 6.5
    endloop
  endfacet
  facet normal -0 0 -1
    outer loop
      vertex -7.30951 -3.60464 6.5
      vertex -11.6593 -5.74975 6.5
      vertex -7.52962 -3.11887 6.5
    endloop
  endfacet
  facet normal 0 0 -1
    outer loop
      vertex 7.30951 3.60464 6.5
      vertex 11.6593 5.74975 6.5
      vertex 7.52962 3.11887 6.5
    endloop
  endfacet
  facet normal -0 0 -1
    outer loop
      vertex 11.6593 5.74975 6.5
      vertex 7.30951 3.60464 6.5
      vertex 11.2583 6.5 6.5
    endloop
  endfacet
  facet normal 0 0 -1
    outer loop
      vertex 7.05811 4.075 6.5
      vertex 11.2583 6.5 6.5
      vertex 7.30951 3.60464 6.5
    endloop
  endfacet
  facet normal -0 0 -1
    outer loop
      vertex 11.2583 6.5 6.5
      vertex 7.05811 4.075 6.5
      vertex 10.8091 7.22241 6.5
    endloop
  endfacet
  facet normal 0 0 -1
    outer loop
      vertex 6.77647 4.52789 6.5
      vertex 10.8091 7.22241 6.5
      vertex 7.05811 4.075 6.5
    endloop
  endfacet
  facet normal -0 0 -1
    outer loop
      vertex 10.8091 7.22241 6.5
      vertex 6.77647 4.52789 6.5
      vertex 10.3136 7.9139 6.5
    endloop
  endfacet
  facet normal 0 0 -1
    outer loop
      vertex 6.46582 4.9614 6.5
      vertex 10.3136 7.9139 6.5
      vertex 6.77647 4.52789 6.5
    endloop
  endfacet
  facet normal -0 0 -1
    outer loop
      vertex 10.3136 7.9139 6.5
      vertex 6.46582 4.9614 6.5
      vertex 9.77392 8.5715 6.5
    endloop
  endfacet
  facet normal 0 0 -1
    outer loop
      vertex 6.12749 5.37366 6.5
      vertex 9.77392 8.5715 6.5
      vertex 6.46582 4.9614 6.5
    endloop
  endfacet
  facet normal -0 0 -1
    outer loop
      vertex 9.77392 8.5715 6.5
      vertex 6.12749 5.37366 6.5
      vertex 9.19239 9.19239 6.5
    endloop
  endfacet
  facet normal 0 0 -1
    outer loop
      vertex 5.76291 5.76291 6.5
      vertex 9.19239 9.19239 6.5
      vertex 6.12749 5.37366 6.5
    endloop
  endfacet
  facet normal -0 0 -1
    outer loop
      vertex 9.19239 9.19239 6.5
      vertex 5.76291 5.76291 6.5
      vertex 8.5715 9.77392 6.5
    endloop
  endfacet
  facet normal 0 0 -1
    outer loop
      vertex 5.37366 6.12749 6.5
      vertex 8.5715 9.77392 6.5
      vertex 5.76291 5.76291 6.5
    endloop
  endfacet
  facet normal -0 0 -1
    outer loop
      vertex 8.5715 9.77392 6.5
      vertex 5.37366 6.12749 6.5
      vertex 7.9139 10.3136 6.5
    endloop
  endfacet
  facet normal 0 0 -1
    outer loop
      vertex 4.9614 6.46582 6.5
      vertex 7.9139 10.3136 6.5
      vertex 5.37366 6.12749 6.5
    endloop
  endfacet
  facet normal -0 0 -1
    outer loop
      vertex 7.9139 10.3136 6.5
      vertex 4.9614 6.46582 6.5
      vertex 7.22241 10.8091 6.5
    endloop
  endfacet
  facet normal 0 0 -1
    outer loop
      vertex 4.52789 6.77647 6.5
      vertex 7.22241 10.8091 6.5
      vertex 4.9614 6.46582 6.5
    endloop
  endfacet
  facet normal -0 0 -1
    outer loop
      vertex 7.22241 10.8091 6.5
      vertex 4.52789 6.77647 6.5
      vertex 6.5 11.2583 6.5
    endloop
  endfacet
  facet normal 0 0 -1
    outer loop
      vertex 4.075 7.05811 6.5
      vertex 6.5 11.2583 6.5
      vertex 4.52789 6.77647 6.5
    endloop
  endfacet
  facet normal -0 0 -1
    outer loop
      vertex 6.5 11.2583 6.5
      vertex 4.075 7.05811 6.5
      vertex 5.74975 11.6593 6.5
    endloop
  endfacet
  facet normal 0 0 -1
    outer loop
      vertex 3.60464 7.30951 6.5
      vertex 5.74975 11.6593 6.5
      vertex 4.075 7.05811 6.5
    endloop
  endfacet
  facet normal 0 0 -1
    outer loop
      vertex 2.55 11.15 6.5
      vertex 5.74975 11.6593 6.5
      vertex 3.60464 7.30951 6.5
    endloop
  endfacet
  facet normal -0 0 -1
    outer loop
      vertex 5.74975 11.6593 6.5
      vertex 2.55 11.15 6.5
      vertex 4.97488 12.0104 6.5
    endloop
  endfacet
  facet normal -0 0 -1
    outer loop
      vertex 4.97488 12.0104 6.5
      vertex 2.55 11.15 6.5
      vertex 4.17871 12.3101 6.5
    endloop
  endfacet
  facet normal 0 0 -1
    outer loop
      vertex 2.55 11.15 6.5
      vertex 3.60464 7.30951 6.5
      vertex 3.11887 7.52962 6.5
    endloop
  endfacet
  facet normal 0 0 -1
    outer loop
      vertex 2.55 11.15 6.5
      vertex 3.11887 7.52962 6.5
      vertex 2.61972 7.71747 6.5
    endloop
  endfacet
  facet normal 0 0 -1
    outer loop
      vertex 2.55 11.15 6.5
      vertex 2.61972 7.71747 6.5
      vertex 2.55 7.73862 6.5
    endloop
  endfacet
  facet normal -0 0 -1
    outer loop
      vertex 4.17871 12.3101 6.5
      vertex 2.55 11.15 6.5
      vertex 3.36465 12.557 6.5
    endloop
  endfacet
  facet normal 0 0 -1
    outer loop
      vertex 2.55 11.15 6.5
      vertex 2.53617 12.7502 6.5
      vertex 3.36465 12.557 6.5
    endloop
  endfacet
  facet normal 0 0 -1
    outer loop
      vertex 2.55 11.15 6.5
      vertex 1.69684 12.8888 6.5
      vertex 2.53617 12.7502 6.5
    endloop
  endfacet
  facet normal 0 0 -1
    outer loop
      vertex 2.55 11.15 6.5
      vertex 0.85024 12.9722 6.5
      vertex 1.69684 12.8888 6.5
    endloop
  endfacet
  facet normal 0 0 -1
    outer loop
      vertex 2.55 11.15 6.5
      vertex 0 13 6.5
      vertex 0.85024 12.9722 6.5
    endloop
  endfacet
  facet normal 0 0 -1
    outer loop
      vertex -2.55 11.15 6.5
      vertex 0 13 6.5
      vertex 2.55 11.15 6.5
    endloop
  endfacet
  facet normal 0 0 -1
    outer loop
      vertex 0 13 6.5
      vertex -2.55 11.15 6.5
      vertex -0.85024 12.9722 6.5
    endloop
  endfacet
  facet normal 0 0 -1
    outer loop
      vertex -0.85024 12.9722 6.5
      vertex -2.55 11.15 6.5
      vertex -1.69684 12.8888 6.5
    endloop
  endfacet
  facet normal 0 0 -1
    outer loop
      vertex -1.69684 12.8888 6.5
      vertex -2.55 11.15 6.5
      vertex -2.53617 12.7502 6.5
    endloop
  endfacet
  facet normal 0 0 -1
    outer loop
      vertex -3.11887 7.52962 6.5
      vertex -2.55 11.15 6.5
      vertex -2.61972 7.71747 6.5
    endloop
  endfacet
  facet normal 0 0 -1
    outer loop
      vertex -3.60464 7.30951 6.5
      vertex -2.55 11.15 6.5
      vertex -3.11887 7.52962 6.5
    endloop
  endfacet
  facet normal 0 0 -1
    outer loop
      vertex -2.55 11.15 6.5
      vertex -3.36465 12.557 6.5
      vertex -2.53617 12.7502 6.5
    endloop
  endfacet
  facet normal 0 0 -1
    outer loop
      vertex -5.74975 11.6593 6.5
      vertex -2.55 11.15 6.5
      vertex -3.60464 7.30951 6.5
    endloop
  endfacet
  facet normal 0 0 -1
    outer loop
      vertex -5.74975 11.6593 6.5
      vertex -3.60464 7.30951 6.5
      vertex -4.075 7.05811 6.5
    endloop
  endfacet
  facet normal 0 0 -1
    outer loop
      vertex -2.55 11.15 6.5
      vertex -4.17871 12.3101 6.5
      vertex -3.36465 12.557 6.5
    endloop
  endfacet
  facet normal 0 0 -1
    outer loop
      vertex -6.5 11.2583 6.5
      vertex -4.075 7.05811 6.5
      vertex -4.52789 6.77647 6.5
    endloop
  endfacet
  facet normal 0 0 -1
    outer loop
      vertex -7.22241 10.8091 6.5
      vertex -4.52789 6.77647 6.5
      vertex -4.9614 6.46582 6.5
    endloop
  endfacet
  facet normal 0 0 -1
    outer loop
      vertex -2.55 11.15 6.5
      vertex -4.97488 12.0104 6.5
      vertex -4.17871 12.3101 6.5
    endloop
  endfacet
  facet normal 0 0 -1
    outer loop
      vertex -7.9139 10.3136 6.5
      vertex -4.9614 6.46582 6.5
      vertex -5.37366 6.12749 6.5
    endloop
  endfacet
  facet normal 0 0 -1
    outer loop
      vertex -2.55 11.15 6.5
      vertex -5.74975 11.6593 6.5
      vertex -4.97488 12.0104 6.5
    endloop
  endfacet
  facet normal 0 0 -1
    outer loop
      vertex -8.5715 9.77392 6.5
      vertex -5.37366 6.12749 6.5
      vertex -5.76291 5.76291 6.5
    endloop
  endfacet
  facet normal 0 0 -1
    outer loop
      vertex -9.19239 9.19239 6.5
      vertex -5.76291 5.76291 6.5
      vertex -6.12749 5.37366 6.5
    endloop
  endfacet
  facet normal 0 0 -1
    outer loop
      vertex -9.77392 8.5715 6.5
      vertex -6.12749 5.37366 6.5
      vertex -6.46582 4.9614 6.5
    endloop
  endfacet
  facet normal 0 0 -1
    outer loop
      vertex -4.075 7.05811 6.5
      vertex -6.5 11.2583 6.5
      vertex -5.74975 11.6593 6.5
    endloop
  endfacet
  facet normal 0 0 -1
    outer loop
      vertex -10.3136 7.9139 6.5
      vertex -6.46582 4.9614 6.5
      vertex -6.77647 4.52789 6.5
    endloop
  endfacet
  facet normal 0 0 -1
    outer loop
      vertex -10.8091 7.22241 6.5
      vertex -6.77647 4.52789 6.5
      vertex -7.05811 4.075 6.5
    endloop
  endfacet
  facet normal 0 0 -1
    outer loop
      vertex -4.52789 6.77647 6.5
      vertex -7.22241 10.8091 6.5
      vertex -6.5 11.2583 6.5
    endloop
  endfacet
  facet normal 0 0 -1
    outer loop
      vertex -11.2583 6.5 6.5
      vertex -7.05811 4.075 6.5
      vertex -7.30951 3.60464 6.5
    endloop
  endfacet
  facet normal 0 0 -1
    outer loop
      vertex -11.6593 5.74975 6.5
      vertex -7.30951 3.60464 6.5
      vertex -7.52962 3.11887 6.5
    endloop
  endfacet
  facet normal 0 0 -1
    outer loop
      vertex -12.0104 4.97488 6.5
      vertex -7.52962 3.11887 6.5
      vertex -7.71747 2.61972 6.5
    endloop
  endfacet
  facet normal 0 0 -1
    outer loop
      vertex -12.3101 4.17871 6.5
      vertex -7.71747 2.61972 6.5
      vertex -7.87228 2.10938 6.5
    endloop
  endfacet
  facet normal 0 0 -1
    outer loop
      vertex -4.9614 6.46582 6.5
      vertex -7.9139 10.3136 6.5
      vertex -7.22241 10.8091 6.5
    endloop
  endfacet
  facet normal 0 0 -1
    outer loop
      vertex -12.557 3.36465 6.5
      vertex -7.87228 2.10938 6.5
      vertex -7.99339 1.58998 6.5
    endloop
  endfacet
  facet normal 0 0 -1
    outer loop
      vertex -12.7502 2.53617 6.5
      vertex -7.99339 1.58998 6.5
      vertex -8.08026 1.06378 6.5
    endloop
  endfacet
  facet normal 0 0 -1
    outer loop
      vertex -12.8888 1.69684 6.5
      vertex -8.08026 1.06378 6.5
      vertex -8.13254 0.533035 6.5
    endloop
  endfacet
  facet normal 0 0 -1
    outer loop
      vertex -12.9722 0.85024 6.5
      vertex -8.13254 0.533035 6.5
      vertex -8.14999 0 6.5
    endloop
  endfacet
  facet normal 0 0 -1
    outer loop
      vertex -12.0104 -4.97488 6.5
      vertex -7.52962 -3.11887 6.5
      vertex -11.6593 -5.74975 6.5
    endloop
  endfacet
  facet normal 0 0 -1
    outer loop
      vertex -5.37366 6.12749 6.5
      vertex -8.5715 9.77392 6.5
      vertex -7.9139 10.3136 6.5
    endloop
  endfacet
  facet normal -0 0 -1
    outer loop
      vertex -7.52962 -3.11887 6.5
      vertex -12.0104 -4.97488 6.5
      vertex -7.71747 -2.61972 6.5
    endloop
  endfacet
  facet normal 0 0 -1
    outer loop
      vertex -5.76291 5.76291 6.5
      vertex -9.19239 9.19239 6.5
      vertex -8.5715 9.77392 6.5
    endloop
  endfacet
  facet normal 0 0 -1
    outer loop
      vertex -12.3101 -4.17871 6.5
      vertex -7.71747 -2.61972 6.5
      vertex -12.0104 -4.97488 6.5
    endloop
  endfacet
  facet normal 0 0 -1
    outer loop
      vertex -6.12749 5.37366 6.5
      vertex -9.77392 8.5715 6.5
      vertex -9.19239 9.19239 6.5
    endloop
  endfacet
  facet normal -0 0 -1
    outer loop
      vertex -7.71747 -2.61972 6.5
      vertex -12.3101 -4.17871 6.5
      vertex -7.87228 -2.10938 6.5
    endloop
  endfacet
  facet normal 0 0 -1
    outer loop
      vertex -6.46582 4.9614 6.5
      vertex -10.3136 7.9139 6.5
      vertex -9.77392 8.5715 6.5
    endloop
  endfacet
  facet normal 0 0 -1
    outer loop
      vertex -12.557 -3.36465 6.5
      vertex -7.87228 -2.10938 6.5
      vertex -12.3101 -4.17871 6.5
    endloop
  endfacet
  facet normal 0 0 -1
    outer loop
      vertex -6.77647 4.52789 6.5
      vertex -10.8091 7.22241 6.5
      vertex -10.3136 7.9139 6.5
    endloop
  endfacet
  facet normal -0 0 -1
    outer loop
      vertex -7.87228 -2.10938 6.5
      vertex -12.557 -3.36465 6.5
      vertex -7.99339 -1.58998 6.5
    endloop
  endfacet
  facet normal 0 0 -1
    outer loop
      vertex -7.05811 4.075 6.5
      vertex -11.2583 6.5 6.5
      vertex -10.8091 7.22241 6.5
    endloop
  endfacet
  facet normal 0 0 -1
    outer loop
      vertex -12.7502 -2.53617 6.5
      vertex -7.99339 -1.58998 6.5
      vertex -12.557 -3.36465 6.5
    endloop
  endfacet
  facet normal 0 0 -1
    outer loop
      vertex -7.30951 3.60464 6.5
      vertex -11.6593 5.74975 6.5
      vertex -11.2583 6.5 6.5
    endloop
  endfacet
  facet normal -0 0 -1
    outer loop
      vertex -7.99339 -1.58998 6.5
      vertex -12.7502 -2.53617 6.5
      vertex -8.08026 -1.06378 6.5
    endloop
  endfacet
  facet normal 0 0 -1
    outer loop
      vertex -7.52962 3.11887 6.5
      vertex -12.0104 4.97488 6.5
      vertex -11.6593 5.74975 6.5
    endloop
  endfacet
  facet normal 0 0 -1
    outer loop
      vertex -12.8888 -1.69684 6.5
      vertex -8.08026 -1.06378 6.5
      vertex -12.7502 -2.53617 6.5
    endloop
  endfacet
  facet normal 0 0 -1
    outer loop
      vertex -7.71747 2.61972 6.5
      vertex -12.3101 4.17871 6.5
      vertex -12.0104 4.97488 6.5
    endloop
  endfacet
  facet normal -0 0 -1
    outer loop
      vertex -8.08026 -1.06378 6.5
      vertex -12.8888 -1.69684 6.5
      vertex -8.13254 -0.533035 6.5
    endloop
  endfacet
  facet normal 0 0 -1
    outer loop
      vertex -7.87228 2.10938 6.5
      vertex -12.557 3.36465 6.5
      vertex -12.3101 4.17871 6.5
    endloop
  endfacet
  facet normal 0 0 -1
    outer loop
      vertex -12.9722 -0.85024 6.5
      vertex -8.13254 -0.533035 6.5
      vertex -12.8888 -1.69684 6.5
    endloop
  endfacet
  facet normal 0 0 -1
    outer loop
      vertex -7.99339 1.58998 6.5
      vertex -12.7502 2.53617 6.5
      vertex -12.557 3.36465 6.5
    endloop
  endfacet
  facet normal -0 0 -1
    outer loop
      vertex -8.13254 -0.533035 6.5
      vertex -12.9722 -0.85024 6.5
      vertex -8.14999 0 6.5
    endloop
  endfacet
  facet normal 0 0 -1
    outer loop
      vertex -8.08026 1.06378 6.5
      vertex -12.8888 1.69684 6.5
      vertex -12.7502 2.53617 6.5
    endloop
  endfacet
  facet normal 0 0 -1
    outer loop
      vertex -13 0 6.5
      vertex -8.14999 0 6.5
      vertex -12.9722 -0.85024 6.5
    endloop
  endfacet
  facet normal 0 0 -1
    outer loop
      vertex -8.13254 0.533035 6.5
      vertex -12.9722 0.85024 6.5
      vertex -12.8888 1.69684 6.5
    endloop
  endfacet
  facet normal 0 0 -1
    outer loop
      vertex -8.14999 0 6.5
      vertex -13 0 6.5
      vertex -12.9722 0.85024 6.5
    endloop
  endfacet
  facet normal 0.634393 -0.77301 0
    outer loop
      vertex -8.5715 9.77392 0
      vertex -7.9139 10.3136 6.5
      vertex -8.5715 9.77392 6.5
    endloop
  endfacet
  facet normal 0.634393 -0.77301 0
    outer loop
      vertex -7.9139 10.3136 6.5
      vertex -8.5715 9.77392 0
      vertex -7.9139 10.3136 0
    endloop
  endfacet
  facet normal -0.227076 0.973877 0
    outer loop
      vertex 3.36465 -12.557 0
      vertex 2.53617 -12.7502 6.5
      vertex 3.36465 -12.557 6.5
    endloop
  endfacet
  facet normal -0.227076 0.973877 0
    outer loop
      vertex 2.53617 -12.7502 6.5
      vertex 3.36465 -12.557 0
      vertex 2.53617 -12.7502 0
    endloop
  endfacet
  facet normal 0.290285 0.95694 -0
    outer loop
      vertex -3.36465 -12.557 0
      vertex -4.17871 -12.3101 6.5
      vertex -3.36465 -12.557 6.5
    endloop
  endfacet
  facet normal 0.290285 0.95694 0
    outer loop
      vertex -4.17871 -12.3101 6.5
      vertex -3.36465 -12.557 0
      vertex -4.17871 -12.3101 0
    endloop
  endfacet
  facet normal 0.471397 0.881921 -0
    outer loop
      vertex -5.74975 -11.6593 0
      vertex -6.5 -11.2583 6.5
      vertex -5.74975 -11.6593 6.5
    endloop
  endfacet
  facet normal 0.471397 0.881921 0
    outer loop
      vertex -6.5 -11.2583 6.5
      vertex -5.74975 -11.6593 0
      vertex -6.5 -11.2583 0
    endloop
  endfacet
  facet normal 0.849203 0.528067 0
    outer loop
      vertex -10.8091 -7.22241 6.5
      vertex -11.2583 -6.5 0
      vertex -11.2583 -6.5 6.5
    endloop
  endfacet
  facet normal 0.849203 0.528067 0
    outer loop
      vertex -11.2583 -6.5 0
      vertex -10.8091 -7.22241 6.5
      vertex -10.8091 -7.22241 0
    endloop
  endfacet
  facet normal -0.986643 0.162896 0
    outer loop
      vertex 12.7502 -2.53617 0
      vertex 12.8888 -1.69684 6.5
      vertex 12.8888 -1.69684 0
    endloop
  endfacet
  facet normal -0.986643 0.162896 0
    outer loop
      vertex 12.8888 -1.69684 6.5
      vertex 12.7502 -2.53617 0
      vertex 12.7502 -2.53617 6.5
    endloop
  endfacet
  facet normal -0.0980168 0.995185 0
    outer loop
      vertex 1.69684 -12.8888 0
      vertex 0.85024 -12.9722 6.5
      vertex 1.69684 -12.8888 6.5
    endloop
  endfacet
  facet normal -0.0980168 0.995185 0
    outer loop
      vertex 0.85024 -12.9722 6.5
      vertex 1.69684 -12.8888 0
      vertex 0.85024 -12.9722 0
    endloop
  endfacet
  facet normal -0.634395 -0.773009 0
    outer loop
      vertex 2.73943 -24.4299 8.6
      vertex 2.96706 -24.6167 27
      vertex 2.73943 -24.4299 27
    endloop
  endfacet
  facet normal -0.634395 -0.773009 -0
    outer loop
      vertex 2.96706 -24.6167 27
      vertex 2.73943 -24.4299 8.6
      vertex 2.96706 -24.6167 8.6
    endloop
  endfacet
  facet normal -0.582476 -0.812848 0
    outer loop
      vertex 2.50007 -24.2584 8.6
      vertex 2.73943 -24.4299 27
      vertex 2.50007 -24.2584 27
    endloop
  endfacet
  facet normal -0.582476 -0.812848 -0
    outer loop
      vertex 2.73943 -24.4299 27
      vertex 2.50007 -24.2584 8.6
      vertex 2.73943 -24.4299 8.6
    endloop
  endfacet
  facet normal 0.412712 -0.910861 0
    outer loop
      vertex -1.9903 -23.9641 8.6
      vertex -1.72207 -23.8425 27
      vertex -1.9903 -23.9641 27
    endloop
  endfacet
  facet normal 0.412712 -0.910861 0
    outer loop
      vertex -1.72207 -23.8425 27
      vertex -1.9903 -23.9641 8.6
      vertex -1.72207 -23.8425 8.6
    endloop
  endfacet
  facet normal 0.910863 -0.412708 0
    outer loop
      vertex -4.15746 -26.2779 27
      vertex -4.03593 -26.0097 8.6
      vertex -4.03593 -26.0097 27
    endloop
  endfacet
  facet normal 0.910863 -0.412708 0
    outer loop
      vertex -4.03593 -26.0097 8.6
      vertex -4.15746 -26.2779 27
      vertex -4.15746 -26.2779 8.6
    endloop
  endfacet
  facet normal -0.910863 -0.412708 0
    outer loop
      vertex 4.15746 -26.2779 8.6
      vertex 4.03593 -26.0097 27
      vertex 4.03593 -26.0097 8.6
    endloop
  endfacet
  facet normal -0.910863 -0.412708 0
    outer loop
      vertex 4.03593 -26.0097 27
      vertex 4.15746 -26.2779 8.6
      vertex 4.15746 -26.2779 27
    endloop
  endfacet
  facet normal -0.881921 -0.471397 0
    outer loop
      vertex 4.03593 -26.0097 8.6
      vertex 3.89711 -25.75 27
      vertex 3.89711 -25.75 8.6
    endloop
  endfacet
  facet normal -0.881921 -0.471397 0
    outer loop
      vertex 3.89711 -25.75 27
      vertex 4.03593 -26.0097 8.6
      vertex 4.03593 -26.0097 27
    endloop
  endfacet
  facet normal -0.352244 -0.935908 0
    outer loop
      vertex 1.44648 -23.7388 8.6
      vertex 1.72207 -23.8425 27
      vertex 1.44648 -23.7388 27
    endloop
  endfacet
  facet normal -0.352244 -0.935908 -0
    outer loop
      vertex 1.72207 -23.8425 27
      vertex 1.44648 -23.7388 8.6
      vertex 1.72207 -23.8425 8.6
    endloop
  endfacet
  facet normal -0.0980193 -0.995185 0
    outer loop
      vertex 0.294313 -23.5096 8.6
      vertex 0.587367 -23.5385 27
      vertex 0.294313 -23.5096 27
    endloop
  endfacet
  facet normal -0.0980193 -0.995185 -0
    outer loop
      vertex 0.587367 -23.5385 27
      vertex 0.294313 -23.5096 8.6
      vertex 0.587367 -23.5385 8.6
    endloop
  endfacet
  facet normal 0.729863 -0.683593 0
    outer loop
      vertex -3.38328 -25.0329 27
      vertex -3.18198 -24.818 8.6
      vertex -3.18198 -24.818 27
    endloop
  endfacet
  facet normal 0.729863 -0.683593 0
    outer loop
      vertex -3.18198 -24.818 8.6
      vertex -3.38328 -25.0329 27
      vertex -3.38328 -25.0329 8.6
    endloop
  endfacet
  facet normal 0.227077 -0.973877 0
    outer loop
      vertex -1.16469 -23.6533 8.6
      vertex -0.877906 -23.5865 27
      vertex -1.16469 -23.6533 27
    endloop
  endfacet
  facet normal 0.227077 -0.973877 0
    outer loop
      vertex -0.877906 -23.5865 27
      vertex -1.16469 -23.6533 8.6
      vertex -0.877906 -23.5865 8.6
    endloop
  endfacet
  facet normal -0.352255 0.935904 0
    outer loop
      vertex 1.72207 -32.1575 8.6
      vertex 1.44648 -32.2612 27
      vertex 1.72207 -32.1575 27
    endloop
  endfacet
  facet normal -0.352255 0.935904 0
    outer loop
      vertex 1.44648 -32.2612 27
      vertex 1.72207 -32.1575 8.6
      vertex 1.44648 -32.2612 8.6
    endloop
  endfacet
  facet normal -0.729863 0.683593 0
    outer loop
      vertex 3.18198 -31.182 8.6
      vertex 3.38328 -30.9671 27
      vertex 3.38328 -30.9671 8.6
    endloop
  endfacet
  facet normal -0.729863 0.683593 0
    outer loop
      vertex 3.38328 -30.9671 27
      vertex 3.18198 -31.182 8.6
      vertex 3.18198 -31.182 27
    endloop
  endfacet
  facet normal 0.68359 0.729866 -0
    outer loop
      vertex -2.96706 -31.3833 8.6
      vertex -3.18198 -31.182 27
      vertex -2.96706 -31.3833 27
    endloop
  endfacet
  facet normal 0.68359 0.729866 0
    outer loop
      vertex -3.18198 -31.182 27
      vertex -2.96706 -31.3833 8.6
      vertex -3.18198 -31.182 8.6
    endloop
  endfacet
  facet normal 0.935907 0.352248 0
    outer loop
      vertex -4.15746 -29.7221 27
      vertex -4.26118 -29.4465 8.6
      vertex -4.26118 -29.4465 27
    endloop
  endfacet
  facet normal 0.935907 0.352248 0
    outer loop
      vertex -4.26118 -29.4465 8.6
      vertex -4.15746 -29.7221 27
      vertex -4.15746 -29.7221 8.6
    endloop
  endfacet
  facet normal 0.812847 0.582477 0
    outer loop
      vertex -3.57009 -30.7394 27
      vertex -3.74161 -30.5001 8.6
      vertex -3.74161 -30.5001 27
    endloop
  endfacet
  facet normal 0.812847 0.582477 0
    outer loop
      vertex -3.74161 -30.5001 8.6
      vertex -3.57009 -30.7394 27
      vertex -3.57009 -30.7394 8.6
    endloop
  endfacet
  facet normal -0.986643 -0.162895 0
    outer loop
      vertex 4.4615 -27.4126 8.6
      vertex 4.41353 -27.1221 27
      vertex 4.41353 -27.1221 8.6
    endloop
  endfacet
  facet normal -0.986643 -0.162895 0
    outer loop
      vertex 4.41353 -27.1221 27
      vertex 4.4615 -27.4126 8.6
      vertex 4.4615 -27.4126 27
    endloop
  endfacet
  facet normal -0.973877 -0.227077 0
    outer loop
      vertex 4.41353 -27.1221 8.6
      vertex 4.34667 -26.8353 27
      vertex 4.34667 -26.8353 8.6
    endloop
  endfacet
  facet normal -0.973877 -0.227077 0
    outer loop
      vertex 4.34667 -26.8353 27
      vertex 4.41353 -27.1221 8.6
      vertex 4.41353 -27.1221 27
    endloop
  endfacet
  facet normal -0.812845 -0.58248 0
    outer loop
      vertex 3.74161 -25.4999 8.6
      vertex 3.57009 -25.2606 27
      vertex 3.57009 -25.2606 8.6
    endloop
  endfacet
  facet normal -0.812845 -0.58248 0
    outer loop
      vertex 3.57009 -25.2606 27
      vertex 3.74161 -25.4999 8.6
      vertex 3.74161 -25.4999 27
    endloop
  endfacet
  facet normal -0.849202 -0.528068 0
    outer loop
      vertex 3.89711 -25.75 8.6
      vertex 3.74161 -25.4999 27
      vertex 3.74161 -25.4999 8.6
    endloop
  endfacet
  facet normal -0.849202 -0.528068 0
    outer loop
      vertex 3.74161 -25.4999 27
      vertex 3.89711 -25.75 8.6
      vertex 3.89711 -25.75 27
    endloop
  endfacet
  facet normal -0.683593 -0.729863 0
    outer loop
      vertex 2.96706 -24.6167 8.6
      vertex 3.18198 -24.818 27
      vertex 2.96706 -24.6167 27
    endloop
  endfacet
  facet normal -0.683593 -0.729863 -0
    outer loop
      vertex 3.18198 -24.818 27
      vertex 2.96706 -24.6167 8.6
      vertex 3.18198 -24.818 8.6
    endloop
  endfacet
  facet normal -0.528067 -0.849203 0
    outer loop
      vertex 2.25 -24.1029 8.6
      vertex 2.50007 -24.2584 27
      vertex 2.25 -24.1029 27
    endloop
  endfacet
  facet normal -0.528067 -0.849203 -0
    outer loop
      vertex 2.50007 -24.2584 27
      vertex 2.25 -24.1029 8.6
      vertex 2.50007 -24.2584 8.6
    endloop
  endfacet
  facet normal 0.0327163 -0.999465 0
    outer loop
      vertex -0.294313 -23.5096 8.6
      vertex 0 -23.5 27
      vertex -0.294313 -23.5096 27
    endloop
  endfacet
  facet normal 0.0327163 -0.999465 0
    outer loop
      vertex 0 -23.5 27
      vertex -0.294313 -23.5096 8.6
      vertex 0 -23.5 8.6
    endloop
  endfacet
  facet normal -0.227077 -0.973877 0
    outer loop
      vertex 0.877906 -23.5865 8.6
      vertex 1.16469 -23.6533 27
      vertex 0.877906 -23.5865 27
    endloop
  endfacet
  facet normal -0.227077 -0.973877 -0
    outer loop
      vertex 1.16469 -23.6533 27
      vertex 0.877906 -23.5865 8.6
      vertex 1.16469 -23.6533 8.6
    endloop
  endfacet
  facet normal -0.162895 -0.986643 0
    outer loop
      vertex 0.587367 -23.5385 8.6
      vertex 0.877906 -23.5865 27
      vertex 0.587367 -23.5385 27
    endloop
  endfacet
  facet normal -0.162895 -0.986643 -0
    outer loop
      vertex 0.877906 -23.5865 27
      vertex 0.587367 -23.5385 8.6
      vertex 0.877906 -23.5865 8.6
    endloop
  endfacet
  facet normal 0.999465 -0.0327194 0
    outer loop
      vertex -4.5 -28 27
      vertex -4.49037 -27.7057 8.6
      vertex -4.49037 -27.7057 27
    endloop
  endfacet
  facet normal 0.999465 -0.0327194 0
    outer loop
      vertex -4.49037 -27.7057 8.6
      vertex -4.5 -28 27
      vertex -4.5 -28 8.6
    endloop
  endfacet
  facet normal 0.995184 -0.0980196 0
    outer loop
      vertex -4.49037 -27.7057 27
      vertex -4.4615 -27.4126 8.6
      vertex -4.4615 -27.4126 27
    endloop
  endfacet
  facet normal 0.995184 -0.0980196 0
    outer loop
      vertex -4.4615 -27.4126 8.6
      vertex -4.49037 -27.7057 27
      vertex -4.49037 -27.7057 8.6
    endloop
  endfacet
  facet normal 0.95694 -0.290285 0
    outer loop
      vertex -4.34667 -26.8353 27
      vertex -4.26118 -26.5535 8.6
      vertex -4.26118 -26.5535 27
    endloop
  endfacet
  facet normal 0.95694 -0.290285 0
    outer loop
      vertex -4.26118 -26.5535 8.6
      vertex -4.34667 -26.8353 27
      vertex -4.34667 -26.8353 8.6
    endloop
  endfacet
  facet normal 0.973877 -0.227077 0
    outer loop
      vertex -4.41353 -27.1221 27
      vertex -4.34667 -26.8353 8.6
      vertex -4.34667 -26.8353 27
    endloop
  endfacet
  facet normal 0.973877 -0.227077 0
    outer loop
      vertex -4.34667 -26.8353 8.6
      vertex -4.41353 -27.1221 27
      vertex -4.41353 -27.1221 8.6
    endloop
  endfacet
  facet normal 0.881921 -0.471397 0
    outer loop
      vertex -4.03593 -26.0097 27
      vertex -3.89711 -25.75 8.6
      vertex -3.89711 -25.75 27
    endloop
  endfacet
  facet normal 0.881921 -0.471397 0
    outer loop
      vertex -3.89711 -25.75 8.6
      vertex -4.03593 -26.0097 27
      vertex -4.03593 -26.0097 8.6
    endloop
  endfacet
  facet normal 0.812845 -0.58248 0
    outer loop
      vertex -3.74161 -25.4999 27
      vertex -3.57009 -25.2606 8.6
      vertex -3.57009 -25.2606 27
    endloop
  endfacet
  facet normal 0.812845 -0.58248 0
    outer loop
      vertex -3.57009 -25.2606 8.6
      vertex -3.74161 -25.4999 27
      vertex -3.74161 -25.4999 8.6
    endloop
  endfacet
  facet normal 0.0980193 -0.995185 0
    outer loop
      vertex -0.587367 -23.5385 8.6
      vertex -0.294313 -23.5096 27
      vertex -0.587367 -23.5385 27
    endloop
  endfacet
  facet normal 0.0980193 -0.995185 0
    outer loop
      vertex -0.294313 -23.5096 27
      vertex -0.587367 -23.5385 8.6
      vertex -0.294313 -23.5096 8.6
    endloop
  endfacet
  facet normal 0.352244 -0.935908 0
    outer loop
      vertex -1.72207 -23.8425 8.6
      vertex -1.44648 -23.7388 27
      vertex -1.72207 -23.8425 27
    endloop
  endfacet
  facet normal 0.352244 -0.935908 0
    outer loop
      vertex -1.44648 -23.7388 27
      vertex -1.72207 -23.8425 8.6
      vertex -1.44648 -23.7388 8.6
    endloop
  endfacet
  facet normal 0.528065 -0.849204 0
    outer loop
      vertex -2.50007 -24.2584 8.6
      vertex -2.25 -24.1029 27
      vertex -2.50007 -24.2584 27
    endloop
  endfacet
  facet normal 0.528065 -0.849204 0
    outer loop
      vertex -2.25 -24.1029 27
      vertex -2.50007 -24.2584 8.6
      vertex -2.25 -24.1029 8.6
    endloop
  endfacet
  facet normal 0.471397 -0.881921 0
    outer loop
      vertex -2.25 -24.1029 8.6
      vertex -1.9903 -23.9641 27
      vertex -2.25 -24.1029 27
    endloop
  endfacet
  facet normal 0.471397 -0.881921 0
    outer loop
      vertex -1.9903 -23.9641 27
      vertex -2.25 -24.1029 8.6
      vertex -1.9903 -23.9641 8.6
    endloop
  endfacet
  facet normal 0.683593 -0.729863 0
    outer loop
      vertex -3.18198 -24.818 8.6
      vertex -2.96706 -24.6167 27
      vertex -3.18198 -24.818 27
    endloop
  endfacet
  facet normal 0.683593 -0.729863 0
    outer loop
      vertex -2.96706 -24.6167 27
      vertex -3.18198 -24.818 8.6
      vertex -2.96706 -24.6167 8.6
    endloop
  endfacet
  facet normal -0.999465 -0.0327194 0
    outer loop
      vertex 4.5 -28 8.6
      vertex 4.49037 -27.7057 27
      vertex 4.49037 -27.7057 8.6
    endloop
  endfacet
  facet normal -0.999465 -0.0327194 0
    outer loop
      vertex 4.49037 -27.7057 27
      vertex 4.5 -28 8.6
      vertex 4.5 -28 27
    endloop
  endfacet
  facet normal -0.0327228 0.999464 0
    outer loop
      vertex 0.294313 -32.4904 8.6
      vertex 0 -32.5 27
      vertex 0.294313 -32.4904 27
    endloop
  endfacet
  facet normal -0.0327228 0.999464 0
    outer loop
      vertex 0 -32.5 27
      vertex 0.294313 -32.4904 8.6
      vertex 0 -32.5 8.6
    endloop
  endfacet
  facet normal -0.0980129 0.995185 0
    outer loop
      vertex 0.587367 -32.4615 8.6
      vertex 0.294313 -32.4904 27
      vertex 0.587367 -32.4615 27
    endloop
  endfacet
  facet normal -0.0980129 0.995185 0
    outer loop
      vertex 0.294313 -32.4904 27
      vertex 0.587367 -32.4615 8.6
      vertex 0.294313 -32.4904 8.6
    endloop
  endfacet
  facet normal -0.227077 0.973877 0
    outer loop
      vertex 1.16469 -32.3467 8.6
      vertex 0.877906 -32.4135 27
      vertex 1.16469 -32.3467 27
    endloop
  endfacet
  facet normal -0.227077 0.973877 0
    outer loop
      vertex 0.877906 -32.4135 27
      vertex 1.16469 -32.3467 8.6
      vertex 0.877906 -32.4135 8.6
    endloop
  endfacet
  facet normal -0.412701 0.910866 0
    outer loop
      vertex 1.9903 -32.0359 8.6
      vertex 1.72207 -32.1575 27
      vertex 1.9903 -32.0359 27
    endloop
  endfacet
  facet normal -0.412701 0.910866 0
    outer loop
      vertex 1.72207 -32.1575 27
      vertex 1.9903 -32.0359 8.6
      vertex 1.72207 -32.1575 8.6
    endloop
  endfacet
  facet normal -0.849201 0.52807 0
    outer loop
      vertex 3.74161 -30.5001 8.6
      vertex 3.89711 -30.25 27
      vertex 3.89711 -30.25 8.6
    endloop
  endfacet
  facet normal -0.849201 0.52807 0
    outer loop
      vertex 3.89711 -30.25 27
      vertex 3.74161 -30.5001 8.6
      vertex 3.74161 -30.5001 27
    endloop
  endfacet
  facet normal -0.910864 0.412706 0
    outer loop
      vertex 4.03593 -29.9903 8.6
      vertex 4.15746 -29.7221 27
      vertex 4.15746 -29.7221 8.6
    endloop
  endfacet
  facet normal -0.910864 0.412706 0
    outer loop
      vertex 4.15746 -29.7221 27
      vertex 4.03593 -29.9903 8.6
      vertex 4.03593 -29.9903 27
    endloop
  endfacet
  facet normal -0.812847 0.582477 0
    outer loop
      vertex 3.57009 -30.7394 8.6
      vertex 3.74161 -30.5001 27
      vertex 3.74161 -30.5001 8.6
    endloop
  endfacet
  facet normal -0.812847 0.582477 0
    outer loop
      vertex 3.74161 -30.5001 27
      vertex 3.57009 -30.7394 8.6
      vertex 3.57009 -30.7394 27
    endloop
  endfacet
  facet normal 0.528071 0.8492 -0
    outer loop
      vertex -2.25 -31.8971 8.6
      vertex -2.50007 -31.7416 27
      vertex -2.25 -31.8971 27
    endloop
  endfacet
  facet normal 0.528071 0.8492 0
    outer loop
      vertex -2.50007 -31.7416 27
      vertex -2.25 -31.8971 8.6
      vertex -2.50007 -31.7416 8.6
    endloop
  endfacet
  facet normal 0.412701 0.910866 -0
    outer loop
      vertex -1.72207 -32.1575 8.6
      vertex -1.9903 -32.0359 27
      vertex -1.72207 -32.1575 27
    endloop
  endfacet
  facet normal 0.412701 0.910866 0
    outer loop
      vertex -1.9903 -32.0359 27
      vertex -1.72207 -32.1575 8.6
      vertex -1.9903 -32.0359 8.6
    endloop
  endfacet
  facet normal 0.634395 0.773009 -0
    outer loop
      vertex -2.73943 -31.5701 8.6
      vertex -2.96706 -31.3833 27
      vertex -2.73943 -31.5701 27
    endloop
  endfacet
  facet normal 0.634395 0.773009 0
    outer loop
      vertex -2.96706 -31.3833 27
      vertex -2.73943 -31.5701 8.6
      vertex -2.96706 -31.3833 8.6
    endloop
  endfacet
  facet normal 0.999465 0.0327196 0
    outer loop
      vertex -4.49037 -28.2943 27
      vertex -4.5 -28 8.6
      vertex -4.5 -28 27
    endloop
  endfacet
  facet normal 0.999465 0.0327196 0
    outer loop
      vertex -4.5 -28 8.6
      vertex -4.49037 -28.2943 27
      vertex -4.49037 -28.2943 8.6
    endloop
  endfacet
  facet normal 0.973876 0.227079 0
    outer loop
      vertex -4.34667 -29.1647 27
      vertex -4.41353 -28.8779 8.6
      vertex -4.41353 -28.8779 27
    endloop
  endfacet
  facet normal 0.973876 0.227079 0
    outer loop
      vertex -4.41353 -28.8779 8.6
      vertex -4.34667 -29.1647 27
      vertex -4.34667 -29.1647 8.6
    endloop
  endfacet
  facet normal 0.995185 0.098019 0
    outer loop
      vertex -4.4615 -28.5874 27
      vertex -4.49037 -28.2943 8.6
      vertex -4.49037 -28.2943 27
    endloop
  endfacet
  facet normal 0.995185 0.098019 0
    outer loop
      vertex -4.49037 -28.2943 8.6
      vertex -4.4615 -28.5874 27
      vertex -4.4615 -28.5874 8.6
    endloop
  endfacet
  facet normal -0.95694 -0.290285 0
    outer loop
      vertex 4.34667 -26.8353 8.6
      vertex 4.26118 -26.5535 27
      vertex 4.26118 -26.5535 8.6
    endloop
  endfacet
  facet normal -0.95694 -0.290285 0
    outer loop
      vertex 4.26118 -26.5535 27
      vertex 4.34667 -26.8353 8.6
      vertex 4.34667 -26.8353 27
    endloop
  endfacet
  facet normal -0.935907 -0.352248 0
    outer loop
      vertex 4.26118 -26.5535 8.6
      vertex 4.15746 -26.2779 27
      vertex 4.15746 -26.2779 8.6
    endloop
  endfacet
  facet normal -0.935907 -0.352248 0
    outer loop
      vertex 4.15746 -26.2779 27
      vertex 4.26118 -26.5535 8.6
      vertex 4.26118 -26.5535 27
    endloop
  endfacet
  facet normal -0.773012 -0.634391 0
    outer loop
      vertex 3.57009 -25.2606 8.6
      vertex 3.38328 -25.0329 27
      vertex 3.38328 -25.0329 8.6
    endloop
  endfacet
  facet normal -0.773012 -0.634391 0
    outer loop
      vertex 3.38328 -25.0329 27
      vertex 3.57009 -25.2606 8.6
      vertex 3.57009 -25.2606 27
    endloop
  endfacet
  facet normal -0.729863 -0.683593 0
    outer loop
      vertex 3.38328 -25.0329 8.6
      vertex 3.18198 -24.818 27
      vertex 3.18198 -24.818 8.6
    endloop
  endfacet
  facet normal -0.729863 -0.683593 0
    outer loop
      vertex 3.18198 -24.818 27
      vertex 3.38328 -25.0329 8.6
      vertex 3.38328 -25.0329 27
    endloop
  endfacet
  facet normal -0.471396 -0.881922 0
    outer loop
      vertex 1.9903 -23.9641 8.6
      vertex 2.25 -24.1029 27
      vertex 1.9903 -23.9641 27
    endloop
  endfacet
  facet normal -0.471396 -0.881922 -0
    outer loop
      vertex 2.25 -24.1029 27
      vertex 1.9903 -23.9641 8.6
      vertex 2.25 -24.1029 8.6
    endloop
  endfacet
  facet normal -0.412712 -0.910861 0
    outer loop
      vertex 1.72207 -23.8425 8.6
      vertex 1.9903 -23.9641 27
      vertex 1.72207 -23.8425 27
    endloop
  endfacet
  facet normal -0.412712 -0.910861 -0
    outer loop
      vertex 1.9903 -23.9641 27
      vertex 1.72207 -23.8425 8.6
      vertex 1.9903 -23.9641 8.6
    endloop
  endfacet
  facet normal 0.935907 -0.352248 0
    outer loop
      vertex -4.26118 -26.5535 27
      vertex -4.15746 -26.2779 8.6
      vertex -4.15746 -26.2779 27
    endloop
  endfacet
  facet normal 0.935907 -0.352248 0
    outer loop
      vertex -4.15746 -26.2779 8.6
      vertex -4.26118 -26.5535 27
      vertex -4.26118 -26.5535 8.6
    endloop
  endfacet
  facet normal 0.986643 -0.162895 0
    outer loop
      vertex -4.4615 -27.4126 27
      vertex -4.41353 -27.1221 8.6
      vertex -4.41353 -27.1221 27
    endloop
  endfacet
  facet normal 0.986643 -0.162895 0
    outer loop
      vertex -4.41353 -27.1221 8.6
      vertex -4.4615 -27.4126 27
      vertex -4.4615 -27.4126 8.6
    endloop
  endfacet
  facet normal 0.849202 -0.528068 0
    outer loop
      vertex -3.89711 -25.75 27
      vertex -3.74161 -25.4999 8.6
      vertex -3.74161 -25.4999 27
    endloop
  endfacet
  facet normal 0.849202 -0.528068 0
    outer loop
      vertex -3.74161 -25.4999 8.6
      vertex -3.89711 -25.75 27
      vertex -3.89711 -25.75 8.6
    endloop
  endfacet
  facet normal 0.773012 -0.634391 0
    outer loop
      vertex -3.57009 -25.2606 27
      vertex -3.38328 -25.0329 8.6
      vertex -3.38328 -25.0329 27
    endloop
  endfacet
  facet normal 0.773012 -0.634391 0
    outer loop
      vertex -3.38328 -25.0329 8.6
      vertex -3.57009 -25.2606 27
      vertex -3.57009 -25.2606 8.6
    endloop
  endfacet
  facet normal 0.290288 -0.956939 0
    outer loop
      vertex -1.44648 -23.7388 8.6
      vertex -1.16469 -23.6533 27
      vertex -1.44648 -23.7388 27
    endloop
  endfacet
  facet normal 0.290288 -0.956939 0
    outer loop
      vertex -1.16469 -23.6533 27
      vertex -1.44648 -23.7388 8.6
      vertex -1.16469 -23.6533 8.6
    endloop
  endfacet
  facet normal 0.162895 -0.986643 0
    outer loop
      vertex -0.877906 -23.5865 8.6
      vertex -0.587367 -23.5385 27
      vertex -0.877906 -23.5865 27
    endloop
  endfacet
  facet normal 0.162895 -0.986643 0
    outer loop
      vertex -0.587367 -23.5385 27
      vertex -0.877906 -23.5865 8.6
      vertex -0.587367 -23.5385 8.6
    endloop
  endfacet
  facet normal 0.582476 -0.812848 0
    outer loop
      vertex -2.73943 -24.4299 8.6
      vertex -2.50007 -24.2584 27
      vertex -2.73943 -24.4299 27
    endloop
  endfacet
  facet normal 0.582476 -0.812848 0
    outer loop
      vertex -2.50007 -24.2584 27
      vertex -2.73943 -24.4299 8.6
      vertex -2.50007 -24.2584 8.6
    endloop
  endfacet
  facet normal 0.634395 -0.773009 0
    outer loop
      vertex -2.96706 -24.6167 8.6
      vertex -2.73943 -24.4299 27
      vertex -2.96706 -24.6167 27
    endloop
  endfacet
  facet normal 0.634395 -0.773009 0
    outer loop
      vertex -2.73943 -24.4299 27
      vertex -2.96706 -24.6167 8.6
      vertex -2.73943 -24.4299 8.6
    endloop
  endfacet
  facet normal -0.973876 0.227079 0
    outer loop
      vertex 4.34667 -29.1647 8.6
      vertex 4.41353 -28.8779 27
      vertex 4.41353 -28.8779 8.6
    endloop
  endfacet
  facet normal -0.973876 0.227079 0
    outer loop
      vertex 4.41353 -28.8779 27
      vertex 4.34667 -29.1647 8.6
      vertex 4.34667 -29.1647 27
    endloop
  endfacet
  facet normal -0.935907 0.352248 0
    outer loop
      vertex 4.15746 -29.7221 8.6
      vertex 4.26118 -29.4465 27
      vertex 4.26118 -29.4465 8.6
    endloop
  endfacet
  facet normal -0.935907 0.352248 0
    outer loop
      vertex 4.26118 -29.4465 27
      vertex 4.15746 -29.7221 8.6
      vertex 4.15746 -29.7221 27
    endloop
  endfacet
  facet normal -0.986643 0.162895 0
    outer loop
      vertex 4.41353 -28.8779 8.6
      vertex 4.4615 -28.5874 27
      vertex 4.4615 -28.5874 8.6
    endloop
  endfacet
  facet normal -0.986643 0.162895 0
    outer loop
      vertex 4.4615 -28.5874 27
      vertex 4.41353 -28.8779 8.6
      vertex 4.41353 -28.8779 27
    endloop
  endfacet
  facet normal -0.95694 0.290285 0
    outer loop
      vertex 4.26118 -29.4465 8.6
      vertex 4.34667 -29.1647 27
      vertex 4.34667 -29.1647 8.6
    endloop
  endfacet
  facet normal -0.95694 0.290285 0
    outer loop
      vertex 4.34667 -29.1647 27
      vertex 4.26118 -29.4465 8.6
      vertex 4.26118 -29.4465 27
    endloop
  endfacet
  facet normal -0.290282 0.956941 0
    outer loop
      vertex 1.44648 -32.2612 8.6
      vertex 1.16469 -32.3467 27
      vertex 1.44648 -32.2612 27
    endloop
  endfacet
  facet normal -0.290282 0.956941 0
    outer loop
      vertex 1.16469 -32.3467 27
      vertex 1.44648 -32.2612 8.6
      vertex 1.16469 -32.3467 8.6
    endloop
  endfacet
  facet normal -0.68359 0.729866 0
    outer loop
      vertex 3.18198 -31.182 8.6
      vertex 2.96706 -31.3833 27
      vertex 3.18198 -31.182 27
    endloop
  endfacet
  facet normal -0.68359 0.729866 0
    outer loop
      vertex 2.96706 -31.3833 27
      vertex 3.18198 -31.182 8.6
      vertex 2.96706 -31.3833 8.6
    endloop
  endfacet
  facet normal -0.582476 0.812848 0
    outer loop
      vertex 2.73943 -31.5701 8.6
      vertex 2.50007 -31.7416 27
      vertex 2.73943 -31.5701 27
    endloop
  endfacet
  facet normal -0.582476 0.812848 0
    outer loop
      vertex 2.50007 -31.7416 27
      vertex 2.73943 -31.5701 8.6
      vertex 2.50007 -31.7416 8.6
    endloop
  endfacet
  facet normal -0.634395 0.773009 0
    outer loop
      vertex 2.96706 -31.3833 8.6
      vertex 2.73943 -31.5701 27
      vertex 2.96706 -31.3833 27
    endloop
  endfacet
  facet normal -0.634395 0.773009 0
    outer loop
      vertex 2.73943 -31.5701 27
      vertex 2.96706 -31.3833 8.6
      vertex 2.73943 -31.5701 8.6
    endloop
  endfacet
  facet normal -0.528071 0.8492 0
    outer loop
      vertex 2.50007 -31.7416 8.6
      vertex 2.25 -31.8971 27
      vertex 2.50007 -31.7416 27
    endloop
  endfacet
  facet normal -0.528071 0.8492 0
    outer loop
      vertex 2.25 -31.8971 27
      vertex 2.50007 -31.7416 8.6
      vertex 2.25 -31.8971 8.6
    endloop
  endfacet
  facet normal -0.881921 0.471397 0
    outer loop
      vertex 3.89711 -30.25 8.6
      vertex 4.03593 -29.9903 27
      vertex 4.03593 -29.9903 8.6
    endloop
  endfacet
  facet normal -0.881921 0.471397 0
    outer loop
      vertex 4.03593 -29.9903 27
      vertex 3.89711 -30.25 8.6
      vertex 3.89711 -30.25 27
    endloop
  endfacet
  facet normal -0.773012 0.634391 0
    outer loop
      vertex 3.38328 -30.9671 8.6
      vertex 3.57009 -30.7394 27
      vertex 3.57009 -30.7394 8.6
    endloop
  endfacet
  facet normal -0.773012 0.634391 0
    outer loop
      vertex 3.57009 -30.7394 27
      vertex 3.38328 -30.9671 8.6
      vertex 3.38328 -30.9671 27
    endloop
  endfacet
  facet normal 0.227077 0.973877 -0
    outer loop
      vertex -0.877906 -32.4135 8.6
      vertex -1.16469 -32.3467 27
      vertex -0.877906 -32.4135 27
    endloop
  endfacet
  facet normal 0.227077 0.973877 0
    outer loop
      vertex -1.16469 -32.3467 27
      vertex -0.877906 -32.4135 8.6
      vertex -1.16469 -32.3467 8.6
    endloop
  endfacet
  facet normal 0.352255 0.935904 -0
    outer loop
      vertex -1.44648 -32.2612 8.6
      vertex -1.72207 -32.1575 27
      vertex -1.44648 -32.2612 27
    endloop
  endfacet
  facet normal 0.352255 0.935904 0
    outer loop
      vertex -1.72207 -32.1575 27
      vertex -1.44648 -32.2612 8.6
      vertex -1.72207 -32.1575 8.6
    endloop
  endfacet
  facet normal 0.0327228 0.999464 -0
    outer loop
      vertex 0 -32.5 8.6
      vertex -0.294313 -32.4904 27
      vertex 0 -32.5 27
    endloop
  endfacet
  facet normal 0.0327228 0.999464 0
    outer loop
      vertex -0.294313 -32.4904 27
      vertex 0 -32.5 8.6
      vertex -0.294313 -32.4904 8.6
    endloop
  endfacet
  facet normal 0.162901 0.986642 -0
    outer loop
      vertex -0.587367 -32.4615 8.6
      vertex -0.877906 -32.4135 27
      vertex -0.587367 -32.4615 27
    endloop
  endfacet
  facet normal 0.162901 0.986642 0
    outer loop
      vertex -0.877906 -32.4135 27
      vertex -0.587367 -32.4615 8.6
      vertex -0.877906 -32.4135 8.6
    endloop
  endfacet
  facet normal 0.0980129 0.995185 -0
    outer loop
      vertex -0.294313 -32.4904 8.6
      vertex -0.587367 -32.4615 27
      vertex -0.294313 -32.4904 27
    endloop
  endfacet
  facet normal 0.0980129 0.995185 0
    outer loop
      vertex -0.587367 -32.4615 27
      vertex -0.294313 -32.4904 8.6
      vertex -0.587367 -32.4615 8.6
    endloop
  endfacet
  facet normal 0.290282 0.956941 -0
    outer loop
      vertex -1.16469 -32.3467 8.6
      vertex -1.44648 -32.2612 27
      vertex -1.16469 -32.3467 27
    endloop
  endfacet
  facet normal 0.290282 0.956941 0
    outer loop
      vertex -1.44648 -32.2612 27
      vertex -1.16469 -32.3467 8.6
      vertex -1.44648 -32.2612 8.6
    endloop
  endfacet
  facet normal 0.471396 0.881922 -0
    outer loop
      vertex -1.9903 -32.0359 8.6
      vertex -2.25 -31.8971 27
      vertex -1.9903 -32.0359 27
    endloop
  endfacet
  facet normal 0.471396 0.881922 0
    outer loop
      vertex -2.25 -31.8971 27
      vertex -1.9903 -32.0359 8.6
      vertex -2.25 -31.8971 8.6
    endloop
  endfacet
  facet normal 0.582476 0.812848 -0
    outer loop
      vertex -2.50007 -31.7416 8.6
      vertex -2.73943 -31.5701 27
      vertex -2.50007 -31.7416 27
    endloop
  endfacet
  facet normal 0.582476 0.812848 0
    outer loop
      vertex -2.73943 -31.5701 27
      vertex -2.50007 -31.7416 8.6
      vertex -2.73943 -31.5701 8.6
    endloop
  endfacet
  facet normal 0.95694 0.290285 0
    outer loop
      vertex -4.26118 -29.4465 27
      vertex -4.34667 -29.1647 8.6
      vertex -4.34667 -29.1647 27
    endloop
  endfacet
  facet normal 0.95694 0.290285 0
    outer loop
      vertex -4.34667 -29.1647 8.6
      vertex -4.26118 -29.4465 27
      vertex -4.26118 -29.4465 8.6
    endloop
  endfacet
  facet normal 0.910864 0.412706 0
    outer loop
      vertex -4.03593 -29.9903 27
      vertex -4.15746 -29.7221 8.6
      vertex -4.15746 -29.7221 27
    endloop
  endfacet
  facet normal 0.910864 0.412706 0
    outer loop
      vertex -4.15746 -29.7221 8.6
      vertex -4.03593 -29.9903 27
      vertex -4.03593 -29.9903 8.6
    endloop
  endfacet
  facet normal 0.849201 0.52807 0
    outer loop
      vertex -3.74161 -30.5001 27
      vertex -3.89711 -30.25 8.6
      vertex -3.89711 -30.25 27
    endloop
  endfacet
  facet normal 0.849201 0.52807 0
    outer loop
      vertex -3.89711 -30.25 8.6
      vertex -3.74161 -30.5001 27
      vertex -3.74161 -30.5001 8.6
    endloop
  endfacet
  facet normal 0.881921 0.471397 0
    outer loop
      vertex -3.89711 -30.25 27
      vertex -4.03593 -29.9903 8.6
      vertex -4.03593 -29.9903 27
    endloop
  endfacet
  facet normal 0.881921 0.471397 0
    outer loop
      vertex -4.03593 -29.9903 8.6
      vertex -3.89711 -30.25 27
      vertex -3.89711 -30.25 8.6
    endloop
  endfacet
  facet normal 0.729863 0.683593 0
    outer loop
      vertex -3.18198 -31.182 27
      vertex -3.38328 -30.9671 8.6
      vertex -3.38328 -30.9671 27
    endloop
  endfacet
  facet normal 0.729863 0.683593 0
    outer loop
      vertex -3.38328 -30.9671 8.6
      vertex -3.18198 -31.182 27
      vertex -3.18198 -31.182 8.6
    endloop
  endfacet
  facet normal 0.773012 0.634391 0
    outer loop
      vertex -3.38328 -30.9671 27
      vertex -3.57009 -30.7394 8.6
      vertex -3.57009 -30.7394 27
    endloop
  endfacet
  facet normal 0.773012 0.634391 0
    outer loop
      vertex -3.57009 -30.7394 8.6
      vertex -3.38328 -30.9671 27
      vertex -3.38328 -30.9671 8.6
    endloop
  endfacet
  facet normal -0.995184 -0.0980196 0
    outer loop
      vertex 4.49037 -27.7057 8.6
      vertex 4.4615 -27.4126 27
      vertex 4.4615 -27.4126 8.6
    endloop
  endfacet
  facet normal -0.995184 -0.0980196 0
    outer loop
      vertex 4.4615 -27.4126 27
      vertex 4.49037 -27.7057 8.6
      vertex 4.49037 -27.7057 27
    endloop
  endfacet
  facet normal -0.0327163 -0.999465 0
    outer loop
      vertex 0 -23.5 8.6
      vertex 0.294313 -23.5096 27
      vertex 0 -23.5 27
    endloop
  endfacet
  facet normal -0.0327163 -0.999465 -0
    outer loop
      vertex 0.294313 -23.5096 27
      vertex 0 -23.5 8.6
      vertex 0.294313 -23.5096 8.6
    endloop
  endfacet
  facet normal -0.290288 -0.956939 0
    outer loop
      vertex 1.16469 -23.6533 8.6
      vertex 1.44648 -23.7388 27
      vertex 1.16469 -23.6533 27
    endloop
  endfacet
  facet normal -0.290288 -0.956939 -0
    outer loop
      vertex 1.44648 -23.7388 27
      vertex 1.16469 -23.6533 8.6
      vertex 1.44648 -23.7388 8.6
    endloop
  endfacet
  facet normal -0.995185 0.098019 0
    outer loop
      vertex 4.4615 -28.5874 8.6
      vertex 4.49037 -28.2943 27
      vertex 4.49037 -28.2943 8.6
    endloop
  endfacet
  facet normal -0.995185 0.098019 0
    outer loop
      vertex 4.49037 -28.2943 27
      vertex 4.4615 -28.5874 8.6
      vertex 4.4615 -28.5874 27
    endloop
  endfacet
  facet normal -0.999465 0.0327196 0
    outer loop
      vertex 4.49037 -28.2943 8.6
      vertex 4.5 -28 27
      vertex 4.5 -28 8.6
    endloop
  endfacet
  facet normal -0.999465 0.0327196 0
    outer loop
      vertex 4.5 -28 27
      vertex 4.49037 -28.2943 8.6
      vertex 4.49037 -28.2943 27
    endloop
  endfacet
  facet normal -0.162901 0.986642 0
    outer loop
      vertex 0.877906 -32.4135 8.6
      vertex 0.587367 -32.4615 27
      vertex 0.877906 -32.4135 27
    endloop
  endfacet
  facet normal -0.162901 0.986642 0
    outer loop
      vertex 0.587367 -32.4615 27
      vertex 0.877906 -32.4135 8.6
      vertex 0.587367 -32.4615 8.6
    endloop
  endfacet
  facet normal -0.471396 0.881922 0
    outer loop
      vertex 2.25 -31.8971 8.6
      vertex 1.9903 -32.0359 27
      vertex 2.25 -31.8971 27
    endloop
  endfacet
  facet normal -0.471396 0.881922 0
    outer loop
      vertex 1.9903 -32.0359 27
      vertex 2.25 -31.8971 8.6
      vertex 1.9903 -32.0359 8.6
    endloop
  endfacet
  facet normal 0.986643 0.162895 0
    outer loop
      vertex -4.41353 -28.8779 27
      vertex -4.4615 -28.5874 8.6
      vertex -4.4615 -28.5874 27
    endloop
  endfacet
  facet normal 0.986643 0.162895 0
    outer loop
      vertex -4.4615 -28.5874 8.6
      vertex -4.41353 -28.8779 27
      vertex -4.41353 -28.8779 8.6
    endloop
  endfacet
  facet normal -0.999465 0.0327194 0
    outer loop
      vertex 4.49037 27.7057 8.6
      vertex 4.5 28 27
      vertex 4.5 28 8.6
    endloop
  endfacet
  facet normal -0.999465 0.0327194 0
    outer loop
      vertex 4.5 28 27
      vertex 4.49037 27.7057 8.6
      vertex 4.49037 27.7057 27
    endloop
  endfacet
  facet normal -0.528071 -0.8492 0
    outer loop
      vertex 2.25 31.8971 8.6
      vertex 2.50007 31.7416 27
      vertex 2.25 31.8971 27
    endloop
  endfacet
  facet normal -0.528071 -0.8492 -0
    outer loop
      vertex 2.50007 31.7416 27
      vertex 2.25 31.8971 8.6
      vertex 2.50007 31.7416 8.6
    endloop
  endfacet
  facet normal 0.412701 -0.910866 0
    outer loop
      vertex -1.9903 32.0359 8.6
      vertex -1.72207 32.1575 27
      vertex -1.9903 32.0359 27
    endloop
  endfacet
  facet normal 0.412701 -0.910866 0
    outer loop
      vertex -1.72207 32.1575 27
      vertex -1.9903 32.0359 8.6
      vertex -1.72207 32.1575 8.6
    endloop
  endfacet
  facet normal 0.935907 -0.352248 0
    outer loop
      vertex -4.26118 29.4465 27
      vertex -4.15746 29.7221 8.6
      vertex -4.15746 29.7221 27
    endloop
  endfacet
  facet normal 0.935907 -0.352248 0
    outer loop
      vertex -4.15746 29.7221 8.6
      vertex -4.26118 29.4465 27
      vertex -4.26118 29.4465 8.6
    endloop
  endfacet
  facet normal 0.881921 0.471397 0
    outer loop
      vertex -3.89711 25.75 27
      vertex -4.03593 26.0097 8.6
      vertex -4.03593 26.0097 27
    endloop
  endfacet
  facet normal 0.881921 0.471397 0
    outer loop
      vertex -4.03593 26.0097 8.6
      vertex -3.89711 25.75 27
      vertex -3.89711 25.75 8.6
    endloop
  endfacet
  facet normal -0.973876 -0.227079 0
    outer loop
      vertex 4.41353 28.8779 8.6
      vertex 4.34667 29.1647 27
      vertex 4.34667 29.1647 8.6
    endloop
  endfacet
  facet normal -0.973876 -0.227079 0
    outer loop
      vertex 4.34667 29.1647 27
      vertex 4.41353 28.8779 8.6
      vertex 4.41353 28.8779 27
    endloop
  endfacet
  facet normal -0.95694 -0.290285 0
    outer loop
      vertex 4.34667 29.1647 8.6
      vertex 4.26118 29.4465 27
      vertex 4.26118 29.4465 8.6
    endloop
  endfacet
  facet normal -0.95694 -0.290285 0
    outer loop
      vertex 4.26118 29.4465 27
      vertex 4.34667 29.1647 8.6
      vertex 4.34667 29.1647 27
    endloop
  endfacet
  facet normal -0.773012 -0.634391 0
    outer loop
      vertex 3.57009 30.7394 8.6
      vertex 3.38328 30.9671 27
      vertex 3.38328 30.9671 8.6
    endloop
  endfacet
  facet normal -0.773012 -0.634391 0
    outer loop
      vertex 3.38328 30.9671 27
      vertex 3.57009 30.7394 8.6
      vertex 3.57009 30.7394 27
    endloop
  endfacet
  facet normal -0.471396 -0.881922 0
    outer loop
      vertex 1.9903 32.0359 8.6
      vertex 2.25 31.8971 27
      vertex 1.9903 32.0359 27
    endloop
  endfacet
  facet normal -0.471396 -0.881922 -0
    outer loop
      vertex 2.25 31.8971 27
      vertex 1.9903 32.0359 8.6
      vertex 2.25 31.8971 8.6
    endloop
  endfacet
  facet normal 0.634395 -0.773009 0
    outer loop
      vertex -2.96706 31.3833 8.6
      vertex -2.73943 31.5701 27
      vertex -2.96706 31.3833 27
    endloop
  endfacet
  facet normal 0.634395 -0.773009 0
    outer loop
      vertex -2.73943 31.5701 27
      vertex -2.96706 31.3833 8.6
      vertex -2.73943 31.5701 8.6
    endloop
  endfacet
  facet normal -0.290288 0.956939 0
    outer loop
      vertex 1.44648 23.7388 8.6
      vertex 1.16469 23.6533 27
      vertex 1.44648 23.7388 27
    endloop
  endfacet
  facet normal -0.290288 0.956939 0
    outer loop
      vertex 1.16469 23.6533 27
      vertex 1.44648 23.7388 8.6
      vertex 1.16469 23.6533 8.6
    endloop
  endfacet
  facet normal -0.729863 0.683593 0
    outer loop
      vertex 3.18198 24.818 8.6
      vertex 3.38328 25.0329 27
      vertex 3.38328 25.0329 8.6
    endloop
  endfacet
  facet normal -0.729863 0.683593 0
    outer loop
      vertex 3.38328 25.0329 27
      vertex 3.18198 24.818 8.6
      vertex 3.18198 24.818 27
    endloop
  endfacet
  facet normal 0.0327163 0.999465 -0
    outer loop
      vertex 0 23.5 8.6
      vertex -0.294313 23.5096 27
      vertex 0 23.5 27
    endloop
  endfacet
  facet normal 0.0327163 0.999465 0
    outer loop
      vertex -0.294313 23.5096 27
      vertex 0 23.5 8.6
      vertex -0.294313 23.5096 8.6
    endloop
  endfacet
  facet normal -0.910864 -0.412706 0
    outer loop
      vertex 4.15746 29.7221 8.6
      vertex 4.03593 29.9903 27
      vertex 4.03593 29.9903 8.6
    endloop
  endfacet
  facet normal -0.910864 -0.412706 0
    outer loop
      vertex 4.03593 29.9903 27
      vertex 4.15746 29.7221 8.6
      vertex 4.15746 29.7221 27
    endloop
  endfacet
  facet normal -0.881921 -0.471397 0
    outer loop
      vertex 4.03593 29.9903 8.6
      vertex 3.89711 30.25 27
      vertex 3.89711 30.25 8.6
    endloop
  endfacet
  facet normal -0.881921 -0.471397 0
    outer loop
      vertex 3.89711 30.25 27
      vertex 4.03593 29.9903 8.6
      vertex 4.03593 29.9903 27
    endloop
  endfacet
  facet normal -0.68359 -0.729866 0
    outer loop
      vertex 2.96706 31.3833 8.6
      vertex 3.18198 31.182 27
      vertex 2.96706 31.3833 27
    endloop
  endfacet
  facet normal -0.68359 -0.729866 -0
    outer loop
      vertex 3.18198 31.182 27
      vertex 2.96706 31.3833 8.6
      vertex 3.18198 31.182 8.6
    endloop
  endfacet
  facet normal -0.352255 -0.935904 0
    outer loop
      vertex 1.44648 32.2612 8.6
      vertex 1.72207 32.1575 27
      vertex 1.44648 32.2612 27
    endloop
  endfacet
  facet normal -0.352255 -0.935904 -0
    outer loop
      vertex 1.72207 32.1575 27
      vertex 1.44648 32.2612 8.6
      vertex 1.72207 32.1575 8.6
    endloop
  endfacet
  facet normal -0.162901 -0.986642 0
    outer loop
      vertex 0.587367 32.4615 8.6
      vertex 0.877906 32.4135 27
      vertex 0.587367 32.4615 27
    endloop
  endfacet
  facet normal -0.162901 -0.986642 -0
    outer loop
      vertex 0.877906 32.4135 27
      vertex 0.587367 32.4615 8.6
      vertex 0.877906 32.4135 8.6
    endloop
  endfacet
  facet normal -0.0980129 -0.995185 0
    outer loop
      vertex 0.294313 32.4904 8.6
      vertex 0.587367 32.4615 27
      vertex 0.294313 32.4904 27
    endloop
  endfacet
  facet normal -0.0980129 -0.995185 -0
    outer loop
      vertex 0.587367 32.4615 27
      vertex 0.294313 32.4904 8.6
      vertex 0.587367 32.4615 8.6
    endloop
  endfacet
  facet normal 0.986643 -0.162895 0
    outer loop
      vertex -4.4615 28.5874 27
      vertex -4.41353 28.8779 8.6
      vertex -4.41353 28.8779 27
    endloop
  endfacet
  facet normal 0.986643 -0.162895 0
    outer loop
      vertex -4.41353 28.8779 8.6
      vertex -4.4615 28.5874 27
      vertex -4.4615 28.5874 8.6
    endloop
  endfacet
  facet normal 0.995185 -0.098019 0
    outer loop
      vertex -4.49037 28.2943 27
      vertex -4.4615 28.5874 8.6
      vertex -4.4615 28.5874 27
    endloop
  endfacet
  facet normal 0.995185 -0.098019 0
    outer loop
      vertex -4.4615 28.5874 8.6
      vertex -4.49037 28.2943 27
      vertex -4.49037 28.2943 8.6
    endloop
  endfacet
  facet normal 0.812847 -0.582477 0
    outer loop
      vertex -3.74161 30.5001 27
      vertex -3.57009 30.7394 8.6
      vertex -3.57009 30.7394 27
    endloop
  endfacet
  facet normal 0.812847 -0.582477 0
    outer loop
      vertex -3.57009 30.7394 8.6
      vertex -3.74161 30.5001 27
      vertex -3.74161 30.5001 8.6
    endloop
  endfacet
  facet normal 0.910864 -0.412706 0
    outer loop
      vertex -4.15746 29.7221 27
      vertex -4.03593 29.9903 8.6
      vertex -4.03593 29.9903 27
    endloop
  endfacet
  facet normal 0.910864 -0.412706 0
    outer loop
      vertex -4.03593 29.9903 8.6
      vertex -4.15746 29.7221 27
      vertex -4.15746 29.7221 8.6
    endloop
  endfacet
  facet normal 0.849201 -0.52807 0
    outer loop
      vertex -3.89711 30.25 27
      vertex -3.74161 30.5001 8.6
      vertex -3.74161 30.5001 27
    endloop
  endfacet
  facet normal 0.849201 -0.52807 0
    outer loop
      vertex -3.74161 30.5001 8.6
      vertex -3.89711 30.25 27
      vertex -3.89711 30.25 8.6
    endloop
  endfacet
  facet normal 0.162901 -0.986642 0
    outer loop
      vertex -0.877906 32.4135 8.6
      vertex -0.587367 32.4615 27
      vertex -0.877906 32.4135 27
    endloop
  endfacet
  facet normal 0.162901 -0.986642 0
    outer loop
      vertex -0.587367 32.4615 27
      vertex -0.877906 32.4135 8.6
      vertex -0.587367 32.4615 8.6
    endloop
  endfacet
  facet normal 0.352255 -0.935904 0
    outer loop
      vertex -1.72207 32.1575 8.6
      vertex -1.44648 32.2612 27
      vertex -1.72207 32.1575 27
    endloop
  endfacet
  facet normal 0.352255 -0.935904 0
    outer loop
      vertex -1.44648 32.2612 27
      vertex -1.72207 32.1575 8.6
      vertex -1.44648 32.2612 8.6
    endloop
  endfacet
  facet normal 0.227077 -0.973877 0
    outer loop
      vertex -1.16469 32.3467 8.6
      vertex -0.877906 32.4135 27
      vertex -1.16469 32.3467 27
    endloop
  endfacet
  facet normal 0.227077 -0.973877 0
    outer loop
      vertex -0.877906 32.4135 27
      vertex -1.16469 32.3467 8.6
      vertex -0.877906 32.4135 8.6
    endloop
  endfacet
  facet normal 0.52807 -0.849201 0
    outer loop
      vertex -2.50007 31.7416 8.6
      vertex -2.25 31.8971 27
      vertex -2.50007 31.7416 27
    endloop
  endfacet
  facet normal 0.52807 -0.849201 0
    outer loop
      vertex -2.25 31.8971 27
      vertex -2.50007 31.7416 8.6
      vertex -2.25 31.8971 8.6
    endloop
  endfacet
  facet normal 0.582476 -0.812848 0
    outer loop
      vertex -2.73943 31.5701 8.6
      vertex -2.50007 31.7416 27
      vertex -2.73943 31.5701 27
    endloop
  endfacet
  facet normal 0.582476 -0.812848 0
    outer loop
      vertex -2.50007 31.7416 27
      vertex -2.73943 31.5701 8.6
      vertex -2.50007 31.7416 8.6
    endloop
  endfacet
  facet normal 0.729863 -0.683593 0
    outer loop
      vertex -3.38328 30.9671 27
      vertex -3.18198 31.182 8.6
      vertex -3.18198 31.182 27
    endloop
  endfacet
  facet normal 0.729863 -0.683593 0
    outer loop
      vertex -3.18198 31.182 8.6
      vertex -3.38328 30.9671 27
      vertex -3.38328 30.9671 8.6
    endloop
  endfacet
  facet normal -0.227077 0.973877 0
    outer loop
      vertex 1.16469 23.6533 8.6
      vertex 0.877906 23.5865 27
      vertex 1.16469 23.6533 27
    endloop
  endfacet
  facet normal -0.227077 0.973877 0
    outer loop
      vertex 0.877906 23.5865 27
      vertex 1.16469 23.6533 8.6
      vertex 0.877906 23.5865 8.6
    endloop
  endfacet
  facet normal -0.471396 0.881922 0
    outer loop
      vertex 2.25 24.1029 8.6
      vertex 1.9903 23.9641 27
      vertex 2.25 24.1029 27
    endloop
  endfacet
  facet normal -0.471396 0.881922 0
    outer loop
      vertex 1.9903 23.9641 27
      vertex 2.25 24.1029 8.6
      vertex 1.9903 23.9641 8.6
    endloop
  endfacet
  facet normal 0.162895 0.986643 -0
    outer loop
      vertex -0.587367 23.5385 8.6
      vertex -0.877906 23.5865 27
      vertex -0.587367 23.5385 27
    endloop
  endfacet
  facet normal 0.162895 0.986643 0
    outer loop
      vertex -0.877906 23.5865 27
      vertex -0.587367 23.5385 8.6
      vertex -0.877906 23.5865 8.6
    endloop
  endfacet
  facet normal 0.0980193 0.995185 -0
    outer loop
      vertex -0.294313 23.5096 8.6
      vertex -0.587367 23.5385 27
      vertex -0.294313 23.5096 27
    endloop
  endfacet
  facet normal 0.0980193 0.995185 0
    outer loop
      vertex -0.587367 23.5385 27
      vertex -0.294313 23.5096 8.6
      vertex -0.587367 23.5385 8.6
    endloop
  endfacet
  facet normal 0.352244 0.935908 -0
    outer loop
      vertex -1.44648 23.7388 8.6
      vertex -1.72207 23.8425 27
      vertex -1.44648 23.7388 27
    endloop
  endfacet
  facet normal 0.352244 0.935908 0
    outer loop
      vertex -1.72207 23.8425 27
      vertex -1.44648 23.7388 8.6
      vertex -1.72207 23.8425 8.6
    endloop
  endfacet
  facet normal 0.582476 0.812848 -0
    outer loop
      vertex -2.50007 24.2584 8.6
      vertex -2.73943 24.4299 27
      vertex -2.50007 24.2584 27
    endloop
  endfacet
  facet normal 0.582476 0.812848 0
    outer loop
      vertex -2.73943 24.4299 27
      vertex -2.50007 24.2584 8.6
      vertex -2.73943 24.4299 8.6
    endloop
  endfacet
  facet normal 0.986643 0.162895 0
    outer loop
      vertex -4.41353 27.1221 27
      vertex -4.4615 27.4126 8.6
      vertex -4.4615 27.4126 27
    endloop
  endfacet
  facet normal 0.986643 0.162895 0
    outer loop
      vertex -4.4615 27.4126 8.6
      vertex -4.41353 27.1221 27
      vertex -4.41353 27.1221 8.6
    endloop
  endfacet
  facet normal -0.986643 -0.162895 0
    outer loop
      vertex 4.4615 28.5874 8.6
      vertex 4.41353 28.8779 27
      vertex 4.41353 28.8779 8.6
    endloop
  endfacet
  facet normal -0.986643 -0.162895 0
    outer loop
      vertex 4.41353 28.8779 27
      vertex 4.4615 28.5874 8.6
      vertex 4.4615 28.5874 27
    endloop
  endfacet
  facet normal -0.935907 -0.352248 0
    outer loop
      vertex 4.26118 29.4465 8.6
      vertex 4.15746 29.7221 27
      vertex 4.15746 29.7221 8.6
    endloop
  endfacet
  facet normal -0.935907 -0.352248 0
    outer loop
      vertex 4.15746 29.7221 27
      vertex 4.26118 29.4465 8.6
      vertex 4.26118 29.4465 27
    endloop
  endfacet
  facet normal -0.849201 -0.52807 0
    outer loop
      vertex 3.89711 30.25 8.6
      vertex 3.74161 30.5001 27
      vertex 3.74161 30.5001 8.6
    endloop
  endfacet
  facet normal -0.849201 -0.52807 0
    outer loop
      vertex 3.74161 30.5001 27
      vertex 3.89711 30.25 8.6
      vertex 3.89711 30.25 27
    endloop
  endfacet
  facet normal -0.812847 -0.582477 0
    outer loop
      vertex 3.74161 30.5001 8.6
      vertex 3.57009 30.7394 27
      vertex 3.57009 30.7394 8.6
    endloop
  endfacet
  facet normal -0.812847 -0.582477 0
    outer loop
      vertex 3.57009 30.7394 27
      vertex 3.74161 30.5001 8.6
      vertex 3.74161 30.5001 27
    endloop
  endfacet
  facet normal -0.729863 -0.683593 0
    outer loop
      vertex 3.38328 30.9671 8.6
      vertex 3.18198 31.182 27
      vertex 3.18198 31.182 8.6
    endloop
  endfacet
  facet normal -0.729863 -0.683593 0
    outer loop
      vertex 3.18198 31.182 27
      vertex 3.38328 30.9671 8.6
      vertex 3.38328 30.9671 27
    endloop
  endfacet
  facet normal 0.0327228 -0.999464 0
    outer loop
      vertex -0.294313 32.4904 8.6
      vertex 0 32.5 27
      vertex -0.294313 32.4904 27
    endloop
  endfacet
  facet normal 0.0327228 -0.999464 0
    outer loop
      vertex 0 32.5 27
      vertex -0.294313 32.4904 8.6
      vertex 0 32.5 8.6
    endloop
  endfacet
  facet normal -0.582476 -0.812848 0
    outer loop
      vertex 2.50007 31.7416 8.6
      vertex 2.73943 31.5701 27
      vertex 2.50007 31.7416 27
    endloop
  endfacet
  facet normal -0.582476 -0.812848 -0
    outer loop
      vertex 2.73943 31.5701 27
      vertex 2.50007 31.7416 8.6
      vertex 2.73943 31.5701 8.6
    endloop
  endfacet
  facet normal -0.412701 -0.910866 0
    outer loop
      vertex 1.72207 32.1575 8.6
      vertex 1.9903 32.0359 27
      vertex 1.72207 32.1575 27
    endloop
  endfacet
  facet normal -0.412701 -0.910866 -0
    outer loop
      vertex 1.9903 32.0359 27
      vertex 1.72207 32.1575 8.6
      vertex 1.9903 32.0359 8.6
    endloop
  endfacet
  facet normal -0.227077 -0.973877 0
    outer loop
      vertex 0.877906 32.4135 8.6
      vertex 1.16469 32.3467 27
      vertex 0.877906 32.4135 27
    endloop
  endfacet
  facet normal -0.227077 -0.973877 -0
    outer loop
      vertex 1.16469 32.3467 27
      vertex 0.877906 32.4135 8.6
      vertex 1.16469 32.3467 8.6
    endloop
  endfacet
  facet normal 0.999465 0.0327194 0
    outer loop
      vertex -4.49037 27.7057 27
      vertex -4.5 28 8.6
      vertex -4.5 28 27
    endloop
  endfacet
  facet normal 0.999465 0.0327194 0
    outer loop
      vertex -4.5 28 8.6
      vertex -4.49037 27.7057 27
      vertex -4.49037 27.7057 8.6
    endloop
  endfacet
  facet normal 0.973876 -0.227079 0
    outer loop
      vertex -4.41353 28.8779 27
      vertex -4.34667 29.1647 8.6
      vertex -4.34667 29.1647 27
    endloop
  endfacet
  facet normal 0.973876 -0.227079 0
    outer loop
      vertex -4.34667 29.1647 8.6
      vertex -4.41353 28.8779 27
      vertex -4.41353 28.8779 8.6
    endloop
  endfacet
  facet normal 0.881921 -0.471397 0
    outer loop
      vertex -4.03593 29.9903 27
      vertex -3.89711 30.25 8.6
      vertex -3.89711 30.25 27
    endloop
  endfacet
  facet normal 0.881921 -0.471397 0
    outer loop
      vertex -3.89711 30.25 8.6
      vertex -4.03593 29.9903 27
      vertex -4.03593 29.9903 8.6
    endloop
  endfacet
  facet normal 0.773012 -0.634391 0
    outer loop
      vertex -3.57009 30.7394 27
      vertex -3.38328 30.9671 8.6
      vertex -3.38328 30.9671 27
    endloop
  endfacet
  facet normal 0.773012 -0.634391 0
    outer loop
      vertex -3.38328 30.9671 8.6
      vertex -3.57009 30.7394 27
      vertex -3.57009 30.7394 8.6
    endloop
  endfacet
  facet normal 0.290282 -0.956941 0
    outer loop
      vertex -1.44648 32.2612 8.6
      vertex -1.16469 32.3467 27
      vertex -1.44648 32.2612 27
    endloop
  endfacet
  facet normal 0.290282 -0.956941 0
    outer loop
      vertex -1.16469 32.3467 27
      vertex -1.44648 32.2612 8.6
      vertex -1.16469 32.3467 8.6
    endloop
  endfacet
  facet normal 0.0980129 -0.995185 0
    outer loop
      vertex -0.587367 32.4615 8.6
      vertex -0.294313 32.4904 27
      vertex -0.587367 32.4615 27
    endloop
  endfacet
  facet normal 0.0980129 -0.995185 0
    outer loop
      vertex -0.294313 32.4904 27
      vertex -0.587367 32.4615 8.6
      vertex -0.294313 32.4904 8.6
    endloop
  endfacet
  facet normal 0.471397 -0.881921 0
    outer loop
      vertex -2.25 31.8971 8.6
      vertex -1.9903 32.0359 27
      vertex -2.25 31.8971 27
    endloop
  endfacet
  facet normal 0.471397 -0.881921 0
    outer loop
      vertex -1.9903 32.0359 27
      vertex -2.25 31.8971 8.6
      vertex -1.9903 32.0359 8.6
    endloop
  endfacet
  facet normal 0.68359 -0.729866 0
    outer loop
      vertex -3.18198 31.182 8.6
      vertex -2.96706 31.3833 27
      vertex -3.18198 31.182 27
    endloop
  endfacet
  facet normal 0.68359 -0.729866 0
    outer loop
      vertex -2.96706 31.3833 27
      vertex -3.18198 31.182 8.6
      vertex -2.96706 31.3833 8.6
    endloop
  endfacet
  facet normal -0.999465 -0.0327196 0
    outer loop
      vertex 4.5 28 8.6
      vertex 4.49037 28.2943 27
      vertex 4.49037 28.2943 8.6
    endloop
  endfacet
  facet normal -0.999465 -0.0327196 0
    outer loop
      vertex 4.49037 28.2943 27
      vertex 4.5 28 8.6
      vertex 4.5 28 27
    endloop
  endfacet
  facet normal -0.0980193 0.995185 0
    outer loop
      vertex 0.587367 23.5385 8.6
      vertex 0.294313 23.5096 27
      vertex 0.587367 23.5385 27
    endloop
  endfacet
  facet normal -0.0980193 0.995185 0
    outer loop
      vertex 0.294313 23.5096 27
      vertex 0.587367 23.5385 8.6
      vertex 0.294313 23.5096 8.6
    endloop
  endfacet
  facet normal -0.986643 0.162895 0
    outer loop
      vertex 4.41353 27.1221 8.6
      vertex 4.4615 27.4126 27
      vertex 4.4615 27.4126 8.6
    endloop
  endfacet
  facet normal -0.986643 0.162895 0
    outer loop
      vertex 4.4615 27.4126 27
      vertex 4.41353 27.1221 8.6
      vertex 4.41353 27.1221 27
    endloop
  endfacet
  facet normal -0.773012 0.634391 0
    outer loop
      vertex 3.38328 25.0329 8.6
      vertex 3.57009 25.2606 27
      vertex 3.57009 25.2606 8.6
    endloop
  endfacet
  facet normal -0.773012 0.634391 0
    outer loop
      vertex 3.57009 25.2606 27
      vertex 3.38328 25.0329 8.6
      vertex 3.38328 25.0329 27
    endloop
  endfacet
  facet normal -0.812845 0.58248 0
    outer loop
      vertex 3.57009 25.2606 8.6
      vertex 3.74161 25.4999 27
      vertex 3.74161 25.4999 8.6
    endloop
  endfacet
  facet normal -0.812845 0.58248 0
    outer loop
      vertex 3.74161 25.4999 27
      vertex 3.57009 25.2606 8.6
      vertex 3.57009 25.2606 27
    endloop
  endfacet
  facet normal -0.162895 0.986643 0
    outer loop
      vertex 0.877906 23.5865 8.6
      vertex 0.587367 23.5385 27
      vertex 0.877906 23.5865 27
    endloop
  endfacet
  facet normal -0.162895 0.986643 0
    outer loop
      vertex 0.587367 23.5385 27
      vertex 0.877906 23.5865 8.6
      vertex 0.587367 23.5385 8.6
    endloop
  endfacet
  facet normal -0.412712 0.910861 0
    outer loop
      vertex 1.9903 23.9641 8.6
      vertex 1.72207 23.8425 27
      vertex 1.9903 23.9641 27
    endloop
  endfacet
  facet normal -0.412712 0.910861 0
    outer loop
      vertex 1.72207 23.8425 27
      vertex 1.9903 23.9641 8.6
      vertex 1.72207 23.8425 8.6
    endloop
  endfacet
  facet normal -0.634395 0.773009 0
    outer loop
      vertex 2.96706 24.6167 8.6
      vertex 2.73943 24.4299 27
      vertex 2.96706 24.6167 27
    endloop
  endfacet
  facet normal -0.634395 0.773009 0
    outer loop
      vertex 2.73943 24.4299 27
      vertex 2.96706 24.6167 8.6
      vertex 2.73943 24.4299 8.6
    endloop
  endfacet
  facet normal -0.528067 0.849203 0
    outer loop
      vertex 2.50007 24.2584 8.6
      vertex 2.25 24.1029 27
      vertex 2.50007 24.2584 27
    endloop
  endfacet
  facet normal -0.528067 0.849203 0
    outer loop
      vertex 2.25 24.1029 27
      vertex 2.50007 24.2584 8.6
      vertex 2.25 24.1029 8.6
    endloop
  endfacet
  facet normal -0.0327163 0.999465 0
    outer loop
      vertex 0.294313 23.5096 8.6
      vertex 0 23.5 27
      vertex 0.294313 23.5096 27
    endloop
  endfacet
  facet normal -0.0327163 0.999465 0
    outer loop
      vertex 0 23.5 27
      vertex 0.294313 23.5096 8.6
      vertex 0 23.5 8.6
    endloop
  endfacet
  facet normal 0.290288 0.956939 -0
    outer loop
      vertex -1.16469 23.6533 8.6
      vertex -1.44648 23.7388 27
      vertex -1.16469 23.6533 27
    endloop
  endfacet
  facet normal 0.290288 0.956939 0
    outer loop
      vertex -1.44648 23.7388 27
      vertex -1.16469 23.6533 8.6
      vertex -1.44648 23.7388 8.6
    endloop
  endfacet
  facet normal 0.227077 0.973877 -0
    outer loop
      vertex -0.877906 23.5865 8.6
      vertex -1.16469 23.6533 27
      vertex -0.877906 23.5865 27
    endloop
  endfacet
  facet normal 0.227077 0.973877 0
    outer loop
      vertex -1.16469 23.6533 27
      vertex -0.877906 23.5865 8.6
      vertex -1.16469 23.6533 8.6
    endloop
  endfacet
  facet normal 0.471396 0.881922 -0
    outer loop
      vertex -1.9903 23.9641 8.6
      vertex -2.25 24.1029 27
      vertex -1.9903 23.9641 27
    endloop
  endfacet
  facet normal 0.471396 0.881922 0
    outer loop
      vertex -2.25 24.1029 27
      vertex -1.9903 23.9641 8.6
      vertex -2.25 24.1029 8.6
    endloop
  endfacet
  facet normal 0.528067 0.849203 -0
    outer loop
      vertex -2.25 24.1029 8.6
      vertex -2.50007 24.2584 27
      vertex -2.25 24.1029 27
    endloop
  endfacet
  facet normal 0.528067 0.849203 0
    outer loop
      vertex -2.50007 24.2584 27
      vertex -2.25 24.1029 8.6
      vertex -2.50007 24.2584 8.6
    endloop
  endfacet
  facet normal 0.634395 0.773009 -0
    outer loop
      vertex -2.73943 24.4299 8.6
      vertex -2.96706 24.6167 27
      vertex -2.73943 24.4299 27
    endloop
  endfacet
  facet normal 0.634395 0.773009 0
    outer loop
      vertex -2.96706 24.6167 27
      vertex -2.73943 24.4299 8.6
      vertex -2.96706 24.6167 8.6
    endloop
  endfacet
  facet normal 0.973877 0.227077 0
    outer loop
      vertex -4.34667 26.8353 27
      vertex -4.41353 27.1221 8.6
      vertex -4.41353 27.1221 27
    endloop
  endfacet
  facet normal 0.973877 0.227077 0
    outer loop
      vertex -4.41353 27.1221 8.6
      vertex -4.34667 26.8353 27
      vertex -4.34667 26.8353 8.6
    endloop
  endfacet
  facet normal 0.995184 0.0980196 0
    outer loop
      vertex -4.4615 27.4126 27
      vertex -4.49037 27.7057 8.6
      vertex -4.49037 27.7057 27
    endloop
  endfacet
  facet normal 0.995184 0.0980196 0
    outer loop
      vertex -4.49037 27.7057 8.6
      vertex -4.4615 27.4126 27
      vertex -4.4615 27.4126 8.6
    endloop
  endfacet
  facet normal 0.910863 0.412708 0
    outer loop
      vertex -4.03593 26.0097 27
      vertex -4.15746 26.2779 8.6
      vertex -4.15746 26.2779 27
    endloop
  endfacet
  facet normal 0.910863 0.412708 0
    outer loop
      vertex -4.15746 26.2779 8.6
      vertex -4.03593 26.0097 27
      vertex -4.03593 26.0097 8.6
    endloop
  endfacet
  facet normal 0.95694 0.290285 0
    outer loop
      vertex -4.26118 26.5535 27
      vertex -4.34667 26.8353 8.6
      vertex -4.34667 26.8353 27
    endloop
  endfacet
  facet normal 0.95694 0.290285 0
    outer loop
      vertex -4.34667 26.8353 8.6
      vertex -4.26118 26.5535 27
      vertex -4.26118 26.5535 8.6
    endloop
  endfacet
  facet normal 0.812845 0.58248 0
    outer loop
      vertex -3.57009 25.2606 27
      vertex -3.74161 25.4999 8.6
      vertex -3.74161 25.4999 27
    endloop
  endfacet
  facet normal 0.812845 0.58248 0
    outer loop
      vertex -3.74161 25.4999 8.6
      vertex -3.57009 25.2606 27
      vertex -3.57009 25.2606 8.6
    endloop
  endfacet
  facet normal 0.683593 0.729863 -0
    outer loop
      vertex -2.96706 24.6167 8.6
      vertex -3.18198 24.818 27
      vertex -2.96706 24.6167 27
    endloop
  endfacet
  facet normal 0.683593 0.729863 0
    outer loop
      vertex -3.18198 24.818 27
      vertex -2.96706 24.6167 8.6
      vertex -3.18198 24.818 8.6
    endloop
  endfacet
  facet normal 0.773012 0.634391 0
    outer loop
      vertex -3.38328 25.0329 27
      vertex -3.57009 25.2606 8.6
      vertex -3.57009 25.2606 27
    endloop
  endfacet
  facet normal 0.773012 0.634391 0
    outer loop
      vertex -3.57009 25.2606 8.6
      vertex -3.38328 25.0329 27
      vertex -3.38328 25.0329 8.6
    endloop
  endfacet
  facet normal 0.729863 0.683593 0
    outer loop
      vertex -3.18198 24.818 27
      vertex -3.38328 25.0329 8.6
      vertex -3.38328 25.0329 27
    endloop
  endfacet
  facet normal 0.729863 0.683593 0
    outer loop
      vertex -3.38328 25.0329 8.6
      vertex -3.18198 24.818 27
      vertex -3.18198 24.818 8.6
    endloop
  endfacet
  facet normal -0.995185 -0.098019 0
    outer loop
      vertex 4.49037 28.2943 8.6
      vertex 4.4615 28.5874 27
      vertex 4.4615 28.5874 8.6
    endloop
  endfacet
  facet normal -0.995185 -0.098019 0
    outer loop
      vertex 4.4615 28.5874 27
      vertex 4.49037 28.2943 8.6
      vertex 4.49037 28.2943 27
    endloop
  endfacet
  facet normal -0.634395 -0.773009 0
    outer loop
      vertex 2.73943 31.5701 8.6
      vertex 2.96706 31.3833 27
      vertex 2.73943 31.5701 27
    endloop
  endfacet
  facet normal -0.634395 -0.773009 -0
    outer loop
      vertex 2.96706 31.3833 27
      vertex 2.73943 31.5701 8.6
      vertex 2.96706 31.3833 8.6
    endloop
  endfacet
  facet normal -0.0327228 -0.999464 0
    outer loop
      vertex 0 32.5 8.6
      vertex 0.294313 32.4904 27
      vertex 0 32.5 27
    endloop
  endfacet
  facet normal -0.0327228 -0.999464 -0
    outer loop
      vertex 0.294313 32.4904 27
      vertex 0 32.5 8.6
      vertex 0.294313 32.4904 8.6
    endloop
  endfacet
  facet normal -0.290282 -0.956941 0
    outer loop
      vertex 1.16469 32.3467 8.6
      vertex 1.44648 32.2612 27
      vertex 1.16469 32.3467 27
    endloop
  endfacet
  facet normal -0.290282 -0.956941 -0
    outer loop
      vertex 1.44648 32.2612 27
      vertex 1.16469 32.3467 8.6
      vertex 1.44648 32.2612 8.6
    endloop
  endfacet
  facet normal 0.999465 -0.0327196 0
    outer loop
      vertex -4.5 28 27
      vertex -4.49037 28.2943 8.6
      vertex -4.49037 28.2943 27
    endloop
  endfacet
  facet normal 0.999465 -0.0327196 0
    outer loop
      vertex -4.49037 28.2943 8.6
      vertex -4.5 28 27
      vertex -4.5 28 8.6
    endloop
  endfacet
  facet normal 0.95694 -0.290285 0
    outer loop
      vertex -4.34667 29.1647 27
      vertex -4.26118 29.4465 8.6
      vertex -4.26118 29.4465 27
    endloop
  endfacet
  facet normal 0.95694 -0.290285 0
    outer loop
      vertex -4.26118 29.4465 8.6
      vertex -4.34667 29.1647 27
      vertex -4.34667 29.1647 8.6
    endloop
  endfacet
  facet normal -0.995184 0.0980196 0
    outer loop
      vertex 4.4615 27.4126 8.6
      vertex 4.49037 27.7057 27
      vertex 4.49037 27.7057 8.6
    endloop
  endfacet
  facet normal -0.995184 0.0980196 0
    outer loop
      vertex 4.49037 27.7057 27
      vertex 4.4615 27.4126 8.6
      vertex 4.4615 27.4126 27
    endloop
  endfacet
  facet normal -0.95694 0.290285 0
    outer loop
      vertex 4.26118 26.5535 8.6
      vertex 4.34667 26.8353 27
      vertex 4.34667 26.8353 8.6
    endloop
  endfacet
  facet normal -0.95694 0.290285 0
    outer loop
      vertex 4.34667 26.8353 27
      vertex 4.26118 26.5535 8.6
      vertex 4.26118 26.5535 27
    endloop
  endfacet
  facet normal -0.973877 0.227077 0
    outer loop
      vertex 4.34667 26.8353 8.6
      vertex 4.41353 27.1221 27
      vertex 4.41353 27.1221 8.6
    endloop
  endfacet
  facet normal -0.973877 0.227077 0
    outer loop
      vertex 4.41353 27.1221 27
      vertex 4.34667 26.8353 8.6
      vertex 4.34667 26.8353 27
    endloop
  endfacet
  facet normal -0.849202 0.528068 0
    outer loop
      vertex 3.74161 25.4999 8.6
      vertex 3.89711 25.75 27
      vertex 3.89711 25.75 8.6
    endloop
  endfacet
  facet normal -0.849202 0.528068 0
    outer loop
      vertex 3.89711 25.75 27
      vertex 3.74161 25.4999 8.6
      vertex 3.74161 25.4999 27
    endloop
  endfacet
  facet normal -0.935907 0.352248 0
    outer loop
      vertex 4.15746 26.2779 8.6
      vertex 4.26118 26.5535 27
      vertex 4.26118 26.5535 8.6
    endloop
  endfacet
  facet normal -0.935907 0.352248 0
    outer loop
      vertex 4.26118 26.5535 27
      vertex 4.15746 26.2779 8.6
      vertex 4.15746 26.2779 27
    endloop
  endfacet
  facet normal -0.910863 0.412708 0
    outer loop
      vertex 4.03593 26.0097 8.6
      vertex 4.15746 26.2779 27
      vertex 4.15746 26.2779 8.6
    endloop
  endfacet
  facet normal -0.910863 0.412708 0
    outer loop
      vertex 4.15746 26.2779 27
      vertex 4.03593 26.0097 8.6
      vertex 4.03593 26.0097 27
    endloop
  endfacet
  facet normal -0.352244 0.935908 0
    outer loop
      vertex 1.72207 23.8425 8.6
      vertex 1.44648 23.7388 27
      vertex 1.72207 23.8425 27
    endloop
  endfacet
  facet normal -0.352244 0.935908 0
    outer loop
      vertex 1.44648 23.7388 27
      vertex 1.72207 23.8425 8.6
      vertex 1.44648 23.7388 8.6
    endloop
  endfacet
  facet normal -0.683593 0.729863 0
    outer loop
      vertex 3.18198 24.818 8.6
      vertex 2.96706 24.6167 27
      vertex 3.18198 24.818 27
    endloop
  endfacet
  facet normal -0.683593 0.729863 0
    outer loop
      vertex 2.96706 24.6167 27
      vertex 3.18198 24.818 8.6
      vertex 2.96706 24.6167 8.6
    endloop
  endfacet
  facet normal -0.582476 0.812848 0
    outer loop
      vertex 2.73943 24.4299 8.6
      vertex 2.50007 24.2584 27
      vertex 2.73943 24.4299 27
    endloop
  endfacet
  facet normal -0.582476 0.812848 0
    outer loop
      vertex 2.50007 24.2584 27
      vertex 2.73943 24.4299 8.6
      vertex 2.50007 24.2584 8.6
    endloop
  endfacet
  facet normal 0.412712 0.910861 -0
    outer loop
      vertex -1.72207 23.8425 8.6
      vertex -1.9903 23.9641 27
      vertex -1.72207 23.8425 27
    endloop
  endfacet
  facet normal 0.412712 0.910861 0
    outer loop
      vertex -1.9903 23.9641 27
      vertex -1.72207 23.8425 8.6
      vertex -1.9903 23.9641 8.6
    endloop
  endfacet
  facet normal 0.935907 0.352248 0
    outer loop
      vertex -4.15746 26.2779 27
      vertex -4.26118 26.5535 8.6
      vertex -4.26118 26.5535 27
    endloop
  endfacet
  facet normal 0.935907 0.352248 0
    outer loop
      vertex -4.26118 26.5535 8.6
      vertex -4.15746 26.2779 27
      vertex -4.15746 26.2779 8.6
    endloop
  endfacet
  facet normal 0.849202 0.528068 0
    outer loop
      vertex -3.74161 25.4999 27
      vertex -3.89711 25.75 8.6
      vertex -3.89711 25.75 27
    endloop
  endfacet
  facet normal 0.849202 0.528068 0
    outer loop
      vertex -3.89711 25.75 8.6
      vertex -3.74161 25.4999 27
      vertex -3.74161 25.4999 8.6
    endloop
  endfacet
  facet normal -0.881921 0.471397 0
    outer loop
      vertex 3.89711 25.75 8.6
      vertex 4.03593 26.0097 27
      vertex 4.03593 26.0097 8.6
    endloop
  endfacet
  facet normal -0.881921 0.471397 0
    outer loop
      vertex 4.03593 26.0097 27
      vertex 3.89711 25.75 8.6
      vertex 3.89711 25.75 27
    endloop
  endfacet
  facet normal -0.582477 -0.812847 0
    outer loop
      vertex 3.88899 -22.1797 0
      vertex 4.26133 -22.4465 8.6
      vertex 3.88899 -22.1797 8.6
    endloop
  endfacet
  facet normal -0.582477 -0.812847 -0
    outer loop
      vertex 4.26133 -22.4465 8.6
      vertex 3.88899 -22.1797 0
      vertex 4.26133 -22.4465 0
    endloop
  endfacet
  facet normal 0.412705 -0.910865 0
    outer loop
      vertex -3.09602 -21.7219 0
      vertex -2.67878 -21.5328 8.6
      vertex -3.09602 -21.7219 8.6
    endloop
  endfacet
  facet normal 0.412705 -0.910865 0
    outer loop
      vertex -2.67878 -21.5328 8.6
      vertex -3.09602 -21.7219 0
      vertex -2.67878 -21.5328 0
    endloop
  endfacet
  facet normal 0.910864 -0.412706 0
    outer loop
      vertex -6.46716 -25.3212 8.6
      vertex -6.27811 -24.904 0
      vertex -6.27811 -24.904 8.6
    endloop
  endfacet
  facet normal 0.910864 -0.412706 0
    outer loop
      vertex -6.27811 -24.904 0
      vertex -6.46716 -25.3212 8.6
      vertex -6.46716 -25.3212 0
    endloop
  endfacet
  facet normal -0.999465 0.03272 0
    outer loop
      vertex 6.98501 -28.4578 0
      vertex 7 -28 8.6
      vertex 7 -28 0
    endloop
  endfacet
  facet normal -0.999465 0.03272 0
    outer loop
      vertex 7 -28 8.6
      vertex 6.98501 -28.4578 0
      vertex 6.98501 -28.4578 8.6
    endloop
  endfacet
  facet normal -0.910864 -0.412706 0
    outer loop
      vertex 6.46716 -25.3212 0
      vertex 6.27811 -24.904 8.6
      vertex 6.27811 -24.904 0
    endloop
  endfacet
  facet normal -0.910864 -0.412706 0
    outer loop
      vertex 6.27811 -24.904 8.6
      vertex 6.46716 -25.3212 0
      vertex 6.46716 -25.3212 8.6
    endloop
  endfacet
  facet normal -0.881921 -0.471397 0
    outer loop
      vertex 6.27811 -24.904 0
      vertex 6.06218 -24.5 8.6
      vertex 6.06218 -24.5 0
    endloop
  endfacet
  facet normal -0.881921 -0.471397 0
    outer loop
      vertex 6.06218 -24.5 8.6
      vertex 6.27811 -24.904 0
      vertex 6.27811 -24.904 8.6
    endloop
  endfacet
  facet normal -0.35225 -0.935906 0
    outer loop
      vertex 2.25008 -21.3715 0
      vertex 2.67878 -21.5328 8.6
      vertex 2.25008 -21.3715 8.6
    endloop
  endfacet
  facet normal -0.35225 -0.935906 -0
    outer loop
      vertex 2.67878 -21.5328 8.6
      vertex 2.25008 -21.3715 0
      vertex 2.67878 -21.5328 0
    endloop
  endfacet
  facet normal -0.0980143 -0.995185 0
    outer loop
      vertex 0.457822 -21.015 0
      vertex 0.913683 -21.0599 8.6
      vertex 0.457822 -21.015 8.6
    endloop
  endfacet
  facet normal -0.0980143 -0.995185 -0
    outer loop
      vertex 0.913683 -21.0599 8.6
      vertex 0.457822 -21.015 0
      vertex 0.913683 -21.0599 0
    endloop
  endfacet
  facet normal 0.986643 -0.162896 0
    outer loop
      vertex -6.94011 -27.0863 8.6
      vertex -6.8655 -26.6344 0
      vertex -6.8655 -26.6344 8.6
    endloop
  endfacet
  facet normal 0.986643 -0.162896 0
    outer loop
      vertex -6.8655 -26.6344 0
      vertex -6.94011 -27.0863 8.6
      vertex -6.94011 -27.0863 0
    endloop
  endfacet
  facet normal 0.773012 -0.634391 0
    outer loop
      vertex -5.55347 -23.7387 8.6
      vertex -5.26288 -23.3846 0
      vertex -5.26288 -23.3846 8.6
    endloop
  endfacet
  facet normal 0.773012 -0.634391 0
    outer loop
      vertex -5.26288 -23.3846 0
      vertex -5.55347 -23.7387 8.6
      vertex -5.55347 -23.7387 0
    endloop
  endfacet
  facet normal 0.227074 -0.973877 0
    outer loop
      vertex -1.81173 -21.2385 0
      vertex -1.36563 -21.1345 8.6
      vertex -1.81173 -21.2385 8.6
    endloop
  endfacet
  facet normal 0.227074 -0.973877 0
    outer loop
      vertex -1.36563 -21.1345 8.6
      vertex -1.81173 -21.2385 0
      vertex -1.36563 -21.1345 0
    endloop
  endfacet
  facet normal -0.35225 0.935906 0
    outer loop
      vertex 2.67878 -34.4672 0
      vertex 2.25008 -34.6285 8.6
      vertex 2.67878 -34.4672 8.6
    endloop
  endfacet
  facet normal -0.35225 0.935906 0
    outer loop
      vertex 2.25008 -34.6285 8.6
      vertex 2.67878 -34.4672 0
      vertex 2.25008 -34.6285 0
    endloop
  endfacet
  facet normal 0.162892 0.986644 -0
    outer loop
      vertex -0.913683 -34.9401 0
      vertex -1.36563 -34.8655 8.6
      vertex -0.913683 -34.9401 8.6
    endloop
  endfacet
  facet normal 0.162892 0.986644 0
    outer loop
      vertex -1.36563 -34.8655 8.6
      vertex -0.913683 -34.9401 0
      vertex -1.36563 -34.8655 0
    endloop
  endfacet
  facet normal 0.683595 0.729862 -0
    outer loop
      vertex -4.61542 -33.2629 0
      vertex -4.94975 -32.9497 8.6
      vertex -4.61542 -33.2629 8.6
    endloop
  endfacet
  facet normal 0.683595 0.729862 0
    outer loop
      vertex -4.94975 -32.9497 8.6
      vertex -4.61542 -33.2629 0
      vertex -4.94975 -32.9497 0
    endloop
  endfacet
  facet normal 0.812846 0.582479 0
    outer loop
      vertex -5.55347 -32.2613 8.6
      vertex -5.82029 -31.889 0
      vertex -5.82029 -31.889 8.6
    endloop
  endfacet
  facet normal 0.812846 0.582479 0
    outer loop
      vertex -5.82029 -31.889 0
      vertex -5.55347 -32.2613 8.6
      vertex -5.55347 -32.2613 0
    endloop
  endfacet
  facet normal -0.995185 -0.0980161 0
    outer loop
      vertex 6.98501 -27.5422 0
      vertex 6.94011 -27.0863 8.6
      vertex 6.94011 -27.0863 0
    endloop
  endfacet
  facet normal -0.995185 -0.0980161 0
    outer loop
      vertex 6.94011 -27.0863 8.6
      vertex 6.98501 -27.5422 0
      vertex 6.98501 -27.5422 8.6
    endloop
  endfacet
  facet normal -0.986643 -0.162896 0
    outer loop
      vertex 6.94011 -27.0863 0
      vertex 6.8655 -26.6344 8.6
      vertex 6.8655 -26.6344 0
    endloop
  endfacet
  facet normal -0.986643 -0.162896 0
    outer loop
      vertex 6.8655 -26.6344 8.6
      vertex 6.94011 -27.0863 0
      vertex 6.94011 -27.0863 8.6
    endloop
  endfacet
  facet normal -0.773012 -0.634391 0
    outer loop
      vertex 5.55347 -23.7387 0
      vertex 5.26288 -23.3846 8.6
      vertex 5.26288 -23.3846 0
    endloop
  endfacet
  facet normal -0.773012 -0.634391 0
    outer loop
      vertex 5.26288 -23.3846 8.6
      vertex 5.55347 -23.7387 0
      vertex 5.55347 -23.7387 8.6
    endloop
  endfacet
  facet normal -0.812846 -0.582479 0
    outer loop
      vertex 5.82029 -24.111 0
      vertex 5.55347 -23.7387 8.6
      vertex 5.55347 -23.7387 0
    endloop
  endfacet
  facet normal -0.812846 -0.582479 0
    outer loop
      vertex 5.55347 -23.7387 8.6
      vertex 5.82029 -24.111 0
      vertex 5.82029 -24.111 8.6
    endloop
  endfacet
  facet normal -0.849202 -0.528068 0
    outer loop
      vertex 6.06218 -24.5 0
      vertex 5.82029 -24.111 8.6
      vertex 5.82029 -24.111 0
    endloop
  endfacet
  facet normal -0.849202 -0.528068 0
    outer loop
      vertex 5.82029 -24.111 8.6
      vertex 6.06218 -24.5 0
      vertex 6.06218 -24.5 8.6
    endloop
  endfacet
  facet normal -0.729865 -0.683591 0
    outer loop
      vertex 5.26288 -23.3846 0
      vertex 4.94975 -23.0503 8.6
      vertex 4.94975 -23.0503 0
    endloop
  endfacet
  facet normal -0.729865 -0.683591 0
    outer loop
      vertex 4.94975 -23.0503 8.6
      vertex 5.26288 -23.3846 0
      vertex 5.26288 -23.3846 8.6
    endloop
  endfacet
  facet normal -0.52807 -0.849201 0
    outer loop
      vertex 3.5 -21.9378 0
      vertex 3.88899 -22.1797 8.6
      vertex 3.5 -21.9378 8.6
    endloop
  endfacet
  facet normal -0.52807 -0.849201 -0
    outer loop
      vertex 3.88899 -22.1797 8.6
      vertex 3.5 -21.9378 0
      vertex 3.88899 -22.1797 0
    endloop
  endfacet
  facet normal -0.290287 -0.95694 0
    outer loop
      vertex 1.81173 -21.2385 0
      vertex 2.25008 -21.3715 8.6
      vertex 1.81173 -21.2385 8.6
    endloop
  endfacet
  facet normal -0.290287 -0.95694 -0
    outer loop
      vertex 2.25008 -21.3715 8.6
      vertex 1.81173 -21.2385 0
      vertex 2.25008 -21.3715 0
    endloop
  endfacet
  facet normal -0.227074 -0.973877 0
    outer loop
      vertex 1.36563 -21.1345 0
      vertex 1.81173 -21.2385 8.6
      vertex 1.36563 -21.1345 8.6
    endloop
  endfacet
  facet normal -0.227074 -0.973877 -0
    outer loop
      vertex 1.81173 -21.2385 8.6
      vertex 1.36563 -21.1345 0
      vertex 1.81173 -21.2385 0
    endloop
  endfacet
  facet normal 0.95694 -0.290285 0
    outer loop
      vertex -6.76148 -26.1883 8.6
      vertex -6.62851 -25.7499 0
      vertex -6.62851 -25.7499 8.6
    endloop
  endfacet
  facet normal 0.95694 -0.290285 0
    outer loop
      vertex -6.62851 -25.7499 0
      vertex -6.76148 -26.1883 8.6
      vertex -6.76148 -26.1883 0
    endloop
  endfacet
  facet normal 0.973877 -0.227077 0
    outer loop
      vertex -6.8655 -26.6344 8.6
      vertex -6.76148 -26.1883 0
      vertex -6.76148 -26.1883 8.6
    endloop
  endfacet
  facet normal 0.973877 -0.227077 0
    outer loop
      vertex -6.76148 -26.1883 0
      vertex -6.8655 -26.6344 8.6
      vertex -6.8655 -26.6344 0
    endloop
  endfacet
  facet normal 0.881921 -0.471397 0
    outer loop
      vertex -6.27811 -24.904 8.6
      vertex -6.06218 -24.5 0
      vertex -6.06218 -24.5 8.6
    endloop
  endfacet
  facet normal 0.881921 -0.471397 0
    outer loop
      vertex -6.06218 -24.5 0
      vertex -6.27811 -24.904 8.6
      vertex -6.27811 -24.904 0
    endloop
  endfacet
  facet normal 0.812846 -0.582479 0
    outer loop
      vertex -5.82029 -24.111 8.6
      vertex -5.55347 -23.7387 0
      vertex -5.55347 -23.7387 8.6
    endloop
  endfacet
  facet normal 0.812846 -0.582479 0
    outer loop
      vertex -5.55347 -23.7387 0
      vertex -5.82029 -24.111 8.6
      vertex -5.82029 -24.111 0
    endloop
  endfacet
  facet normal 0.35225 -0.935906 0
    outer loop
      vertex -2.67878 -21.5328 0
      vertex -2.25008 -21.3715 8.6
      vertex -2.67878 -21.5328 8.6
    endloop
  endfacet
  facet normal 0.35225 -0.935906 0
    outer loop
      vertex -2.25008 -21.3715 8.6
      vertex -2.67878 -21.5328 0
      vertex -2.25008 -21.3715 0
    endloop
  endfacet
  facet normal 0.0980143 -0.995185 0
    outer loop
      vertex -0.913683 -21.0599 0
      vertex -0.457822 -21.015 8.6
      vertex -0.913683 -21.0599 8.6
    endloop
  endfacet
  facet normal 0.0980143 -0.995185 0
    outer loop
      vertex -0.457822 -21.015 8.6
      vertex -0.913683 -21.0599 0
      vertex -0.457822 -21.015 0
    endloop
  endfacet
  facet normal 0.582477 -0.812847 0
    outer loop
      vertex -4.26133 -22.4465 0
      vertex -3.88899 -22.1797 8.6
      vertex -4.26133 -22.4465 8.6
    endloop
  endfacet
  facet normal 0.582477 -0.812847 0
    outer loop
      vertex -3.88899 -22.1797 8.6
      vertex -4.26133 -22.4465 0
      vertex -3.88899 -22.1797 0
    endloop
  endfacet
  facet normal 0.634395 -0.773009 0
    outer loop
      vertex -4.61542 -22.7371 0
      vertex -4.26133 -22.4465 8.6
      vertex -4.61542 -22.7371 8.6
    endloop
  endfacet
  facet normal 0.634395 -0.773009 0
    outer loop
      vertex -4.26133 -22.4465 8.6
      vertex -4.61542 -22.7371 0
      vertex -4.26133 -22.4465 0
    endloop
  endfacet
  facet normal 0.471397 -0.881921 0
    outer loop
      vertex -3.5 -21.9378 0
      vertex -3.09602 -21.7219 8.6
      vertex -3.5 -21.9378 8.6
    endloop
  endfacet
  facet normal 0.471397 -0.881921 0
    outer loop
      vertex -3.09602 -21.7219 8.6
      vertex -3.5 -21.9378 0
      vertex -3.09602 -21.7219 0
    endloop
  endfacet
  facet normal 0.68359 -0.729866 0
    outer loop
      vertex -4.94975 -23.0503 0
      vertex -4.61542 -22.7371 8.6
      vertex -4.94975 -23.0503 8.6
    endloop
  endfacet
  facet normal 0.68359 -0.729866 0
    outer loop
      vertex -4.61542 -22.7371 8.6
      vertex -4.94975 -23.0503 0
      vertex -4.61542 -22.7371 0
    endloop
  endfacet
  facet normal -0.999465 -0.0327199 0
    outer loop
      vertex 7 -28 0
      vertex 6.98501 -27.5422 8.6
      vertex 6.98501 -27.5422 0
    endloop
  endfacet
  facet normal -0.999465 -0.0327199 0
    outer loop
      vertex 6.98501 -27.5422 8.6
      vertex 7 -28 0
      vertex 7 -28 8.6
    endloop
  endfacet
  facet normal -0.162892 0.986644 0
    outer loop
      vertex 1.36563 -34.8655 0
      vertex 0.913683 -34.9401 8.6
      vertex 1.36563 -34.8655 8.6
    endloop
  endfacet
  facet normal -0.162892 0.986644 0
    outer loop
      vertex 0.913683 -34.9401 8.6
      vertex 1.36563 -34.8655 0
      vertex 0.913683 -34.9401 0
    endloop
  endfacet
  facet normal -0.95694 0.290285 0
    outer loop
      vertex 6.62851 -30.2501 0
      vertex 6.76148 -29.8117 8.6
      vertex 6.76148 -29.8117 0
    endloop
  endfacet
  facet normal -0.95694 0.290285 0
    outer loop
      vertex 6.76148 -29.8117 8.6
      vertex 6.62851 -30.2501 0
      vertex 6.62851 -30.2501 8.6
    endloop
  endfacet
  facet normal -0.881922 0.471395 0
    outer loop
      vertex 6.06218 -31.5 0
      vertex 6.27811 -31.096 8.6
      vertex 6.27811 -31.096 0
    endloop
  endfacet
  facet normal -0.881922 0.471395 0
    outer loop
      vertex 6.27811 -31.096 8.6
      vertex 6.06218 -31.5 0
      vertex 6.06218 -31.5 8.6
    endloop
  endfacet
  facet normal -0.910863 0.412708 0
    outer loop
      vertex 6.27811 -31.096 0
      vertex 6.46716 -30.6788 8.6
      vertex 6.46716 -30.6788 0
    endloop
  endfacet
  facet normal -0.910863 0.412708 0
    outer loop
      vertex 6.46716 -30.6788 8.6
      vertex 6.27811 -31.096 0
      vertex 6.27811 -31.096 8.6
    endloop
  endfacet
  facet normal -0.227074 0.973877 0
    outer loop
      vertex 1.81173 -34.7615 0
      vertex 1.36563 -34.8655 8.6
      vertex 1.81173 -34.7615 8.6
    endloop
  endfacet
  facet normal -0.227074 0.973877 0
    outer loop
      vertex 1.36563 -34.8655 8.6
      vertex 1.81173 -34.7615 0
      vertex 1.36563 -34.8655 0
    endloop
  endfacet
  facet normal -0.634395 0.773009 0
    outer loop
      vertex 4.61542 -33.2629 0
      vertex 4.26133 -33.5535 8.6
      vertex 4.61542 -33.2629 8.6
    endloop
  endfacet
  facet normal -0.634395 0.773009 0
    outer loop
      vertex 4.26133 -33.5535 8.6
      vertex 4.61542 -33.2629 0
      vertex 4.26133 -33.5535 0
    endloop
  endfacet
  facet normal -0.729861 0.683596 0
    outer loop
      vertex 4.94975 -32.9497 0
      vertex 5.26288 -32.6154 8.6
      vertex 5.26288 -32.6154 0
    endloop
  endfacet
  facet normal -0.729861 0.683596 0
    outer loop
      vertex 5.26288 -32.6154 8.6
      vertex 4.94975 -32.9497 0
      vertex 4.94975 -32.9497 8.6
    endloop
  endfacet
  facet normal -0.412709 0.910863 0
    outer loop
      vertex 3.09602 -34.2781 0
      vertex 2.67878 -34.4672 8.6
      vertex 3.09602 -34.2781 8.6
    endloop
  endfacet
  facet normal -0.412709 0.910863 0
    outer loop
      vertex 2.67878 -34.4672 8.6
      vertex 3.09602 -34.2781 0
      vertex 2.67878 -34.4672 0
    endloop
  endfacet
  facet normal 0.03272 0.999465 -0
    outer loop
      vertex 0 -35 0
      vertex -0.457822 -34.985 8.6
      vertex 0 -35 8.6
    endloop
  endfacet
  facet normal 0.03272 0.999465 0
    outer loop
      vertex -0.457822 -34.985 8.6
      vertex 0 -35 0
      vertex -0.457822 -34.985 0
    endloop
  endfacet
  facet normal 0.528073 0.849199 -0
    outer loop
      vertex -3.5 -34.0622 0
      vertex -3.88899 -33.8203 8.6
      vertex -3.5 -34.0622 8.6
    endloop
  endfacet
  facet normal 0.528073 0.849199 0
    outer loop
      vertex -3.88899 -33.8203 8.6
      vertex -3.5 -34.0622 0
      vertex -3.88899 -33.8203 0
    endloop
  endfacet
  facet normal 0.412709 0.910863 -0
    outer loop
      vertex -2.67878 -34.4672 0
      vertex -3.09602 -34.2781 8.6
      vertex -2.67878 -34.4672 8.6
    endloop
  endfacet
  facet normal 0.412709 0.910863 0
    outer loop
      vertex -3.09602 -34.2781 8.6
      vertex -2.67878 -34.4672 0
      vertex -3.09602 -34.2781 0
    endloop
  endfacet
  facet normal 0.582474 0.812849 -0
    outer loop
      vertex -3.88899 -33.8203 0
      vertex -4.26133 -33.5535 8.6
      vertex -3.88899 -33.8203 8.6
    endloop
  endfacet
  facet normal 0.582474 0.812849 0
    outer loop
      vertex -4.26133 -33.5535 8.6
      vertex -3.88899 -33.8203 0
      vertex -4.26133 -33.5535 0
    endloop
  endfacet
  facet normal 0.973877 0.227076 0
    outer loop
      vertex -6.76148 -29.8117 8.6
      vertex -6.8655 -29.3656 0
      vertex -6.8655 -29.3656 8.6
    endloop
  endfacet
  facet normal 0.973877 0.227076 0
    outer loop
      vertex -6.8655 -29.3656 0
      vertex -6.76148 -29.8117 8.6
      vertex -6.76148 -29.8117 0
    endloop
  endfacet
  facet normal 0.935906 0.35225 0
    outer loop
      vertex -6.46716 -30.6788 8.6
      vertex -6.62851 -30.2501 0
      vertex -6.62851 -30.2501 8.6
    endloop
  endfacet
  facet normal 0.935906 0.35225 0
    outer loop
      vertex -6.62851 -30.2501 0
      vertex -6.46716 -30.6788 8.6
      vertex -6.46716 -30.6788 0
    endloop
  endfacet
  facet normal 0.881922 0.471395 0
    outer loop
      vertex -6.06218 -31.5 8.6
      vertex -6.27811 -31.096 0
      vertex -6.27811 -31.096 8.6
    endloop
  endfacet
  facet normal 0.881922 0.471395 0
    outer loop
      vertex -6.27811 -31.096 0
      vertex -6.06218 -31.5 8.6
      vertex -6.06218 -31.5 0
    endloop
  endfacet
  facet normal -0.973877 -0.227077 0
    outer loop
      vertex 6.8655 -26.6344 0
      vertex 6.76148 -26.1883 8.6
      vertex 6.76148 -26.1883 0
    endloop
  endfacet
  facet normal -0.973877 -0.227077 0
    outer loop
      vertex 6.76148 -26.1883 8.6
      vertex 6.8655 -26.6344 0
      vertex 6.8655 -26.6344 8.6
    endloop
  endfacet
  facet normal -0.95694 -0.290285 0
    outer loop
      vertex 6.76148 -26.1883 0
      vertex 6.62851 -25.7499 8.6
      vertex 6.62851 -25.7499 0
    endloop
  endfacet
  facet normal -0.95694 -0.290285 0
    outer loop
      vertex 6.62851 -25.7499 8.6
      vertex 6.76148 -26.1883 0
      vertex 6.76148 -26.1883 8.6
    endloop
  endfacet
  facet normal -0.935906 -0.35225 0
    outer loop
      vertex 6.62851 -25.7499 0
      vertex 6.46716 -25.3212 8.6
      vertex 6.46716 -25.3212 0
    endloop
  endfacet
  facet normal -0.935906 -0.35225 0
    outer loop
      vertex 6.46716 -25.3212 8.6
      vertex 6.62851 -25.7499 0
      vertex 6.62851 -25.7499 8.6
    endloop
  endfacet
  facet normal -0.68359 -0.729866 0
    outer loop
      vertex 4.61542 -22.7371 0
      vertex 4.94975 -23.0503 8.6
      vertex 4.61542 -22.7371 8.6
    endloop
  endfacet
  facet normal -0.68359 -0.729866 -0
    outer loop
      vertex 4.94975 -23.0503 8.6
      vertex 4.61542 -22.7371 0
      vertex 4.94975 -23.0503 0
    endloop
  endfacet
  facet normal 0.03272 -0.999465 0
    outer loop
      vertex -0.457822 -21.015 0
      vertex 0 -21 8.6
      vertex -0.457822 -21.015 8.6
    endloop
  endfacet
  facet normal 0.03272 -0.999465 0
    outer loop
      vertex 0 -21 8.6
      vertex -0.457822 -21.015 0
      vertex 0 -21 0
    endloop
  endfacet
  facet normal -0.471396 -0.881922 0
    outer loop
      vertex 3.09602 -21.7219 0
      vertex 3.5 -21.9378 8.6
      vertex 3.09602 -21.7219 8.6
    endloop
  endfacet
  facet normal -0.471396 -0.881922 -0
    outer loop
      vertex 3.5 -21.9378 8.6
      vertex 3.09602 -21.7219 0
      vertex 3.5 -21.9378 0
    endloop
  endfacet
  facet normal -0.412705 -0.910865 0
    outer loop
      vertex 2.67878 -21.5328 0
      vertex 3.09602 -21.7219 8.6
      vertex 2.67878 -21.5328 8.6
    endloop
  endfacet
  facet normal -0.412705 -0.910865 -0
    outer loop
      vertex 3.09602 -21.7219 8.6
      vertex 2.67878 -21.5328 0
      vertex 3.09602 -21.7219 0
    endloop
  endfacet
  facet normal -0.162896 -0.986643 0
    outer loop
      vertex 0.913683 -21.0599 0
      vertex 1.36563 -21.1345 8.6
      vertex 0.913683 -21.0599 8.6
    endloop
  endfacet
  facet normal -0.162896 -0.986643 -0
    outer loop
      vertex 1.36563 -21.1345 8.6
      vertex 0.913683 -21.0599 0
      vertex 1.36563 -21.1345 0
    endloop
  endfacet
  facet normal 0.999465 -0.0327199 0
    outer loop
      vertex -7 -28 8.6
      vertex -6.98501 -27.5422 0
      vertex -6.98501 -27.5422 8.6
    endloop
  endfacet
  facet normal 0.999465 -0.0327199 0
    outer loop
      vertex -6.98501 -27.5422 0
      vertex -7 -28 8.6
      vertex -7 -28 0
    endloop
  endfacet
  facet normal 0.935906 -0.35225 0
    outer loop
      vertex -6.62851 -25.7499 8.6
      vertex -6.46716 -25.3212 0
      vertex -6.46716 -25.3212 8.6
    endloop
  endfacet
  facet normal 0.935906 -0.35225 0
    outer loop
      vertex -6.46716 -25.3212 0
      vertex -6.62851 -25.7499 8.6
      vertex -6.62851 -25.7499 0
    endloop
  endfacet
  facet normal 0.995185 -0.0980161 0
    outer loop
      vertex -6.98501 -27.5422 8.6
      vertex -6.94011 -27.0863 0
      vertex -6.94011 -27.0863 8.6
    endloop
  endfacet
  facet normal 0.995185 -0.0980161 0
    outer loop
      vertex -6.94011 -27.0863 0
      vertex -6.98501 -27.5422 8.6
      vertex -6.98501 -27.5422 0
    endloop
  endfacet
  facet normal 0.528069 -0.849201 0
    outer loop
      vertex -3.88899 -22.1797 0
      vertex -3.5 -21.9378 8.6
      vertex -3.88899 -22.1797 8.6
    endloop
  endfacet
  facet normal 0.528069 -0.849201 0
    outer loop
      vertex -3.5 -21.9378 8.6
      vertex -3.88899 -22.1797 0
      vertex -3.5 -21.9378 0
    endloop
  endfacet
  facet normal 0.729865 -0.683591 0
    outer loop
      vertex -5.26288 -23.3846 8.6
      vertex -4.94975 -23.0503 0
      vertex -4.94975 -23.0503 8.6
    endloop
  endfacet
  facet normal 0.729865 -0.683591 0
    outer loop
      vertex -4.94975 -23.0503 0
      vertex -5.26288 -23.3846 8.6
      vertex -5.26288 -23.3846 0
    endloop
  endfacet
  facet normal -0.03272 0.999465 0
    outer loop
      vertex 0.457822 -34.985 0
      vertex 0 -35 8.6
      vertex 0.457822 -34.985 8.6
    endloop
  endfacet
  facet normal -0.03272 0.999465 0
    outer loop
      vertex 0 -35 8.6
      vertex 0.457822 -34.985 0
      vertex 0 -35 0
    endloop
  endfacet
  facet normal -0.995185 0.0980161 0
    outer loop
      vertex 6.94011 -28.9137 0
      vertex 6.98501 -28.4578 8.6
      vertex 6.98501 -28.4578 0
    endloop
  endfacet
  facet normal -0.995185 0.0980161 0
    outer loop
      vertex 6.98501 -28.4578 8.6
      vertex 6.94011 -28.9137 0
      vertex 6.94011 -28.9137 8.6
    endloop
  endfacet
  facet normal -0.849202 0.528068 0
    outer loop
      vertex 5.82029 -31.889 0
      vertex 6.06218 -31.5 8.6
      vertex 6.06218 -31.5 0
    endloop
  endfacet
  facet normal -0.849202 0.528068 0
    outer loop
      vertex 6.06218 -31.5 8.6
      vertex 5.82029 -31.889 0
      vertex 5.82029 -31.889 8.6
    endloop
  endfacet
  facet normal -0.0980184 0.995185 0
    outer loop
      vertex 0.913683 -34.9401 0
      vertex 0.457822 -34.985 8.6
      vertex 0.913683 -34.9401 8.6
    endloop
  endfacet
  facet normal -0.0980184 0.995185 0
    outer loop
      vertex 0.457822 -34.985 8.6
      vertex 0.913683 -34.9401 0
      vertex 0.457822 -34.985 0
    endloop
  endfacet
  facet normal -0.290291 0.956938 0
    outer loop
      vertex 2.25008 -34.6285 0
      vertex 1.81173 -34.7615 8.6
      vertex 2.25008 -34.6285 8.6
    endloop
  endfacet
  facet normal -0.290291 0.956938 0
    outer loop
      vertex 1.81173 -34.7615 8.6
      vertex 2.25008 -34.6285 0
      vertex 1.81173 -34.7615 0
    endloop
  endfacet
  facet normal -0.582474 0.812849 0
    outer loop
      vertex 4.26133 -33.5535 0
      vertex 3.88899 -33.8203 8.6
      vertex 4.26133 -33.5535 8.6
    endloop
  endfacet
  facet normal -0.582474 0.812849 0
    outer loop
      vertex 3.88899 -33.8203 8.6
      vertex 4.26133 -33.5535 0
      vertex 3.88899 -33.8203 0
    endloop
  endfacet
  facet normal -0.683595 0.729862 0
    outer loop
      vertex 4.94975 -32.9497 0
      vertex 4.61542 -33.2629 8.6
      vertex 4.94975 -32.9497 8.6
    endloop
  endfacet
  facet normal -0.683595 0.729862 0
    outer loop
      vertex 4.61542 -33.2629 8.6
      vertex 4.94975 -32.9497 0
      vertex 4.61542 -33.2629 0
    endloop
  endfacet
  facet normal -0.528073 0.849199 0
    outer loop
      vertex 3.88899 -33.8203 0
      vertex 3.5 -34.0622 8.6
      vertex 3.88899 -33.8203 8.6
    endloop
  endfacet
  facet normal -0.528073 0.849199 0
    outer loop
      vertex 3.5 -34.0622 8.6
      vertex 3.88899 -33.8203 0
      vertex 3.5 -34.0622 0
    endloop
  endfacet
  facet normal 0.227074 0.973877 -0
    outer loop
      vertex -1.36563 -34.8655 0
      vertex -1.81173 -34.7615 8.6
      vertex -1.36563 -34.8655 8.6
    endloop
  endfacet
  facet normal 0.227074 0.973877 0
    outer loop
      vertex -1.81173 -34.7615 8.6
      vertex -1.36563 -34.8655 0
      vertex -1.81173 -34.7615 0
    endloop
  endfacet
  facet normal 0.35225 0.935906 -0
    outer loop
      vertex -2.25008 -34.6285 0
      vertex -2.67878 -34.4672 8.6
      vertex -2.25008 -34.6285 8.6
    endloop
  endfacet
  facet normal 0.35225 0.935906 0
    outer loop
      vertex -2.67878 -34.4672 8.6
      vertex -2.25008 -34.6285 0
      vertex -2.67878 -34.4672 0
    endloop
  endfacet
  facet normal 0.0980184 0.995185 -0
    outer loop
      vertex -0.457822 -34.985 0
      vertex -0.913683 -34.9401 8.6
      vertex -0.457822 -34.985 8.6
    endloop
  endfacet
  facet normal 0.0980184 0.995185 0
    outer loop
      vertex -0.913683 -34.9401 8.6
      vertex -0.457822 -34.985 0
      vertex -0.913683 -34.9401 0
    endloop
  endfacet
  facet normal 0.290291 0.956938 -0
    outer loop
      vertex -1.81173 -34.7615 0
      vertex -2.25008 -34.6285 8.6
      vertex -1.81173 -34.7615 8.6
    endloop
  endfacet
  facet normal 0.290291 0.956938 0
    outer loop
      vertex -2.25008 -34.6285 8.6
      vertex -1.81173 -34.7615 0
      vertex -2.25008 -34.6285 0
    endloop
  endfacet
  facet normal 0.471389 0.881925 -0
    outer loop
      vertex -3.09602 -34.2781 0
      vertex -3.5 -34.0622 8.6
      vertex -3.09602 -34.2781 8.6
    endloop
  endfacet
  facet normal 0.471389 0.881925 0
    outer loop
      vertex -3.5 -34.0622 8.6
      vertex -3.09602 -34.2781 0
      vertex -3.5 -34.0622 0
    endloop
  endfacet
  facet normal 0.634395 0.773009 -0
    outer loop
      vertex -4.26133 -33.5535 0
      vertex -4.61542 -33.2629 8.6
      vertex -4.26133 -33.5535 8.6
    endloop
  endfacet
  facet normal 0.634395 0.773009 0
    outer loop
      vertex -4.61542 -33.2629 8.6
      vertex -4.26133 -33.5535 0
      vertex -4.61542 -33.2629 0
    endloop
  endfacet
  facet normal 0.95694 0.290285 0
    outer loop
      vertex -6.62851 -30.2501 8.6
      vertex -6.76148 -29.8117 0
      vertex -6.76148 -29.8117 8.6
    endloop
  endfacet
  facet normal 0.95694 0.290285 0
    outer loop
      vertex -6.76148 -29.8117 0
      vertex -6.62851 -30.2501 8.6
      vertex -6.62851 -30.2501 0
    endloop
  endfacet
  facet normal 0.999465 0.03272 0
    outer loop
      vertex -6.98501 -28.4578 8.6
      vertex -7 -28 0
      vertex -7 -28 8.6
    endloop
  endfacet
  facet normal 0.999465 0.03272 0
    outer loop
      vertex -7 -28 0
      vertex -6.98501 -28.4578 8.6
      vertex -6.98501 -28.4578 0
    endloop
  endfacet
  facet normal 0.986643 0.162896 0
    outer loop
      vertex -6.8655 -29.3656 8.6
      vertex -6.94011 -28.9137 0
      vertex -6.94011 -28.9137 8.6
    endloop
  endfacet
  facet normal 0.986643 0.162896 0
    outer loop
      vertex -6.94011 -28.9137 0
      vertex -6.8655 -29.3656 8.6
      vertex -6.8655 -29.3656 0
    endloop
  endfacet
  facet normal 0.849202 0.528068 0
    outer loop
      vertex -5.82029 -31.889 8.6
      vertex -6.06218 -31.5 0
      vertex -6.06218 -31.5 8.6
    endloop
  endfacet
  facet normal 0.849202 0.528068 0
    outer loop
      vertex -6.06218 -31.5 0
      vertex -5.82029 -31.889 8.6
      vertex -5.82029 -31.889 0
    endloop
  endfacet
  facet normal 0.910863 0.412708 0
    outer loop
      vertex -6.27811 -31.096 8.6
      vertex -6.46716 -30.6788 0
      vertex -6.46716 -30.6788 8.6
    endloop
  endfacet
  facet normal 0.910863 0.412708 0
    outer loop
      vertex -6.46716 -30.6788 0
      vertex -6.27811 -31.096 8.6
      vertex -6.27811 -31.096 0
    endloop
  endfacet
  facet normal 0.729861 0.683596 0
    outer loop
      vertex -4.94975 -32.9497 8.6
      vertex -5.26288 -32.6154 0
      vertex -5.26288 -32.6154 8.6
    endloop
  endfacet
  facet normal 0.729861 0.683596 0
    outer loop
      vertex -5.26288 -32.6154 0
      vertex -4.94975 -32.9497 8.6
      vertex -4.94975 -32.9497 0
    endloop
  endfacet
  facet normal -0.634395 -0.773009 0
    outer loop
      vertex 4.26133 -22.4465 0
      vertex 4.61542 -22.7371 8.6
      vertex 4.26133 -22.4465 8.6
    endloop
  endfacet
  facet normal -0.634395 -0.773009 -0
    outer loop
      vertex 4.61542 -22.7371 8.6
      vertex 4.26133 -22.4465 0
      vertex 4.61542 -22.7371 0
    endloop
  endfacet
  facet normal -0.03272 -0.999465 0
    outer loop
      vertex 0 -21 0
      vertex 0.457822 -21.015 8.6
      vertex 0 -21 8.6
    endloop
  endfacet
  facet normal -0.03272 -0.999465 -0
    outer loop
      vertex 0.457822 -21.015 8.6
      vertex 0 -21 0
      vertex 0.457822 -21.015 0
    endloop
  endfacet
  facet normal 0 0 -1
    outer loop
      vertex 4.5 -28 8.6
      vertex 7 -28 8.6
      vertex 6.98501 -28.4578 8.6
    endloop
  endfacet
  facet normal 0 0 -1
    outer loop
      vertex 4.49037 -28.2943 8.6
      vertex 6.98501 -28.4578 8.6
      vertex 6.94011 -28.9137 8.6
    endloop
  endfacet
  facet normal 0 0 -1
    outer loop
      vertex 7 -28 8.6
      vertex 4.5 -28 8.6
      vertex 6.98501 -27.5422 8.6
    endloop
  endfacet
  facet normal 0 0 -1
    outer loop
      vertex 4.4615 -28.5874 8.6
      vertex 6.94011 -28.9137 8.6
      vertex 6.8655 -29.3656 8.6
    endloop
  endfacet
  facet normal 0 0 -1
    outer loop
      vertex 4.49037 -27.7057 8.6
      vertex 6.98501 -27.5422 8.6
      vertex 4.5 -28 8.6
    endloop
  endfacet
  facet normal 0 0 -1
    outer loop
      vertex 4.41353 -28.8779 8.6
      vertex 6.8655 -29.3656 8.6
      vertex 6.76148 -29.8117 8.6
    endloop
  endfacet
  facet normal -0 0 -1
    outer loop
      vertex 6.98501 -27.5422 8.6
      vertex 4.49037 -27.7057 8.6
      vertex 6.94011 -27.0863 8.6
    endloop
  endfacet
  facet normal 0 0 -1
    outer loop
      vertex 4.34667 -29.1647 8.6
      vertex 6.76148 -29.8117 8.6
      vertex 6.62851 -30.2501 8.6
    endloop
  endfacet
  facet normal 0 0 -1
    outer loop
      vertex 4.4615 -27.4126 8.6
      vertex 6.94011 -27.0863 8.6
      vertex 4.49037 -27.7057 8.6
    endloop
  endfacet
  facet normal 0 0 -1
    outer loop
      vertex 4.26118 -29.4465 8.6
      vertex 6.62851 -30.2501 8.6
      vertex 6.46716 -30.6788 8.6
    endloop
  endfacet
  facet normal -0 0 -1
    outer loop
      vertex 6.94011 -27.0863 8.6
      vertex 4.4615 -27.4126 8.6
      vertex 6.8655 -26.6344 8.6
    endloop
  endfacet
  facet normal 0 0 -1
    outer loop
      vertex 4.15746 -29.7221 8.6
      vertex 6.46716 -30.6788 8.6
      vertex 6.27811 -31.096 8.6
    endloop
  endfacet
  facet normal 0 0 -1
    outer loop
      vertex 4.41353 -27.1221 8.6
      vertex 6.8655 -26.6344 8.6
      vertex 4.4615 -27.4126 8.6
    endloop
  endfacet
  facet normal 0 0 -1
    outer loop
      vertex 4.03593 -29.9903 8.6
      vertex 6.27811 -31.096 8.6
      vertex 6.06218 -31.5 8.6
    endloop
  endfacet
  facet normal -0 0 -1
    outer loop
      vertex 6.8655 -26.6344 8.6
      vertex 4.41353 -27.1221 8.6
      vertex 6.76148 -26.1883 8.6
    endloop
  endfacet
  facet normal 0 0 -1
    outer loop
      vertex 3.89711 -30.25 8.6
      vertex 6.06218 -31.5 8.6
      vertex 5.82029 -31.889 8.6
    endloop
  endfacet
  facet normal 0 0 -1
    outer loop
      vertex 4.34667 -26.8353 8.6
      vertex 6.76148 -26.1883 8.6
      vertex 4.41353 -27.1221 8.6
    endloop
  endfacet
  facet normal 0 0 -1
    outer loop
      vertex 3.74161 -30.5001 8.6
      vertex 5.82029 -31.889 8.6
      vertex 5.55347 -32.2613 8.6
    endloop
  endfacet
  facet normal -0 0 -1
    outer loop
      vertex 6.76148 -26.1883 8.6
      vertex 4.34667 -26.8353 8.6
      vertex 6.62851 -25.7499 8.6
    endloop
  endfacet
  facet normal 0 0 -1
    outer loop
      vertex 3.57009 -30.7394 8.6
      vertex 5.55347 -32.2613 8.6
      vertex 5.26288 -32.6154 8.6
    endloop
  endfacet
  facet normal 0 0 -1
    outer loop
      vertex 4.26118 -26.5535 8.6
      vertex 6.62851 -25.7499 8.6
      vertex 4.34667 -26.8353 8.6
    endloop
  endfacet
  facet normal 0 0 -1
    outer loop
      vertex 3.38328 -30.9671 8.6
      vertex 5.26288 -32.6154 8.6
      vertex 4.94975 -32.9497 8.6
    endloop
  endfacet
  facet normal -0 0 -1
    outer loop
      vertex 6.62851 -25.7499 8.6
      vertex 4.26118 -26.5535 8.6
      vertex 6.46716 -25.3212 8.6
    endloop
  endfacet
  facet normal 0 0 -1
    outer loop
      vertex 3.18198 -31.182 8.6
      vertex 4.94975 -32.9497 8.6
      vertex 4.61542 -33.2629 8.6
    endloop
  endfacet
  facet normal 0 0 -1
    outer loop
      vertex 4.15746 -26.2779 8.6
      vertex 6.46716 -25.3212 8.6
      vertex 4.26118 -26.5535 8.6
    endloop
  endfacet
  facet normal -0 0 -1
    outer loop
      vertex 6.46716 -25.3212 8.6
      vertex 4.15746 -26.2779 8.6
      vertex 6.27811 -24.904 8.6
    endloop
  endfacet
  facet normal 0 0 -1
    outer loop
      vertex 6.98501 -28.4578 8.6
      vertex 4.49037 -28.2943 8.6
      vertex 4.5 -28 8.6
    endloop
  endfacet
  facet normal 0 0 -1
    outer loop
      vertex 6.94011 -28.9137 8.6
      vertex 4.4615 -28.5874 8.6
      vertex 4.49037 -28.2943 8.6
    endloop
  endfacet
  facet normal 0 0 -1
    outer loop
      vertex 6.8655 -29.3656 8.6
      vertex 4.41353 -28.8779 8.6
      vertex 4.4615 -28.5874 8.6
    endloop
  endfacet
  facet normal 0 0 -1
    outer loop
      vertex 6.76148 -29.8117 8.6
      vertex 4.34667 -29.1647 8.6
      vertex 4.41353 -28.8779 8.6
    endloop
  endfacet
  facet normal 0 0 -1
    outer loop
      vertex 2.96706 -31.3833 8.6
      vertex 4.61542 -33.2629 8.6
      vertex 4.26133 -33.5535 8.6
    endloop
  endfacet
  facet normal 0 0 -1
    outer loop
      vertex 6.62851 -30.2501 8.6
      vertex 4.26118 -29.4465 8.6
      vertex 4.34667 -29.1647 8.6
    endloop
  endfacet
  facet normal 0 0 -1
    outer loop
      vertex 6.46716 -30.6788 8.6
      vertex 4.15746 -29.7221 8.6
      vertex 4.26118 -29.4465 8.6
    endloop
  endfacet
  facet normal 0 0 -1
    outer loop
      vertex 6.27811 -31.096 8.6
      vertex 4.03593 -29.9903 8.6
      vertex 4.15746 -29.7221 8.6
    endloop
  endfacet
  facet normal 0 0 -1
    outer loop
      vertex 6.06218 -31.5 8.6
      vertex 3.89711 -30.25 8.6
      vertex 4.03593 -29.9903 8.6
    endloop
  endfacet
  facet normal 0 0 -1
    outer loop
      vertex 2.73943 -31.5701 8.6
      vertex 4.26133 -33.5535 8.6
      vertex 3.88899 -33.8203 8.6
    endloop
  endfacet
  facet normal 0 0 -1
    outer loop
      vertex 5.82029 -31.889 8.6
      vertex 3.74161 -30.5001 8.6
      vertex 3.89711 -30.25 8.6
    endloop
  endfacet
  facet normal 0 0 -1
    outer loop
      vertex 5.55347 -32.2613 8.6
      vertex 3.57009 -30.7394 8.6
      vertex 3.74161 -30.5001 8.6
    endloop
  endfacet
  facet normal 0 0 -1
    outer loop
      vertex 2.50007 -31.7416 8.6
      vertex 3.88899 -33.8203 8.6
      vertex 3.5 -34.0622 8.6
    endloop
  endfacet
  facet normal 0 0 -1
    outer loop
      vertex 5.26288 -32.6154 8.6
      vertex 3.38328 -30.9671 8.6
      vertex 3.57009 -30.7394 8.6
    endloop
  endfacet
  facet normal 0 0 -1
    outer loop
      vertex 4.94975 -32.9497 8.6
      vertex 3.18198 -31.182 8.6
      vertex 3.38328 -30.9671 8.6
    endloop
  endfacet
  facet normal 0 0 -1
    outer loop
      vertex 2.25 -31.8971 8.6
      vertex 3.5 -34.0622 8.6
      vertex 3.09602 -34.2781 8.6
    endloop
  endfacet
  facet normal 0 0 -1
    outer loop
      vertex 4.61542 -33.2629 8.6
      vertex 2.96706 -31.3833 8.6
      vertex 3.18198 -31.182 8.6
    endloop
  endfacet
  facet normal 0 0 -1
    outer loop
      vertex 4.26133 -33.5535 8.6
      vertex 2.73943 -31.5701 8.6
      vertex 2.96706 -31.3833 8.6
    endloop
  endfacet
  facet normal 0 0 -1
    outer loop
      vertex 1.9903 -32.0359 8.6
      vertex 3.09602 -34.2781 8.6
      vertex 2.67878 -34.4672 8.6
    endloop
  endfacet
  facet normal 0 0 -1
    outer loop
      vertex 3.88899 -33.8203 8.6
      vertex 2.50007 -31.7416 8.6
      vertex 2.73943 -31.5701 8.6
    endloop
  endfacet
  facet normal 0 0 -1
    outer loop
      vertex 1.72207 -32.1575 8.6
      vertex 2.67878 -34.4672 8.6
      vertex 2.25008 -34.6285 8.6
    endloop
  endfacet
  facet normal 0 0 -1
    outer loop
      vertex 3.5 -34.0622 8.6
      vertex 2.25 -31.8971 8.6
      vertex 2.50007 -31.7416 8.6
    endloop
  endfacet
  facet normal 0 0 -1
    outer loop
      vertex 3.09602 -34.2781 8.6
      vertex 1.9903 -32.0359 8.6
      vertex 2.25 -31.8971 8.6
    endloop
  endfacet
  facet normal 0 0 -1
    outer loop
      vertex 1.44648 -32.2612 8.6
      vertex 2.25008 -34.6285 8.6
      vertex 1.81173 -34.7615 8.6
    endloop
  endfacet
  facet normal 0 0 -1
    outer loop
      vertex 2.67878 -34.4672 8.6
      vertex 1.72207 -32.1575 8.6
      vertex 1.9903 -32.0359 8.6
    endloop
  endfacet
  facet normal 0 0 -1
    outer loop
      vertex 2.25008 -34.6285 8.6
      vertex 1.44648 -32.2612 8.6
      vertex 1.72207 -32.1575 8.6
    endloop
  endfacet
  facet normal 0 0 -1
    outer loop
      vertex 1.16469 -32.3467 8.6
      vertex 1.81173 -34.7615 8.6
      vertex 1.36563 -34.8655 8.6
    endloop
  endfacet
  facet normal 0 0 -1
    outer loop
      vertex 1.81173 -34.7615 8.6
      vertex 1.16469 -32.3467 8.6
      vertex 1.44648 -32.2612 8.6
    endloop
  endfacet
  facet normal 0 0 -1
    outer loop
      vertex 0.877906 -32.4135 8.6
      vertex 1.36563 -34.8655 8.6
      vertex 0.913683 -34.9401 8.6
    endloop
  endfacet
  facet normal 0 0 -1
    outer loop
      vertex 1.36563 -34.8655 8.6
      vertex 0.877906 -32.4135 8.6
      vertex 1.16469 -32.3467 8.6
    endloop
  endfacet
  facet normal 0 0 -1
    outer loop
      vertex 0.913683 -34.9401 8.6
      vertex 0.587367 -32.4615 8.6
      vertex 0.877906 -32.4135 8.6
    endloop
  endfacet
  facet normal 0 0 -1
    outer loop
      vertex 0.457822 -34.985 8.6
      vertex 0.587367 -32.4615 8.6
      vertex 0.913683 -34.9401 8.6
    endloop
  endfacet
  facet normal 0 0 -1
    outer loop
      vertex 0.457822 -34.985 8.6
      vertex 0.294313 -32.4904 8.6
      vertex 0.587367 -32.4615 8.6
    endloop
  endfacet
  facet normal 0 0 -1
    outer loop
      vertex 0 -35 8.6
      vertex 0.294313 -32.4904 8.6
      vertex 0.457822 -34.985 8.6
    endloop
  endfacet
  facet normal 0 0 -1
    outer loop
      vertex 0 -35 8.6
      vertex 0 -32.5 8.6
      vertex 0.294313 -32.4904 8.6
    endloop
  endfacet
  facet normal 0 0 -1
    outer loop
      vertex 0 -35 8.6
      vertex -0.294313 -32.4904 8.6
      vertex 0 -32.5 8.6
    endloop
  endfacet
  facet normal 0 0 -1
    outer loop
      vertex -0.457822 -34.985 8.6
      vertex -0.294313 -32.4904 8.6
      vertex 0 -35 8.6
    endloop
  endfacet
  facet normal 0 0 -1
    outer loop
      vertex -0.457822 -34.985 8.6
      vertex -0.587367 -32.4615 8.6
      vertex -0.294313 -32.4904 8.6
    endloop
  endfacet
  facet normal 0 0 -1
    outer loop
      vertex -0.913683 -34.9401 8.6
      vertex -0.587367 -32.4615 8.6
      vertex -0.457822 -34.985 8.6
    endloop
  endfacet
  facet normal -0 0 -1
    outer loop
      vertex -0.587367 -32.4615 8.6
      vertex -0.913683 -34.9401 8.6
      vertex -0.877906 -32.4135 8.6
    endloop
  endfacet
  facet normal 0 0 -1
    outer loop
      vertex -1.36563 -34.8655 8.6
      vertex -0.877906 -32.4135 8.6
      vertex -0.913683 -34.9401 8.6
    endloop
  endfacet
  facet normal -0 0 -1
    outer loop
      vertex -0.877906 -32.4135 8.6
      vertex -1.36563 -34.8655 8.6
      vertex -1.16469 -32.3467 8.6
    endloop
  endfacet
  facet normal 0 0 -1
    outer loop
      vertex -1.81173 -34.7615 8.6
      vertex -1.16469 -32.3467 8.6
      vertex -1.36563 -34.8655 8.6
    endloop
  endfacet
  facet normal -0 0 -1
    outer loop
      vertex -1.16469 -32.3467 8.6
      vertex -1.81173 -34.7615 8.6
      vertex -1.44648 -32.2612 8.6
    endloop
  endfacet
  facet normal 0 0 -1
    outer loop
      vertex -2.25008 -34.6285 8.6
      vertex -1.44648 -32.2612 8.6
      vertex -1.81173 -34.7615 8.6
    endloop
  endfacet
  facet normal -0 0 -1
    outer loop
      vertex -1.44648 -32.2612 8.6
      vertex -2.25008 -34.6285 8.6
      vertex -1.72207 -32.1575 8.6
    endloop
  endfacet
  facet normal 0 0 -1
    outer loop
      vertex -2.67878 -34.4672 8.6
      vertex -1.72207 -32.1575 8.6
      vertex -2.25008 -34.6285 8.6
    endloop
  endfacet
  facet normal -0 0 -1
    outer loop
      vertex -1.72207 -32.1575 8.6
      vertex -2.67878 -34.4672 8.6
      vertex -1.9903 -32.0359 8.6
    endloop
  endfacet
  facet normal 0 0 -1
    outer loop
      vertex -3.09602 -34.2781 8.6
      vertex -1.9903 -32.0359 8.6
      vertex -2.67878 -34.4672 8.6
    endloop
  endfacet
  facet normal -0 0 -1
    outer loop
      vertex -1.9903 -32.0359 8.6
      vertex -3.09602 -34.2781 8.6
      vertex -2.25 -31.8971 8.6
    endloop
  endfacet
  facet normal 0 0 -1
    outer loop
      vertex -3.5 -34.0622 8.6
      vertex -2.25 -31.8971 8.6
      vertex -3.09602 -34.2781 8.6
    endloop
  endfacet
  facet normal -0 0 -1
    outer loop
      vertex -2.25 -31.8971 8.6
      vertex -3.5 -34.0622 8.6
      vertex -2.50007 -31.7416 8.6
    endloop
  endfacet
  facet normal 0 0 -1
    outer loop
      vertex -3.88899 -33.8203 8.6
      vertex -2.50007 -31.7416 8.6
      vertex -3.5 -34.0622 8.6
    endloop
  endfacet
  facet normal -0 0 -1
    outer loop
      vertex -2.50007 -31.7416 8.6
      vertex -3.88899 -33.8203 8.6
      vertex -2.73943 -31.5701 8.6
    endloop
  endfacet
  facet normal 0 0 -1
    outer loop
      vertex -4.26133 -33.5535 8.6
      vertex -2.73943 -31.5701 8.6
      vertex -3.88899 -33.8203 8.6
    endloop
  endfacet
  facet normal -0 0 -1
    outer loop
      vertex -2.73943 -31.5701 8.6
      vertex -4.26133 -33.5535 8.6
      vertex -2.96706 -31.3833 8.6
    endloop
  endfacet
  facet normal 0 0 -1
    outer loop
      vertex -4.61542 -33.2629 8.6
      vertex -2.96706 -31.3833 8.6
      vertex -4.26133 -33.5535 8.6
    endloop
  endfacet
  facet normal -0 0 -1
    outer loop
      vertex -2.96706 -31.3833 8.6
      vertex -4.61542 -33.2629 8.6
      vertex -3.18198 -31.182 8.6
    endloop
  endfacet
  facet normal 0 0 -1
    outer loop
      vertex -4.94975 -32.9497 8.6
      vertex -3.18198 -31.182 8.6
      vertex -4.61542 -33.2629 8.6
    endloop
  endfacet
  facet normal -0 0 -1
    outer loop
      vertex -3.18198 -31.182 8.6
      vertex -4.94975 -32.9497 8.6
      vertex -3.38328 -30.9671 8.6
    endloop
  endfacet
  facet normal 0 0 -1
    outer loop
      vertex -5.26288 -32.6154 8.6
      vertex -3.38328 -30.9671 8.6
      vertex -4.94975 -32.9497 8.6
    endloop
  endfacet
  facet normal -0 0 -1
    outer loop
      vertex -3.38328 -30.9671 8.6
      vertex -5.26288 -32.6154 8.6
      vertex -3.57009 -30.7394 8.6
    endloop
  endfacet
  facet normal 0 0 -1
    outer loop
      vertex -5.55347 -32.2613 8.6
      vertex -3.57009 -30.7394 8.6
      vertex -5.26288 -32.6154 8.6
    endloop
  endfacet
  facet normal -0 0 -1
    outer loop
      vertex -3.57009 -30.7394 8.6
      vertex -5.55347 -32.2613 8.6
      vertex -3.74161 -30.5001 8.6
    endloop
  endfacet
  facet normal 0 0 -1
    outer loop
      vertex -5.82029 -31.889 8.6
      vertex -3.74161 -30.5001 8.6
      vertex -5.55347 -32.2613 8.6
    endloop
  endfacet
  facet normal -0 0 -1
    outer loop
      vertex -3.74161 -30.5001 8.6
      vertex -5.82029 -31.889 8.6
      vertex -3.89711 -30.25 8.6
    endloop
  endfacet
  facet normal 0 0 -1
    outer loop
      vertex -6.06218 -31.5 8.6
      vertex -3.89711 -30.25 8.6
      vertex -5.82029 -31.889 8.6
    endloop
  endfacet
  facet normal -0 0 -1
    outer loop
      vertex -3.89711 -30.25 8.6
      vertex -6.06218 -31.5 8.6
      vertex -4.03593 -29.9903 8.6
    endloop
  endfacet
  facet normal -0 0 -1
    outer loop
      vertex -4.03593 -29.9903 8.6
      vertex -6.27811 -31.096 8.6
      vertex -4.15746 -29.7221 8.6
    endloop
  endfacet
  facet normal 0 0 -1
    outer loop
      vertex -6.27811 -31.096 8.6
      vertex -4.03593 -29.9903 8.6
      vertex -6.06218 -31.5 8.6
    endloop
  endfacet
  facet normal 0 0 -1
    outer loop
      vertex 4.03593 -26.0097 8.6
      vertex 6.27811 -24.904 8.6
      vertex 4.15746 -26.2779 8.6
    endloop
  endfacet
  facet normal -0 0 -1
    outer loop
      vertex 6.27811 -24.904 8.6
      vertex 4.03593 -26.0097 8.6
      vertex 6.06218 -24.5 8.6
    endloop
  endfacet
  facet normal 0 0 -1
    outer loop
      vertex 3.89711 -25.75 8.6
      vertex 6.06218 -24.5 8.6
      vertex 4.03593 -26.0097 8.6
    endloop
  endfacet
  facet normal -0 0 -1
    outer loop
      vertex 6.06218 -24.5 8.6
      vertex 3.89711 -25.75 8.6
      vertex 5.82029 -24.111 8.6
    endloop
  endfacet
  facet normal 0 0 -1
    outer loop
      vertex 3.74161 -25.4999 8.6
      vertex 5.82029 -24.111 8.6
      vertex 3.89711 -25.75 8.6
    endloop
  endfacet
  facet normal -0 0 -1
    outer loop
      vertex 5.82029 -24.111 8.6
      vertex 3.74161 -25.4999 8.6
      vertex 5.55347 -23.7387 8.6
    endloop
  endfacet
  facet normal 0 0 -1
    outer loop
      vertex 3.57009 -25.2606 8.6
      vertex 5.55347 -23.7387 8.6
      vertex 3.74161 -25.4999 8.6
    endloop
  endfacet
  facet normal -0 0 -1
    outer loop
      vertex 5.55347 -23.7387 8.6
      vertex 3.57009 -25.2606 8.6
      vertex 5.26288 -23.3846 8.6
    endloop
  endfacet
  facet normal 0 0 -1
    outer loop
      vertex 3.38328 -25.0329 8.6
      vertex 5.26288 -23.3846 8.6
      vertex 3.57009 -25.2606 8.6
    endloop
  endfacet
  facet normal -0 0 -1
    outer loop
      vertex 5.26288 -23.3846 8.6
      vertex 3.38328 -25.0329 8.6
      vertex 4.94975 -23.0503 8.6
    endloop
  endfacet
  facet normal 0 0 -1
    outer loop
      vertex 3.18198 -24.818 8.6
      vertex 4.94975 -23.0503 8.6
      vertex 3.38328 -25.0329 8.6
    endloop
  endfacet
  facet normal -0 0 -1
    outer loop
      vertex 4.94975 -23.0503 8.6
      vertex 3.18198 -24.818 8.6
      vertex 4.61542 -22.7371 8.6
    endloop
  endfacet
  facet normal 0 0 -1
    outer loop
      vertex 2.96706 -24.6167 8.6
      vertex 4.61542 -22.7371 8.6
      vertex 3.18198 -24.818 8.6
    endloop
  endfacet
  facet normal -0 0 -1
    outer loop
      vertex 4.61542 -22.7371 8.6
      vertex 2.96706 -24.6167 8.6
      vertex 4.26133 -22.4465 8.6
    endloop
  endfacet
  facet normal 0 0 -1
    outer loop
      vertex 2.73943 -24.4299 8.6
      vertex 4.26133 -22.4465 8.6
      vertex 2.96706 -24.6167 8.6
    endloop
  endfacet
  facet normal -0 0 -1
    outer loop
      vertex 4.26133 -22.4465 8.6
      vertex 2.73943 -24.4299 8.6
      vertex 3.88899 -22.1797 8.6
    endloop
  endfacet
  facet normal 0 0 -1
    outer loop
      vertex 2.50007 -24.2584 8.6
      vertex 3.88899 -22.1797 8.6
      vertex 2.73943 -24.4299 8.6
    endloop
  endfacet
  facet normal -0 0 -1
    outer loop
      vertex 3.88899 -22.1797 8.6
      vertex 2.50007 -24.2584 8.6
      vertex 3.5 -21.9378 8.6
    endloop
  endfacet
  facet normal 0 0 -1
    outer loop
      vertex 2.25 -24.1029 8.6
      vertex 3.5 -21.9378 8.6
      vertex 2.50007 -24.2584 8.6
    endloop
  endfacet
  facet normal -0 0 -1
    outer loop
      vertex 3.5 -21.9378 8.6
      vertex 2.25 -24.1029 8.6
      vertex 3.09602 -21.7219 8.6
    endloop
  endfacet
  facet normal 0 0 -1
    outer loop
      vertex 1.9903 -23.9641 8.6
      vertex 3.09602 -21.7219 8.6
      vertex 2.25 -24.1029 8.6
    endloop
  endfacet
  facet normal -0 0 -1
    outer loop
      vertex 3.09602 -21.7219 8.6
      vertex 1.9903 -23.9641 8.6
      vertex 2.67878 -21.5328 8.6
    endloop
  endfacet
  facet normal 0 0 -1
    outer loop
      vertex 1.72207 -23.8425 8.6
      vertex 2.67878 -21.5328 8.6
      vertex 1.9903 -23.9641 8.6
    endloop
  endfacet
  facet normal -0 0 -1
    outer loop
      vertex 2.67878 -21.5328 8.6
      vertex 1.72207 -23.8425 8.6
      vertex 2.25008 -21.3715 8.6
    endloop
  endfacet
  facet normal 0 0 -1
    outer loop
      vertex 1.44648 -23.7388 8.6
      vertex 2.25008 -21.3715 8.6
      vertex 1.72207 -23.8425 8.6
    endloop
  endfacet
  facet normal -0 0 -1
    outer loop
      vertex 2.25008 -21.3715 8.6
      vertex 1.44648 -23.7388 8.6
      vertex 1.81173 -21.2385 8.6
    endloop
  endfacet
  facet normal 0 0 -1
    outer loop
      vertex 1.16469 -23.6533 8.6
      vertex 1.81173 -21.2385 8.6
      vertex 1.44648 -23.7388 8.6
    endloop
  endfacet
  facet normal -0 0 -1
    outer loop
      vertex 1.81173 -21.2385 8.6
      vertex 1.16469 -23.6533 8.6
      vertex 1.36563 -21.1345 8.6
    endloop
  endfacet
  facet normal 0 0 -1
    outer loop
      vertex 0.877906 -23.5865 8.6
      vertex 1.36563 -21.1345 8.6
      vertex 1.16469 -23.6533 8.6
    endloop
  endfacet
  facet normal -0 0 -1
    outer loop
      vertex 1.36563 -21.1345 8.6
      vertex 0.877906 -23.5865 8.6
      vertex 0.913683 -21.0599 8.6
    endloop
  endfacet
  facet normal 0 0 -1
    outer loop
      vertex 0.587367 -23.5385 8.6
      vertex 0.913683 -21.0599 8.6
      vertex 0.877906 -23.5865 8.6
    endloop
  endfacet
  facet normal 0 0 -1
    outer loop
      vertex 0.587367 -23.5385 8.6
      vertex 0.457822 -21.015 8.6
      vertex 0.913683 -21.0599 8.6
    endloop
  endfacet
  facet normal 0 0 -1
    outer loop
      vertex 0.294313 -23.5096 8.6
      vertex 0.457822 -21.015 8.6
      vertex 0.587367 -23.5385 8.6
    endloop
  endfacet
  facet normal 0 0 -1
    outer loop
      vertex 0 -23.5 8.6
      vertex 0.457822 -21.015 8.6
      vertex 0.294313 -23.5096 8.6
    endloop
  endfacet
  facet normal 0 0 -1
    outer loop
      vertex 0 -23.5 8.6
      vertex 0 -21 8.6
      vertex 0.457822 -21.015 8.6
    endloop
  endfacet
  facet normal 0 0 -1
    outer loop
      vertex -0.294313 -23.5096 8.6
      vertex 0 -21 8.6
      vertex 0 -23.5 8.6
    endloop
  endfacet
  facet normal 0 0 -1
    outer loop
      vertex -0.294313 -23.5096 8.6
      vertex -0.457822 -21.015 8.6
      vertex 0 -21 8.6
    endloop
  endfacet
  facet normal 0 0 -1
    outer loop
      vertex -0.587367 -23.5385 8.6
      vertex -0.457822 -21.015 8.6
      vertex -0.294313 -23.5096 8.6
    endloop
  endfacet
  facet normal 0 0 -1
    outer loop
      vertex -0.913683 -21.0599 8.6
      vertex -0.587367 -23.5385 8.6
      vertex -0.877906 -23.5865 8.6
    endloop
  endfacet
  facet normal 0 0 -1
    outer loop
      vertex -0.587367 -23.5385 8.6
      vertex -0.913683 -21.0599 8.6
      vertex -0.457822 -21.015 8.6
    endloop
  endfacet
  facet normal 0 0 -1
    outer loop
      vertex -1.36563 -21.1345 8.6
      vertex -0.877906 -23.5865 8.6
      vertex -1.16469 -23.6533 8.6
    endloop
  endfacet
  facet normal 0 0 -1
    outer loop
      vertex -0.877906 -23.5865 8.6
      vertex -1.36563 -21.1345 8.6
      vertex -0.913683 -21.0599 8.6
    endloop
  endfacet
  facet normal 0 0 -1
    outer loop
      vertex -1.81173 -21.2385 8.6
      vertex -1.16469 -23.6533 8.6
      vertex -1.44648 -23.7388 8.6
    endloop
  endfacet
  facet normal 0 0 -1
    outer loop
      vertex -2.25008 -21.3715 8.6
      vertex -1.44648 -23.7388 8.6
      vertex -1.72207 -23.8425 8.6
    endloop
  endfacet
  facet normal 0 0 -1
    outer loop
      vertex -1.16469 -23.6533 8.6
      vertex -1.81173 -21.2385 8.6
      vertex -1.36563 -21.1345 8.6
    endloop
  endfacet
  facet normal 0 0 -1
    outer loop
      vertex -2.67878 -21.5328 8.6
      vertex -1.72207 -23.8425 8.6
      vertex -1.9903 -23.9641 8.6
    endloop
  endfacet
  facet normal 0 0 -1
    outer loop
      vertex -3.09602 -21.7219 8.6
      vertex -1.9903 -23.9641 8.6
      vertex -2.25 -24.1029 8.6
    endloop
  endfacet
  facet normal 0 0 -1
    outer loop
      vertex -1.44648 -23.7388 8.6
      vertex -2.25008 -21.3715 8.6
      vertex -1.81173 -21.2385 8.6
    endloop
  endfacet
  facet normal 0 0 -1
    outer loop
      vertex -3.5 -21.9378 8.6
      vertex -2.25 -24.1029 8.6
      vertex -2.50007 -24.2584 8.6
    endloop
  endfacet
  facet normal 0 0 -1
    outer loop
      vertex -1.72207 -23.8425 8.6
      vertex -2.67878 -21.5328 8.6
      vertex -2.25008 -21.3715 8.6
    endloop
  endfacet
  facet normal 0 0 -1
    outer loop
      vertex -3.88899 -22.1797 8.6
      vertex -2.50007 -24.2584 8.6
      vertex -2.73943 -24.4299 8.6
    endloop
  endfacet
  facet normal 0 0 -1
    outer loop
      vertex -4.26133 -22.4465 8.6
      vertex -2.73943 -24.4299 8.6
      vertex -2.96706 -24.6167 8.6
    endloop
  endfacet
  facet normal 0 0 -1
    outer loop
      vertex -1.9903 -23.9641 8.6
      vertex -3.09602 -21.7219 8.6
      vertex -2.67878 -21.5328 8.6
    endloop
  endfacet
  facet normal 0 0 -1
    outer loop
      vertex -4.61542 -22.7371 8.6
      vertex -2.96706 -24.6167 8.6
      vertex -3.18198 -24.818 8.6
    endloop
  endfacet
  facet normal 0 0 -1
    outer loop
      vertex -4.94975 -23.0503 8.6
      vertex -3.18198 -24.818 8.6
      vertex -3.38328 -25.0329 8.6
    endloop
  endfacet
  facet normal 0 0 -1
    outer loop
      vertex -2.25 -24.1029 8.6
      vertex -3.5 -21.9378 8.6
      vertex -3.09602 -21.7219 8.6
    endloop
  endfacet
  facet normal 0 0 -1
    outer loop
      vertex -5.26288 -23.3846 8.6
      vertex -3.38328 -25.0329 8.6
      vertex -3.57009 -25.2606 8.6
    endloop
  endfacet
  facet normal 0 0 -1
    outer loop
      vertex -5.55347 -23.7387 8.6
      vertex -3.57009 -25.2606 8.6
      vertex -3.74161 -25.4999 8.6
    endloop
  endfacet
  facet normal 0 0 -1
    outer loop
      vertex -2.50007 -24.2584 8.6
      vertex -3.88899 -22.1797 8.6
      vertex -3.5 -21.9378 8.6
    endloop
  endfacet
  facet normal 0 0 -1
    outer loop
      vertex -5.82029 -24.111 8.6
      vertex -3.74161 -25.4999 8.6
      vertex -3.89711 -25.75 8.6
    endloop
  endfacet
  facet normal 0 0 -1
    outer loop
      vertex -6.06218 -24.5 8.6
      vertex -3.89711 -25.75 8.6
      vertex -4.03593 -26.0097 8.6
    endloop
  endfacet
  facet normal 0 0 -1
    outer loop
      vertex -6.27811 -24.904 8.6
      vertex -4.03593 -26.0097 8.6
      vertex -4.15746 -26.2779 8.6
    endloop
  endfacet
  facet normal 0 0 -1
    outer loop
      vertex -6.46716 -25.3212 8.6
      vertex -4.15746 -26.2779 8.6
      vertex -4.26118 -26.5535 8.6
    endloop
  endfacet
  facet normal 0 0 -1
    outer loop
      vertex -2.73943 -24.4299 8.6
      vertex -4.26133 -22.4465 8.6
      vertex -3.88899 -22.1797 8.6
    endloop
  endfacet
  facet normal 0 0 -1
    outer loop
      vertex -6.62851 -25.7499 8.6
      vertex -4.26118 -26.5535 8.6
      vertex -4.34667 -26.8353 8.6
    endloop
  endfacet
  facet normal 0 0 -1
    outer loop
      vertex -6.76148 -26.1883 8.6
      vertex -4.34667 -26.8353 8.6
      vertex -4.41353 -27.1221 8.6
    endloop
  endfacet
  facet normal 0 0 -1
    outer loop
      vertex -6.8655 -26.6344 8.6
      vertex -4.41353 -27.1221 8.6
      vertex -4.4615 -27.4126 8.6
    endloop
  endfacet
  facet normal 0 0 -1
    outer loop
      vertex -6.94011 -27.0863 8.6
      vertex -4.4615 -27.4126 8.6
      vertex -4.49037 -27.7057 8.6
    endloop
  endfacet
  facet normal 0 0 -1
    outer loop
      vertex -2.96706 -24.6167 8.6
      vertex -4.61542 -22.7371 8.6
      vertex -4.26133 -22.4465 8.6
    endloop
  endfacet
  facet normal 0 0 -1
    outer loop
      vertex -6.98501 -27.5422 8.6
      vertex -4.49037 -27.7057 8.6
      vertex -4.5 -28 8.6
    endloop
  endfacet
  facet normal 0 0 -1
    outer loop
      vertex -6.46716 -30.6788 8.6
      vertex -4.15746 -29.7221 8.6
      vertex -6.27811 -31.096 8.6
    endloop
  endfacet
  facet normal -0 0 -1
    outer loop
      vertex -4.15746 -29.7221 8.6
      vertex -6.46716 -30.6788 8.6
      vertex -4.26118 -29.4465 8.6
    endloop
  endfacet
  facet normal 0 0 -1
    outer loop
      vertex -3.18198 -24.818 8.6
      vertex -4.94975 -23.0503 8.6
      vertex -4.61542 -22.7371 8.6
    endloop
  endfacet
  facet normal 0 0 -1
    outer loop
      vertex -6.62851 -30.2501 8.6
      vertex -4.26118 -29.4465 8.6
      vertex -6.46716 -30.6788 8.6
    endloop
  endfacet
  facet normal 0 0 -1
    outer loop
      vertex -3.38328 -25.0329 8.6
      vertex -5.26288 -23.3846 8.6
      vertex -4.94975 -23.0503 8.6
    endloop
  endfacet
  facet normal -0 0 -1
    outer loop
      vertex -4.26118 -29.4465 8.6
      vertex -6.62851 -30.2501 8.6
      vertex -4.34667 -29.1647 8.6
    endloop
  endfacet
  facet normal 0 0 -1
    outer loop
      vertex -3.57009 -25.2606 8.6
      vertex -5.55347 -23.7387 8.6
      vertex -5.26288 -23.3846 8.6
    endloop
  endfacet
  facet normal 0 0 -1
    outer loop
      vertex -6.76148 -29.8117 8.6
      vertex -4.34667 -29.1647 8.6
      vertex -6.62851 -30.2501 8.6
    endloop
  endfacet
  facet normal 0 0 -1
    outer loop
      vertex -3.74161 -25.4999 8.6
      vertex -5.82029 -24.111 8.6
      vertex -5.55347 -23.7387 8.6
    endloop
  endfacet
  facet normal -0 0 -1
    outer loop
      vertex -4.34667 -29.1647 8.6
      vertex -6.76148 -29.8117 8.6
      vertex -4.41353 -28.8779 8.6
    endloop
  endfacet
  facet normal 0 0 -1
    outer loop
      vertex -3.89711 -25.75 8.6
      vertex -6.06218 -24.5 8.6
      vertex -5.82029 -24.111 8.6
    endloop
  endfacet
  facet normal 0 0 -1
    outer loop
      vertex -6.8655 -29.3656 8.6
      vertex -4.41353 -28.8779 8.6
      vertex -6.76148 -29.8117 8.6
    endloop
  endfacet
  facet normal 0 0 -1
    outer loop
      vertex -4.03593 -26.0097 8.6
      vertex -6.27811 -24.904 8.6
      vertex -6.06218 -24.5 8.6
    endloop
  endfacet
  facet normal -0 0 -1
    outer loop
      vertex -4.41353 -28.8779 8.6
      vertex -6.8655 -29.3656 8.6
      vertex -4.4615 -28.5874 8.6
    endloop
  endfacet
  facet normal 0 0 -1
    outer loop
      vertex -4.15746 -26.2779 8.6
      vertex -6.46716 -25.3212 8.6
      vertex -6.27811 -24.904 8.6
    endloop
  endfacet
  facet normal 0 0 -1
    outer loop
      vertex -6.94011 -28.9137 8.6
      vertex -4.4615 -28.5874 8.6
      vertex -6.8655 -29.3656 8.6
    endloop
  endfacet
  facet normal 0 0 -1
    outer loop
      vertex -4.26118 -26.5535 8.6
      vertex -6.62851 -25.7499 8.6
      vertex -6.46716 -25.3212 8.6
    endloop
  endfacet
  facet normal -0 0 -1
    outer loop
      vertex -4.4615 -28.5874 8.6
      vertex -6.94011 -28.9137 8.6
      vertex -4.49037 -28.2943 8.6
    endloop
  endfacet
  facet normal 0 0 -1
    outer loop
      vertex -4.34667 -26.8353 8.6
      vertex -6.76148 -26.1883 8.6
      vertex -6.62851 -25.7499 8.6
    endloop
  endfacet
  facet normal 0 0 -1
    outer loop
      vertex -6.98501 -28.4578 8.6
      vertex -4.49037 -28.2943 8.6
      vertex -6.94011 -28.9137 8.6
    endloop
  endfacet
  facet normal 0 0 -1
    outer loop
      vertex -4.41353 -27.1221 8.6
      vertex -6.8655 -26.6344 8.6
      vertex -6.76148 -26.1883 8.6
    endloop
  endfacet
  facet normal -0 0 -1
    outer loop
      vertex -4.49037 -28.2943 8.6
      vertex -6.98501 -28.4578 8.6
      vertex -4.5 -28 8.6
    endloop
  endfacet
  facet normal 0 0 -1
    outer loop
      vertex -4.4615 -27.4126 8.6
      vertex -6.94011 -27.0863 8.6
      vertex -6.8655 -26.6344 8.6
    endloop
  endfacet
  facet normal 0 0 -1
    outer loop
      vertex -7 -28 8.6
      vertex -4.5 -28 8.6
      vertex -6.98501 -28.4578 8.6
    endloop
  endfacet
  facet normal 0 0 -1
    outer loop
      vertex -4.49037 -27.7057 8.6
      vertex -6.98501 -27.5422 8.6
      vertex -6.94011 -27.0863 8.6
    endloop
  endfacet
  facet normal 0 0 -1
    outer loop
      vertex -4.5 -28 8.6
      vertex -7 -28 8.6
      vertex -6.98501 -27.5422 8.6
    endloop
  endfacet
  facet normal 0.849202 -0.528068 0
    outer loop
      vertex -6.06218 -24.5 8.6
      vertex -5.82029 -24.111 0
      vertex -5.82029 -24.111 8.6
    endloop
  endfacet
  facet normal 0.849202 -0.528068 0
    outer loop
      vertex -5.82029 -24.111 0
      vertex -6.06218 -24.5 8.6
      vertex -6.06218 -24.5 0
    endloop
  endfacet
  facet normal 0.290287 -0.95694 0
    outer loop
      vertex -2.25008 -21.3715 0
      vertex -1.81173 -21.2385 8.6
      vertex -2.25008 -21.3715 8.6
    endloop
  endfacet
  facet normal 0.290287 -0.95694 0
    outer loop
      vertex -1.81173 -21.2385 8.6
      vertex -2.25008 -21.3715 0
      vertex -1.81173 -21.2385 0
    endloop
  endfacet
  facet normal 0.162896 -0.986643 0
    outer loop
      vertex -1.36563 -21.1345 0
      vertex -0.913683 -21.0599 8.6
      vertex -1.36563 -21.1345 8.6
    endloop
  endfacet
  facet normal 0.162896 -0.986643 0
    outer loop
      vertex -0.913683 -21.0599 8.6
      vertex -1.36563 -21.1345 0
      vertex -0.913683 -21.0599 0
    endloop
  endfacet
  facet normal -0.973877 0.227076 0
    outer loop
      vertex 6.76148 -29.8117 0
      vertex 6.8655 -29.3656 8.6
      vertex 6.8655 -29.3656 0
    endloop
  endfacet
  facet normal -0.973877 0.227076 0
    outer loop
      vertex 6.8655 -29.3656 8.6
      vertex 6.76148 -29.8117 0
      vertex 6.76148 -29.8117 8.6
    endloop
  endfacet
  facet normal -0.935906 0.35225 0
    outer loop
      vertex 6.46716 -30.6788 0
      vertex 6.62851 -30.2501 8.6
      vertex 6.62851 -30.2501 0
    endloop
  endfacet
  facet normal -0.935906 0.35225 0
    outer loop
      vertex 6.62851 -30.2501 8.6
      vertex 6.46716 -30.6788 0
      vertex 6.46716 -30.6788 8.6
    endloop
  endfacet
  facet normal -0.773012 0.634391 0
    outer loop
      vertex 5.26288 -32.6154 0
      vertex 5.55347 -32.2613 8.6
      vertex 5.55347 -32.2613 0
    endloop
  endfacet
  facet normal -0.773012 0.634391 0
    outer loop
      vertex 5.55347 -32.2613 8.6
      vertex 5.26288 -32.6154 0
      vertex 5.26288 -32.6154 8.6
    endloop
  endfacet
  facet normal -0.812846 0.582479 0
    outer loop
      vertex 5.55347 -32.2613 0
      vertex 5.82029 -31.889 8.6
      vertex 5.82029 -31.889 0
    endloop
  endfacet
  facet normal -0.812846 0.582479 0
    outer loop
      vertex 5.82029 -31.889 8.6
      vertex 5.55347 -32.2613 0
      vertex 5.55347 -32.2613 8.6
    endloop
  endfacet
  facet normal -0.471389 0.881925 0
    outer loop
      vertex 3.5 -34.0622 0
      vertex 3.09602 -34.2781 8.6
      vertex 3.5 -34.0622 8.6
    endloop
  endfacet
  facet normal -0.471389 0.881925 0
    outer loop
      vertex 3.09602 -34.2781 8.6
      vertex 3.5 -34.0622 0
      vertex 3.09602 -34.2781 0
    endloop
  endfacet
  facet normal 0.995185 0.0980161 0
    outer loop
      vertex -6.94011 -28.9137 8.6
      vertex -6.98501 -28.4578 0
      vertex -6.98501 -28.4578 8.6
    endloop
  endfacet
  facet normal 0.995185 0.0980161 0
    outer loop
      vertex -6.98501 -28.4578 0
      vertex -6.94011 -28.9137 8.6
      vertex -6.94011 -28.9137 0
    endloop
  endfacet
  facet normal 0.773012 0.634391 0
    outer loop
      vertex -5.26288 -32.6154 8.6
      vertex -5.55347 -32.2613 0
      vertex -5.55347 -32.2613 8.6
    endloop
  endfacet
  facet normal 0.773012 0.634391 0
    outer loop
      vertex -5.55347 -32.2613 0
      vertex -5.26288 -32.6154 8.6
      vertex -5.26288 -32.6154 0
    endloop
  endfacet
  facet normal -0.986643 0.162896 0
    outer loop
      vertex 6.8655 -29.3656 0
      vertex 6.94011 -28.9137 8.6
      vertex 6.94011 -28.9137 0
    endloop
  endfacet
  facet normal -0.986643 0.162896 0
    outer loop
      vertex 6.94011 -28.9137 8.6
      vertex 6.8655 -29.3656 0
      vertex 6.8655 -29.3656 8.6
    endloop
  endfacet
  facet normal -0.528073 -0.849199 0
    outer loop
      vertex 3.5 34.0622 0
      vertex 3.88899 33.8203 8.6
      vertex 3.5 34.0622 8.6
    endloop
  endfacet
  facet normal -0.528073 -0.849199 -0
    outer loop
      vertex 3.88899 33.8203 8.6
      vertex 3.5 34.0622 0
      vertex 3.88899 33.8203 0
    endloop
  endfacet
  facet normal 0.412709 -0.910863 0
    outer loop
      vertex -3.09602 34.2781 0
      vertex -2.67878 34.4672 8.6
      vertex -3.09602 34.2781 8.6
    endloop
  endfacet
  facet normal 0.412709 -0.910863 0
    outer loop
      vertex -2.67878 34.4672 8.6
      vertex -3.09602 34.2781 0
      vertex -2.67878 34.4672 0
    endloop
  endfacet
  facet normal 0.935906 -0.35225 0
    outer loop
      vertex -6.62851 30.2501 8.6
      vertex -6.46716 30.6788 0
      vertex -6.46716 30.6788 8.6
    endloop
  endfacet
  facet normal 0.935906 -0.35225 0
    outer loop
      vertex -6.46716 30.6788 0
      vertex -6.62851 30.2501 8.6
      vertex -6.62851 30.2501 0
    endloop
  endfacet
  facet normal 0.881921 0.471397 0
    outer loop
      vertex -6.06218 24.5 8.6
      vertex -6.27811 24.904 0
      vertex -6.27811 24.904 8.6
    endloop
  endfacet
  facet normal 0.881921 0.471397 0
    outer loop
      vertex -6.27811 24.904 0
      vertex -6.06218 24.5 8.6
      vertex -6.06218 24.5 0
    endloop
  endfacet
  facet normal -0.95694 -0.290285 0
    outer loop
      vertex 6.76148 29.8117 0
      vertex 6.62851 30.2501 8.6
      vertex 6.62851 30.2501 0
    endloop
  endfacet
  facet normal -0.95694 -0.290285 0
    outer loop
      vertex 6.62851 30.2501 8.6
      vertex 6.76148 29.8117 0
      vertex 6.76148 29.8117 8.6
    endloop
  endfacet
  facet normal -0.773012 -0.634391 0
    outer loop
      vertex 5.55347 32.2613 0
      vertex 5.26288 32.6154 8.6
      vertex 5.26288 32.6154 0
    endloop
  endfacet
  facet normal -0.773012 -0.634391 0
    outer loop
      vertex 5.26288 32.6154 8.6
      vertex 5.55347 32.2613 0
      vertex 5.55347 32.2613 8.6
    endloop
  endfacet
  facet normal -0.471389 -0.881925 0
    outer loop
      vertex 3.09602 34.2781 0
      vertex 3.5 34.0622 8.6
      vertex 3.09602 34.2781 8.6
    endloop
  endfacet
  facet normal -0.471389 -0.881925 -0
    outer loop
      vertex 3.5 34.0622 8.6
      vertex 3.09602 34.2781 0
      vertex 3.5 34.0622 0
    endloop
  endfacet
  facet normal 0.999465 0.0327199 0
    outer loop
      vertex -6.98501 27.5422 8.6
      vertex -7 28 0
      vertex -7 28 8.6
    endloop
  endfacet
  facet normal 0.999465 0.0327199 0
    outer loop
      vertex -7 28 0
      vertex -6.98501 27.5422 8.6
      vertex -6.98501 27.5422 0
    endloop
  endfacet
  facet normal 0.634395 -0.773009 0
    outer loop
      vertex -4.61542 33.2629 0
      vertex -4.26133 33.5535 8.6
      vertex -4.61542 33.2629 8.6
    endloop
  endfacet
  facet normal 0.634395 -0.773009 0
    outer loop
      vertex -4.26133 33.5535 8.6
      vertex -4.61542 33.2629 0
      vertex -4.26133 33.5535 0
    endloop
  endfacet
  facet normal -0.290287 0.95694 0
    outer loop
      vertex 2.25008 21.3715 0
      vertex 1.81173 21.2385 8.6
      vertex 2.25008 21.3715 8.6
    endloop
  endfacet
  facet normal -0.290287 0.95694 0
    outer loop
      vertex 1.81173 21.2385 8.6
      vertex 2.25008 21.3715 0
      vertex 1.81173 21.2385 0
    endloop
  endfacet
  facet normal -0.68359 0.729866 0
    outer loop
      vertex 4.94975 23.0503 0
      vertex 4.61542 22.7371 8.6
      vertex 4.94975 23.0503 8.6
    endloop
  endfacet
  facet normal -0.68359 0.729866 0
    outer loop
      vertex 4.61542 22.7371 8.6
      vertex 4.94975 23.0503 0
      vertex 4.61542 22.7371 0
    endloop
  endfacet
  facet normal 0.03272 0.999465 -0
    outer loop
      vertex 0 21 0
      vertex -0.457822 21.015 8.6
      vertex 0 21 8.6
    endloop
  endfacet
  facet normal 0.03272 0.999465 0
    outer loop
      vertex -0.457822 21.015 8.6
      vertex 0 21 0
      vertex -0.457822 21.015 0
    endloop
  endfacet
  facet normal -0.910863 -0.412708 0
    outer loop
      vertex 6.46716 30.6788 0
      vertex 6.27811 31.096 8.6
      vertex 6.27811 31.096 0
    endloop
  endfacet
  facet normal -0.910863 -0.412708 0
    outer loop
      vertex 6.27811 31.096 8.6
      vertex 6.46716 30.6788 0
      vertex 6.46716 30.6788 8.6
    endloop
  endfacet
  facet normal -0.881922 -0.471395 0
    outer loop
      vertex 6.27811 31.096 0
      vertex 6.06218 31.5 8.6
      vertex 6.06218 31.5 0
    endloop
  endfacet
  facet normal -0.881922 -0.471395 0
    outer loop
      vertex 6.06218 31.5 8.6
      vertex 6.27811 31.096 0
      vertex 6.27811 31.096 8.6
    endloop
  endfacet
  facet normal 0.03272 -0.999465 0
    outer loop
      vertex -0.457822 34.985 0
      vertex 0 35 8.6
      vertex -0.457822 34.985 8.6
    endloop
  endfacet
  facet normal 0.03272 -0.999465 0
    outer loop
      vertex 0 35 8.6
      vertex -0.457822 34.985 0
      vertex 0 35 0
    endloop
  endfacet
  facet normal -0.162892 -0.986644 0
    outer loop
      vertex 0.913683 34.9401 0
      vertex 1.36563 34.8655 8.6
      vertex 0.913683 34.9401 8.6
    endloop
  endfacet
  facet normal -0.162892 -0.986644 -0
    outer loop
      vertex 1.36563 34.8655 8.6
      vertex 0.913683 34.9401 0
      vertex 1.36563 34.8655 0
    endloop
  endfacet
  facet normal -0.35225 -0.935906 0
    outer loop
      vertex 2.25008 34.6285 0
      vertex 2.67878 34.4672 8.6
      vertex 2.25008 34.6285 8.6
    endloop
  endfacet
  facet normal -0.35225 -0.935906 -0
    outer loop
      vertex 2.67878 34.4672 8.6
      vertex 2.25008 34.6285 0
      vertex 2.67878 34.4672 0
    endloop
  endfacet
  facet normal -0.290291 -0.956938 0
    outer loop
      vertex 1.81173 34.7615 0
      vertex 2.25008 34.6285 8.6
      vertex 1.81173 34.7615 8.6
    endloop
  endfacet
  facet normal -0.290291 -0.956938 -0
    outer loop
      vertex 2.25008 34.6285 8.6
      vertex 1.81173 34.7615 0
      vertex 2.25008 34.6285 0
    endloop
  endfacet
  facet normal -0.03272 -0.999465 0
    outer loop
      vertex 0 35 0
      vertex 0.457822 34.985 8.6
      vertex 0 35 8.6
    endloop
  endfacet
  facet normal -0.03272 -0.999465 -0
    outer loop
      vertex 0.457822 34.985 8.6
      vertex 0 35 0
      vertex 0.457822 34.985 0
    endloop
  endfacet
  facet normal 0.986643 -0.162896 0
    outer loop
      vertex -6.94011 28.9137 8.6
      vertex -6.8655 29.3656 0
      vertex -6.8655 29.3656 8.6
    endloop
  endfacet
  facet normal 0.986643 -0.162896 0
    outer loop
      vertex -6.8655 29.3656 0
      vertex -6.94011 28.9137 8.6
      vertex -6.94011 28.9137 0
    endloop
  endfacet
  facet normal 0.95694 -0.290285 0
    outer loop
      vertex -6.76148 29.8117 8.6
      vertex -6.62851 30.2501 0
      vertex -6.62851 30.2501 8.6
    endloop
  endfacet
  facet normal 0.95694 -0.290285 0
    outer loop
      vertex -6.62851 30.2501 0
      vertex -6.76148 29.8117 8.6
      vertex -6.76148 29.8117 0
    endloop
  endfacet
  facet normal 0.999465 -0.03272 0
    outer loop
      vertex -7 28 8.6
      vertex -6.98501 28.4578 0
      vertex -6.98501 28.4578 8.6
    endloop
  endfacet
  facet normal 0.999465 -0.03272 0
    outer loop
      vertex -6.98501 28.4578 0
      vertex -7 28 8.6
      vertex -7 28 0
    endloop
  endfacet
  facet normal 0.812846 -0.582479 0
    outer loop
      vertex -5.82029 31.889 8.6
      vertex -5.55347 32.2613 0
      vertex -5.55347 32.2613 8.6
    endloop
  endfacet
  facet normal 0.812846 -0.582479 0
    outer loop
      vertex -5.55347 32.2613 0
      vertex -5.82029 31.889 8.6
      vertex -5.82029 31.889 0
    endloop
  endfacet
  facet normal 0.910863 -0.412708 0
    outer loop
      vertex -6.46716 30.6788 8.6
      vertex -6.27811 31.096 0
      vertex -6.27811 31.096 8.6
    endloop
  endfacet
  facet normal 0.910863 -0.412708 0
    outer loop
      vertex -6.27811 31.096 0
      vertex -6.46716 30.6788 8.6
      vertex -6.46716 30.6788 0
    endloop
  endfacet
  facet normal 0.849202 -0.528068 0
    outer loop
      vertex -6.06218 31.5 8.6
      vertex -5.82029 31.889 0
      vertex -5.82029 31.889 8.6
    endloop
  endfacet
  facet normal 0.849202 -0.528068 0
    outer loop
      vertex -5.82029 31.889 0
      vertex -6.06218 31.5 8.6
      vertex -6.06218 31.5 0
    endloop
  endfacet
  facet normal 0.0980184 -0.995185 0
    outer loop
      vertex -0.913683 34.9401 0
      vertex -0.457822 34.985 8.6
      vertex -0.913683 34.9401 8.6
    endloop
  endfacet
  facet normal 0.0980184 -0.995185 0
    outer loop
      vertex -0.457822 34.985 8.6
      vertex -0.913683 34.9401 0
      vertex -0.457822 34.985 0
    endloop
  endfacet
  facet normal 0.35225 -0.935906 0
    outer loop
      vertex -2.67878 34.4672 0
      vertex -2.25008 34.6285 8.6
      vertex -2.67878 34.4672 8.6
    endloop
  endfacet
  facet normal 0.35225 -0.935906 0
    outer loop
      vertex -2.25008 34.6285 8.6
      vertex -2.67878 34.4672 0
      vertex -2.25008 34.6285 0
    endloop
  endfacet
  facet normal 0.528072 -0.849199 0
    outer loop
      vertex -3.88899 33.8203 0
      vertex -3.5 34.0622 8.6
      vertex -3.88899 33.8203 8.6
    endloop
  endfacet
  facet normal 0.528072 -0.849199 0
    outer loop
      vertex -3.5 34.0622 8.6
      vertex -3.88899 33.8203 0
      vertex -3.5 34.0622 0
    endloop
  endfacet
  facet normal 0.582474 -0.812849 0
    outer loop
      vertex -4.26133 33.5535 0
      vertex -3.88899 33.8203 8.6
      vertex -4.26133 33.5535 8.6
    endloop
  endfacet
  facet normal 0.582474 -0.812849 0
    outer loop
      vertex -3.88899 33.8203 8.6
      vertex -4.26133 33.5535 0
      vertex -3.88899 33.8203 0
    endloop
  endfacet
  facet normal -0.999465 -0.03272 0
    outer loop
      vertex 7 28 0
      vertex 6.98501 28.4578 8.6
      vertex 6.98501 28.4578 0
    endloop
  endfacet
  facet normal -0.999465 -0.03272 0
    outer loop
      vertex 6.98501 28.4578 8.6
      vertex 7 28 0
      vertex 7 28 8.6
    endloop
  endfacet
  facet normal -0.0980143 0.995185 0
    outer loop
      vertex 0.913683 21.0599 0
      vertex 0.457822 21.015 8.6
      vertex 0.913683 21.0599 8.6
    endloop
  endfacet
  facet normal -0.0980143 0.995185 0
    outer loop
      vertex 0.457822 21.015 8.6
      vertex 0.913683 21.0599 0
      vertex 0.457822 21.015 0
    endloop
  endfacet
  facet normal -0.471396 0.881922 0
    outer loop
      vertex 3.5 21.9378 0
      vertex 3.09602 21.7219 8.6
      vertex 3.5 21.9378 8.6
    endloop
  endfacet
  facet normal -0.471396 0.881922 0
    outer loop
      vertex 3.09602 21.7219 8.6
      vertex 3.5 21.9378 0
      vertex 3.09602 21.7219 0
    endloop
  endfacet
  facet normal -0.634395 0.773009 0
    outer loop
      vertex 4.61542 22.7371 0
      vertex 4.26133 22.4465 8.6
      vertex 4.61542 22.7371 8.6
    endloop
  endfacet
  facet normal -0.634395 0.773009 0
    outer loop
      vertex 4.26133 22.4465 8.6
      vertex 4.61542 22.7371 0
      vertex 4.26133 22.4465 0
    endloop
  endfacet
  facet normal 0.162896 0.986643 -0
    outer loop
      vertex -0.913683 21.0599 0
      vertex -1.36563 21.1345 8.6
      vertex -0.913683 21.0599 8.6
    endloop
  endfacet
  facet normal 0.162896 0.986643 0
    outer loop
      vertex -1.36563 21.1345 8.6
      vertex -0.913683 21.0599 0
      vertex -1.36563 21.1345 0
    endloop
  endfacet
  facet normal 0.290287 0.95694 -0
    outer loop
      vertex -1.81173 21.2385 0
      vertex -2.25008 21.3715 8.6
      vertex -1.81173 21.2385 8.6
    endloop
  endfacet
  facet normal 0.290287 0.95694 0
    outer loop
      vertex -2.25008 21.3715 8.6
      vertex -1.81173 21.2385 0
      vertex -2.25008 21.3715 0
    endloop
  endfacet
  facet normal 0.0980143 0.995185 -0
    outer loop
      vertex -0.457822 21.015 0
      vertex -0.913683 21.0599 8.6
      vertex -0.457822 21.015 8.6
    endloop
  endfacet
  facet normal 0.0980143 0.995185 0
    outer loop
      vertex -0.913683 21.0599 8.6
      vertex -0.457822 21.015 0
      vertex -0.913683 21.0599 0
    endloop
  endfacet
  facet normal 0.35225 0.935906 -0
    outer loop
      vertex -2.25008 21.3715 0
      vertex -2.67878 21.5328 8.6
      vertex -2.25008 21.3715 8.6
    endloop
  endfacet
  facet normal 0.35225 0.935906 0
    outer loop
      vertex -2.67878 21.5328 8.6
      vertex -2.25008 21.3715 0
      vertex -2.67878 21.5328 0
    endloop
  endfacet
  facet normal 0.582477 0.812847 -0
    outer loop
      vertex -3.88899 22.1797 0
      vertex -4.26133 22.4465 8.6
      vertex -3.88899 22.1797 8.6
    endloop
  endfacet
  facet normal 0.582477 0.812847 0
    outer loop
      vertex -4.26133 22.4465 8.6
      vertex -3.88899 22.1797 0
      vertex -4.26133 22.4465 0
    endloop
  endfacet
  facet normal 0.995185 0.0980161 0
    outer loop
      vertex -6.94011 27.0863 8.6
      vertex -6.98501 27.5422 0
      vertex -6.98501 27.5422 8.6
    endloop
  endfacet
  facet normal 0.995185 0.0980161 0
    outer loop
      vertex -6.98501 27.5422 0
      vertex -6.94011 27.0863 8.6
      vertex -6.94011 27.0863 0
    endloop
  endfacet
  facet normal 0.773012 0.634391 0
    outer loop
      vertex -5.26288 23.3846 8.6
      vertex -5.55347 23.7387 0
      vertex -5.55347 23.7387 8.6
    endloop
  endfacet
  facet normal 0.773012 0.634391 0
    outer loop
      vertex -5.55347 23.7387 0
      vertex -5.26288 23.3846 8.6
      vertex -5.26288 23.3846 0
    endloop
  endfacet
  facet normal 0.729865 0.683591 0
    outer loop
      vertex -4.94975 23.0503 8.6
      vertex -5.26288 23.3846 0
      vertex -5.26288 23.3846 8.6
    endloop
  endfacet
  facet normal 0.729865 0.683591 0
    outer loop
      vertex -5.26288 23.3846 0
      vertex -4.94975 23.0503 8.6
      vertex -4.94975 23.0503 0
    endloop
  endfacet
  facet normal -0.935906 -0.35225 0
    outer loop
      vertex 6.62851 30.2501 0
      vertex 6.46716 30.6788 8.6
      vertex 6.46716 30.6788 0
    endloop
  endfacet
  facet normal -0.935906 -0.35225 0
    outer loop
      vertex 6.46716 30.6788 8.6
      vertex 6.62851 30.2501 0
      vertex 6.62851 30.2501 8.6
    endloop
  endfacet
  facet normal -0.849202 -0.528068 0
    outer loop
      vertex 6.06218 31.5 0
      vertex 5.82029 31.889 8.6
      vertex 5.82029 31.889 0
    endloop
  endfacet
  facet normal -0.849202 -0.528068 0
    outer loop
      vertex 5.82029 31.889 8.6
      vertex 6.06218 31.5 0
      vertex 6.06218 31.5 8.6
    endloop
  endfacet
  facet normal -0.812846 -0.582479 0
    outer loop
      vertex 5.82029 31.889 0
      vertex 5.55347 32.2613 8.6
      vertex 5.55347 32.2613 0
    endloop
  endfacet
  facet normal -0.812846 -0.582479 0
    outer loop
      vertex 5.55347 32.2613 8.6
      vertex 5.82029 31.889 0
      vertex 5.82029 31.889 8.6
    endloop
  endfacet
  facet normal -0.683595 -0.729862 0
    outer loop
      vertex 4.61542 33.2629 0
      vertex 4.94975 32.9497 8.6
      vertex 4.61542 33.2629 8.6
    endloop
  endfacet
  facet normal -0.683595 -0.729862 -0
    outer loop
      vertex 4.94975 32.9497 8.6
      vertex 4.61542 33.2629 0
      vertex 4.94975 32.9497 0
    endloop
  endfacet
  facet normal -0.729861 -0.683596 0
    outer loop
      vertex 5.26288 32.6154 0
      vertex 4.94975 32.9497 8.6
      vertex 4.94975 32.9497 0
    endloop
  endfacet
  facet normal -0.729861 -0.683596 0
    outer loop
      vertex 4.94975 32.9497 8.6
      vertex 5.26288 32.6154 0
      vertex 5.26288 32.6154 8.6
    endloop
  endfacet
  facet normal -0.582474 -0.812849 0
    outer loop
      vertex 3.88899 33.8203 0
      vertex 4.26133 33.5535 8.6
      vertex 3.88899 33.8203 8.6
    endloop
  endfacet
  facet normal -0.582474 -0.812849 -0
    outer loop
      vertex 4.26133 33.5535 8.6
      vertex 3.88899 33.8203 0
      vertex 4.26133 33.5535 0
    endloop
  endfacet
  facet normal -0.412709 -0.910863 0
    outer loop
      vertex 2.67878 34.4672 0
      vertex 3.09602 34.2781 8.6
      vertex 2.67878 34.4672 8.6
    endloop
  endfacet
  facet normal -0.412709 -0.910863 -0
    outer loop
      vertex 3.09602 34.2781 8.6
      vertex 2.67878 34.4672 0
      vertex 3.09602 34.2781 0
    endloop
  endfacet
  facet normal -0.227074 -0.973877 0
    outer loop
      vertex 1.36563 34.8655 0
      vertex 1.81173 34.7615 8.6
      vertex 1.36563 34.8655 8.6
    endloop
  endfacet
  facet normal -0.227074 -0.973877 -0
    outer loop
      vertex 1.81173 34.7615 8.6
      vertex 1.36563 34.8655 0
      vertex 1.81173 34.7615 0
    endloop
  endfacet
  facet normal -0.0980184 -0.995185 0
    outer loop
      vertex 0.457822 34.985 0
      vertex 0.913683 34.9401 8.6
      vertex 0.457822 34.985 8.6
    endloop
  endfacet
  facet normal -0.0980184 -0.995185 -0
    outer loop
      vertex 0.913683 34.9401 8.6
      vertex 0.457822 34.985 0
      vertex 0.913683 34.9401 0
    endloop
  endfacet
  facet normal 0.973877 -0.227076 0
    outer loop
      vertex -6.8655 29.3656 8.6
      vertex -6.76148 29.8117 0
      vertex -6.76148 29.8117 8.6
    endloop
  endfacet
  facet normal 0.973877 -0.227076 0
    outer loop
      vertex -6.76148 29.8117 0
      vertex -6.8655 29.3656 8.6
      vertex -6.8655 29.3656 0
    endloop
  endfacet
  facet normal 0.995185 -0.0980161 0
    outer loop
      vertex -6.98501 28.4578 8.6
      vertex -6.94011 28.9137 0
      vertex -6.94011 28.9137 8.6
    endloop
  endfacet
  facet normal 0.995185 -0.0980161 0
    outer loop
      vertex -6.94011 28.9137 0
      vertex -6.98501 28.4578 8.6
      vertex -6.98501 28.4578 0
    endloop
  endfacet
  facet normal 0.881922 -0.471395 0
    outer loop
      vertex -6.27811 31.096 8.6
      vertex -6.06218 31.5 0
      vertex -6.06218 31.5 8.6
    endloop
  endfacet
  facet normal 0.881922 -0.471395 0
    outer loop
      vertex -6.06218 31.5 0
      vertex -6.27811 31.096 8.6
      vertex -6.27811 31.096 0
    endloop
  endfacet
  facet normal 0.773012 -0.634391 0
    outer loop
      vertex -5.55347 32.2613 8.6
      vertex -5.26288 32.6154 0
      vertex -5.26288 32.6154 8.6
    endloop
  endfacet
  facet normal 0.773012 -0.634391 0
    outer loop
      vertex -5.26288 32.6154 0
      vertex -5.55347 32.2613 8.6
      vertex -5.55347 32.2613 0
    endloop
  endfacet
  facet normal 0.290291 -0.956938 0
    outer loop
      vertex -2.25008 34.6285 0
      vertex -1.81173 34.7615 8.6
      vertex -2.25008 34.6285 8.6
    endloop
  endfacet
  facet normal 0.290291 -0.956938 0
    outer loop
      vertex -1.81173 34.7615 8.6
      vertex -2.25008 34.6285 0
      vertex -1.81173 34.7615 0
    endloop
  endfacet
  facet normal 0.162892 -0.986644 0
    outer loop
      vertex -1.36563 34.8655 0
      vertex -0.913683 34.9401 8.6
      vertex -1.36563 34.8655 8.6
    endloop
  endfacet
  facet normal 0.162892 -0.986644 0
    outer loop
      vertex -0.913683 34.9401 8.6
      vertex -1.36563 34.8655 0
      vertex -0.913683 34.9401 0
    endloop
  endfacet
  facet normal 0.227074 -0.973877 0
    outer loop
      vertex -1.81173 34.7615 0
      vertex -1.36563 34.8655 8.6
      vertex -1.81173 34.7615 8.6
    endloop
  endfacet
  facet normal 0.227074 -0.973877 0
    outer loop
      vertex -1.36563 34.8655 8.6
      vertex -1.81173 34.7615 0
      vertex -1.36563 34.8655 0
    endloop
  endfacet
  facet normal 0.47139 -0.881925 0
    outer loop
      vertex -3.5 34.0622 0
      vertex -3.09602 34.2781 8.6
      vertex -3.5 34.0622 8.6
    endloop
  endfacet
  facet normal 0.47139 -0.881925 0
    outer loop
      vertex -3.09602 34.2781 8.6
      vertex -3.5 34.0622 0
      vertex -3.09602 34.2781 0
    endloop
  endfacet
  facet normal 0.729861 -0.683596 0
    outer loop
      vertex -5.26288 32.6154 8.6
      vertex -4.94975 32.9497 0
      vertex -4.94975 32.9497 8.6
    endloop
  endfacet
  facet normal 0.729861 -0.683596 0
    outer loop
      vertex -4.94975 32.9497 0
      vertex -5.26288 32.6154 8.6
      vertex -5.26288 32.6154 0
    endloop
  endfacet
  facet normal -0.995185 0.0980161 0
    outer loop
      vertex 6.94011 27.0863 0
      vertex 6.98501 27.5422 8.6
      vertex 6.98501 27.5422 0
    endloop
  endfacet
  facet normal -0.995185 0.0980161 0
    outer loop
      vertex 6.98501 27.5422 8.6
      vertex 6.94011 27.0863 0
      vertex 6.94011 27.0863 8.6
    endloop
  endfacet
  facet normal -0.973877 0.227077 0
    outer loop
      vertex 6.76148 26.1883 0
      vertex 6.8655 26.6344 8.6
      vertex 6.8655 26.6344 0
    endloop
  endfacet
  facet normal -0.973877 0.227077 0
    outer loop
      vertex 6.8655 26.6344 8.6
      vertex 6.76148 26.1883 0
      vertex 6.76148 26.1883 8.6
    endloop
  endfacet
  facet normal -0.999465 0.0327199 0
    outer loop
      vertex 6.98501 27.5422 0
      vertex 7 28 8.6
      vertex 7 28 0
    endloop
  endfacet
  facet normal -0.999465 0.0327199 0
    outer loop
      vertex 7 28 8.6
      vertex 6.98501 27.5422 0
      vertex 6.98501 27.5422 8.6
    endloop
  endfacet
  facet normal -0.95694 0.290285 0
    outer loop
      vertex 6.62851 25.7499 0
      vertex 6.76148 26.1883 8.6
      vertex 6.76148 26.1883 0
    endloop
  endfacet
  facet normal -0.95694 0.290285 0
    outer loop
      vertex 6.76148 26.1883 8.6
      vertex 6.62851 25.7499 0
      vertex 6.62851 25.7499 8.6
    endloop
  endfacet
  facet normal -0.849202 0.528068 0
    outer loop
      vertex 5.82029 24.111 0
      vertex 6.06218 24.5 8.6
      vertex 6.06218 24.5 0
    endloop
  endfacet
  facet normal -0.849202 0.528068 0
    outer loop
      vertex 6.06218 24.5 8.6
      vertex 5.82029 24.111 0
      vertex 5.82029 24.111 8.6
    endloop
  endfacet
  facet normal -0.162896 0.986643 0
    outer loop
      vertex 1.36563 21.1345 0
      vertex 0.913683 21.0599 8.6
      vertex 1.36563 21.1345 8.6
    endloop
  endfacet
  facet normal -0.162896 0.986643 0
    outer loop
      vertex 0.913683 21.0599 8.6
      vertex 1.36563 21.1345 0
      vertex 0.913683 21.0599 0
    endloop
  endfacet
  facet normal -0.412705 0.910865 0
    outer loop
      vertex 3.09602 21.7219 0
      vertex 2.67878 21.5328 8.6
      vertex 3.09602 21.7219 8.6
    endloop
  endfacet
  facet normal -0.412705 0.910865 0
    outer loop
      vertex 2.67878 21.5328 8.6
      vertex 3.09602 21.7219 0
      vertex 2.67878 21.5328 0
    endloop
  endfacet
  facet normal -0.729865 0.683591 0
    outer loop
      vertex 4.94975 23.0503 0
      vertex 5.26288 23.3846 8.6
      vertex 5.26288 23.3846 0
    endloop
  endfacet
  facet normal -0.729865 0.683591 0
    outer loop
      vertex 5.26288 23.3846 8.6
      vertex 4.94975 23.0503 0
      vertex 4.94975 23.0503 8.6
    endloop
  endfacet
  facet normal -0.52807 0.849201 0
    outer loop
      vertex 3.88899 22.1797 0
      vertex 3.5 21.9378 8.6
      vertex 3.88899 22.1797 8.6
    endloop
  endfacet
  facet normal -0.52807 0.849201 0
    outer loop
      vertex 3.5 21.9378 8.6
      vertex 3.88899 22.1797 0
      vertex 3.5 21.9378 0
    endloop
  endfacet
  facet normal -0.03272 0.999465 0
    outer loop
      vertex 0.457822 21.015 0
      vertex 0 21 8.6
      vertex 0.457822 21.015 8.6
    endloop
  endfacet
  facet normal -0.03272 0.999465 0
    outer loop
      vertex 0 21 8.6
      vertex 0.457822 21.015 0
      vertex 0 21 0
    endloop
  endfacet
  facet normal 0.227074 0.973877 -0
    outer loop
      vertex -1.36563 21.1345 0
      vertex -1.81173 21.2385 8.6
      vertex -1.36563 21.1345 8.6
    endloop
  endfacet
  facet normal 0.227074 0.973877 0
    outer loop
      vertex -1.81173 21.2385 8.6
      vertex -1.36563 21.1345 0
      vertex -1.81173 21.2385 0
    endloop
  endfacet
  facet normal 0.471396 0.881922 -0
    outer loop
      vertex -3.09602 21.7219 0
      vertex -3.5 21.9378 8.6
      vertex -3.09602 21.7219 8.6
    endloop
  endfacet
  facet normal 0.471396 0.881922 0
    outer loop
      vertex -3.5 21.9378 8.6
      vertex -3.09602 21.7219 0
      vertex -3.5 21.9378 0
    endloop
  endfacet
  facet normal 0.52807 0.849201 -0
    outer loop
      vertex -3.5 21.9378 0
      vertex -3.88899 22.1797 8.6
      vertex -3.5 21.9378 8.6
    endloop
  endfacet
  facet normal 0.52807 0.849201 0
    outer loop
      vertex -3.88899 22.1797 8.6
      vertex -3.5 21.9378 0
      vertex -3.88899 22.1797 0
    endloop
  endfacet
  facet normal 0.634395 0.773009 -0
    outer loop
      vertex -4.26133 22.4465 0
      vertex -4.61542 22.7371 8.6
      vertex -4.26133 22.4465 8.6
    endloop
  endfacet
  facet normal 0.634395 0.773009 0
    outer loop
      vertex -4.61542 22.7371 8.6
      vertex -4.26133 22.4465 0
      vertex -4.61542 22.7371 0
    endloop
  endfacet
  facet normal 0.986643 0.162896 0
    outer loop
      vertex -6.8655 26.6344 8.6
      vertex -6.94011 27.0863 0
      vertex -6.94011 27.0863 8.6
    endloop
  endfacet
  facet normal 0.986643 0.162896 0
    outer loop
      vertex -6.94011 27.0863 0
      vertex -6.8655 26.6344 8.6
      vertex -6.8655 26.6344 0
    endloop
  endfacet
  facet normal 0.910864 0.412706 0
    outer loop
      vertex -6.27811 24.904 8.6
      vertex -6.46716 25.3212 0
      vertex -6.46716 25.3212 8.6
    endloop
  endfacet
  facet normal 0.910864 0.412706 0
    outer loop
      vertex -6.46716 25.3212 0
      vertex -6.27811 24.904 8.6
      vertex -6.27811 24.904 0
    endloop
  endfacet
  facet normal 0.95694 0.290285 0
    outer loop
      vertex -6.62851 25.7499 8.6
      vertex -6.76148 26.1883 0
      vertex -6.76148 26.1883 8.6
    endloop
  endfacet
  facet normal 0.95694 0.290285 0
    outer loop
      vertex -6.76148 26.1883 0
      vertex -6.62851 25.7499 8.6
      vertex -6.62851 25.7499 0
    endloop
  endfacet
  facet normal 0.812846 0.582479 0
    outer loop
      vertex -5.55347 23.7387 8.6
      vertex -5.82029 24.111 0
      vertex -5.82029 24.111 8.6
    endloop
  endfacet
  facet normal 0.812846 0.582479 0
    outer loop
      vertex -5.82029 24.111 0
      vertex -5.55347 23.7387 8.6
      vertex -5.55347 23.7387 0
    endloop
  endfacet
  facet normal -0.973877 -0.227076 0
    outer loop
      vertex 6.8655 29.3656 0
      vertex 6.76148 29.8117 8.6
      vertex 6.76148 29.8117 0
    endloop
  endfacet
  facet normal -0.973877 -0.227076 0
    outer loop
      vertex 6.76148 29.8117 8.6
      vertex 6.8655 29.3656 0
      vertex 6.8655 29.3656 8.6
    endloop
  endfacet
  facet normal -0.986643 -0.162896 0
    outer loop
      vertex 6.94011 28.9137 0
      vertex 6.8655 29.3656 8.6
      vertex 6.8655 29.3656 0
    endloop
  endfacet
  facet normal -0.986643 -0.162896 0
    outer loop
      vertex 6.8655 29.3656 8.6
      vertex 6.94011 28.9137 0
      vertex 6.94011 28.9137 8.6
    endloop
  endfacet
  facet normal -0.995185 -0.0980161 0
    outer loop
      vertex 6.98501 28.4578 0
      vertex 6.94011 28.9137 8.6
      vertex 6.94011 28.9137 0
    endloop
  endfacet
  facet normal -0.995185 -0.0980161 0
    outer loop
      vertex 6.94011 28.9137 8.6
      vertex 6.98501 28.4578 0
      vertex 6.98501 28.4578 8.6
    endloop
  endfacet
  facet normal -0.634395 -0.773009 0
    outer loop
      vertex 4.26133 33.5535 0
      vertex 4.61542 33.2629 8.6
      vertex 4.26133 33.5535 8.6
    endloop
  endfacet
  facet normal -0.634395 -0.773009 -0
    outer loop
      vertex 4.61542 33.2629 8.6
      vertex 4.26133 33.5535 0
      vertex 4.61542 33.2629 0
    endloop
  endfacet
  facet normal 0 0 -1
    outer loop
      vertex 4.5 28 8.6
      vertex 7 28 8.6
      vertex 6.98501 27.5422 8.6
    endloop
  endfacet
  facet normal 0 0 -1
    outer loop
      vertex 4.49037 27.7057 8.6
      vertex 6.98501 27.5422 8.6
      vertex 6.94011 27.0863 8.6
    endloop
  endfacet
  facet normal 0 0 -1
    outer loop
      vertex 7 28 8.6
      vertex 4.5 28 8.6
      vertex 6.98501 28.4578 8.6
    endloop
  endfacet
  facet normal 0 0 -1
    outer loop
      vertex 4.4615 27.4126 8.6
      vertex 6.94011 27.0863 8.6
      vertex 6.8655 26.6344 8.6
    endloop
  endfacet
  facet normal 0 0 -1
    outer loop
      vertex 4.49037 28.2943 8.6
      vertex 6.98501 28.4578 8.6
      vertex 4.5 28 8.6
    endloop
  endfacet
  facet normal 0 0 -1
    outer loop
      vertex 4.41353 27.1221 8.6
      vertex 6.8655 26.6344 8.6
      vertex 6.76148 26.1883 8.6
    endloop
  endfacet
  facet normal -0 0 -1
    outer loop
      vertex 6.98501 28.4578 8.6
      vertex 4.49037 28.2943 8.6
      vertex 6.94011 28.9137 8.6
    endloop
  endfacet
  facet normal 0 0 -1
    outer loop
      vertex 4.34667 26.8353 8.6
      vertex 6.76148 26.1883 8.6
      vertex 6.62851 25.7499 8.6
    endloop
  endfacet
  facet normal 0 0 -1
    outer loop
      vertex 4.4615 28.5874 8.6
      vertex 6.94011 28.9137 8.6
      vertex 4.49037 28.2943 8.6
    endloop
  endfacet
  facet normal 0 0 -1
    outer loop
      vertex 4.26118 26.5535 8.6
      vertex 6.62851 25.7499 8.6
      vertex 6.46716 25.3212 8.6
    endloop
  endfacet
  facet normal -0 0 -1
    outer loop
      vertex 6.94011 28.9137 8.6
      vertex 4.4615 28.5874 8.6
      vertex 6.8655 29.3656 8.6
    endloop
  endfacet
  facet normal 0 0 -1
    outer loop
      vertex 4.15746 26.2779 8.6
      vertex 6.46716 25.3212 8.6
      vertex 6.27811 24.904 8.6
    endloop
  endfacet
  facet normal 0 0 -1
    outer loop
      vertex 4.41353 28.8779 8.6
      vertex 6.8655 29.3656 8.6
      vertex 4.4615 28.5874 8.6
    endloop
  endfacet
  facet normal 0 0 -1
    outer loop
      vertex 4.03593 26.0097 8.6
      vertex 6.27811 24.904 8.6
      vertex 6.06218 24.5 8.6
    endloop
  endfacet
  facet normal -0 0 -1
    outer loop
      vertex 6.8655 29.3656 8.6
      vertex 4.41353 28.8779 8.6
      vertex 6.76148 29.8117 8.6
    endloop
  endfacet
  facet normal 0 0 -1
    outer loop
      vertex 3.89711 25.75 8.6
      vertex 6.06218 24.5 8.6
      vertex 5.82029 24.111 8.6
    endloop
  endfacet
  facet normal 0 0 -1
    outer loop
      vertex 4.34667 29.1647 8.6
      vertex 6.76148 29.8117 8.6
      vertex 4.41353 28.8779 8.6
    endloop
  endfacet
  facet normal 0 0 -1
    outer loop
      vertex 3.74161 25.4999 8.6
      vertex 5.82029 24.111 8.6
      vertex 5.55347 23.7387 8.6
    endloop
  endfacet
  facet normal -0 0 -1
    outer loop
      vertex 6.76148 29.8117 8.6
      vertex 4.34667 29.1647 8.6
      vertex 6.62851 30.2501 8.6
    endloop
  endfacet
  facet normal 0 0 -1
    outer loop
      vertex 3.57009 25.2606 8.6
      vertex 5.55347 23.7387 8.6
      vertex 5.26288 23.3846 8.6
    endloop
  endfacet
  facet normal 0 0 -1
    outer loop
      vertex 4.26118 29.4465 8.6
      vertex 6.62851 30.2501 8.6
      vertex 4.34667 29.1647 8.6
    endloop
  endfacet
  facet normal 0 0 -1
    outer loop
      vertex 3.38328 25.0329 8.6
      vertex 5.26288 23.3846 8.6
      vertex 4.94975 23.0503 8.6
    endloop
  endfacet
  facet normal -0 0 -1
    outer loop
      vertex 6.62851 30.2501 8.6
      vertex 4.26118 29.4465 8.6
      vertex 6.46716 30.6788 8.6
    endloop
  endfacet
  facet normal 0 0 -1
    outer loop
      vertex 3.18198 24.818 8.6
      vertex 4.94975 23.0503 8.6
      vertex 4.61542 22.7371 8.6
    endloop
  endfacet
  facet normal 0 0 -1
    outer loop
      vertex 4.15746 29.7221 8.6
      vertex 6.46716 30.6788 8.6
      vertex 4.26118 29.4465 8.6
    endloop
  endfacet
  facet normal -0 0 -1
    outer loop
      vertex 6.46716 30.6788 8.6
      vertex 4.15746 29.7221 8.6
      vertex 6.27811 31.096 8.6
    endloop
  endfacet
  facet normal 0 0 -1
    outer loop
      vertex 6.98501 27.5422 8.6
      vertex 4.49037 27.7057 8.6
      vertex 4.5 28 8.6
    endloop
  endfacet
  facet normal 0 0 -1
    outer loop
      vertex 6.94011 27.0863 8.6
      vertex 4.4615 27.4126 8.6
      vertex 4.49037 27.7057 8.6
    endloop
  endfacet
  facet normal 0 0 -1
    outer loop
      vertex 6.8655 26.6344 8.6
      vertex 4.41353 27.1221 8.6
      vertex 4.4615 27.4126 8.6
    endloop
  endfacet
  facet normal 0 0 -1
    outer loop
      vertex 6.76148 26.1883 8.6
      vertex 4.34667 26.8353 8.6
      vertex 4.41353 27.1221 8.6
    endloop
  endfacet
  facet normal 0 0 -1
    outer loop
      vertex 2.96706 24.6167 8.6
      vertex 4.61542 22.7371 8.6
      vertex 4.26133 22.4465 8.6
    endloop
  endfacet
  facet normal 0 0 -1
    outer loop
      vertex 6.62851 25.7499 8.6
      vertex 4.26118 26.5535 8.6
      vertex 4.34667 26.8353 8.6
    endloop
  endfacet
  facet normal 0 0 -1
    outer loop
      vertex 6.46716 25.3212 8.6
      vertex 4.15746 26.2779 8.6
      vertex 4.26118 26.5535 8.6
    endloop
  endfacet
  facet normal 0 0 -1
    outer loop
      vertex 6.27811 24.904 8.6
      vertex 4.03593 26.0097 8.6
      vertex 4.15746 26.2779 8.6
    endloop
  endfacet
  facet normal 0 0 -1
    outer loop
      vertex 6.06218 24.5 8.6
      vertex 3.89711 25.75 8.6
      vertex 4.03593 26.0097 8.6
    endloop
  endfacet
  facet normal 0 0 -1
    outer loop
      vertex 2.73943 24.4299 8.6
      vertex 4.26133 22.4465 8.6
      vertex 3.88899 22.1797 8.6
    endloop
  endfacet
  facet normal 0 0 -1
    outer loop
      vertex 5.82029 24.111 8.6
      vertex 3.74161 25.4999 8.6
      vertex 3.89711 25.75 8.6
    endloop
  endfacet
  facet normal 0 0 -1
    outer loop
      vertex 5.55347 23.7387 8.6
      vertex 3.57009 25.2606 8.6
      vertex 3.74161 25.4999 8.6
    endloop
  endfacet
  facet normal 0 0 -1
    outer loop
      vertex 2.50007 24.2584 8.6
      vertex 3.88899 22.1797 8.6
      vertex 3.5 21.9378 8.6
    endloop
  endfacet
  facet normal 0 0 -1
    outer loop
      vertex 5.26288 23.3846 8.6
      vertex 3.38328 25.0329 8.6
      vertex 3.57009 25.2606 8.6
    endloop
  endfacet
  facet normal 0 0 -1
    outer loop
      vertex 4.94975 23.0503 8.6
      vertex 3.18198 24.818 8.6
      vertex 3.38328 25.0329 8.6
    endloop
  endfacet
  facet normal 0 0 -1
    outer loop
      vertex 2.25 24.1029 8.6
      vertex 3.5 21.9378 8.6
      vertex 3.09602 21.7219 8.6
    endloop
  endfacet
  facet normal 0 0 -1
    outer loop
      vertex 4.61542 22.7371 8.6
      vertex 2.96706 24.6167 8.6
      vertex 3.18198 24.818 8.6
    endloop
  endfacet
  facet normal 0 0 -1
    outer loop
      vertex 4.26133 22.4465 8.6
      vertex 2.73943 24.4299 8.6
      vertex 2.96706 24.6167 8.6
    endloop
  endfacet
  facet normal 0 0 -1
    outer loop
      vertex 1.9903 23.9641 8.6
      vertex 3.09602 21.7219 8.6
      vertex 2.67878 21.5328 8.6
    endloop
  endfacet
  facet normal 0 0 -1
    outer loop
      vertex 3.88899 22.1797 8.6
      vertex 2.50007 24.2584 8.6
      vertex 2.73943 24.4299 8.6
    endloop
  endfacet
  facet normal 0 0 -1
    outer loop
      vertex 1.72207 23.8425 8.6
      vertex 2.67878 21.5328 8.6
      vertex 2.25008 21.3715 8.6
    endloop
  endfacet
  facet normal 0 0 -1
    outer loop
      vertex 3.5 21.9378 8.6
      vertex 2.25 24.1029 8.6
      vertex 2.50007 24.2584 8.6
    endloop
  endfacet
  facet normal 0 0 -1
    outer loop
      vertex 3.09602 21.7219 8.6
      vertex 1.9903 23.9641 8.6
      vertex 2.25 24.1029 8.6
    endloop
  endfacet
  facet normal 0 0 -1
    outer loop
      vertex 1.44648 23.7388 8.6
      vertex 2.25008 21.3715 8.6
      vertex 1.81173 21.2385 8.6
    endloop
  endfacet
  facet normal 0 0 -1
    outer loop
      vertex 2.67878 21.5328 8.6
      vertex 1.72207 23.8425 8.6
      vertex 1.9903 23.9641 8.6
    endloop
  endfacet
  facet normal 0 0 -1
    outer loop
      vertex 2.25008 21.3715 8.6
      vertex 1.44648 23.7388 8.6
      vertex 1.72207 23.8425 8.6
    endloop
  endfacet
  facet normal 0 0 -1
    outer loop
      vertex 1.16469 23.6533 8.6
      vertex 1.81173 21.2385 8.6
      vertex 1.36563 21.1345 8.6
    endloop
  endfacet
  facet normal 0 0 -1
    outer loop
      vertex 1.81173 21.2385 8.6
      vertex 1.16469 23.6533 8.6
      vertex 1.44648 23.7388 8.6
    endloop
  endfacet
  facet normal 0 0 -1
    outer loop
      vertex 0.877906 23.5865 8.6
      vertex 1.36563 21.1345 8.6
      vertex 0.913683 21.0599 8.6
    endloop
  endfacet
  facet normal 0 0 -1
    outer loop
      vertex 1.36563 21.1345 8.6
      vertex 0.877906 23.5865 8.6
      vertex 1.16469 23.6533 8.6
    endloop
  endfacet
  facet normal 0 0 -1
    outer loop
      vertex 0.913683 21.0599 8.6
      vertex 0.587367 23.5385 8.6
      vertex 0.877906 23.5865 8.6
    endloop
  endfacet
  facet normal 0 0 -1
    outer loop
      vertex 0.457822 21.015 8.6
      vertex 0.587367 23.5385 8.6
      vertex 0.913683 21.0599 8.6
    endloop
  endfacet
  facet normal 0 0 -1
    outer loop
      vertex 0.457822 21.015 8.6
      vertex 0.294313 23.5096 8.6
      vertex 0.587367 23.5385 8.6
    endloop
  endfacet
  facet normal 0 0 -1
    outer loop
      vertex 0 21 8.6
      vertex 0.294313 23.5096 8.6
      vertex 0.457822 21.015 8.6
    endloop
  endfacet
  facet normal 0 0 -1
    outer loop
      vertex 0 21 8.6
      vertex 0 23.5 8.6
      vertex 0.294313 23.5096 8.6
    endloop
  endfacet
  facet normal 0 0 -1
    outer loop
      vertex 0 21 8.6
      vertex -0.294313 23.5096 8.6
      vertex 0 23.5 8.6
    endloop
  endfacet
  facet normal 0 0 -1
    outer loop
      vertex -0.457822 21.015 8.6
      vertex -0.294313 23.5096 8.6
      vertex 0 21 8.6
    endloop
  endfacet
  facet normal 0 0 -1
    outer loop
      vertex -0.457822 21.015 8.6
      vertex -0.587367 23.5385 8.6
      vertex -0.294313 23.5096 8.6
    endloop
  endfacet
  facet normal 0 0 -1
    outer loop
      vertex -0.913683 21.0599 8.6
      vertex -0.587367 23.5385 8.6
      vertex -0.457822 21.015 8.6
    endloop
  endfacet
  facet normal -0 0 -1
    outer loop
      vertex -0.587367 23.5385 8.6
      vertex -0.913683 21.0599 8.6
      vertex -0.877906 23.5865 8.6
    endloop
  endfacet
  facet normal 0 0 -1
    outer loop
      vertex -1.36563 21.1345 8.6
      vertex -0.877906 23.5865 8.6
      vertex -0.913683 21.0599 8.6
    endloop
  endfacet
  facet normal -0 0 -1
    outer loop
      vertex -0.877906 23.5865 8.6
      vertex -1.36563 21.1345 8.6
      vertex -1.16469 23.6533 8.6
    endloop
  endfacet
  facet normal 0 0 -1
    outer loop
      vertex -1.81173 21.2385 8.6
      vertex -1.16469 23.6533 8.6
      vertex -1.36563 21.1345 8.6
    endloop
  endfacet
  facet normal -0 0 -1
    outer loop
      vertex -1.16469 23.6533 8.6
      vertex -1.81173 21.2385 8.6
      vertex -1.44648 23.7388 8.6
    endloop
  endfacet
  facet normal 0 0 -1
    outer loop
      vertex -2.25008 21.3715 8.6
      vertex -1.44648 23.7388 8.6
      vertex -1.81173 21.2385 8.6
    endloop
  endfacet
  facet normal -0 0 -1
    outer loop
      vertex -1.44648 23.7388 8.6
      vertex -2.25008 21.3715 8.6
      vertex -1.72207 23.8425 8.6
    endloop
  endfacet
  facet normal 0 0 -1
    outer loop
      vertex -2.67878 21.5328 8.6
      vertex -1.72207 23.8425 8.6
      vertex -2.25008 21.3715 8.6
    endloop
  endfacet
  facet normal -0 0 -1
    outer loop
      vertex -1.72207 23.8425 8.6
      vertex -2.67878 21.5328 8.6
      vertex -1.9903 23.9641 8.6
    endloop
  endfacet
  facet normal 0 0 -1
    outer loop
      vertex -3.09602 21.7219 8.6
      vertex -1.9903 23.9641 8.6
      vertex -2.67878 21.5328 8.6
    endloop
  endfacet
  facet normal -0 0 -1
    outer loop
      vertex -1.9903 23.9641 8.6
      vertex -3.09602 21.7219 8.6
      vertex -2.25 24.1029 8.6
    endloop
  endfacet
  facet normal 0 0 -1
    outer loop
      vertex -3.5 21.9378 8.6
      vertex -2.25 24.1029 8.6
      vertex -3.09602 21.7219 8.6
    endloop
  endfacet
  facet normal -0 0 -1
    outer loop
      vertex -2.25 24.1029 8.6
      vertex -3.5 21.9378 8.6
      vertex -2.50007 24.2584 8.6
    endloop
  endfacet
  facet normal 0 0 -1
    outer loop
      vertex -3.88899 22.1797 8.6
      vertex -2.50007 24.2584 8.6
      vertex -3.5 21.9378 8.6
    endloop
  endfacet
  facet normal -0 0 -1
    outer loop
      vertex -2.50007 24.2584 8.6
      vertex -3.88899 22.1797 8.6
      vertex -2.73943 24.4299 8.6
    endloop
  endfacet
  facet normal 0 0 -1
    outer loop
      vertex -4.26133 22.4465 8.6
      vertex -2.73943 24.4299 8.6
      vertex -3.88899 22.1797 8.6
    endloop
  endfacet
  facet normal -0 0 -1
    outer loop
      vertex -2.73943 24.4299 8.6
      vertex -4.26133 22.4465 8.6
      vertex -2.96706 24.6167 8.6
    endloop
  endfacet
  facet normal 0 0 -1
    outer loop
      vertex -4.61542 22.7371 8.6
      vertex -2.96706 24.6167 8.6
      vertex -4.26133 22.4465 8.6
    endloop
  endfacet
  facet normal -0 0 -1
    outer loop
      vertex -2.96706 24.6167 8.6
      vertex -4.61542 22.7371 8.6
      vertex -3.18198 24.818 8.6
    endloop
  endfacet
  facet normal 0 0 -1
    outer loop
      vertex -4.94975 23.0503 8.6
      vertex -3.18198 24.818 8.6
      vertex -4.61542 22.7371 8.6
    endloop
  endfacet
  facet normal -0 0 -1
    outer loop
      vertex -3.18198 24.818 8.6
      vertex -4.94975 23.0503 8.6
      vertex -3.38328 25.0329 8.6
    endloop
  endfacet
  facet normal 0 0 -1
    outer loop
      vertex -5.26288 23.3846 8.6
      vertex -3.38328 25.0329 8.6
      vertex -4.94975 23.0503 8.6
    endloop
  endfacet
  facet normal -0 0 -1
    outer loop
      vertex -3.38328 25.0329 8.6
      vertex -5.26288 23.3846 8.6
      vertex -3.57009 25.2606 8.6
    endloop
  endfacet
  facet normal 0 0 -1
    outer loop
      vertex -5.55347 23.7387 8.6
      vertex -3.57009 25.2606 8.6
      vertex -5.26288 23.3846 8.6
    endloop
  endfacet
  facet normal -0 0 -1
    outer loop
      vertex -3.57009 25.2606 8.6
      vertex -5.55347 23.7387 8.6
      vertex -3.74161 25.4999 8.6
    endloop
  endfacet
  facet normal 0 0 -1
    outer loop
      vertex -5.82029 24.111 8.6
      vertex -3.74161 25.4999 8.6
      vertex -5.55347 23.7387 8.6
    endloop
  endfacet
  facet normal -0 0 -1
    outer loop
      vertex -3.74161 25.4999 8.6
      vertex -5.82029 24.111 8.6
      vertex -3.89711 25.75 8.6
    endloop
  endfacet
  facet normal 0 0 -1
    outer loop
      vertex -6.06218 24.5 8.6
      vertex -3.89711 25.75 8.6
      vertex -5.82029 24.111 8.6
    endloop
  endfacet
  facet normal -0 0 -1
    outer loop
      vertex -3.89711 25.75 8.6
      vertex -6.06218 24.5 8.6
      vertex -4.03593 26.0097 8.6
    endloop
  endfacet
  facet normal -0 0 -1
    outer loop
      vertex -4.03593 26.0097 8.6
      vertex -6.27811 24.904 8.6
      vertex -4.15746 26.2779 8.6
    endloop
  endfacet
  facet normal 0 0 -1
    outer loop
      vertex -6.27811 24.904 8.6
      vertex -4.03593 26.0097 8.6
      vertex -6.06218 24.5 8.6
    endloop
  endfacet
  facet normal 0 0 -1
    outer loop
      vertex 4.03593 29.9903 8.6
      vertex 6.27811 31.096 8.6
      vertex 4.15746 29.7221 8.6
    endloop
  endfacet
  facet normal -0 0 -1
    outer loop
      vertex 6.27811 31.096 8.6
      vertex 4.03593 29.9903 8.6
      vertex 6.06218 31.5 8.6
    endloop
  endfacet
  facet normal 0 0 -1
    outer loop
      vertex 3.89711 30.25 8.6
      vertex 6.06218 31.5 8.6
      vertex 4.03593 29.9903 8.6
    endloop
  endfacet
  facet normal -0 0 -1
    outer loop
      vertex 6.06218 31.5 8.6
      vertex 3.89711 30.25 8.6
      vertex 5.82029 31.889 8.6
    endloop
  endfacet
  facet normal 0 0 -1
    outer loop
      vertex 3.74161 30.5001 8.6
      vertex 5.82029 31.889 8.6
      vertex 3.89711 30.25 8.6
    endloop
  endfacet
  facet normal -0 0 -1
    outer loop
      vertex 5.82029 31.889 8.6
      vertex 3.74161 30.5001 8.6
      vertex 5.55347 32.2613 8.6
    endloop
  endfacet
  facet normal 0 0 -1
    outer loop
      vertex 3.57009 30.7394 8.6
      vertex 5.55347 32.2613 8.6
      vertex 3.74161 30.5001 8.6
    endloop
  endfacet
  facet normal -0 0 -1
    outer loop
      vertex 5.55347 32.2613 8.6
      vertex 3.57009 30.7394 8.6
      vertex 5.26288 32.6154 8.6
    endloop
  endfacet
  facet normal 0 0 -1
    outer loop
      vertex 3.38328 30.9671 8.6
      vertex 5.26288 32.6154 8.6
      vertex 3.57009 30.7394 8.6
    endloop
  endfacet
  facet normal -0 0 -1
    outer loop
      vertex 5.26288 32.6154 8.6
      vertex 3.38328 30.9671 8.6
      vertex 4.94975 32.9497 8.6
    endloop
  endfacet
  facet normal 0 0 -1
    outer loop
      vertex 3.18198 31.182 8.6
      vertex 4.94975 32.9497 8.6
      vertex 3.38328 30.9671 8.6
    endloop
  endfacet
  facet normal -0 0 -1
    outer loop
      vertex 4.94975 32.9497 8.6
      vertex 3.18198 31.182 8.6
      vertex 4.61542 33.2629 8.6
    endloop
  endfacet
  facet normal 0 0 -1
    outer loop
      vertex 2.96706 31.3833 8.6
      vertex 4.61542 33.2629 8.6
      vertex 3.18198 31.182 8.6
    endloop
  endfacet
  facet normal -0 0 -1
    outer loop
      vertex 4.61542 33.2629 8.6
      vertex 2.96706 31.3833 8.6
      vertex 4.26133 33.5535 8.6
    endloop
  endfacet
  facet normal 0 0 -1
    outer loop
      vertex 2.73943 31.5701 8.6
      vertex 4.26133 33.5535 8.6
      vertex 2.96706 31.3833 8.6
    endloop
  endfacet
  facet normal -0 0 -1
    outer loop
      vertex 4.26133 33.5535 8.6
      vertex 2.73943 31.5701 8.6
      vertex 3.88899 33.8203 8.6
    endloop
  endfacet
  facet normal 0 0 -1
    outer loop
      vertex 2.50007 31.7416 8.6
      vertex 3.88899 33.8203 8.6
      vertex 2.73943 31.5701 8.6
    endloop
  endfacet
  facet normal -0 0 -1
    outer loop
      vertex 3.88899 33.8203 8.6
      vertex 2.50007 31.7416 8.6
      vertex 3.5 34.0622 8.6
    endloop
  endfacet
  facet normal 0 0 -1
    outer loop
      vertex 2.25 31.8971 8.6
      vertex 3.5 34.0622 8.6
      vertex 2.50007 31.7416 8.6
    endloop
  endfacet
  facet normal -0 0 -1
    outer loop
      vertex 3.5 34.0622 8.6
      vertex 2.25 31.8971 8.6
      vertex 3.09602 34.2781 8.6
    endloop
  endfacet
  facet normal 0 0 -1
    outer loop
      vertex 1.9903 32.0359 8.6
      vertex 3.09602 34.2781 8.6
      vertex 2.25 31.8971 8.6
    endloop
  endfacet
  facet normal -0 0 -1
    outer loop
      vertex 3.09602 34.2781 8.6
      vertex 1.9903 32.0359 8.6
      vertex 2.67878 34.4672 8.6
    endloop
  endfacet
  facet normal 0 0 -1
    outer loop
      vertex 1.72207 32.1575 8.6
      vertex 2.67878 34.4672 8.6
      vertex 1.9903 32.0359 8.6
    endloop
  endfacet
  facet normal -0 0 -1
    outer loop
      vertex 2.67878 34.4672 8.6
      vertex 1.72207 32.1575 8.6
      vertex 2.25008 34.6285 8.6
    endloop
  endfacet
  facet normal 0 0 -1
    outer loop
      vertex 1.44648 32.2612 8.6
      vertex 2.25008 34.6285 8.6
      vertex 1.72207 32.1575 8.6
    endloop
  endfacet
  facet normal -0 0 -1
    outer loop
      vertex 2.25008 34.6285 8.6
      vertex 1.44648 32.2612 8.6
      vertex 1.81173 34.7615 8.6
    endloop
  endfacet
  facet normal 0 0 -1
    outer loop
      vertex 1.16469 32.3467 8.6
      vertex 1.81173 34.7615 8.6
      vertex 1.44648 32.2612 8.6
    endloop
  endfacet
  facet normal -0 0 -1
    outer loop
      vertex 1.81173 34.7615 8.6
      vertex 1.16469 32.3467 8.6
      vertex 1.36563 34.8655 8.6
    endloop
  endfacet
  facet normal 0 0 -1
    outer loop
      vertex 0.877906 32.4135 8.6
      vertex 1.36563 34.8655 8.6
      vertex 1.16469 32.3467 8.6
    endloop
  endfacet
  facet normal -0 0 -1
    outer loop
      vertex 1.36563 34.8655 8.6
      vertex 0.877906 32.4135 8.6
      vertex 0.913683 34.9401 8.6
    endloop
  endfacet
  facet normal 0 0 -1
    outer loop
      vertex 0.587367 32.4615 8.6
      vertex 0.913683 34.9401 8.6
      vertex 0.877906 32.4135 8.6
    endloop
  endfacet
  facet normal 0 0 -1
    outer loop
      vertex 0.587367 32.4615 8.6
      vertex 0.457822 34.985 8.6
      vertex 0.913683 34.9401 8.6
    endloop
  endfacet
  facet normal 0 0 -1
    outer loop
      vertex 0.294313 32.4904 8.6
      vertex 0.457822 34.985 8.6
      vertex 0.587367 32.4615 8.6
    endloop
  endfacet
  facet normal 0 0 -1
    outer loop
      vertex 0 32.5 8.6
      vertex 0.457822 34.985 8.6
      vertex 0.294313 32.4904 8.6
    endloop
  endfacet
  facet normal 0 0 -1
    outer loop
      vertex 0 32.5 8.6
      vertex 0 35 8.6
      vertex 0.457822 34.985 8.6
    endloop
  endfacet
  facet normal 0 0 -1
    outer loop
      vertex -0.294313 32.4904 8.6
      vertex 0 35 8.6
      vertex 0 32.5 8.6
    endloop
  endfacet
  facet normal 0 0 -1
    outer loop
      vertex -0.294313 32.4904 8.6
      vertex -0.457822 34.985 8.6
      vertex 0 35 8.6
    endloop
  endfacet
  facet normal 0 0 -1
    outer loop
      vertex -0.587367 32.4615 8.6
      vertex -0.457822 34.985 8.6
      vertex -0.294313 32.4904 8.6
    endloop
  endfacet
  facet normal 0 0 -1
    outer loop
      vertex -0.913683 34.9401 8.6
      vertex -0.587367 32.4615 8.6
      vertex -0.877906 32.4135 8.6
    endloop
  endfacet
  facet normal 0 0 -1
    outer loop
      vertex -0.587367 32.4615 8.6
      vertex -0.913683 34.9401 8.6
      vertex -0.457822 34.985 8.6
    endloop
  endfacet
  facet normal 0 0 -1
    outer loop
      vertex -1.36563 34.8655 8.6
      vertex -0.877906 32.4135 8.6
      vertex -1.16469 32.3467 8.6
    endloop
  endfacet
  facet normal 0 0 -1
    outer loop
      vertex -0.877906 32.4135 8.6
      vertex -1.36563 34.8655 8.6
      vertex -0.913683 34.9401 8.6
    endloop
  endfacet
  facet normal 0 0 -1
    outer loop
      vertex -1.81173 34.7615 8.6
      vertex -1.16469 32.3467 8.6
      vertex -1.44648 32.2612 8.6
    endloop
  endfacet
  facet normal 0 0 -1
    outer loop
      vertex -2.25008 34.6285 8.6
      vertex -1.44648 32.2612 8.6
      vertex -1.72207 32.1575 8.6
    endloop
  endfacet
  facet normal 0 0 -1
    outer loop
      vertex -1.16469 32.3467 8.6
      vertex -1.81173 34.7615 8.6
      vertex -1.36563 34.8655 8.6
    endloop
  endfacet
  facet normal 0 0 -1
    outer loop
      vertex -2.67878 34.4672 8.6
      vertex -1.72207 32.1575 8.6
      vertex -1.9903 32.0359 8.6
    endloop
  endfacet
  facet normal 0 0 -1
    outer loop
      vertex -3.09602 34.2781 8.6
      vertex -1.9903 32.0359 8.6
      vertex -2.25 31.8971 8.6
    endloop
  endfacet
  facet normal 0 0 -1
    outer loop
      vertex -1.44648 32.2612 8.6
      vertex -2.25008 34.6285 8.6
      vertex -1.81173 34.7615 8.6
    endloop
  endfacet
  facet normal 0 0 -1
    outer loop
      vertex -3.5 34.0622 8.6
      vertex -2.25 31.8971 8.6
      vertex -2.50007 31.7416 8.6
    endloop
  endfacet
  facet normal 0 0 -1
    outer loop
      vertex -1.72207 32.1575 8.6
      vertex -2.67878 34.4672 8.6
      vertex -2.25008 34.6285 8.6
    endloop
  endfacet
  facet normal 0 0 -1
    outer loop
      vertex -3.88899 33.8203 8.6
      vertex -2.50007 31.7416 8.6
      vertex -2.73943 31.5701 8.6
    endloop
  endfacet
  facet normal 0 0 -1
    outer loop
      vertex -4.26133 33.5535 8.6
      vertex -2.73943 31.5701 8.6
      vertex -2.96706 31.3833 8.6
    endloop
  endfacet
  facet normal 0 0 -1
    outer loop
      vertex -1.9903 32.0359 8.6
      vertex -3.09602 34.2781 8.6
      vertex -2.67878 34.4672 8.6
    endloop
  endfacet
  facet normal 0 0 -1
    outer loop
      vertex -4.61542 33.2629 8.6
      vertex -2.96706 31.3833 8.6
      vertex -3.18198 31.182 8.6
    endloop
  endfacet
  facet normal 0 0 -1
    outer loop
      vertex -4.94975 32.9497 8.6
      vertex -3.18198 31.182 8.6
      vertex -3.38328 30.9671 8.6
    endloop
  endfacet
  facet normal 0 0 -1
    outer loop
      vertex -2.25 31.8971 8.6
      vertex -3.5 34.0622 8.6
      vertex -3.09602 34.2781 8.6
    endloop
  endfacet
  facet normal 0 0 -1
    outer loop
      vertex -5.26288 32.6154 8.6
      vertex -3.38328 30.9671 8.6
      vertex -3.57009 30.7394 8.6
    endloop
  endfacet
  facet normal 0 0 -1
    outer loop
      vertex -5.55347 32.2613 8.6
      vertex -3.57009 30.7394 8.6
      vertex -3.74161 30.5001 8.6
    endloop
  endfacet
  facet normal 0 0 -1
    outer loop
      vertex -2.50007 31.7416 8.6
      vertex -3.88899 33.8203 8.6
      vertex -3.5 34.0622 8.6
    endloop
  endfacet
  facet normal 0 0 -1
    outer loop
      vertex -5.82029 31.889 8.6
      vertex -3.74161 30.5001 8.6
      vertex -3.89711 30.25 8.6
    endloop
  endfacet
  facet normal 0 0 -1
    outer loop
      vertex -6.06218 31.5 8.6
      vertex -3.89711 30.25 8.6
      vertex -4.03593 29.9903 8.6
    endloop
  endfacet
  facet normal 0 0 -1
    outer loop
      vertex -6.27811 31.096 8.6
      vertex -4.03593 29.9903 8.6
      vertex -4.15746 29.7221 8.6
    endloop
  endfacet
  facet normal 0 0 -1
    outer loop
      vertex -6.46716 30.6788 8.6
      vertex -4.15746 29.7221 8.6
      vertex -4.26118 29.4465 8.6
    endloop
  endfacet
  facet normal 0 0 -1
    outer loop
      vertex -2.73943 31.5701 8.6
      vertex -4.26133 33.5535 8.6
      vertex -3.88899 33.8203 8.6
    endloop
  endfacet
  facet normal 0 0 -1
    outer loop
      vertex -6.62851 30.2501 8.6
      vertex -4.26118 29.4465 8.6
      vertex -4.34667 29.1647 8.6
    endloop
  endfacet
  facet normal 0 0 -1
    outer loop
      vertex -6.76148 29.8117 8.6
      vertex -4.34667 29.1647 8.6
      vertex -4.41353 28.8779 8.6
    endloop
  endfacet
  facet normal 0 0 -1
    outer loop
      vertex -6.8655 29.3656 8.6
      vertex -4.41353 28.8779 8.6
      vertex -4.4615 28.5874 8.6
    endloop
  endfacet
  facet normal 0 0 -1
    outer loop
      vertex -6.94011 28.9137 8.6
      vertex -4.4615 28.5874 8.6
      vertex -4.49037 28.2943 8.6
    endloop
  endfacet
  facet normal 0 0 -1
    outer loop
      vertex -2.96706 31.3833 8.6
      vertex -4.61542 33.2629 8.6
      vertex -4.26133 33.5535 8.6
    endloop
  endfacet
  facet normal 0 0 -1
    outer loop
      vertex -6.98501 28.4578 8.6
      vertex -4.49037 28.2943 8.6
      vertex -4.5 28 8.6
    endloop
  endfacet
  facet normal 0 0 -1
    outer loop
      vertex -6.46716 25.3212 8.6
      vertex -4.15746 26.2779 8.6
      vertex -6.27811 24.904 8.6
    endloop
  endfacet
  facet normal -0 0 -1
    outer loop
      vertex -4.15746 26.2779 8.6
      vertex -6.46716 25.3212 8.6
      vertex -4.26118 26.5535 8.6
    endloop
  endfacet
  facet normal 0 0 -1
    outer loop
      vertex -3.18198 31.182 8.6
      vertex -4.94975 32.9497 8.6
      vertex -4.61542 33.2629 8.6
    endloop
  endfacet
  facet normal 0 0 -1
    outer loop
      vertex -6.62851 25.7499 8.6
      vertex -4.26118 26.5535 8.6
      vertex -6.46716 25.3212 8.6
    endloop
  endfacet
  facet normal 0 0 -1
    outer loop
      vertex -3.38328 30.9671 8.6
      vertex -5.26288 32.6154 8.6
      vertex -4.94975 32.9497 8.6
    endloop
  endfacet
  facet normal -0 0 -1
    outer loop
      vertex -4.26118 26.5535 8.6
      vertex -6.62851 25.7499 8.6
      vertex -4.34667 26.8353 8.6
    endloop
  endfacet
  facet normal 0 0 -1
    outer loop
      vertex -3.57009 30.7394 8.6
      vertex -5.55347 32.2613 8.6
      vertex -5.26288 32.6154 8.6
    endloop
  endfacet
  facet normal 0 0 -1
    outer loop
      vertex -6.76148 26.1883 8.6
      vertex -4.34667 26.8353 8.6
      vertex -6.62851 25.7499 8.6
    endloop
  endfacet
  facet normal 0 0 -1
    outer loop
      vertex -3.74161 30.5001 8.6
      vertex -5.82029 31.889 8.6
      vertex -5.55347 32.2613 8.6
    endloop
  endfacet
  facet normal -0 0 -1
    outer loop
      vertex -4.34667 26.8353 8.6
      vertex -6.76148 26.1883 8.6
      vertex -4.41353 27.1221 8.6
    endloop
  endfacet
  facet normal 0 0 -1
    outer loop
      vertex -3.89711 30.25 8.6
      vertex -6.06218 31.5 8.6
      vertex -5.82029 31.889 8.6
    endloop
  endfacet
  facet normal 0 0 -1
    outer loop
      vertex -6.8655 26.6344 8.6
      vertex -4.41353 27.1221 8.6
      vertex -6.76148 26.1883 8.6
    endloop
  endfacet
  facet normal 0 0 -1
    outer loop
      vertex -4.03593 29.9903 8.6
      vertex -6.27811 31.096 8.6
      vertex -6.06218 31.5 8.6
    endloop
  endfacet
  facet normal -0 0 -1
    outer loop
      vertex -4.41353 27.1221 8.6
      vertex -6.8655 26.6344 8.6
      vertex -4.4615 27.4126 8.6
    endloop
  endfacet
  facet normal 0 0 -1
    outer loop
      vertex -4.15746 29.7221 8.6
      vertex -6.46716 30.6788 8.6
      vertex -6.27811 31.096 8.6
    endloop
  endfacet
  facet normal 0 0 -1
    outer loop
      vertex -6.94011 27.0863 8.6
      vertex -4.4615 27.4126 8.6
      vertex -6.8655 26.6344 8.6
    endloop
  endfacet
  facet normal 0 0 -1
    outer loop
      vertex -4.26118 29.4465 8.6
      vertex -6.62851 30.2501 8.6
      vertex -6.46716 30.6788 8.6
    endloop
  endfacet
  facet normal -0 0 -1
    outer loop
      vertex -4.4615 27.4126 8.6
      vertex -6.94011 27.0863 8.6
      vertex -4.49037 27.7057 8.6
    endloop
  endfacet
  facet normal 0 0 -1
    outer loop
      vertex -4.34667 29.1647 8.6
      vertex -6.76148 29.8117 8.6
      vertex -6.62851 30.2501 8.6
    endloop
  endfacet
  facet normal 0 0 -1
    outer loop
      vertex -6.98501 27.5422 8.6
      vertex -4.49037 27.7057 8.6
      vertex -6.94011 27.0863 8.6
    endloop
  endfacet
  facet normal 0 0 -1
    outer loop
      vertex -4.41353 28.8779 8.6
      vertex -6.8655 29.3656 8.6
      vertex -6.76148 29.8117 8.6
    endloop
  endfacet
  facet normal -0 0 -1
    outer loop
      vertex -4.49037 27.7057 8.6
      vertex -6.98501 27.5422 8.6
      vertex -4.5 28 8.6
    endloop
  endfacet
  facet normal 0 0 -1
    outer loop
      vertex -4.4615 28.5874 8.6
      vertex -6.94011 28.9137 8.6
      vertex -6.8655 29.3656 8.6
    endloop
  endfacet
  facet normal 0 0 -1
    outer loop
      vertex -7 28 8.6
      vertex -4.5 28 8.6
      vertex -6.98501 27.5422 8.6
    endloop
  endfacet
  facet normal 0 0 -1
    outer loop
      vertex -4.49037 28.2943 8.6
      vertex -6.98501 28.4578 8.6
      vertex -6.94011 28.9137 8.6
    endloop
  endfacet
  facet normal 0 0 -1
    outer loop
      vertex -4.5 28 8.6
      vertex -7 28 8.6
      vertex -6.98501 28.4578 8.6
    endloop
  endfacet
  facet normal 0.683595 -0.729862 0
    outer loop
      vertex -4.94975 32.9497 0
      vertex -4.61542 33.2629 8.6
      vertex -4.94975 32.9497 8.6
    endloop
  endfacet
  facet normal 0.683595 -0.729862 0
    outer loop
      vertex -4.61542 33.2629 8.6
      vertex -4.94975 32.9497 0
      vertex -4.61542 33.2629 0
    endloop
  endfacet
  facet normal -0.935906 0.35225 0
    outer loop
      vertex 6.46716 25.3212 0
      vertex 6.62851 25.7499 8.6
      vertex 6.62851 25.7499 0
    endloop
  endfacet
  facet normal -0.935906 0.35225 0
    outer loop
      vertex 6.62851 25.7499 8.6
      vertex 6.46716 25.3212 0
      vertex 6.46716 25.3212 8.6
    endloop
  endfacet
  facet normal -0.910864 0.412706 0
    outer loop
      vertex 6.27811 24.904 0
      vertex 6.46716 25.3212 8.6
      vertex 6.46716 25.3212 0
    endloop
  endfacet
  facet normal -0.910864 0.412706 0
    outer loop
      vertex 6.46716 25.3212 8.6
      vertex 6.27811 24.904 0
      vertex 6.27811 24.904 8.6
    endloop
  endfacet
  facet normal -0.773012 0.634391 0
    outer loop
      vertex 5.26288 23.3846 0
      vertex 5.55347 23.7387 8.6
      vertex 5.55347 23.7387 0
    endloop
  endfacet
  facet normal -0.773012 0.634391 0
    outer loop
      vertex 5.55347 23.7387 8.6
      vertex 5.26288 23.3846 0
      vertex 5.26288 23.3846 8.6
    endloop
  endfacet
  facet normal -0.227074 0.973877 0
    outer loop
      vertex 1.81173 21.2385 0
      vertex 1.36563 21.1345 8.6
      vertex 1.81173 21.2385 8.6
    endloop
  endfacet
  facet normal -0.227074 0.973877 0
    outer loop
      vertex 1.36563 21.1345 8.6
      vertex 1.81173 21.2385 0
      vertex 1.36563 21.1345 0
    endloop
  endfacet
  facet normal -0.35225 0.935906 0
    outer loop
      vertex 2.67878 21.5328 0
      vertex 2.25008 21.3715 8.6
      vertex 2.67878 21.5328 8.6
    endloop
  endfacet
  facet normal -0.35225 0.935906 0
    outer loop
      vertex 2.25008 21.3715 8.6
      vertex 2.67878 21.5328 0
      vertex 2.25008 21.3715 0
    endloop
  endfacet
  facet normal -0.582477 0.812847 0
    outer loop
      vertex 4.26133 22.4465 0
      vertex 3.88899 22.1797 8.6
      vertex 4.26133 22.4465 8.6
    endloop
  endfacet
  facet normal -0.582477 0.812847 0
    outer loop
      vertex 3.88899 22.1797 8.6
      vertex 4.26133 22.4465 0
      vertex 3.88899 22.1797 0
    endloop
  endfacet
  facet normal 0.412705 0.910865 -0
    outer loop
      vertex -2.67878 21.5328 0
      vertex -3.09602 21.7219 8.6
      vertex -2.67878 21.5328 8.6
    endloop
  endfacet
  facet normal 0.412705 0.910865 0
    outer loop
      vertex -3.09602 21.7219 8.6
      vertex -2.67878 21.5328 0
      vertex -3.09602 21.7219 0
    endloop
  endfacet
  facet normal 0.973877 0.227077 0
    outer loop
      vertex -6.76148 26.1883 8.6
      vertex -6.8655 26.6344 0
      vertex -6.8655 26.6344 8.6
    endloop
  endfacet
  facet normal 0.973877 0.227077 0
    outer loop
      vertex -6.8655 26.6344 0
      vertex -6.76148 26.1883 8.6
      vertex -6.76148 26.1883 0
    endloop
  endfacet
  facet normal 0.935906 0.35225 0
    outer loop
      vertex -6.46716 25.3212 8.6
      vertex -6.62851 25.7499 0
      vertex -6.62851 25.7499 8.6
    endloop
  endfacet
  facet normal 0.935906 0.35225 0
    outer loop
      vertex -6.62851 25.7499 0
      vertex -6.46716 25.3212 8.6
      vertex -6.46716 25.3212 0
    endloop
  endfacet
  facet normal 0.849202 0.528068 0
    outer loop
      vertex -5.82029 24.111 8.6
      vertex -6.06218 24.5 0
      vertex -6.06218 24.5 8.6
    endloop
  endfacet
  facet normal 0.849202 0.528068 0
    outer loop
      vertex -6.06218 24.5 0
      vertex -5.82029 24.111 8.6
      vertex -5.82029 24.111 0
    endloop
  endfacet
  facet normal 0.68359 0.729866 -0
    outer loop
      vertex -4.61542 22.7371 0
      vertex -4.94975 23.0503 8.6
      vertex -4.61542 22.7371 8.6
    endloop
  endfacet
  facet normal 0.68359 0.729866 0
    outer loop
      vertex -4.94975 23.0503 8.6
      vertex -4.61542 22.7371 0
      vertex -4.94975 23.0503 0
    endloop
  endfacet
  facet normal -0.986643 0.162896 0
    outer loop
      vertex 6.8655 26.6344 0
      vertex 6.94011 27.0863 8.6
      vertex 6.94011 27.0863 0
    endloop
  endfacet
  facet normal -0.986643 0.162896 0
    outer loop
      vertex 6.94011 27.0863 8.6
      vertex 6.8655 26.6344 0
      vertex 6.8655 26.6344 8.6
    endloop
  endfacet
  facet normal -0.812846 0.582479 0
    outer loop
      vertex 5.55347 23.7387 0
      vertex 5.82029 24.111 8.6
      vertex 5.82029 24.111 0
    endloop
  endfacet
  facet normal -0.812846 0.582479 0
    outer loop
      vertex 5.82029 24.111 8.6
      vertex 5.55347 23.7387 0
      vertex 5.55347 23.7387 8.6
    endloop
  endfacet
  facet normal -0.881921 0.471397 0
    outer loop
      vertex 6.06218 24.5 0
      vertex 6.27811 24.904 8.6
      vertex 6.27811 24.904 0
    endloop
  endfacet
  facet normal -0.881921 0.471397 0
    outer loop
      vertex 6.27811 24.904 8.6
      vertex 6.06218 24.5 0
      vertex 6.06218 24.5 8.6
    endloop
  endfacet
endsolid OpenSCAD_Model
